account_id,onboarding_date,occupation_category,risk_rating,account_type,is_mule
ACC000000,2022-08-24,salaried,low,current,0
ACC000001,2021-11-29,self_employed,low,business,0
ACC000002,2024-01-15,salaried,low,business,0
ACC000003,2023-10-13,salaried,low,savings,0
ACC000004,2023-08-07,salaried,low,savings,0
ACC000005,2022-11-20,business,low,business,0
ACC000006,2022-07-28,self_employed,medium,business,0
ACC000007,2026-05-04,business,low,current,0
ACC000008,2022-06-10,business,low,savings,0
ACC000009,2025-04-15,self_employed,low,current,0
ACC000010,2021-12-20,student,low,current,0
ACC000011,2021-12-14,salaried,low,savings,0
ACC000012,2022-07-01,student,medium,business,0
ACC000013,2023-07-24,student,medium,business,0
ACC000014,2023-09-05,retired,low,current,0
ACC000015,2025-12-31,salaried,low,business,0
ACC000016,2021-12-04,business,medium,current,0
ACC000017,2026-06-22,business,low,savings,0
ACC000018,2023-05-23,salaried,low,current,0
ACC000019,2026-05-03,salaried,medium,savings,0
ACC000020,2025-04-08,retired,low,business,0
ACC000021,2023-07-29,student,low,current,0
ACC000022,2025-07-09,self_employed,low,business,0
ACC000023,2024-01-25,salaried,low,savings,1
ACC000024,2021-10-03,business,medium,savings,0
ACC000025,2023-01-22,retired,low,business,0
ACC000026,2025-04-18,business,low,current,0
ACC000027,2024-08-05,salaried,low,savings,0
ACC000028,2024-01-24,student,low,savings,0
ACC000029,2023-01-09,self_employed,medium,business,1
ACC000030,2023-07-13,student,low,current,0
ACC000031,2024-07-24,retired,medium,business,0
ACC000032,2022-07-27,retired,low,savings,0
ACC000033,2022-06-28,self_employed,medium,business,0
ACC000034,2024-12-06,student,medium,current,0
ACC000035,2022-07-10,business,low,savings,0
ACC000036,2024-10-02,self_employed,low,savings,0
ACC000037,2024-08-16,salaried,medium,savings,0
ACC000038,2023-12-13,self_employed,medium,current,0
ACC000039,2022-01-25,business,low,current,0
ACC000040,2025-08-10,business,high,business,0
ACC000041,2026-04-06,student,high,savings,0
ACC000042,2022-10-05,salaried,low,business,0
ACC000043,2024-12-02,student,medium,current,0
ACC000044,2022-05-15,salaried,low,savings,0
ACC000045,2026-05-25,retired,low,business,0
ACC000046,2024-03-11,student,high,savings,0
ACC000047,2024-10-10,business,medium,business,0
ACC000048,2026-08-11,student,medium,business,0
ACC000049,2023-05-03,business,low,current,0
ACC000050,2022-04-17,self_employed,low,business,0
ACC000051,2022-02-02,salaried,low,current,0
ACC000052,2023-08-22,salaried,low,current,0
ACC000053,2024-02-29,student,low,savings,0
ACC000054,2022-05-18,business,medium,savings,0
ACC000055,2023-09-06,retired,medium,business,0
ACC000056,2022-07-23,self_employed,low,current,0
ACC000057,2024-12-07,business,low,business,0
ACC000058,2024-01-24,business,low,savings,0
ACC000059,2025-07-22,business,medium,business,0
ACC000060,2024-10-20,self_employed,medium,current,0
ACC000061,2023-01-31,student,low,business,0
ACC000062,2024-11-06,retired,low,savings,0
ACC000063,2024-09-20,salaried,low,business,0
ACC000064,2023-06-25,business,low,savings,0
ACC000065,2023-12-21,salaried,low,business,1
ACC000066,2022-04-22,salaried,low,savings,0
ACC000067,2023-02-26,student,low,savings,0
ACC000068,2026-03-30,student,low,savings,0
ACC000069,2023-10-13,business,low,business,0
ACC000070,2023-02-02,business,low,current,0
ACC000071,2025-08-19,retired,low,savings,0
ACC000072,2024-12-04,retired,low,current,0
ACC000073,2023-12-30,retired,medium,savings,0
ACC000074,2026-06-09,salaried,low,business,0
ACC000075,2023-07-27,student,medium,savings,0
ACC000076,2024-06-16,self_employed,low,business,0
ACC000077,2022-03-05,retired,low,savings,0
ACC000078,2023-08-25,student,low,savings,0
ACC000079,2021-12-21,retired,medium,business,1
ACC000080,2024-05-20,salaried,low,business,0
ACC000081,2025-02-10,salaried,high,savings,0
ACC000082,2023-12-23,self_employed,low,current,0
ACC000083,2022-04-06,self_employed,medium,savings,0
ACC000084,2023-06-30,self_employed,low,current,1
ACC000085,2026-07-11,student,medium,current,0
ACC000086,2024-05-17,student,low,business,0
ACC000087,2023-07-05,business,low,current,0
ACC000088,2025-12-12,self_employed,low,savings,0
ACC000089,2025-01-24,salaried,low,business,0
ACC000090,2025-08-08,salaried,medium,savings,0
ACC000091,2022-11-30,salaried,low,business,0
ACC000092,2023-12-14,business,low,business,0
ACC000093,2022-11-20,salaried,medium,savings,0
ACC000094,2023-10-19,business,low,savings,0
ACC000095,2026-06-23,retired,low,business,0
ACC000096,2026-04-14,self_employed,low,savings,0
ACC000097,2023-12-08,business,low,business,0
ACC000098,2026-09-03,business,low,current,0
ACC000099,2025-05-06,student,low,business,0
ACC000100,2026-08-30,student,low,current,0
ACC000101,2025-02-04,self_employed,low,current,0
ACC000102,2024-10-11,retired,low,savings,0
ACC000103,2023-07-26,salaried,low,business,0
ACC000104,2022-11-16,salaried,low,savings,0
ACC000105,2026-01-13,business,low,current,0
ACC000106,2025-11-24,salaried,medium,current,1
ACC000107,2022-06-22,student,low,business,0
ACC000108,2022-02-06,student,low,business,0
ACC000109,2022-08-19,business,low,business,0
ACC000110,2022-12-31,student,medium,savings,0
ACC000111,2023-01-23,self_employed,low,savings,0
ACC000112,2025-04-16,business,low,current,0
ACC000113,2022-03-29,business,low,current,0
ACC000114,2024-12-21,self_employed,low,current,0
ACC000115,2024-12-11,business,low,savings,0
ACC000116,2025-09-06,salaried,low,current,0
ACC000117,2026-03-14,salaried,low,savings,0
ACC000118,2023-11-03,student,low,current,0
ACC000119,2026-05-28,business,medium,business,0
ACC000120,2021-10-18,salaried,low,business,0
ACC000121,2022-09-03,self_employed,low,current,0
ACC000122,2026-04-08,business,low,current,0
ACC000123,2023-12-20,self_employed,low,current,0
ACC000124,2024-08-04,salaried,medium,savings,0
ACC000125,2022-08-25,self_employed,low,current,0
ACC000126,2024-03-12,business,medium,current,0
ACC000127,2025-05-25,business,medium,savings,0
ACC000128,2023-01-17,self_employed,high,savings,0
ACC000129,2025-07-23,retired,low,business,0
ACC000130,2021-09-23,student,medium,current,0
ACC000131,2023-12-10,self_employed,low,business,0
ACC000132,2025-12-16,salaried,low,savings,0
ACC000133,2023-03-22,retired,low,current,0
ACC000134,2026-01-07,student,low,savings,0
ACC000135,2022-08-09,self_employed,low,savings,0
ACC000136,2024-03-28,retired,low,savings,0
ACC000137,2026-01-07,student,low,business,0
ACC000138,2023-05-23,retired,low,business,0
ACC000139,2022-12-31,student,medium,savings,0
ACC000140,2024-11-17,student,low,current,0
ACC000141,2023-01-27,salaried,low,current,0
ACC000142,2026-04-15,student,medium,current,0
ACC000143,2026-03-18,retired,low,business,0
ACC000144,2021-09-14,salaried,low,business,0
ACC000145,2024-06-16,self_employed,low,business,0
ACC000146,2025-11-09,retired,low,business,0
ACC000147,2021-11-12,self_employed,low,savings,0
ACC000148,2022-08-26,student,low,business,0
ACC000149,2024-10-14,salaried,medium,current,0
ACC000150,2024-04-25,business,low,current,0
ACC000151,2023-09-26,student,low,current,0
ACC000152,2022-03-11,business,low,current,0
ACC000153,2023-10-01,retired,low,savings,0
ACC000154,2026-07-11,business,low,current,0
ACC000155,2022-05-15,business,medium,current,0
ACC000156,2022-06-06,student,low,business,0
ACC000157,2025-10-31,business,low,current,1
ACC000158,2022-04-16,retired,low,savings,0
ACC000159,2026-03-26,business,low,business,0
ACC000160,2022-10-08,self_employed,low,current,0
ACC000161,2022-10-16,business,low,business,0
ACC000162,2025-09-28,student,low,savings,0
ACC000163,2026-05-18,student,low,savings,0
ACC000164,2023-02-08,self_employed,low,savings,0
ACC000165,2023-12-15,retired,low,savings,0
ACC000166,2026-03-10,retired,low,business,0
ACC000167,2025-04-19,business,low,business,0
ACC000168,2023-07-03,retired,low,savings,1
ACC000169,2026-04-15,self_employed,low,savings,0
ACC000170,2023-05-30,salaried,medium,savings,0
ACC000171,2024-05-08,self_employed,medium,business,0
ACC000172,2025-02-03,business,low,business,0
ACC000173,2024-11-16,self_employed,medium,savings,0
ACC000174,2025-06-05,retired,low,current,0
ACC000175,2026-02-07,business,high,business,0
ACC000176,2025-07-16,student,high,current,0
ACC000177,2022-09-23,business,medium,business,0
ACC000178,2023-10-23,retired,medium,business,0
ACC000179,2023-08-12,retired,medium,business,1
ACC000180,2022-03-30,retired,low,savings,0
ACC000181,2024-07-29,student,medium,business,0
ACC000182,2021-11-17,retired,low,current,0
ACC000183,2026-05-30,retired,low,current,0
ACC000184,2023-08-28,self_employed,low,current,0
ACC000185,2023-07-29,business,low,savings,0
ACC000186,2021-10-05,self_employed,low,savings,0
ACC000187,2022-04-21,self_employed,low,current,0
ACC000188,2022-03-14,student,low,current,0
ACC000189,2023-08-25,salaried,low,current,0
ACC000190,2022-04-10,retired,medium,business,0
ACC000191,2021-12-19,salaried,medium,business,0
ACC000192,2024-07-05,retired,low,current,0
ACC000193,2022-04-21,student,medium,current,0
ACC000194,2026-01-27,business,medium,business,0
ACC000195,2023-09-22,business,medium,current,0
ACC000196,2024-01-26,self_employed,low,current,0
ACC000197,2025-10-30,salaried,low,business,0
ACC000198,2023-07-10,retired,medium,current,0
ACC000199,2026-04-15,self_employed,high,business,1
ACC000200,2022-10-29,salaried,medium,business,0
ACC000201,2026-07-23,business,low,savings,0
ACC000202,2026-08-08,retired,low,current,0
ACC000203,2025-09-20,self_employed,low,current,0
ACC000204,2023-10-07,student,low,current,0
ACC000205,2025-09-21,student,medium,current,0
ACC000206,2025-02-28,student,medium,current,0
ACC000207,2023-04-27,student,medium,current,0
ACC000208,2022-07-03,salaried,medium,savings,0
ACC000209,2022-07-11,student,low,savings,0
ACC000210,2025-05-14,salaried,medium,savings,0
ACC000211,2024-09-17,self_employed,medium,business,0
ACC000212,2025-04-21,self_employed,low,current,0
ACC000213,2025-03-13,salaried,low,savings,0
ACC000214,2025-09-02,retired,low,current,0
ACC000215,2022-02-28,self_employed,low,business,0
ACC000216,2022-07-15,salaried,medium,savings,0
ACC000217,2022-03-20,student,low,savings,0
ACC000218,2025-02-14,student,low,current,0
ACC000219,2024-08-02,retired,medium,savings,0
ACC000220,2022-08-18,salaried,low,business,0
ACC000221,2023-10-25,self_employed,low,current,0
ACC000222,2023-05-01,business,medium,business,0
ACC000223,2023-04-26,salaried,low,current,0
ACC000224,2026-04-06,student,low,business,0
ACC000225,2025-07-07,student,low,current,0
ACC000226,2022-11-22,retired,low,current,0
ACC000227,2025-04-15,retired,medium,current,1
ACC000228,2023-04-06,self_employed,medium,business,1
ACC000229,2024-01-26,student,low,business,0
ACC000230,2025-08-20,retired,low,business,0
ACC000231,2023-10-29,business,low,savings,0
ACC000232,2022-05-05,salaried,low,current,0
ACC000233,2025-06-20,self_employed,medium,business,0
ACC000234,2026-05-19,business,low,current,0
ACC000235,2022-07-14,salaried,low,current,0
ACC000236,2022-02-17,self_employed,low,current,0
ACC000237,2026-04-19,student,low,business,0
ACC000238,2021-10-28,student,low,business,0
ACC000239,2022-06-29,self_employed,low,business,0
ACC000240,2023-09-17,retired,low,savings,1
ACC000241,2023-02-11,retired,low,current,0
ACC000242,2025-02-26,retired,medium,savings,0
ACC000243,2025-10-30,student,low,business,0
ACC000244,2025-10-17,self_employed,low,business,0
ACC000245,2023-07-09,student,low,business,0
ACC000246,2025-02-09,student,low,business,0
ACC000247,2022-03-14,business,low,business,0
ACC000248,2023-02-06,retired,low,current,1
ACC000249,2024-12-03,self_employed,low,savings,0
ACC000250,2021-09-19,student,low,business,0
ACC000251,2025-01-07,self_employed,low,business,0
ACC000252,2023-12-15,retired,low,business,0
ACC000253,2025-07-27,business,low,savings,0
ACC000254,2024-02-16,self_employed,low,current,0
ACC000255,2025-04-19,self_employed,low,business,0
ACC000256,2026-06-05,business,low,savings,0
ACC000257,2025-11-03,salaried,low,business,0
ACC000258,2023-01-06,self_employed,low,current,0
ACC000259,2023-04-25,salaried,medium,business,0
ACC000260,2024-03-22,student,low,current,0
ACC000261,2023-07-21,student,low,savings,0
ACC000262,2022-03-13,student,medium,current,0
ACC000263,2026-08-17,salaried,medium,current,0
ACC000264,2026-04-24,retired,low,business,0
ACC000265,2022-03-21,salaried,low,business,0
ACC000266,2024-05-14,student,low,savings,0
ACC000267,2022-03-09,salaried,low,current,0
ACC000268,2022-02-15,business,low,business,0
ACC000269,2026-09-01,self_employed,medium,current,0
ACC000270,2025-10-03,retired,medium,current,0
ACC000271,2025-12-23,business,high,current,0
ACC000272,2026-03-21,business,low,business,0
ACC000273,2023-01-15,salaried,medium,savings,0
ACC000274,2022-03-08,self_employed,low,savings,0
ACC000275,2026-01-07,self_employed,low,business,0
ACC000276,2022-05-19,salaried,low,current,0
ACC000277,2023-04-13,retired,low,current,0
ACC000278,2022-04-13,student,low,current,0
ACC000279,2022-04-12,student,medium,current,0
ACC000280,2023-09-13,salaried,low,current,0
ACC000281,2025-02-18,business,low,savings,0
ACC000282,2022-09-20,retired,low,savings,0
ACC000283,2026-07-18,self_employed,medium,savings,0
ACC000284,2023-10-17,salaried,low,current,0
ACC000285,2026-08-16,business,medium,business,0
ACC000286,2022-01-14,student,low,current,0
ACC000287,2022-05-25,student,low,current,0
ACC000288,2025-04-07,business,low,current,0
ACC000289,2026-08-31,salaried,low,current,0
ACC000290,2026-07-05,student,low,savings,0
ACC000291,2026-02-23,salaried,low,business,0
ACC000292,2024-05-22,business,low,savings,0
ACC000293,2023-12-02,student,low,savings,0
ACC000294,2023-06-09,retired,low,current,0
ACC000295,2024-05-16,student,low,business,0
ACC000296,2023-09-24,retired,low,current,1
ACC000297,2023-12-17,salaried,low,current,0
ACC000298,2025-01-24,student,low,savings,0
ACC000299,2022-10-24,self_employed,low,business,0
ACC000300,2024-04-02,retired,low,current,0
ACC000301,2025-08-03,business,low,savings,0
ACC000302,2024-05-22,student,low,savings,0
ACC000303,2022-04-26,retired,medium,savings,0
ACC000304,2021-10-11,business,low,savings,0
ACC000305,2025-08-06,self_employed,low,business,0
ACC000306,2026-06-28,retired,low,savings,0
ACC000307,2022-07-20,self_employed,low,savings,0
ACC000308,2022-04-28,student,low,business,0
ACC000309,2026-04-10,retired,low,business,0
ACC000310,2023-07-07,business,medium,business,0
ACC000311,2026-01-01,self_employed,low,savings,0
ACC000312,2023-12-15,business,low,savings,0
ACC000313,2022-10-29,salaried,low,savings,0
ACC000314,2024-09-01,self_employed,low,business,0
ACC000315,2022-04-14,student,low,current,0
ACC000316,2023-10-11,retired,medium,current,0
ACC000317,2024-11-04,self_employed,low,savings,0
ACC000318,2024-02-15,retired,low,business,0
ACC000319,2023-01-16,business,medium,savings,0
ACC000320,2025-06-05,salaried,low,current,0
ACC000321,2026-04-27,student,medium,business,0
ACC000322,2024-04-09,student,medium,current,0
ACC000323,2026-03-14,student,medium,business,0
ACC000324,2021-10-07,retired,medium,current,0
ACC000325,2026-06-02,business,low,current,0
ACC000326,2024-03-31,business,medium,current,0
ACC000327,2022-07-31,retired,medium,savings,0
ACC000328,2022-11-04,self_employed,low,savings,0
ACC000329,2023-12-13,retired,low,business,0
ACC000330,2022-09-06,retired,medium,current,0
ACC000331,2022-08-11,retired,high,business,0
ACC000332,2026-05-28,self_employed,low,savings,0
ACC000333,2023-01-08,self_employed,low,business,1
ACC000334,2024-01-07,student,medium,current,0
ACC000335,2024-02-05,salaried,low,current,0
ACC000336,2023-06-29,salaried,medium,current,0
ACC000337,2024-08-13,self_employed,low,current,0
ACC000338,2023-06-07,student,low,current,0
ACC000339,2023-12-12,salaried,medium,business,0
ACC000340,2025-12-31,business,low,current,0
ACC000341,2025-11-08,retired,medium,savings,0
ACC000342,2023-11-02,business,low,business,0
ACC000343,2022-02-17,student,high,business,0
ACC000344,2022-06-26,salaried,low,savings,0
ACC000345,2025-04-21,salaried,low,business,0
ACC000346,2024-01-20,student,medium,savings,0
ACC000347,2022-01-27,student,medium,current,0
ACC000348,2021-09-24,student,low,savings,0
ACC000349,2024-07-15,self_employed,low,business,0
ACC000350,2022-10-24,self_employed,low,savings,0
ACC000351,2023-12-05,business,medium,business,0
ACC000352,2023-01-28,self_employed,low,business,0
ACC000353,2025-06-16,self_employed,low,business,0
ACC000354,2026-05-24,student,low,business,0
ACC000355,2025-05-03,salaried,medium,current,0
ACC000356,2026-06-21,student,low,savings,0
ACC000357,2021-10-13,salaried,low,current,0
ACC000358,2022-08-26,business,low,current,0
ACC000359,2022-05-04,student,low,current,0
ACC000360,2022-12-20,self_employed,high,current,0
ACC000361,2026-05-05,salaried,low,business,0
ACC000362,2022-01-02,student,low,business,0
ACC000363,2024-11-03,student,low,business,0
ACC000364,2026-08-27,retired,low,business,0
ACC000365,2026-05-26,salaried,medium,business,0
ACC000366,2022-12-17,retired,medium,current,0
ACC000367,2025-05-10,self_employed,low,current,0
ACC000368,2022-10-13,self_employed,low,business,0
ACC000369,2022-01-20,student,low,business,0
ACC000370,2024-04-27,self_employed,low,business,0
ACC000371,2024-10-19,salaried,low,current,0
ACC000372,2022-01-14,salaried,low,business,0
ACC000373,2024-09-28,self_employed,low,current,1
ACC000374,2023-06-27,student,medium,savings,0
ACC000375,2023-10-28,self_employed,low,business,0
ACC000376,2022-07-29,student,low,current,0
ACC000377,2024-09-15,self_employed,low,current,0
ACC000378,2026-06-18,student,medium,current,0
ACC000379,2025-02-26,salaried,low,savings,0
ACC000380,2023-01-06,self_employed,medium,savings,0
ACC000381,2023-09-18,retired,high,business,0
ACC000382,2023-01-30,student,low,current,0
ACC000383,2023-03-17,salaried,low,savings,0
ACC000384,2025-03-16,retired,low,business,0
ACC000385,2021-11-29,student,low,business,0
ACC000386,2023-03-24,student,low,savings,0
ACC000387,2024-07-11,retired,low,business,0
ACC000388,2025-03-15,student,medium,savings,0
ACC000389,2023-10-24,salaried,low,current,0
ACC000390,2023-12-20,student,low,savings,0
ACC000391,2023-01-20,self_employed,low,savings,0
ACC000392,2022-08-14,student,high,savings,0
ACC000393,2024-12-14,salaried,low,business,1
ACC000394,2022-01-11,self_employed,low,current,0
ACC000395,2025-09-14,business,low,business,0
ACC000396,2023-08-05,self_employed,medium,business,0
ACC000397,2023-05-26,salaried,medium,business,0
ACC000398,2025-08-13,retired,medium,current,0
ACC000399,2024-09-03,salaried,low,savings,0
ACC000400,2024-04-18,retired,low,savings,0
ACC000401,2023-08-21,student,low,business,0
ACC000402,2023-08-06,student,low,business,0
ACC000403,2021-11-25,student,low,current,0
ACC000404,2023-05-06,self_employed,high,current,0
ACC000405,2025-02-01,salaried,low,business,0
ACC000406,2024-06-28,business,high,savings,0
ACC000407,2024-01-26,student,low,savings,0
ACC000408,2022-04-16,business,low,business,0
ACC000409,2024-01-28,self_employed,low,savings,0
ACC000410,2024-09-07,student,medium,business,0
ACC000411,2026-01-12,salaried,low,savings,0
ACC000412,2025-02-05,self_employed,low,savings,0
ACC000413,2026-04-05,salaried,low,savings,0
ACC000414,2024-07-07,self_employed,low,savings,0
ACC000415,2021-12-07,business,low,savings,0
ACC000416,2022-09-06,student,low,business,0
ACC000417,2023-12-03,retired,low,business,0
ACC000418,2023-03-21,salaried,low,current,0
ACC000419,2026-08-21,business,low,current,0
ACC000420,2023-12-16,business,low,business,0
ACC000421,2022-01-09,salaried,medium,business,0
ACC000422,2022-08-15,business,low,business,0
ACC000423,2025-05-25,salaried,low,current,0
ACC000424,2024-08-22,retired,low,savings,0
ACC000425,2024-05-14,retired,medium,current,0
ACC000426,2025-05-30,salaried,medium,current,0
ACC000427,2026-01-18,business,low,savings,0
ACC000428,2022-09-07,student,low,business,0
ACC000429,2024-12-22,business,medium,current,0
ACC000430,2026-08-09,business,low,current,0
ACC000431,2023-04-26,business,low,savings,0
ACC000432,2023-11-13,salaried,medium,business,0
ACC000433,2022-01-28,business,medium,savings,0
ACC000434,2025-05-29,retired,low,savings,0
ACC000435,2021-09-18,retired,low,current,0
ACC000436,2026-02-14,retired,low,savings,0
ACC000437,2026-04-12,student,low,business,0
ACC000438,2023-05-18,student,low,savings,0
ACC000439,2024-10-18,retired,low,savings,0
ACC000440,2025-05-14,salaried,low,business,0
ACC000441,2022-04-18,student,medium,business,0
ACC000442,2024-07-04,salaried,low,business,0
ACC000443,2024-05-15,business,low,savings,0
ACC000444,2022-10-05,retired,low,business,0
ACC000445,2024-04-03,retired,medium,business,0
ACC000446,2026-01-05,salaried,high,business,0
ACC000447,2024-04-30,student,low,business,0
ACC000448,2025-03-04,business,low,business,0
ACC000449,2024-06-22,retired,low,savings,0
ACC000450,2025-02-14,student,medium,current,0
ACC000451,2024-03-19,salaried,medium,business,0
ACC000452,2026-06-01,self_employed,medium,business,0
ACC000453,2022-10-13,business,low,business,0
ACC000454,2023-05-02,business,low,business,0
ACC000455,2025-04-11,student,low,current,0
ACC000456,2024-12-03,student,medium,current,0
ACC000457,2023-03-07,salaried,low,savings,0
ACC000458,2026-07-17,business,low,savings,0
ACC000459,2024-04-05,self_employed,medium,savings,0
ACC000460,2025-02-25,salaried,medium,savings,0
ACC000461,2026-05-12,retired,low,current,0
ACC000462,2021-09-14,self_employed,low,business,0
ACC000463,2024-04-14,student,medium,business,0
ACC000464,2024-02-21,business,low,savings,0
ACC000465,2023-06-28,self_employed,low,business,1
ACC000466,2025-05-10,salaried,low,current,0
ACC000467,2026-08-19,retired,low,current,0
ACC000468,2024-06-10,business,low,current,1
ACC000469,2025-08-27,self_employed,medium,savings,0
ACC000470,2025-06-16,student,low,current,0
ACC000471,2025-06-17,business,low,business,0
ACC000472,2023-07-08,student,low,current,0
ACC000473,2026-01-18,business,low,savings,0
ACC000474,2025-09-22,student,medium,savings,0
ACC000475,2023-02-22,student,low,savings,0
ACC000476,2022-06-03,salaried,low,current,0
ACC000477,2024-02-11,self_employed,low,business,0
ACC000478,2026-01-31,self_employed,low,business,0
ACC000479,2024-07-20,student,low,business,0
ACC000480,2022-06-30,salaried,low,current,0
ACC000481,2023-09-12,salaried,medium,business,0
ACC000482,2024-05-04,retired,low,business,0
ACC000483,2023-08-11,retired,low,current,0
ACC000484,2023-05-24,salaried,high,savings,0
ACC000485,2022-12-14,business,low,business,0
ACC000486,2021-11-27,student,low,savings,1
ACC000487,2022-02-03,self_employed,low,current,0
ACC000488,2023-10-13,business,low,current,0
ACC000489,2025-09-28,student,low,savings,0
ACC000490,2022-04-27,salaried,low,savings,0
ACC000491,2025-07-28,business,low,current,0
ACC000492,2025-03-23,student,medium,business,0
ACC000493,2026-08-06,self_employed,low,savings,0
ACC000494,2023-05-10,student,low,business,0
ACC000495,2024-12-18,self_employed,medium,business,0
ACC000496,2025-11-26,salaried,low,business,0
ACC000497,2025-02-05,retired,low,business,1
ACC000498,2023-10-11,business,low,business,0
ACC000499,2022-12-15,business,low,business,0
ACC000500,2021-09-30,student,low,savings,0
ACC000501,2022-08-10,retired,low,current,1
ACC000502,2025-04-25,student,low,current,0
ACC000503,2023-07-24,business,low,current,0
ACC000504,2023-03-13,retired,low,current,0
ACC000505,2026-02-08,student,low,savings,0
ACC000506,2025-08-26,business,low,current,0
ACC000507,2022-02-16,retired,low,business,0
ACC000508,2026-06-10,salaried,low,business,0
ACC000509,2023-10-27,self_employed,low,current,0
ACC000510,2022-09-25,business,low,savings,0
ACC000511,2025-08-01,retired,low,current,0
ACC000512,2022-11-01,salaried,low,savings,0
ACC000513,2025-08-26,salaried,low,current,0
ACC000514,2026-03-21,retired,low,business,0
ACC000515,2026-06-15,self_employed,low,current,0
ACC000516,2024-05-25,retired,low,current,0
ACC000517,2025-06-19,business,low,business,0
ACC000518,2025-12-29,student,low,savings,0
ACC000519,2025-04-30,business,low,current,0
ACC000520,2026-05-12,student,medium,business,0
ACC000521,2025-06-29,business,medium,current,0
ACC000522,2023-01-20,salaried,low,savings,0
ACC000523,2025-09-26,student,low,business,0
ACC000524,2025-07-12,retired,low,business,0
ACC000525,2023-11-27,salaried,low,current,0
ACC000526,2023-10-21,student,medium,business,0
ACC000527,2024-01-22,business,low,business,0
ACC000528,2026-02-18,retired,low,savings,0
ACC000529,2025-10-27,student,low,savings,0
ACC000530,2023-09-26,student,medium,current,0
ACC000531,2024-01-14,self_employed,low,savings,0
ACC000532,2025-06-10,self_employed,low,savings,0
ACC000533,2022-05-11,business,medium,business,0
ACC000534,2024-02-17,business,low,current,0
ACC000535,2023-09-11,business,low,current,0
ACC000536,2024-01-05,self_employed,low,business,0
ACC000537,2024-07-22,business,medium,savings,0
ACC000538,2024-06-02,retired,low,current,0
ACC000539,2026-04-18,self_employed,high,business,0
ACC000540,2022-05-21,student,medium,current,0
ACC000541,2022-11-16,self_employed,low,current,0
ACC000542,2022-12-25,retired,medium,savings,0
ACC000543,2023-09-01,student,low,business,0
ACC000544,2024-12-16,retired,low,current,0
ACC000545,2022-12-31,retired,low,current,0
ACC000546,2023-07-09,self_employed,medium,business,0
ACC000547,2022-03-31,self_employed,medium,savings,0
ACC000548,2025-03-24,retired,medium,business,0
ACC000549,2025-03-02,salaried,medium,business,0
ACC000550,2024-07-07,salaried,low,savings,0
ACC000551,2026-04-25,student,low,business,0
ACC000552,2025-08-30,self_employed,medium,savings,0
ACC000553,2025-03-27,self_employed,medium,current,0
ACC000554,2022-03-25,salaried,low,current,0
ACC000555,2023-06-17,business,low,current,0
ACC000556,2025-04-10,salaried,low,savings,0
ACC000557,2025-01-05,student,medium,business,0
ACC000558,2026-09-01,student,medium,savings,0
ACC000559,2021-11-12,salaried,low,current,0
ACC000560,2026-08-06,self_employed,medium,current,0
ACC000561,2024-12-07,retired,low,savings,0
ACC000562,2025-10-03,salaried,low,savings,0
ACC000563,2021-10-01,business,medium,business,0
ACC000564,2024-09-09,business,low,current,0
ACC000565,2024-03-28,self_employed,low,savings,0
ACC000566,2025-01-06,self_employed,low,business,0
ACC000567,2025-04-06,retired,low,current,0
ACC000568,2026-04-12,business,low,business,0
ACC000569,2026-05-06,business,low,business,0
ACC000570,2023-07-30,self_employed,low,savings,0
ACC000571,2025-11-07,business,low,business,0
ACC000572,2023-07-26,retired,low,business,0
ACC000573,2024-01-08,salaried,low,current,0
ACC000574,2025-05-29,salaried,high,business,0
ACC000575,2025-10-30,business,medium,business,0
ACC000576,2021-12-12,business,low,current,0
ACC000577,2025-01-03,salaried,low,current,0
ACC000578,2024-07-23,student,medium,current,0
ACC000579,2025-02-20,salaried,low,business,0
ACC000580,2023-02-07,salaried,medium,business,0
ACC000581,2025-09-04,student,low,current,0
ACC000582,2022-10-14,business,low,business,0
ACC000583,2026-03-30,self_employed,medium,business,0
ACC000584,2021-12-05,retired,high,current,0
ACC000585,2025-01-19,self_employed,medium,savings,0
ACC000586,2026-07-02,retired,low,savings,0
ACC000587,2021-12-06,salaried,medium,savings,0
ACC000588,2022-05-31,student,medium,business,0
ACC000589,2025-05-06,retired,high,business,1
ACC000590,2022-11-08,retired,low,business,0
ACC000591,2025-08-17,self_employed,low,savings,0
ACC000592,2023-03-31,student,low,current,0
ACC000593,2022-02-16,retired,medium,business,0
ACC000594,2023-11-30,retired,medium,current,0
ACC000595,2024-12-03,student,high,current,0
ACC000596,2024-06-26,retired,low,business,0
ACC000597,2023-07-02,student,medium,business,0
ACC000598,2025-07-26,retired,low,business,0
ACC000599,2024-06-24,self_employed,low,current,0
ACC000600,2024-07-27,salaried,low,business,0
ACC000601,2024-12-03,student,low,business,0
ACC000602,2024-01-25,retired,low,current,0
ACC000603,2025-04-14,student,low,business,0
ACC000604,2023-11-05,student,low,current,0
ACC000605,2022-05-25,student,low,savings,0
ACC000606,2025-09-13,salaried,low,current,0
ACC000607,2021-11-12,student,low,business,0
ACC000608,2026-04-15,self_employed,high,savings,0
ACC000609,2022-02-21,business,low,current,0
ACC000610,2024-09-04,salaried,low,savings,0
ACC000611,2023-08-10,student,low,business,0
ACC000612,2022-04-14,salaried,low,business,0
ACC000613,2022-01-16,retired,medium,current,0
ACC000614,2021-12-18,retired,medium,business,0
ACC000615,2023-10-21,self_employed,low,current,0
ACC000616,2023-05-25,student,low,savings,0
ACC000617,2021-11-15,salaried,low,savings,0
ACC000618,2022-12-30,retired,low,business,0
ACC000619,2023-09-24,salaried,low,current,0
ACC000620,2022-10-10,retired,low,business,0
ACC000621,2025-09-23,student,low,current,0
ACC000622,2022-09-03,self_employed,low,savings,0
ACC000623,2026-07-01,retired,low,business,0
ACC000624,2023-07-22,retired,high,business,0
ACC000625,2025-08-27,student,low,business,0
ACC000626,2023-11-18,salaried,low,current,0
ACC000627,2024-11-02,student,medium,business,0
ACC000628,2023-02-16,self_employed,medium,business,0
ACC000629,2022-09-03,self_employed,low,savings,0
ACC000630,2023-02-03,self_employed,low,current,0
ACC000631,2024-05-06,salaried,low,business,0
ACC000632,2022-08-14,student,low,business,0
ACC000633,2026-08-15,self_employed,low,savings,0
ACC000634,2021-12-01,salaried,low,business,0
ACC000635,2024-05-09,retired,low,current,0
ACC000636,2026-08-06,business,low,current,0
ACC000637,2024-11-22,salaried,low,business,0
ACC000638,2025-01-27,business,low,business,0
ACC000639,2023-05-22,business,low,savings,0
ACC000640,2022-05-07,retired,low,savings,0
ACC000641,2023-10-07,salaried,low,current,0
ACC000642,2022-07-26,self_employed,low,business,1
ACC000643,2024-04-06,self_employed,low,business,0
ACC000644,2022-09-24,student,medium,current,0
ACC000645,2026-07-07,self_employed,low,business,0
ACC000646,2022-01-18,student,low,current,0
ACC000647,2024-08-26,business,low,business,0
ACC000648,2026-03-26,self_employed,low,business,0
ACC000649,2025-05-05,self_employed,low,business,0
ACC000650,2024-11-07,business,low,business,0
ACC000651,2022-04-15,salaried,medium,savings,0
ACC000652,2026-01-01,salaried,low,business,0
ACC000653,2024-08-08,business,low,savings,0
ACC000654,2021-10-22,business,low,business,0
ACC000655,2025-04-10,salaried,low,business,1
ACC000656,2025-11-14,business,low,current,0
ACC000657,2022-08-06,retired,low,business,0
ACC000658,2025-05-21,retired,low,savings,0
ACC000659,2024-10-12,salaried,low,current,0
ACC000660,2025-08-11,retired,low,current,0
ACC000661,2023-01-01,business,low,business,0
ACC000662,2025-05-28,student,medium,current,0
ACC000663,2023-03-14,retired,low,current,0
ACC000664,2026-02-20,business,low,current,0
ACC000665,2023-12-31,self_employed,low,current,0
ACC000666,2026-04-12,retired,low,savings,0
ACC000667,2025-10-24,salaried,low,current,0
ACC000668,2025-08-27,business,low,savings,0
ACC000669,2025-05-28,student,medium,business,0
ACC000670,2023-12-25,student,low,savings,0
ACC000671,2024-06-10,retired,high,current,0
ACC000672,2023-10-15,retired,medium,current,0
ACC000673,2022-06-09,salaried,low,current,0
ACC000674,2024-01-27,business,low,savings,0
ACC000675,2025-07-14,self_employed,low,savings,0
ACC000676,2023-10-10,salaried,low,business,0
ACC000677,2025-08-26,retired,low,savings,0
ACC000678,2026-07-19,salaried,low,current,0
ACC000679,2024-12-03,student,medium,current,0
ACC000680,2024-07-24,salaried,low,business,0
ACC000681,2021-12-11,business,low,business,0
ACC000682,2025-11-26,student,low,business,0
ACC000683,2024-06-18,retired,medium,current,0
ACC000684,2023-03-31,business,low,savings,0
ACC000685,2025-11-05,self_employed,high,current,0
ACC000686,2023-07-04,student,medium,current,0
ACC000687,2024-09-19,business,medium,savings,0
ACC000688,2023-11-24,self_employed,low,current,0
ACC000689,2024-08-05,business,low,savings,0
ACC000690,2024-01-29,self_employed,medium,current,0
ACC000691,2024-01-19,business,low,business,0
ACC000692,2026-06-05,business,low,business,0
ACC000693,2021-10-14,student,low,business,0
ACC000694,2026-02-04,student,low,business,0
ACC000695,2023-04-29,business,low,business,0
ACC000696,2022-06-05,business,low,savings,0
ACC000697,2023-10-02,student,low,savings,0
ACC000698,2025-02-26,retired,low,business,0
ACC000699,2025-11-08,salaried,low,current,0
ACC000700,2026-06-03,business,low,business,0
ACC000701,2023-09-29,salaried,low,savings,0
ACC000702,2025-10-01,business,low,business,0
ACC000703,2025-11-15,retired,low,business,0
ACC000704,2025-07-06,self_employed,low,business,0
ACC000705,2021-11-05,salaried,low,current,1
ACC000706,2022-06-29,student,low,current,0
ACC000707,2024-03-15,self_employed,low,business,0
ACC000708,2023-08-02,retired,medium,business,0
ACC000709,2025-02-20,salaried,medium,business,0
ACC000710,2023-10-08,self_employed,low,business,0
ACC000711,2024-04-21,retired,low,current,1
ACC000712,2026-08-24,self_employed,low,business,0
ACC000713,2024-11-02,student,low,business,0
ACC000714,2025-09-22,student,low,savings,0
ACC000715,2026-05-29,self_employed,low,current,0
ACC000716,2026-03-20,self_employed,medium,current,0
ACC000717,2024-08-16,student,medium,business,0
ACC000718,2025-04-26,retired,low,current,0
ACC000719,2026-05-19,business,medium,business,0
ACC000720,2024-07-06,student,low,business,0
ACC000721,2024-09-10,business,low,current,0
ACC000722,2025-07-23,student,high,savings,0
ACC000723,2024-01-02,student,low,business,0
ACC000724,2024-04-22,salaried,low,current,0
ACC000725,2023-11-03,student,medium,savings,0
ACC000726,2023-08-30,self_employed,medium,current,0
ACC000727,2022-09-22,business,low,savings,0
ACC000728,2023-05-04,salaried,low,business,0
ACC000729,2024-05-20,self_employed,low,business,0
ACC000730,2022-09-19,business,low,savings,0
ACC000731,2026-04-04,salaried,low,current,0
ACC000732,2023-04-11,retired,low,savings,0
ACC000733,2023-05-01,salaried,high,savings,0
ACC000734,2023-07-17,retired,low,current,0
ACC000735,2025-10-26,retired,low,current,0
ACC000736,2024-01-20,student,low,savings,0
ACC000737,2026-02-28,salaried,low,savings,0
ACC000738,2024-02-09,business,medium,savings,0
ACC000739,2022-07-22,self_employed,low,savings,0
ACC000740,2023-05-09,salaried,high,current,0
ACC000741,2024-03-21,retired,low,business,0
ACC000742,2023-08-20,student,medium,savings,1
ACC000743,2024-10-08,student,low,savings,0
ACC000744,2023-03-24,student,low,business,0
ACC000745,2024-04-09,business,low,savings,0
ACC000746,2021-10-26,business,low,savings,0
ACC000747,2026-03-30,salaried,low,business,0
ACC000748,2022-10-11,retired,low,business,0
ACC000749,2024-01-13,self_employed,low,current,0
ACC000750,2022-02-01,student,low,savings,0
ACC000751,2022-03-01,self_employed,low,business,0
ACC000752,2026-05-29,retired,medium,business,0
ACC000753,2024-03-08,student,low,business,0
ACC000754,2022-10-10,salaried,low,savings,0
ACC000755,2025-11-16,retired,low,savings,0
ACC000756,2022-07-28,salaried,low,savings,0
ACC000757,2021-10-21,retired,medium,current,0
ACC000758,2026-08-01,student,low,business,0
ACC000759,2024-02-13,salaried,low,current,0
ACC000760,2025-09-10,self_employed,low,savings,0
ACC000761,2025-10-09,retired,low,current,0
ACC000762,2025-06-12,business,medium,business,0
ACC000763,2024-08-06,student,low,business,1
ACC000764,2023-04-08,student,low,savings,0
ACC000765,2022-02-19,self_employed,high,current,0
ACC000766,2023-11-06,self_employed,low,business,0
ACC000767,2025-10-06,student,low,business,0
ACC000768,2022-09-02,retired,medium,business,0
ACC000769,2022-04-04,self_employed,medium,business,0
ACC000770,2025-02-08,business,medium,savings,0
ACC000771,2025-11-18,business,low,business,0
ACC000772,2022-05-01,student,low,business,0
ACC000773,2026-08-10,salaried,low,business,0
ACC000774,2022-02-26,business,low,business,0
ACC000775,2022-12-28,self_employed,low,business,0
ACC000776,2022-12-20,retired,low,savings,0
ACC000777,2026-06-27,business,low,business,0
ACC000778,2024-04-13,retired,medium,current,0
ACC000779,2022-06-04,self_employed,low,current,0
ACC000780,2023-10-24,business,low,current,0
ACC000781,2022-09-16,student,medium,current,0
ACC000782,2026-06-12,student,medium,business,0
ACC000783,2025-03-29,self_employed,low,savings,0
ACC000784,2023-08-15,retired,low,savings,0
ACC000785,2026-02-22,business,high,savings,0
ACC000786,2024-12-07,retired,low,current,0
ACC000787,2025-07-13,self_employed,medium,business,0
ACC000788,2025-06-19,retired,low,current,0
ACC000789,2024-03-24,retired,medium,current,0
ACC000790,2025-05-07,retired,low,business,0
ACC000791,2024-04-18,business,low,current,0
ACC000792,2026-07-15,salaried,low,business,0
ACC000793,2022-03-19,retired,low,business,0
ACC000794,2022-07-18,self_employed,medium,savings,1
ACC000795,2023-06-20,student,low,business,0
ACC000796,2023-06-30,business,low,current,0
ACC000797,2023-12-14,self_employed,low,current,0
ACC000798,2022-05-23,self_employed,low,business,0
ACC000799,2023-01-13,salaried,low,business,0
ACC000800,2023-09-28,retired,low,savings,0
ACC000801,2023-03-07,self_employed,low,savings,0
ACC000802,2026-05-24,business,low,business,0
ACC000803,2022-05-04,salaried,low,savings,0
ACC000804,2023-01-12,retired,low,business,0
ACC000805,2021-09-21,self_employed,medium,savings,0
ACC000806,2025-03-05,self_employed,low,current,0
ACC000807,2025-07-13,self_employed,medium,business,0
ACC000808,2025-09-11,business,low,business,0
ACC000809,2024-03-05,student,low,savings,0
ACC000810,2021-12-23,business,low,current,0
ACC000811,2023-09-02,student,low,business,0
ACC000812,2024-02-25,self_employed,low,current,0
ACC000813,2024-02-08,business,low,current,0
ACC000814,2025-07-24,retired,medium,current,0
ACC000815,2022-04-22,retired,low,current,0
ACC000816,2023-09-08,retired,low,business,0
ACC000817,2023-12-13,retired,low,savings,0
ACC000818,2023-05-20,student,medium,savings,0
ACC000819,2025-04-25,retired,medium,business,0
ACC000820,2022-09-04,retired,high,business,0
ACC000821,2026-05-01,business,low,savings,0
ACC000822,2023-08-12,student,low,business,0
ACC000823,2022-12-19,salaried,medium,current,0
ACC000824,2023-12-17,salaried,low,savings,0
ACC000825,2022-11-28,salaried,low,business,0
ACC000826,2022-04-22,business,low,savings,0
ACC000827,2022-03-17,self_employed,medium,business,0
ACC000828,2023-02-10,business,low,savings,0
ACC000829,2024-04-25,student,low,savings,0
ACC000830,2026-07-17,self_employed,medium,business,0
ACC000831,2024-02-26,salaried,medium,current,0
ACC000832,2025-06-08,self_employed,low,business,0
ACC000833,2022-10-04,self_employed,low,savings,0
ACC000834,2025-09-08,business,low,current,0
ACC000835,2024-04-14,retired,low,business,0
ACC000836,2025-02-14,student,low,current,0
ACC000837,2024-01-06,business,medium,current,0
ACC000838,2025-12-15,salaried,medium,business,1
ACC000839,2026-04-17,retired,medium,current,0
ACC000840,2025-11-25,self_employed,low,current,0
ACC000841,2025-06-04,salaried,low,savings,0
ACC000842,2022-05-20,self_employed,low,business,0
ACC000843,2022-01-14,business,low,current,0
ACC000844,2025-05-17,student,low,current,0
ACC000845,2024-06-10,self_employed,low,savings,0
ACC000846,2023-10-30,retired,low,business,0
ACC000847,2021-12-02,student,low,current,0
ACC000848,2022-06-23,retired,low,business,0
ACC000849,2023-08-25,student,low,business,0
ACC000850,2026-08-05,business,low,business,0
ACC000851,2026-09-11,salaried,low,savings,0
ACC000852,2021-11-16,salaried,medium,current,0
ACC000853,2023-12-29,self_employed,medium,savings,0
ACC000854,2026-08-08,salaried,medium,savings,0
ACC000855,2022-01-15,self_employed,low,current,0
ACC000856,2023-03-11,salaried,low,business,0
ACC000857,2025-09-13,business,medium,business,0
ACC000858,2026-02-11,retired,low,business,0
ACC000859,2025-06-17,business,low,savings,0
ACC000860,2024-01-25,business,medium,business,0
ACC000861,2023-03-30,student,low,business,0
ACC000862,2026-09-05,retired,medium,savings,0
ACC000863,2025-05-29,salaried,medium,business,0
ACC000864,2025-11-18,self_employed,low,business,0
ACC000865,2022-06-23,business,low,current,0
ACC000866,2025-09-12,student,medium,savings,0
ACC000867,2024-08-29,student,high,current,0
ACC000868,2025-03-04,business,low,business,0
ACC000869,2024-07-14,self_employed,low,savings,0
ACC000870,2024-06-06,salaried,low,current,0
ACC000871,2022-08-03,retired,low,savings,0
ACC000872,2023-01-25,salaried,medium,savings,0
ACC000873,2024-07-03,retired,medium,business,0
ACC000874,2025-03-14,student,low,savings,0
ACC000875,2025-11-30,business,medium,savings,0
ACC000876,2024-02-25,self_employed,medium,business,0
ACC000877,2025-02-08,business,low,savings,0
ACC000878,2026-05-19,salaried,low,current,0
ACC000879,2022-01-05,business,low,savings,0
ACC000880,2025-07-27,self_employed,medium,current,0
ACC000881,2022-06-13,salaried,high,business,0
ACC000882,2024-05-17,self_employed,medium,business,0
ACC000883,2023-11-06,retired,medium,current,0
ACC000884,2024-06-13,self_employed,low,business,0
ACC000885,2022-09-08,retired,low,business,0
ACC000886,2025-02-19,student,low,business,0
ACC000887,2026-01-28,self_employed,medium,business,0
ACC000888,2021-09-16,salaried,low,current,0
ACC000889,2026-04-25,salaried,low,savings,0
ACC000890,2025-08-18,salaried,low,business,0
ACC000891,2025-03-19,business,low,current,0
ACC000892,2022-02-28,salaried,low,current,0
ACC000893,2023-04-18,retired,low,business,0
ACC000894,2026-02-09,retired,low,business,0
ACC000895,2024-10-11,business,low,savings,0
ACC000896,2025-12-09,business,low,savings,0
ACC000897,2025-06-17,salaried,low,savings,0
ACC000898,2022-02-20,retired,medium,business,0
ACC000899,2023-06-07,self_employed,medium,current,0
ACC000900,2023-12-21,student,low,savings,0
ACC000901,2026-05-16,student,low,current,0
ACC000902,2022-10-25,salaried,low,savings,0
ACC000903,2024-02-24,retired,low,business,0
ACC000904,2025-06-05,business,low,savings,0
ACC000905,2025-10-27,salaried,low,savings,0
ACC000906,2022-09-25,business,low,current,0
ACC000907,2021-12-11,retired,low,current,0
ACC000908,2023-09-26,retired,medium,business,0
ACC000909,2023-01-18,business,medium,savings,0
ACC000910,2024-05-05,business,low,business,0
ACC000911,2026-05-21,retired,low,current,0
ACC000912,2021-10-25,student,low,savings,0
ACC000913,2026-05-25,salaried,low,current,0
ACC000914,2025-03-03,retired,low,savings,0
ACC000915,2022-06-29,student,low,savings,1
ACC000916,2023-08-12,retired,low,savings,0
ACC000917,2022-08-31,retired,low,current,0
ACC000918,2025-08-16,salaried,medium,current,0
ACC000919,2022-09-12,business,low,current,0
ACC000920,2023-01-04,retired,low,business,0
ACC000921,2025-12-09,business,low,current,0
ACC000922,2024-03-07,business,medium,savings,0
ACC000923,2026-01-11,retired,low,current,0
ACC000924,2024-01-10,student,low,business,0
ACC000925,2025-03-26,retired,high,savings,0
ACC000926,2025-10-21,student,low,current,1
ACC000927,2025-09-19,student,low,business,0
ACC000928,2023-10-10,self_employed,low,business,0
ACC000929,2025-08-02,self_employed,low,business,0
ACC000930,2026-05-22,salaried,high,current,0
ACC000931,2022-12-06,self_employed,low,current,1
ACC000932,2024-12-17,salaried,medium,current,0
ACC000933,2023-04-28,retired,low,current,0
ACC000934,2026-01-09,self_employed,low,savings,0
ACC000935,2022-11-11,retired,medium,savings,0
ACC000936,2022-04-17,retired,high,current,0
ACC000937,2024-01-19,business,low,business,0
ACC000938,2025-03-25,retired,low,current,0
ACC000939,2024-08-03,business,low,savings,0
ACC000940,2026-01-07,salaried,medium,business,0
ACC000941,2023-12-22,student,low,business,0
ACC000942,2021-09-20,salaried,low,business,0
ACC000943,2024-02-08,retired,high,current,0
ACC000944,2024-03-28,retired,low,savings,0
ACC000945,2026-09-10,student,low,business,0
ACC000946,2026-08-19,business,low,business,0
ACC000947,2025-11-12,business,low,current,0
ACC000948,2022-12-18,retired,low,business,0
ACC000949,2025-07-01,business,low,savings,0
ACC000950,2026-04-13,student,high,current,0
ACC000951,2025-10-26,salaried,low,savings,0
ACC000952,2024-08-20,salaried,medium,business,0
ACC000953,2024-07-11,self_employed,low,current,0
ACC000954,2026-05-24,retired,medium,business,0
ACC000955,2026-04-28,retired,low,savings,0
ACC000956,2024-11-27,retired,medium,current,0
ACC000957,2025-07-28,student,low,savings,0
ACC000958,2024-06-08,salaried,low,current,0
ACC000959,2023-04-22,salaried,low,savings,0
ACC000960,2023-09-24,self_employed,low,business,0
ACC000961,2026-07-25,self_employed,low,current,0
ACC000962,2024-12-15,retired,low,current,0
ACC000963,2023-09-08,self_employed,low,business,0
ACC000964,2025-03-12,retired,low,business,1
ACC000965,2022-01-26,business,medium,current,0
ACC000966,2024-05-28,business,low,savings,0
ACC000967,2025-09-21,self_employed,low,business,0
ACC000968,2024-12-10,salaried,low,business,0
ACC000969,2024-12-25,self_employed,low,savings,0
ACC000970,2022-12-29,retired,low,business,0
ACC000971,2025-11-29,retired,low,business,0
ACC000972,2022-01-06,student,low,business,0
ACC000973,2022-10-10,retired,low,current,0
ACC000974,2025-12-21,student,medium,business,0
ACC000975,2024-07-10,self_employed,medium,business,0
ACC000976,2022-07-21,student,medium,business,0
ACC000977,2025-06-11,salaried,low,current,0
ACC000978,2022-07-19,salaried,low,savings,0
ACC000979,2026-03-05,self_employed,low,savings,0
ACC000980,2025-08-02,business,low,business,0
ACC000981,2021-10-30,self_employed,low,current,0
ACC000982,2022-12-04,self_employed,low,business,0
ACC000983,2025-03-09,self_employed,low,current,0
ACC000984,2023-01-05,student,low,current,0
ACC000985,2022-05-03,retired,low,current,0
ACC000986,2025-09-10,salaried,low,savings,0
ACC000987,2023-12-15,retired,high,business,0
ACC000988,2024-07-30,retired,low,current,0
ACC000989,2025-01-29,retired,medium,current,0
ACC000990,2022-05-20,retired,low,business,0
ACC000991,2024-06-29,salaried,medium,savings,0
ACC000992,2026-03-28,student,low,savings,0
ACC000993,2024-12-06,business,low,current,0
ACC000994,2024-05-23,business,medium,current,0
ACC000995,2025-11-07,business,low,business,0
ACC000996,2026-04-20,salaried,low,business,0
ACC000997,2022-01-02,student,low,savings,0
ACC000998,2022-04-13,retired,low,current,0
ACC000999,2023-09-12,salaried,medium,business,0
ACC001000,2024-02-22,self_employed,low,savings,0
ACC001001,2023-08-20,retired,low,savings,1
ACC001002,2022-06-20,retired,medium,savings,0
ACC001003,2025-05-23,self_employed,low,business,0
ACC001004,2022-07-15,business,low,business,0
ACC001005,2022-07-22,business,low,savings,0
ACC001006,2025-06-22,business,low,savings,0
ACC001007,2023-02-11,self_employed,medium,business,0
ACC001008,2024-03-31,student,low,business,0
ACC001009,2021-12-11,business,low,business,0
ACC001010,2022-02-02,student,low,current,0
ACC001011,2024-06-16,business,high,business,0
ACC001012,2022-03-06,salaried,low,current,0
ACC001013,2024-03-12,salaried,high,business,0
ACC001014,2024-09-30,self_employed,medium,savings,0
ACC001015,2024-11-20,self_employed,low,current,0
ACC001016,2025-05-13,self_employed,medium,business,0
ACC001017,2022-12-09,retired,low,business,0
ACC001018,2023-10-11,student,low,current,0
ACC001019,2026-03-21,retired,low,savings,0
ACC001020,2025-03-16,retired,low,current,0
ACC001021,2026-07-07,student,low,current,0
ACC001022,2023-03-26,student,low,business,0
ACC001023,2023-02-23,salaried,medium,current,0
ACC001024,2023-03-10,student,medium,business,0
ACC001025,2022-05-16,retired,low,current,0
ACC001026,2024-12-14,self_employed,low,current,0
ACC001027,2023-10-01,student,low,business,0
ACC001028,2025-12-07,self_employed,low,current,0
ACC001029,2026-08-29,student,medium,savings,0
ACC001030,2022-12-01,salaried,low,current,0
ACC001031,2023-09-04,salaried,low,savings,0
ACC001032,2025-08-15,retired,low,current,0
ACC001033,2023-11-11,self_employed,high,savings,0
ACC001034,2025-08-10,student,low,current,0
ACC001035,2023-11-15,salaried,low,current,0
ACC001036,2021-10-12,salaried,low,business,0
ACC001037,2025-08-28,self_employed,low,business,0
ACC001038,2024-02-23,student,medium,savings,0
ACC001039,2026-05-08,retired,low,business,0
ACC001040,2023-01-16,salaried,low,current,0
ACC001041,2022-04-30,salaried,low,savings,0
ACC001042,2025-06-16,business,low,savings,0
ACC001043,2024-08-21,salaried,low,savings,0
ACC001044,2026-09-12,retired,low,current,0
ACC001045,2024-03-30,salaried,low,savings,0
ACC001046,2025-04-23,salaried,low,current,0
ACC001047,2023-10-30,student,low,savings,0
ACC001048,2025-08-02,self_employed,low,business,0
ACC001049,2024-04-08,salaried,low,savings,0
ACC001050,2023-05-24,retired,low,savings,0
ACC001051,2024-12-21,self_employed,medium,business,0
ACC001052,2025-10-23,retired,medium,savings,0
ACC001053,2022-08-10,salaried,low,savings,0
ACC001054,2023-09-19,business,medium,current,0
ACC001055,2024-12-10,retired,low,savings,1
ACC001056,2026-07-25,self_employed,low,savings,0
ACC001057,2024-10-02,self_employed,low,business,1
ACC001058,2026-08-03,business,low,business,0
ACC001059,2024-03-20,salaried,medium,business,0
ACC001060,2024-03-18,student,low,business,0
ACC001061,2021-11-20,business,low,current,0
ACC001062,2025-01-24,student,low,savings,0
ACC001063,2024-01-13,retired,low,savings,0
ACC001064,2021-10-08,retired,low,savings,0
ACC001065,2026-07-07,business,medium,savings,0
ACC001066,2022-02-12,student,medium,savings,0
ACC001067,2025-12-04,retired,medium,business,0
ACC001068,2024-02-19,retired,low,business,0
ACC001069,2023-08-28,self_employed,medium,savings,0
ACC001070,2024-09-11,salaried,low,savings,0
ACC001071,2023-07-25,student,low,savings,0
ACC001072,2023-04-26,retired,low,business,0
ACC001073,2023-10-31,business,medium,current,1
ACC001074,2022-11-11,retired,low,business,0
ACC001075,2022-07-11,business,low,current,0
ACC001076,2022-01-13,salaried,low,business,0
ACC001077,2024-04-29,self_employed,high,savings,0
ACC001078,2025-06-13,business,low,business,0
ACC001079,2021-12-25,salaried,low,current,0
ACC001080,2026-08-18,self_employed,low,savings,0
ACC001081,2024-10-20,retired,low,business,0
ACC001082,2022-10-26,business,low,business,0
ACC001083,2022-06-20,self_employed,low,business,0
ACC001084,2024-03-17,self_employed,medium,savings,1
ACC001085,2024-06-24,retired,high,business,0
ACC001086,2025-03-26,business,medium,business,0
ACC001087,2023-03-12,student,low,savings,0
ACC001088,2023-05-29,student,medium,savings,0
ACC001089,2022-10-28,salaried,low,current,0
ACC001090,2026-04-15,student,low,current,1
ACC001091,2024-10-23,business,low,current,0
ACC001092,2026-03-20,retired,low,savings,0
ACC001093,2025-12-20,retired,medium,savings,0
ACC001094,2024-01-07,student,low,savings,0
ACC001095,2023-02-06,business,low,savings,0
ACC001096,2023-11-20,self_employed,medium,savings,0
ACC001097,2025-10-19,salaried,medium,savings,0
ACC001098,2024-03-17,self_employed,low,current,0
ACC001099,2024-07-31,retired,medium,savings,0
ACC001100,2022-09-05,salaried,low,business,0
ACC001101,2025-09-07,retired,low,savings,0
ACC001102,2022-05-04,retired,medium,current,0
ACC001103,2022-11-24,student,medium,business,1
ACC001104,2023-08-14,student,low,business,0
ACC001105,2025-01-29,salaried,low,business,0
ACC001106,2026-06-10,salaried,high,savings,0
ACC001107,2024-10-23,retired,medium,current,0
ACC001108,2022-06-20,student,low,current,0
ACC001109,2025-01-20,salaried,low,current,0
ACC001110,2021-10-26,business,medium,business,0
ACC001111,2023-12-13,business,low,current,0
ACC001112,2026-04-07,business,high,savings,0
ACC001113,2022-10-01,business,medium,savings,0
ACC001114,2025-07-26,self_employed,low,current,0
ACC001115,2024-11-01,salaried,low,current,0
ACC001116,2023-12-06,salaried,high,savings,0
ACC001117,2026-09-03,retired,medium,business,1
ACC001118,2024-12-09,student,low,business,0
ACC001119,2024-11-10,self_employed,low,savings,0
ACC001120,2022-08-15,self_employed,medium,savings,0
ACC001121,2023-09-09,salaried,medium,business,0
ACC001122,2025-09-16,retired,medium,current,0
ACC001123,2021-11-29,retired,high,savings,0
ACC001124,2026-06-23,business,low,savings,0
ACC001125,2024-06-28,retired,low,business,0
ACC001126,2023-08-01,salaried,low,savings,0
ACC001127,2022-03-28,self_employed,low,current,0
ACC001128,2025-08-25,retired,medium,business,0
ACC001129,2024-04-08,student,low,current,0
ACC001130,2025-03-04,self_employed,low,savings,0
ACC001131,2022-09-10,self_employed,medium,business,0
ACC001132,2022-11-21,salaried,low,savings,0
ACC001133,2022-01-31,retired,low,current,0
ACC001134,2022-01-06,salaried,low,savings,0
ACC001135,2024-04-15,retired,low,current,0
ACC001136,2025-11-21,salaried,low,business,0
ACC001137,2022-09-08,student,medium,business,0
ACC001138,2022-07-11,business,low,current,0
ACC001139,2023-09-12,self_employed,low,savings,0
ACC001140,2026-04-10,student,low,savings,0
ACC001141,2022-11-08,student,low,savings,0
ACC001142,2025-01-02,salaried,high,current,0
ACC001143,2025-07-23,business,medium,savings,0
ACC001144,2024-11-08,salaried,low,savings,1
ACC001145,2026-04-18,salaried,low,savings,0
ACC001146,2025-04-07,self_employed,low,current,0
ACC001147,2026-09-11,student,low,business,0
ACC001148,2023-01-06,salaried,low,current,0
ACC001149,2025-03-25,salaried,low,savings,0
ACC001150,2022-07-17,self_employed,medium,current,0
ACC001151,2025-11-11,self_employed,low,current,0
ACC001152,2025-03-03,salaried,low,current,0
ACC001153,2024-01-30,salaried,low,business,0
ACC001154,2021-12-23,retired,medium,current,0
ACC001155,2024-11-07,retired,low,business,0
ACC001156,2023-07-20,retired,low,savings,0
ACC001157,2025-06-21,self_employed,low,current,0
ACC001158,2025-06-25,self_employed,low,business,0
ACC001159,2023-09-16,business,low,current,0
ACC001160,2024-10-13,retired,low,business,0
ACC001161,2022-07-18,retired,low,current,0
ACC001162,2024-10-28,retired,low,savings,0
ACC001163,2026-05-01,business,low,business,0
ACC001164,2024-10-01,salaried,high,business,0
ACC001165,2022-03-20,student,low,current,0
ACC001166,2025-01-31,student,medium,business,0
ACC001167,2024-01-18,student,low,savings,0
ACC001168,2023-04-25,salaried,low,savings,0
ACC001169,2022-09-27,salaried,medium,current,0
ACC001170,2025-07-26,salaried,medium,current,0
ACC001171,2022-06-24,business,low,business,0
ACC001172,2023-07-03,self_employed,high,savings,0
ACC001173,2021-11-18,self_employed,low,current,0
ACC001174,2022-02-17,business,medium,business,0
ACC001175,2024-07-15,salaried,medium,savings,0
ACC001176,2023-10-09,business,medium,current,0
ACC001177,2022-10-09,student,medium,savings,0
ACC001178,2026-07-03,self_employed,low,current,0
ACC001179,2023-06-12,student,medium,savings,0
ACC001180,2022-04-14,student,medium,business,0
ACC001181,2026-05-31,self_employed,low,savings,0
ACC001182,2023-06-18,retired,low,savings,0
ACC001183,2026-09-08,retired,low,savings,0
ACC001184,2023-07-15,self_employed,low,savings,0
ACC001185,2023-09-06,business,low,current,0
ACC001186,2024-06-29,business,low,savings,0
ACC001187,2022-12-15,student,medium,current,0
ACC001188,2021-09-21,salaried,low,business,0
ACC001189,2024-01-22,self_employed,medium,business,0
ACC001190,2022-12-06,student,high,current,0
ACC001191,2022-10-21,retired,low,current,0
ACC001192,2026-04-18,student,low,savings,0
ACC001193,2023-10-31,retired,medium,current,0
ACC001194,2023-03-09,student,low,business,0
ACC001195,2022-08-20,business,medium,savings,0
ACC001196,2021-12-02,business,medium,current,0
ACC001197,2022-10-27,student,medium,current,0
ACC001198,2021-10-29,self_employed,low,savings,0
ACC001199,2024-09-30,business,low,business,0
ACC001200,2023-09-22,salaried,low,current,0
ACC001201,2024-06-14,business,low,business,0
ACC001202,2021-11-01,salaried,medium,savings,0
ACC001203,2023-03-08,student,medium,savings,0
ACC001204,2023-12-16,student,high,savings,0
ACC001205,2022-02-22,salaried,medium,business,0
ACC001206,2022-10-11,student,low,current,0
ACC001207,2025-04-12,self_employed,low,savings,0
ACC001208,2026-03-05,student,low,savings,0
ACC001209,2022-09-01,salaried,low,current,0
ACC001210,2022-03-29,retired,high,current,0
ACC001211,2025-10-01,retired,medium,current,0
ACC001212,2025-07-06,business,low,current,0
ACC001213,2024-10-11,business,low,business,0
ACC001214,2026-01-24,self_employed,low,savings,0
ACC001215,2022-08-17,salaried,low,current,0
ACC001216,2025-07-18,student,high,savings,0
ACC001217,2025-12-26,student,low,current,0
ACC001218,2023-08-02,self_employed,medium,business,0
ACC001219,2022-01-25,salaried,low,business,0
ACC001220,2026-02-19,retired,medium,current,0
ACC001221,2024-04-07,self_employed,low,current,0
ACC001222,2025-08-06,self_employed,low,current,0
ACC001223,2021-12-18,self_employed,high,current,0
ACC001224,2022-03-20,business,medium,business,0
ACC001225,2025-10-10,business,low,current,0
ACC001226,2025-02-11,student,low,savings,0
ACC001227,2025-04-29,retired,low,current,0
ACC001228,2022-08-14,self_employed,low,savings,0
ACC001229,2025-11-14,retired,low,business,0
ACC001230,2025-06-22,business,low,savings,0
ACC001231,2022-04-29,salaried,low,business,0
ACC001232,2022-05-22,student,high,current,0
ACC001233,2024-06-09,salaried,low,current,0
ACC001234,2022-12-17,retired,low,business,0
ACC001235,2022-04-05,student,low,business,0
ACC001236,2022-10-10,retired,low,current,0
ACC001237,2024-01-15,student,low,savings,0
ACC001238,2026-09-05,student,low,current,0
ACC001239,2026-05-13,self_employed,medium,business,0
ACC001240,2024-06-19,salaried,low,business,0
ACC001241,2024-12-09,salaried,low,current,0
ACC001242,2026-03-19,business,low,business,0
ACC001243,2024-03-17,self_employed,low,current,0
ACC001244,2025-07-23,business,low,business,0
ACC001245,2025-12-31,retired,low,savings,0
ACC001246,2025-05-11,retired,low,current,0
ACC001247,2022-07-18,salaried,low,business,0
ACC001248,2022-09-03,business,low,business,0
ACC001249,2026-05-22,self_employed,low,current,0
ACC001250,2023-07-13,self_employed,medium,savings,0
ACC001251,2025-05-11,self_employed,medium,savings,0
ACC001252,2025-07-16,salaried,low,business,0
ACC001253,2023-08-23,retired,low,business,0
ACC001254,2025-03-21,self_employed,medium,current,0
ACC001255,2024-08-01,student,medium,savings,0
ACC001256,2025-07-22,salaried,low,current,0
ACC001257,2025-02-02,business,low,current,0
ACC001258,2025-03-28,business,low,savings,0
ACC001259,2022-07-05,business,low,current,0
ACC001260,2024-05-11,salaried,low,savings,0
ACC001261,2025-04-30,business,low,savings,0
ACC001262,2024-05-10,salaried,low,savings,0
ACC001263,2023-11-13,student,medium,current,0
ACC001264,2024-11-18,retired,low,business,0
ACC001265,2022-12-31,retired,low,current,0
ACC001266,2025-09-25,salaried,low,current,0
ACC001267,2022-04-09,self_employed,low,business,0
ACC001268,2022-06-23,retired,low,current,0
ACC001269,2022-06-05,self_employed,low,current,0
ACC001270,2022-06-29,student,medium,savings,0
ACC001271,2025-05-16,student,medium,current,0
ACC001272,2022-07-10,student,low,current,0
ACC001273,2024-11-13,salaried,high,savings,0
ACC001274,2022-10-22,self_employed,low,business,0
ACC001275,2026-06-07,retired,medium,current,0
ACC001276,2022-03-18,student,medium,business,0
ACC001277,2026-09-09,salaried,low,savings,0
ACC001278,2026-06-23,retired,medium,business,0
ACC001279,2026-06-24,student,medium,business,0
ACC001280,2024-07-03,self_employed,low,business,0
ACC001281,2022-09-27,business,low,business,0
ACC001282,2025-03-12,business,low,savings,0
ACC001283,2024-09-15,self_employed,medium,savings,0
ACC001284,2025-04-19,salaried,low,current,0
ACC001285,2022-02-19,self_employed,low,current,0
ACC001286,2024-02-23,business,low,savings,0
ACC001287,2024-05-10,salaried,low,current,0
ACC001288,2024-09-09,business,low,current,0
ACC001289,2022-07-31,business,low,current,0
ACC001290,2026-08-13,self_employed,medium,current,0
ACC001291,2026-01-06,salaried,low,current,0
ACC001292,2023-07-05,salaried,low,business,0
ACC001293,2023-01-06,self_employed,medium,business,0
ACC001294,2025-10-20,self_employed,low,current,0
ACC001295,2023-08-10,retired,low,business,1
ACC001296,2022-08-15,salaried,low,savings,0
ACC001297,2024-09-04,self_employed,low,savings,0
ACC001298,2026-06-07,self_employed,low,current,0
ACC001299,2024-10-28,student,low,current,0
ACC001300,2022-09-04,student,low,savings,0
ACC001301,2024-01-26,retired,low,business,0
ACC001302,2026-08-01,business,low,savings,0
ACC001303,2023-08-16,salaried,low,business,0
ACC001304,2025-05-08,student,low,business,0
ACC001305,2026-06-21,business,low,business,0
ACC001306,2026-06-08,salaried,low,current,0
ACC001307,2021-12-03,student,low,current,0
ACC001308,2023-12-22,student,low,business,0
ACC001309,2021-12-11,student,low,business,0
ACC001310,2023-03-27,self_employed,medium,business,0
ACC001311,2024-01-10,retired,low,business,0
ACC001312,2024-04-29,self_employed,medium,business,0
ACC001313,2024-08-03,retired,high,current,0
ACC001314,2024-09-07,retired,low,business,0
ACC001315,2021-10-01,salaried,low,business,0
ACC001316,2023-03-30,self_employed,low,business,0
ACC001317,2022-12-02,self_employed,low,business,0
ACC001318,2026-07-08,retired,medium,business,0
ACC001319,2025-02-09,student,low,savings,0
ACC001320,2022-04-17,business,low,savings,0
ACC001321,2022-11-27,retired,low,current,0
ACC001322,2021-12-17,business,medium,savings,0
ACC001323,2022-06-25,student,low,savings,0
ACC001324,2026-03-19,student,low,current,0
ACC001325,2023-07-13,retired,medium,current,0
ACC001326,2024-11-24,student,low,current,0
ACC001327,2025-04-09,retired,medium,current,0
ACC001328,2025-07-23,salaried,medium,business,0
ACC001329,2024-08-07,business,medium,savings,0
ACC001330,2023-01-15,retired,medium,business,0
ACC001331,2024-11-05,salaried,medium,current,0
ACC001332,2024-05-08,business,low,savings,0
ACC001333,2024-06-16,self_employed,low,savings,0
ACC001334,2026-07-12,student,low,business,0
ACC001335,2022-06-03,retired,low,business,1
ACC001336,2022-02-23,self_employed,medium,current,0
ACC001337,2023-01-09,student,low,savings,0
ACC001338,2023-01-15,student,low,savings,1
ACC001339,2022-02-14,retired,low,savings,0
ACC001340,2022-05-24,business,medium,current,0
ACC001341,2024-01-06,salaried,low,current,0
ACC001342,2025-06-20,retired,low,current,0
ACC001343,2025-04-22,retired,low,business,0
ACC001344,2025-10-30,self_employed,medium,savings,0
ACC001345,2025-06-17,student,medium,business,0
ACC001346,2025-03-22,self_employed,low,savings,0
ACC001347,2024-01-09,self_employed,low,current,0
ACC001348,2023-07-14,student,low,current,0
ACC001349,2026-01-21,business,low,savings,0
ACC001350,2022-09-01,salaried,medium,current,0
ACC001351,2024-08-20,student,low,business,0
ACC001352,2025-05-10,business,low,current,0
ACC001353,2022-08-23,self_employed,low,current,0
ACC001354,2024-02-10,student,medium,savings,0
ACC001355,2025-11-02,retired,low,savings,0
ACC001356,2026-03-08,self_employed,low,savings,0
ACC001357,2024-04-28,business,low,savings,0
ACC001358,2022-02-01,student,medium,savings,0
ACC001359,2023-07-30,retired,medium,current,0
ACC001360,2025-01-23,business,low,business,0
ACC001361,2022-03-02,salaried,low,business,0
ACC001362,2021-10-06,salaried,low,savings,0
ACC001363,2023-06-10,retired,low,savings,0
ACC001364,2024-04-06,business,low,business,0
ACC001365,2023-07-01,self_employed,low,business,0
ACC001366,2022-11-13,salaried,low,business,0
ACC001367,2023-11-15,salaried,low,current,0
ACC001368,2024-02-29,business,low,savings,0
ACC001369,2024-06-28,retired,medium,savings,0
ACC001370,2022-09-20,business,medium,savings,1
ACC001371,2021-10-07,student,low,savings,0
ACC001372,2025-12-06,retired,low,savings,0
ACC001373,2025-05-12,student,medium,savings,0
ACC001374,2023-03-12,student,medium,current,0
ACC001375,2022-10-19,self_employed,low,current,1
ACC001376,2024-12-07,self_employed,low,current,0
ACC001377,2026-03-25,student,low,savings,0
ACC001378,2023-08-28,salaried,medium,business,0
ACC001379,2025-12-15,retired,low,savings,0
ACC001380,2026-06-14,business,low,business,0
ACC001381,2024-09-17,salaried,medium,business,0
ACC001382,2022-04-24,self_employed,low,current,0
ACC001383,2025-01-28,student,low,savings,0
ACC001384,2022-01-22,self_employed,medium,current,0
ACC001385,2025-05-30,student,medium,current,0
ACC001386,2021-11-10,retired,medium,savings,0
ACC001387,2025-08-11,salaried,low,savings,0
ACC001388,2022-05-12,self_employed,low,current,0
ACC001389,2024-05-12,business,low,business,0
ACC001390,2026-08-06,salaried,low,current,0
ACC001391,2025-05-08,self_employed,low,current,0
ACC001392,2026-07-30,retired,low,current,0
ACC001393,2025-02-20,retired,medium,business,0
ACC001394,2025-04-02,self_employed,low,business,0
ACC001395,2024-02-29,salaried,high,savings,0
ACC001396,2022-09-05,salaried,low,business,0
ACC001397,2025-02-22,retired,medium,business,0
ACC001398,2021-11-16,retired,low,current,0
ACC001399,2024-06-18,student,low,business,0
ACC001400,2023-02-28,self_employed,low,current,0
ACC001401,2025-08-12,salaried,medium,current,0
ACC001402,2024-10-11,salaried,low,business,0
ACC001403,2022-06-13,student,low,business,0
ACC001404,2025-05-31,business,medium,business,0
ACC001405,2022-08-07,business,low,business,0
ACC001406,2023-10-08,student,low,business,1
ACC001407,2025-05-28,business,low,business,0
ACC001408,2025-02-08,self_employed,low,business,0
ACC001409,2026-02-26,retired,low,business,0
ACC001410,2022-05-15,business,low,business,0
ACC001411,2025-01-24,self_employed,low,current,0
ACC001412,2024-05-03,retired,medium,savings,0
ACC001413,2024-08-02,retired,low,current,1
ACC001414,2023-08-02,student,low,savings,0
ACC001415,2024-07-13,business,low,current,0
ACC001416,2023-02-17,self_employed,low,current,0
ACC001417,2022-05-08,business,low,current,0
ACC001418,2026-01-16,retired,low,current,0
ACC001419,2022-09-02,salaried,low,current,0
ACC001420,2026-03-19,salaried,low,savings,0
ACC001421,2026-01-14,salaried,medium,business,0
ACC001422,2023-05-08,student,medium,business,0
ACC001423,2024-09-02,self_employed,low,current,0
ACC001424,2024-09-07,student,low,savings,0
ACC001425,2022-12-15,self_employed,medium,current,0
ACC001426,2023-09-17,business,medium,business,0
ACC001427,2022-07-29,retired,medium,current,0
ACC001428,2022-12-11,retired,low,business,0
ACC001429,2023-11-17,self_employed,low,current,0
ACC001430,2023-05-18,student,low,current,0
ACC001431,2023-03-06,salaried,low,savings,0
ACC001432,2022-12-31,retired,low,business,0
ACC001433,2022-05-05,retired,low,business,0
ACC001434,2023-03-17,self_employed,low,current,0
ACC001435,2025-11-26,self_employed,low,savings,0
ACC001436,2025-08-24,student,low,current,0
ACC001437,2026-06-30,salaried,medium,business,0
ACC001438,2026-08-18,business,low,current,0
ACC001439,2025-07-08,retired,low,business,0
ACC001440,2026-07-02,self_employed,high,savings,0
ACC001441,2024-06-13,business,medium,business,0
ACC001442,2024-05-22,retired,medium,current,0
ACC001443,2022-12-26,business,medium,savings,0
ACC001444,2025-06-10,business,low,savings,0
ACC001445,2022-04-13,salaried,low,business,0
ACC001446,2025-09-08,business,medium,business,0
ACC001447,2025-06-17,retired,low,business,0
ACC001448,2024-04-10,self_employed,low,current,0
ACC001449,2024-01-14,student,low,savings,0
ACC001450,2022-03-06,self_employed,low,business,0
ACC001451,2024-09-10,business,low,business,0
ACC001452,2026-01-06,business,medium,business,0
ACC001453,2022-05-01,business,low,savings,0
ACC001454,2024-05-04,self_employed,low,current,0
ACC001455,2025-08-17,student,medium,savings,0
ACC001456,2025-07-18,self_employed,low,business,0
ACC001457,2022-01-07,student,medium,current,0
ACC001458,2022-03-08,business,low,business,0
ACC001459,2024-11-01,retired,low,business,0
ACC001460,2024-02-21,student,medium,current,0
ACC001461,2022-05-09,salaried,low,savings,0
ACC001462,2022-06-20,retired,low,business,0
ACC001463,2026-01-05,salaried,low,savings,0
ACC001464,2024-12-20,student,low,savings,0
ACC001465,2025-08-20,salaried,low,current,0
ACC001466,2026-08-21,self_employed,medium,savings,0
ACC001467,2026-06-01,student,medium,savings,0
ACC001468,2022-01-18,business,medium,business,0
ACC001469,2025-07-11,business,medium,business,0
ACC001470,2026-07-25,business,low,business,0
ACC001471,2023-04-20,student,low,savings,0
ACC001472,2024-06-07,retired,low,business,0
ACC001473,2025-09-29,student,high,savings,0
ACC001474,2025-12-18,salaried,medium,savings,0
ACC001475,2022-12-25,business,medium,current,0
ACC001476,2022-03-24,self_employed,medium,business,0
ACC001477,2025-07-13,student,medium,business,0
ACC001478,2022-07-31,business,low,business,0
ACC001479,2024-08-15,self_employed,low,savings,0
ACC001480,2022-06-02,salaried,low,savings,0
ACC001481,2025-12-28,business,low,savings,0
ACC001482,2023-03-03,retired,low,current,0
ACC001483,2022-01-12,self_employed,low,current,0
ACC001484,2023-10-22,salaried,low,business,0
ACC001485,2025-06-04,self_employed,low,current,0
ACC001486,2025-06-09,business,low,business,0
ACC001487,2026-02-27,business,medium,current,0
ACC001488,2026-02-23,retired,medium,business,0
ACC001489,2023-01-19,student,low,business,0
ACC001490,2024-10-17,student,low,savings,0
ACC001491,2024-11-14,business,low,business,0
ACC001492,2024-02-08,self_employed,low,business,0
ACC001493,2024-12-29,retired,low,savings,0
ACC001494,2025-03-06,self_employed,low,current,0
ACC001495,2024-07-30,student,low,business,0
ACC001496,2022-02-22,business,low,business,0
ACC001497,2024-07-18,salaried,low,current,0
ACC001498,2022-04-05,retired,low,business,0
ACC001499,2024-07-03,business,medium,savings,0
ACC001500,2022-07-03,salaried,low,current,0
ACC001501,2026-06-12,retired,medium,savings,1
ACC001502,2024-12-27,retired,low,business,0
ACC001503,2024-02-12,student,low,business,0
ACC001504,2023-11-04,student,low,business,0
ACC001505,2022-12-24,retired,low,current,0
ACC001506,2024-07-14,self_employed,low,savings,0
ACC001507,2022-05-24,salaried,low,business,0
ACC001508,2026-08-28,business,low,savings,0
ACC001509,2022-11-26,self_employed,low,savings,0
ACC001510,2024-09-03,retired,medium,savings,0
ACC001511,2024-05-03,business,medium,business,0
ACC001512,2025-01-12,retired,low,savings,0
ACC001513,2022-10-18,self_employed,low,business,0
ACC001514,2022-06-03,student,low,savings,0
ACC001515,2024-05-01,salaried,low,current,0
ACC001516,2026-06-15,business,low,savings,0
ACC001517,2024-11-26,student,low,current,0
ACC001518,2024-06-29,retired,low,savings,0
ACC001519,2022-10-15,retired,low,business,0
ACC001520,2026-03-06,salaried,low,business,0
ACC001521,2022-06-30,salaried,medium,business,0
ACC001522,2025-04-20,salaried,medium,savings,0
ACC001523,2026-01-09,student,medium,savings,0
ACC001524,2024-10-11,student,medium,current,0
ACC001525,2021-11-08,business,low,current,0
ACC001526,2024-10-13,retired,low,business,0
ACC001527,2024-04-29,salaried,low,business,0
ACC001528,2023-03-27,self_employed,low,current,0
ACC001529,2023-07-10,business,low,business,0
ACC001530,2024-08-09,self_employed,low,business,0
ACC001531,2025-11-01,student,high,savings,0
ACC001532,2023-05-02,business,medium,savings,0
ACC001533,2023-08-17,salaried,low,business,0
ACC001534,2022-11-14,business,low,business,0
ACC001535,2023-01-07,salaried,low,business,0
ACC001536,2022-05-10,student,low,business,0
ACC001537,2024-03-19,business,low,savings,0
ACC001538,2022-07-24,self_employed,low,current,0
ACC001539,2026-01-07,self_employed,low,business,0
ACC001540,2026-04-17,business,medium,business,0
ACC001541,2026-03-06,retired,low,savings,0
ACC001542,2022-01-08,student,low,current,0
ACC001543,2024-07-25,salaried,low,business,0
ACC001544,2022-10-25,retired,high,current,0
ACC001545,2024-11-26,self_employed,low,savings,0
ACC001546,2023-01-05,salaried,low,savings,0
ACC001547,2023-01-30,self_employed,low,current,0
ACC001548,2023-03-28,student,low,current,0
ACC001549,2023-02-09,business,low,business,0
ACC001550,2025-06-03,student,medium,current,0
ACC001551,2022-01-26,self_employed,low,savings,0
ACC001552,2025-03-12,self_employed,medium,business,0
ACC001553,2024-10-18,retired,low,current,1
ACC001554,2023-09-20,self_employed,low,current,0
ACC001555,2025-06-24,retired,low,current,0
ACC001556,2024-02-15,student,low,savings,0
ACC001557,2025-07-08,self_employed,low,savings,0
ACC001558,2023-09-10,student,medium,savings,0
ACC001559,2026-03-30,business,low,business,0
ACC001560,2023-09-26,salaried,medium,savings,0
ACC001561,2024-05-01,business,low,business,0
ACC001562,2025-09-09,business,low,business,0
ACC001563,2023-05-08,self_employed,medium,business,0
ACC001564,2024-10-29,student,low,business,0
ACC001565,2026-07-21,retired,low,savings,0
ACC001566,2025-06-12,student,low,business,0
ACC001567,2025-08-17,student,low,business,0
ACC001568,2024-02-05,business,low,current,0
ACC001569,2024-12-12,business,low,savings,0
ACC001570,2025-12-23,business,low,business,0
ACC001571,2026-03-09,self_employed,low,savings,0
ACC001572,2025-04-05,business,medium,business,0
ACC001573,2023-01-29,self_employed,medium,current,0
ACC001574,2023-05-26,student,low,current,0
ACC001575,2022-11-16,self_employed,low,current,0
ACC001576,2023-10-29,self_employed,low,savings,0
ACC001577,2022-02-22,business,medium,current,0
ACC001578,2025-10-15,retired,low,current,0
ACC001579,2024-11-09,salaried,low,business,0
ACC001580,2026-06-01,student,low,business,0
ACC001581,2022-07-28,student,medium,current,0
ACC001582,2026-02-01,business,low,savings,0
ACC001583,2022-10-05,retired,low,current,0
ACC001584,2024-02-15,business,low,savings,0
ACC001585,2022-05-31,business,low,savings,0
ACC001586,2023-01-24,business,low,current,0
ACC001587,2024-01-08,retired,medium,business,0
ACC001588,2025-07-09,salaried,low,savings,0
ACC001589,2026-01-24,retired,low,savings,0
ACC001590,2022-12-14,business,low,savings,0
ACC001591,2025-06-03,self_employed,low,current,0
ACC001592,2022-06-24,business,medium,savings,0
ACC001593,2023-08-03,self_employed,low,current,0
ACC001594,2025-07-15,salaried,low,current,0
ACC001595,2024-09-03,retired,low,savings,0
ACC001596,2021-12-04,retired,low,savings,0
ACC001597,2025-03-25,self_employed,low,savings,0
ACC001598,2022-02-25,self_employed,low,savings,0
ACC001599,2025-01-26,business,low,savings,0
ACC001600,2025-12-20,student,medium,business,1
ACC001601,2024-11-17,retired,low,business,0
ACC001602,2023-09-15,salaried,medium,business,0
ACC001603,2024-12-25,student,medium,savings,0
ACC001604,2022-05-24,retired,low,current,0
ACC001605,2024-11-20,retired,low,current,0
ACC001606,2023-08-11,business,low,business,0
ACC001607,2021-12-09,self_employed,low,business,0
ACC001608,2024-05-30,student,low,business,0
ACC001609,2022-07-17,student,medium,business,0
ACC001610,2024-07-20,business,low,current,0
ACC001611,2022-12-10,retired,low,savings,0
ACC001612,2022-11-14,self_employed,low,business,0
ACC001613,2022-01-10,retired,medium,business,0
ACC001614,2024-02-21,salaried,low,business,0
ACC001615,2025-09-19,business,low,business,1
ACC001616,2022-11-18,business,medium,savings,0
ACC001617,2025-09-09,retired,low,business,0
ACC001618,2025-07-07,business,medium,business,0
ACC001619,2021-09-29,retired,low,current,0
ACC001620,2022-05-17,salaried,low,current,0
ACC001621,2021-11-11,self_employed,medium,current,0
ACC001622,2023-11-17,retired,low,business,0
ACC001623,2023-07-15,business,low,savings,0
ACC001624,2022-12-21,student,low,savings,0
ACC001625,2026-05-15,salaried,low,business,0
ACC001626,2026-03-10,retired,low,savings,0
ACC001627,2025-04-20,salaried,low,savings,0
ACC001628,2022-08-24,business,low,business,0
ACC001629,2024-02-25,self_employed,low,current,0
ACC001630,2023-09-21,retired,low,savings,0
ACC001631,2024-04-05,retired,low,current,0
ACC001632,2022-09-26,student,medium,current,0
ACC001633,2022-02-08,business,low,current,0
ACC001634,2023-09-23,retired,medium,current,0
ACC001635,2025-04-09,business,medium,current,0
ACC001636,2025-08-03,self_employed,low,business,0
ACC001637,2022-03-27,retired,low,current,0
ACC001638,2022-08-23,business,low,business,0
ACC001639,2025-12-13,retired,medium,business,0
ACC001640,2026-04-05,salaried,medium,current,0
ACC001641,2021-11-03,self_employed,low,business,0
ACC001642,2026-01-31,retired,medium,business,0
ACC001643,2026-08-04,business,low,business,0
ACC001644,2023-10-04,salaried,low,business,0
ACC001645,2022-12-03,salaried,medium,savings,0
ACC001646,2024-03-05,retired,medium,current,0
ACC001647,2025-05-08,salaried,low,savings,0
ACC001648,2021-09-17,student,low,savings,0
ACC001649,2024-09-13,retired,medium,current,0
ACC001650,2023-09-30,business,low,current,0
ACC001651,2026-07-21,business,low,savings,0
ACC001652,2025-03-30,retired,low,savings,0
ACC001653,2023-04-17,business,low,savings,0
ACC001654,2022-06-05,business,low,business,0
ACC001655,2026-02-25,self_employed,low,business,0
ACC001656,2024-10-07,salaried,low,business,0
ACC001657,2022-04-11,salaried,high,savings,0
ACC001658,2026-03-05,student,medium,current,0
ACC001659,2026-04-30,retired,low,savings,0
ACC001660,2026-01-06,business,low,business,0
ACC001661,2026-01-07,salaried,medium,business,0
ACC001662,2026-05-31,student,medium,business,0
ACC001663,2021-11-15,business,low,current,0
ACC001664,2025-01-08,self_employed,low,savings,0
ACC001665,2025-09-12,retired,medium,business,0
ACC001666,2022-01-26,salaried,low,current,0
ACC001667,2024-12-27,business,low,savings,0
ACC001668,2024-11-15,business,low,savings,0
ACC001669,2023-11-10,business,high,business,1
ACC001670,2021-11-02,business,low,current,1
ACC001671,2024-09-26,retired,low,savings,0
ACC001672,2022-04-10,student,high,current,0
ACC001673,2024-08-19,retired,medium,savings,0
ACC001674,2023-10-02,retired,low,savings,0
ACC001675,2022-08-01,retired,low,savings,0
ACC001676,2026-08-25,self_employed,medium,current,0
ACC001677,2024-07-12,student,low,savings,0
ACC001678,2022-11-01,student,low,savings,0
ACC001679,2022-01-28,retired,low,current,0
ACC001680,2024-09-11,salaried,low,savings,0
ACC001681,2026-05-06,retired,low,savings,0
ACC001682,2024-07-30,business,low,business,0
ACC001683,2023-03-10,self_employed,low,savings,0
ACC001684,2025-08-26,self_employed,medium,current,0
ACC001685,2025-10-08,self_employed,low,savings,0
ACC001686,2023-04-02,business,low,savings,0
ACC001687,2022-11-05,salaried,medium,business,0
ACC001688,2022-03-28,retired,low,business,0
ACC001689,2025-08-04,salaried,medium,current,0
ACC001690,2022-01-05,business,low,business,0
ACC001691,2024-03-12,student,low,business,0
ACC001692,2023-06-01,student,low,business,0
ACC001693,2022-01-27,self_employed,low,current,0
ACC001694,2023-05-25,retired,medium,savings,0
ACC001695,2022-01-21,business,low,business,0
ACC001696,2024-05-20,self_employed,low,savings,0
ACC001697,2024-05-03,business,low,business,0
ACC001698,2026-01-31,salaried,low,savings,0
ACC001699,2025-02-01,retired,low,current,0
ACC001700,2026-04-27,student,low,current,0
ACC001701,2025-09-22,self_employed,low,savings,0
ACC001702,2023-11-09,student,low,business,0
ACC001703,2022-01-04,student,low,current,0
ACC001704,2023-04-29,retired,low,business,0
ACC001705,2024-02-18,student,low,current,0
ACC001706,2024-09-26,student,low,business,0
ACC001707,2022-02-08,self_employed,high,business,0
ACC001708,2024-07-10,self_employed,medium,business,0
ACC001709,2024-01-09,student,medium,business,0
ACC001710,2022-10-04,retired,medium,savings,0
ACC001711,2024-10-30,self_employed,medium,business,0
ACC001712,2025-06-01,self_employed,low,savings,0
ACC001713,2025-02-06,self_employed,low,savings,0
ACC001714,2025-06-10,business,low,current,0
ACC001715,2024-12-27,retired,low,business,0
ACC001716,2024-08-01,business,low,savings,0
ACC001717,2023-04-16,self_employed,low,current,0
ACC001718,2025-12-02,retired,medium,savings,0
ACC001719,2025-12-06,retired,medium,current,0
ACC001720,2024-10-28,student,low,business,0
ACC001721,2026-02-12,student,low,current,0
ACC001722,2023-12-20,salaried,low,business,0
ACC001723,2022-05-27,business,low,business,0
ACC001724,2025-04-23,business,low,current,0
ACC001725,2022-05-16,student,low,business,0
ACC001726,2025-05-12,retired,medium,current,0
ACC001727,2023-03-27,salaried,low,current,0
ACC001728,2026-05-04,retired,low,savings,0
ACC001729,2024-03-13,self_employed,low,current,0
ACC001730,2024-06-06,retired,low,business,0
ACC001731,2022-07-28,retired,medium,savings,0
ACC001732,2022-05-19,salaried,low,savings,0
ACC001733,2024-06-27,student,low,current,0
ACC001734,2024-03-19,student,low,current,0
ACC001735,2024-04-22,student,medium,current,0
ACC001736,2025-06-29,business,low,current,0
ACC001737,2025-04-28,retired,low,savings,0
ACC001738,2023-02-12,self_employed,medium,business,0
ACC001739,2025-06-23,student,medium,business,0
ACC001740,2024-09-09,salaried,low,current,0
ACC001741,2025-07-03,salaried,low,current,0
ACC001742,2022-01-22,business,low,current,0
ACC001743,2024-09-12,business,medium,savings,0
ACC001744,2025-05-26,salaried,low,savings,1
ACC001745,2024-01-14,salaried,low,current,0
ACC001746,2022-03-10,student,low,business,0
ACC001747,2022-05-04,student,low,savings,0
ACC001748,2025-02-26,self_employed,low,savings,0
ACC001749,2024-10-15,salaried,low,current,0
ACC001750,2026-01-24,student,medium,current,0
ACC001751,2023-01-23,business,medium,business,0
ACC001752,2021-12-18,retired,low,business,0
ACC001753,2022-11-30,business,low,business,0
ACC001754,2025-06-05,retired,low,business,0
ACC001755,2021-12-30,business,low,business,1
ACC001756,2022-10-10,business,low,current,0
ACC001757,2022-04-09,retired,low,savings,0
ACC001758,2023-09-16,retired,low,current,0
ACC001759,2024-10-25,student,low,savings,0
ACC001760,2024-10-12,salaried,low,savings,0
ACC001761,2024-12-15,student,low,business,0
ACC001762,2026-07-11,salaried,low,current,0
ACC001763,2021-12-22,retired,low,current,0
ACC001764,2023-01-02,student,low,savings,0
ACC001765,2025-07-11,business,low,current,0
ACC001766,2024-11-08,business,low,savings,0
ACC001767,2024-11-11,self_employed,medium,business,0
ACC001768,2025-06-23,retired,medium,savings,0
ACC001769,2022-05-09,student,low,business,0
ACC001770,2026-08-01,self_employed,low,business,0
ACC001771,2022-11-14,student,low,business,0
ACC001772,2026-03-15,business,medium,current,0
ACC001773,2024-10-27,self_employed,medium,savings,0
ACC001774,2025-01-31,self_employed,low,business,0
ACC001775,2024-05-16,retired,low,current,0
ACC001776,2024-01-26,business,low,current,0
ACC001777,2023-10-28,salaried,low,business,0
ACC001778,2022-08-31,salaried,low,savings,0
ACC001779,2021-12-02,student,low,business,0
ACC001780,2023-04-14,retired,medium,savings,0
ACC001781,2025-12-11,salaried,low,current,0
ACC001782,2026-02-07,self_employed,low,current,0
ACC001783,2024-12-28,retired,high,current,0
ACC001784,2026-06-24,salaried,low,savings,0
ACC001785,2022-09-13,salaried,low,current,0
ACC001786,2023-12-05,salaried,low,savings,0
ACC001787,2023-11-30,self_employed,medium,current,0
ACC001788,2025-06-30,retired,medium,savings,0
ACC001789,2023-07-11,self_employed,low,current,0
ACC001790,2024-02-17,self_employed,medium,savings,0
ACC001791,2025-11-17,self_employed,low,savings,0
ACC001792,2023-05-27,business,low,savings,0
ACC001793,2022-09-29,retired,low,current,0
ACC001794,2022-11-08,student,low,business,0
ACC001795,2022-05-01,salaried,medium,business,0
ACC001796,2025-07-18,business,low,current,0
ACC001797,2023-03-03,student,low,savings,0
ACC001798,2025-06-26,self_employed,high,savings,0
ACC001799,2022-06-12,retired,low,savings,0
ACC001800,2024-06-01,student,low,current,0
ACC001801,2024-08-27,self_employed,low,savings,0
ACC001802,2022-04-02,business,medium,current,0
ACC001803,2026-05-18,business,low,savings,0
ACC001804,2026-04-24,self_employed,low,savings,0
ACC001805,2024-03-03,business,low,business,0
ACC001806,2024-04-01,salaried,low,business,0
ACC001807,2023-01-15,self_employed,medium,savings,0
ACC001808,2023-03-07,self_employed,low,current,0
ACC001809,2024-10-10,business,medium,current,0
ACC001810,2026-01-10,retired,medium,savings,0
ACC001811,2023-08-10,retired,low,savings,0
ACC001812,2022-09-25,student,medium,current,0
ACC001813,2023-05-30,retired,low,business,0
ACC001814,2022-11-18,retired,low,savings,0
ACC001815,2023-09-18,business,low,business,0
ACC001816,2025-11-25,retired,low,business,0
ACC001817,2021-12-03,business,low,business,0
ACC001818,2024-10-08,self_employed,low,current,0
ACC001819,2026-05-31,business,low,savings,0
ACC001820,2026-07-27,business,low,savings,0
ACC001821,2024-11-02,salaried,low,current,0
ACC001822,2025-09-04,business,low,business,0
ACC001823,2026-05-23,salaried,low,business,0
ACC001824,2022-10-21,retired,low,business,0
ACC001825,2022-06-07,retired,medium,savings,0
ACC001826,2022-04-05,business,low,current,0
ACC001827,2024-04-30,student,low,business,0
ACC001828,2025-02-01,salaried,low,savings,0
ACC001829,2025-10-09,self_employed,medium,savings,0
ACC001830,2026-03-04,salaried,low,savings,0
ACC001831,2025-03-12,salaried,low,current,0
ACC001832,2025-03-08,retired,low,business,0
ACC001833,2026-08-04,business,low,current,0
ACC001834,2022-04-30,self_employed,low,savings,0
ACC001835,2022-10-07,salaried,medium,savings,0
ACC001836,2024-05-24,retired,medium,savings,0
ACC001837,2022-05-01,retired,medium,savings,0
ACC001838,2025-07-12,student,low,current,0
ACC001839,2025-08-30,student,medium,savings,0
ACC001840,2026-02-06,business,low,savings,0
ACC001841,2024-08-18,salaried,medium,savings,0
ACC001842,2022-10-16,self_employed,high,savings,0
ACC001843,2026-05-22,salaried,medium,business,0
ACC001844,2026-09-13,retired,low,business,0
ACC001845,2023-04-01,self_employed,low,savings,0
ACC001846,2022-10-18,business,medium,current,0
ACC001847,2025-05-19,salaried,medium,business,0
ACC001848,2025-12-23,student,low,business,0
ACC001849,2022-03-04,retired,medium,savings,0
ACC001850,2022-10-03,self_employed,low,business,0
ACC001851,2026-02-08,student,low,business,0
ACC001852,2023-01-01,business,low,current,0
ACC001853,2024-04-14,student,low,current,0
ACC001854,2023-02-06,student,low,business,0
ACC001855,2023-01-29,retired,medium,current,0
ACC001856,2024-06-11,business,low,business,0
ACC001857,2023-08-14,self_employed,low,business,0
ACC001858,2024-08-23,student,low,current,0
ACC001859,2026-02-11,retired,high,savings,0
ACC001860,2024-02-12,salaried,high,business,0
ACC001861,2022-05-16,salaried,low,current,0
ACC001862,2023-10-31,salaried,low,savings,0
ACC001863,2023-05-15,self_employed,medium,savings,0
ACC001864,2026-05-21,student,medium,business,0
ACC001865,2024-01-13,business,low,business,0
ACC001866,2022-10-06,self_employed,low,current,0
ACC001867,2024-04-10,student,low,current,0
ACC001868,2026-03-28,student,medium,savings,0
ACC001869,2022-06-30,self_employed,low,current,0
ACC001870,2025-12-22,salaried,low,business,0
ACC001871,2023-02-18,self_employed,medium,business,0
ACC001872,2026-08-22,student,medium,savings,0
ACC001873,2023-01-05,retired,medium,business,0
ACC001874,2023-02-26,business,medium,savings,0
ACC001875,2024-07-27,business,low,savings,0
ACC001876,2026-06-30,business,low,savings,0
ACC001877,2022-01-18,student,low,current,0
ACC001878,2021-12-10,retired,medium,savings,0
ACC001879,2022-05-23,self_employed,medium,business,0
ACC001880,2022-02-01,salaried,low,business,0
ACC001881,2026-08-09,retired,low,business,0
ACC001882,2023-12-14,salaried,low,business,0
ACC001883,2023-06-29,self_employed,low,business,0
ACC001884,2026-07-26,self_employed,low,business,0
ACC001885,2025-03-30,retired,high,business,0
ACC001886,2021-12-16,business,low,savings,0
ACC001887,2025-12-08,retired,low,current,0
ACC001888,2026-05-05,self_employed,low,savings,0
ACC001889,2024-02-29,retired,low,savings,0
ACC001890,2024-04-08,business,low,savings,0
ACC001891,2025-10-22,retired,low,business,0
ACC001892,2023-10-13,self_employed,medium,current,0
ACC001893,2025-02-25,business,low,current,0
ACC001894,2024-03-25,business,low,business,0
ACC001895,2025-07-23,business,low,savings,0
ACC001896,2022-04-27,student,medium,current,0
ACC001897,2022-03-18,business,low,business,0
ACC001898,2023-01-17,retired,low,current,0
ACC001899,2025-06-09,self_employed,low,business,0
ACC001900,2025-03-27,salaried,medium,savings,0
ACC001901,2025-10-26,student,low,current,0
ACC001902,2025-08-25,business,low,savings,0
ACC001903,2023-06-08,self_employed,low,current,0
ACC001904,2024-08-04,self_employed,medium,savings,0
ACC001905,2022-12-03,salaried,medium,savings,0
ACC001906,2024-05-11,business,medium,current,0
ACC001907,2024-06-01,salaried,low,savings,1
ACC001908,2024-08-21,student,low,savings,0
ACC001909,2025-02-02,student,low,business,0
ACC001910,2022-10-24,self_employed,low,business,0
ACC001911,2024-11-07,student,low,business,0
ACC001912,2026-01-29,self_employed,low,business,0
ACC001913,2026-06-23,salaried,low,business,0
ACC001914,2022-08-08,business,low,savings,0
ACC001915,2024-05-31,salaried,low,business,0
ACC001916,2023-10-04,business,low,current,0
ACC001917,2025-09-01,salaried,low,business,0
ACC001918,2022-09-28,student,low,business,0
ACC001919,2023-12-23,student,medium,savings,0
ACC001920,2025-07-10,student,medium,business,0
ACC001921,2023-10-23,retired,low,current,0
ACC001922,2022-11-24,business,high,savings,0
ACC001923,2022-07-10,student,low,business,0
ACC001924,2022-02-17,business,low,savings,0
ACC001925,2024-03-02,business,high,business,0
ACC001926,2024-12-19,salaried,low,business,0
ACC001927,2025-04-04,student,low,current,0
ACC001928,2023-10-24,self_employed,low,business,0
ACC001929,2023-01-22,student,low,current,0
ACC001930,2024-06-26,self_employed,high,business,0
ACC001931,2026-08-12,student,medium,business,0
ACC001932,2024-05-11,student,medium,savings,0
ACC001933,2023-04-25,business,medium,savings,0
ACC001934,2023-01-21,self_employed,low,current,0
ACC001935,2025-12-09,self_employed,low,current,0
ACC001936,2026-01-29,business,high,business,0
ACC001937,2025-09-02,self_employed,low,business,0
ACC001938,2025-12-10,self_employed,low,current,0
ACC001939,2024-04-28,business,low,business,0
ACC001940,2025-12-06,self_employed,low,savings,0
ACC001941,2021-11-24,business,low,savings,0
ACC001942,2022-06-19,self_employed,low,business,0
ACC001943,2025-01-16,business,medium,current,0
ACC001944,2025-12-31,self_employed,low,business,0
ACC001945,2025-08-03,self_employed,low,business,0
ACC001946,2023-09-30,business,medium,savings,0
ACC001947,2023-07-13,self_employed,low,savings,0
ACC001948,2026-08-30,salaried,medium,current,0
ACC001949,2024-09-13,retired,low,business,0
ACC001950,2022-02-11,student,low,savings,0
ACC001951,2022-02-17,salaried,low,savings,0
ACC001952,2024-02-04,business,low,business,0
ACC001953,2025-11-28,business,low,business,0
ACC001954,2025-09-14,self_employed,low,savings,0
ACC001955,2024-02-17,student,low,current,0
ACC001956,2026-04-07,self_employed,low,business,0
ACC001957,2021-10-08,retired,medium,current,0
ACC001958,2022-08-12,self_employed,medium,current,0
ACC001959,2025-05-13,retired,low,savings,0
ACC001960,2022-11-03,self_employed,low,savings,0
ACC001961,2023-12-13,student,high,savings,0
ACC001962,2024-10-23,self_employed,medium,savings,1
ACC001963,2025-02-16,self_employed,medium,current,0
ACC001964,2024-10-23,business,low,current,0
ACC001965,2022-01-31,retired,medium,current,0
ACC001966,2025-02-08,retired,medium,business,0
ACC001967,2022-02-18,retired,medium,current,0
ACC001968,2026-07-20,business,medium,business,0
ACC001969,2026-06-24,business,low,business,0
ACC001970,2023-05-10,salaried,low,current,0
ACC001971,2024-10-13,retired,medium,savings,0
ACC001972,2026-05-28,self_employed,low,current,0
ACC001973,2024-02-26,salaried,low,business,1
ACC001974,2022-04-29,salaried,low,current,0
ACC001975,2024-12-26,retired,medium,current,0
ACC001976,2025-12-27,retired,low,current,0
ACC001977,2025-07-13,business,medium,business,0
ACC001978,2026-05-18,business,medium,current,0
ACC001979,2024-01-30,retired,low,business,0
ACC001980,2022-09-17,salaried,low,business,0
ACC001981,2022-10-17,business,low,current,0
ACC001982,2022-07-10,student,low,savings,0
ACC001983,2025-01-18,retired,low,business,0
ACC001984,2024-11-15,self_employed,medium,savings,0
ACC001985,2024-08-01,student,low,business,0
ACC001986,2026-06-12,self_employed,medium,savings,0
ACC001987,2024-10-22,salaried,low,current,0
ACC001988,2022-12-05,student,low,business,0
ACC001989,2023-05-24,retired,medium,business,0
ACC001990,2026-01-11,business,medium,current,0
ACC001991,2025-02-11,business,low,savings,0
ACC001992,2025-12-14,student,low,business,0
ACC001993,2022-01-16,self_employed,low,savings,0
ACC001994,2022-01-31,self_employed,medium,savings,0
ACC001995,2022-01-11,retired,low,business,0
ACC001996,2022-11-12,retired,low,savings,0
ACC001997,2024-07-13,salaried,medium,savings,0
ACC001998,2025-09-23,salaried,low,current,0
ACC001999,2026-02-12,salaried,low,current,0
ACC002000,2025-08-02,business,medium,business,0
ACC002001,2022-12-19,retired,low,business,0
ACC002002,2026-01-31,retired,low,current,0
ACC002003,2022-11-21,salaried,low,savings,0
ACC002004,2024-06-27,self_employed,medium,current,0
ACC002005,2024-05-29,business,low,savings,0
ACC002006,2023-01-30,salaried,low,savings,0
ACC002007,2025-01-15,student,low,savings,0
ACC002008,2024-03-30,business,medium,current,0
ACC002009,2024-07-24,student,medium,savings,0
ACC002010,2026-01-06,salaried,low,savings,0
ACC002011,2026-01-13,self_employed,low,business,0
ACC002012,2026-03-24,business,low,business,0
ACC002013,2025-11-12,self_employed,high,business,0
ACC002014,2026-06-27,business,low,savings,0
ACC002015,2024-04-01,salaried,medium,current,0
ACC002016,2025-09-27,student,medium,savings,0
ACC002017,2021-11-03,retired,medium,savings,0
ACC002018,2024-10-31,student,low,savings,0
ACC002019,2024-07-08,student,low,current,0
ACC002020,2022-08-19,business,low,savings,0
ACC002021,2025-03-30,business,low,business,0
ACC002022,2026-08-31,business,high,current,0
ACC002023,2024-04-25,business,medium,business,0
ACC002024,2021-12-04,student,low,current,0
ACC002025,2025-09-26,student,low,business,0
ACC002026,2023-12-16,student,medium,business,0
ACC002027,2026-08-15,business,low,business,0
ACC002028,2026-08-12,retired,low,savings,0
ACC002029,2023-08-20,business,low,current,0
ACC002030,2022-02-19,self_employed,low,savings,0
ACC002031,2026-08-30,retired,low,savings,0
ACC002032,2025-10-14,self_employed,medium,current,0
ACC002033,2023-02-24,retired,low,current,0
ACC002034,2026-02-27,business,medium,savings,0
ACC002035,2024-12-07,salaried,low,business,0
ACC002036,2022-12-16,student,low,savings,0
ACC002037,2023-10-05,student,low,business,0
ACC002038,2021-12-20,student,medium,savings,0
ACC002039,2026-07-27,student,low,business,0
ACC002040,2022-08-20,business,low,savings,0
ACC002041,2023-04-28,self_employed,low,current,0
ACC002042,2021-11-10,retired,medium,savings,0
ACC002043,2025-06-14,self_employed,low,business,0
ACC002044,2024-05-14,retired,medium,business,0
ACC002045,2025-04-06,student,low,current,0
ACC002046,2022-12-27,salaried,medium,current,0
ACC002047,2025-03-19,business,medium,current,0
ACC002048,2023-06-08,business,low,savings,0
ACC002049,2025-03-10,business,low,current,0
ACC002050,2025-12-20,salaried,high,current,0
ACC002051,2025-09-17,salaried,low,current,0
ACC002052,2022-03-25,business,medium,business,0
ACC002053,2022-11-16,business,low,business,0
ACC002054,2026-02-10,salaried,medium,current,0
ACC002055,2023-06-19,student,medium,current,0
ACC002056,2026-06-21,retired,low,savings,0
ACC002057,2024-06-18,student,low,current,0
ACC002058,2025-10-08,self_employed,low,savings,0
ACC002059,2026-03-03,salaried,low,savings,0
ACC002060,2024-11-26,self_employed,medium,current,0
ACC002061,2024-05-14,business,low,current,0
ACC002062,2023-03-05,business,low,current,0
ACC002063,2025-08-11,retired,medium,business,0
ACC002064,2026-03-27,student,medium,savings,0
ACC002065,2024-08-11,salaried,medium,business,0
ACC002066,2026-05-07,self_employed,low,savings,0
ACC002067,2024-09-17,retired,low,business,0
ACC002068,2023-12-13,salaried,low,savings,0
ACC002069,2025-10-26,business,medium,current,0
ACC002070,2023-05-03,retired,medium,savings,0
ACC002071,2023-10-18,business,medium,business,0
ACC002072,2024-01-27,student,low,current,0
ACC002073,2026-06-12,self_employed,low,savings,0
ACC002074,2024-03-28,student,low,current,0
ACC002075,2023-08-12,retired,low,current,0
ACC002076,2024-03-25,self_employed,low,savings,0
ACC002077,2024-02-27,salaried,high,business,0
ACC002078,2023-06-18,business,low,business,0
ACC002079,2025-11-10,student,low,current,0
ACC002080,2024-05-25,self_employed,medium,current,0
ACC002081,2025-10-12,business,low,savings,0
ACC002082,2024-08-31,student,low,current,0
ACC002083,2026-06-20,business,low,savings,0
ACC002084,2024-01-10,salaried,low,business,0
ACC002085,2024-02-24,salaried,low,savings,0
ACC002086,2022-09-26,salaried,low,savings,0
ACC002087,2026-07-30,business,medium,business,0
ACC002088,2026-04-27,retired,low,current,0
ACC002089,2024-12-05,student,medium,business,0
ACC002090,2025-01-20,business,low,current,0
ACC002091,2024-08-20,business,low,business,0
ACC002092,2022-12-12,retired,low,current,0
ACC002093,2024-03-03,retired,low,savings,0
ACC002094,2022-01-21,self_employed,medium,business,1
ACC002095,2024-02-23,student,medium,current,0
ACC002096,2022-05-16,self_employed,low,business,0
ACC002097,2024-08-24,student,medium,current,0
ACC002098,2025-06-18,retired,low,savings,0
ACC002099,2023-11-18,retired,low,current,1
ACC002100,2025-10-10,retired,medium,current,0
ACC002101,2023-07-09,student,low,savings,0
ACC002102,2023-06-02,business,low,business,0
ACC002103,2026-04-13,salaried,low,business,0
ACC002104,2024-01-03,salaried,medium,business,0
ACC002105,2026-06-25,retired,low,current,0
ACC002106,2024-01-04,self_employed,low,business,0
ACC002107,2022-11-13,self_employed,high,current,0
ACC002108,2022-08-18,salaried,low,business,0
ACC002109,2026-09-10,business,low,current,0
ACC002110,2023-09-26,business,medium,business,0
ACC002111,2023-10-06,self_employed,low,business,0
ACC002112,2022-02-17,salaried,medium,business,0
ACC002113,2026-03-20,business,medium,savings,0
ACC002114,2023-08-15,business,low,current,0
ACC002115,2023-09-06,business,low,current,0
ACC002116,2022-02-23,self_employed,low,current,0
ACC002117,2022-07-21,salaried,low,business,0
ACC002118,2025-03-20,business,medium,current,0
ACC002119,2024-07-05,student,low,business,0
ACC002120,2025-09-19,salaried,low,savings,0
ACC002121,2022-07-22,business,medium,business,0
ACC002122,2022-11-14,salaried,medium,business,0
ACC002123,2021-09-29,self_employed,low,current,1
ACC002124,2026-05-19,retired,low,current,0
ACC002125,2023-01-16,self_employed,low,current,0
ACC002126,2025-02-28,student,low,business,0
ACC002127,2025-09-29,student,medium,current,0
ACC002128,2025-10-05,student,high,business,0
ACC002129,2023-05-25,salaried,low,business,0
ACC002130,2024-02-22,retired,medium,current,0
ACC002131,2024-06-06,salaried,low,business,1
ACC002132,2024-02-16,salaried,low,business,0
ACC002133,2022-03-15,student,low,current,0
ACC002134,2022-06-17,salaried,low,business,0
ACC002135,2026-08-01,business,low,current,0
ACC002136,2023-09-04,retired,low,current,0
ACC002137,2026-04-02,business,low,savings,0
ACC002138,2022-01-06,retired,low,business,1
ACC002139,2023-03-10,retired,medium,current,0
ACC002140,2025-04-03,retired,low,business,0
ACC002141,2023-03-13,self_employed,low,savings,0
ACC002142,2022-01-03,salaried,low,current,0
ACC002143,2025-01-28,retired,high,savings,0
ACC002144,2025-11-30,salaried,low,current,0
ACC002145,2023-04-14,retired,medium,business,0
ACC002146,2024-02-29,business,medium,business,0
ACC002147,2022-01-07,self_employed,low,current,0
ACC002148,2021-10-11,business,medium,current,0
ACC002149,2024-03-28,student,low,current,0
ACC002150,2026-07-13,business,low,current,0
ACC002151,2022-08-12,self_employed,medium,current,0
ACC002152,2024-07-19,retired,medium,business,0
ACC002153,2024-02-14,student,low,savings,0
ACC002154,2025-07-25,business,low,current,0
ACC002155,2026-04-27,salaried,low,business,0
ACC002156,2026-02-28,salaried,low,business,0
ACC002157,2025-11-25,business,high,current,0
ACC002158,2022-11-03,retired,low,business,0
ACC002159,2025-12-27,business,low,current,0
ACC002160,2025-09-06,salaried,low,business,0
ACC002161,2024-01-08,business,low,savings,0
ACC002162,2023-05-05,student,low,savings,0
ACC002163,2022-08-28,retired,low,current,0
ACC002164,2024-07-06,business,medium,current,0
ACC002165,2023-01-30,student,high,current,0
ACC002166,2025-08-08,student,low,business,0
ACC002167,2023-11-21,business,medium,business,0
ACC002168,2023-04-14,business,low,business,0
ACC002169,2021-10-26,retired,low,business,0
ACC002170,2024-07-26,salaried,low,current,0
ACC002171,2024-03-17,business,low,current,0
ACC002172,2026-07-13,salaried,low,savings,0
ACC002173,2023-05-06,student,low,business,0
ACC002174,2023-03-12,student,low,current,0
ACC002175,2025-02-23,salaried,medium,business,0
ACC002176,2025-05-03,self_employed,medium,business,0
ACC002177,2026-01-30,self_employed,low,current,0
ACC002178,2024-06-27,self_employed,low,business,0
ACC002179,2022-06-09,self_employed,low,business,0
ACC002180,2025-02-09,salaried,low,savings,0
ACC002181,2022-07-06,self_employed,low,savings,0
ACC002182,2023-04-10,retired,medium,current,0
ACC002183,2022-11-23,retired,low,current,0
ACC002184,2025-10-05,self_employed,low,business,0
ACC002185,2024-06-14,student,low,current,0
ACC002186,2023-10-23,salaried,low,current,0
ACC002187,2021-10-04,retired,low,current,0
ACC002188,2023-12-02,business,low,business,0
ACC002189,2024-12-17,retired,low,savings,0
ACC002190,2023-09-14,business,medium,savings,0
ACC002191,2025-07-01,student,medium,current,0
ACC002192,2023-12-21,retired,low,business,0
ACC002193,2024-07-03,salaried,low,business,0
ACC002194,2024-04-08,student,high,current,0
ACC002195,2026-08-27,business,medium,current,0
ACC002196,2026-07-28,student,low,savings,0
ACC002197,2021-10-18,student,low,current,0
ACC002198,2023-12-04,retired,medium,business,0
ACC002199,2024-10-04,self_employed,medium,business,0
ACC002200,2023-09-17,self_employed,low,business,0
ACC002201,2022-03-25,self_employed,low,savings,0
ACC002202,2022-09-15,salaried,medium,savings,0
ACC002203,2025-08-28,retired,low,savings,0
ACC002204,2024-04-23,retired,low,business,0
ACC002205,2023-01-22,student,low,savings,0
ACC002206,2025-02-23,salaried,low,savings,0
ACC002207,2025-12-22,business,low,savings,0
ACC002208,2024-05-06,business,low,business,0
ACC002209,2022-09-12,salaried,low,business,0
ACC002210,2024-03-17,self_employed,low,business,0
ACC002211,2024-10-28,business,medium,savings,0
ACC002212,2023-07-31,salaried,low,current,0
ACC002213,2023-07-25,student,low,savings,0
ACC002214,2022-11-01,retired,medium,current,0
ACC002215,2025-10-07,retired,low,business,1
ACC002216,2023-01-01,student,low,savings,0
ACC002217,2025-07-27,student,medium,current,0
ACC002218,2024-11-16,retired,low,savings,0
ACC002219,2025-03-27,student,high,current,0
ACC002220,2026-05-16,self_employed,low,current,1
ACC002221,2025-09-14,self_employed,low,savings,0
ACC002222,2026-04-10,retired,low,business,0
ACC002223,2023-07-23,retired,low,business,0
ACC002224,2023-10-21,salaried,medium,business,0
ACC002225,2022-05-25,student,low,savings,0
ACC002226,2026-03-03,salaried,low,current,0
ACC002227,2025-07-01,retired,low,current,0
ACC002228,2026-03-11,self_employed,low,savings,0
ACC002229,2024-10-11,salaried,low,current,0
ACC002230,2022-05-13,self_employed,medium,current,0
ACC002231,2026-07-01,business,low,business,0
ACC002232,2022-08-27,retired,low,current,0
ACC002233,2022-03-23,salaried,low,savings,0
ACC002234,2026-05-11,retired,high,current,0
ACC002235,2025-12-31,salaried,low,current,0
ACC002236,2023-06-03,student,low,current,0
ACC002237,2026-07-28,salaried,low,business,0
ACC002238,2026-04-07,salaried,low,current,0
ACC002239,2022-12-22,salaried,medium,current,0
ACC002240,2023-02-06,self_employed,low,savings,0
ACC002241,2024-06-28,retired,low,current,0
ACC002242,2026-02-15,retired,medium,business,0
ACC002243,2025-06-16,student,low,business,0
ACC002244,2022-09-09,retired,medium,savings,0
ACC002245,2023-06-13,salaried,low,business,0
ACC002246,2026-08-29,business,low,current,0
ACC002247,2025-11-09,salaried,medium,business,0
ACC002248,2022-06-22,student,low,current,0
ACC002249,2026-01-15,salaried,low,savings,0
ACC002250,2025-06-28,student,medium,savings,0
ACC002251,2022-03-04,retired,low,business,0
ACC002252,2025-07-22,business,low,business,0
ACC002253,2022-10-27,business,low,business,0
ACC002254,2026-01-24,self_employed,medium,savings,0
ACC002255,2025-03-26,self_employed,low,savings,0
ACC002256,2025-08-02,retired,medium,business,0
ACC002257,2026-07-01,salaried,low,business,0
ACC002258,2022-03-11,self_employed,low,business,0
ACC002259,2026-06-15,salaried,medium,savings,0
ACC002260,2025-08-19,retired,low,business,0
ACC002261,2024-04-27,salaried,medium,savings,0
ACC002262,2021-11-19,salaried,low,business,0
ACC002263,2025-01-25,self_employed,low,savings,0
ACC002264,2023-11-12,retired,low,business,0
ACC002265,2021-09-22,retired,low,business,0
ACC002266,2023-07-21,business,low,current,0
ACC002267,2026-08-14,self_employed,medium,business,0
ACC002268,2022-04-27,self_employed,low,savings,0
ACC002269,2022-01-31,student,low,current,0
ACC002270,2025-04-21,self_employed,low,business,0
ACC002271,2024-08-18,self_employed,low,business,0
ACC002272,2022-03-30,salaried,low,business,0
ACC002273,2026-04-21,business,low,savings,0
ACC002274,2022-03-19,salaried,medium,savings,0
ACC002275,2022-04-15,salaried,low,savings,0
ACC002276,2025-09-18,business,medium,current,0
ACC002277,2021-12-20,retired,low,savings,0
ACC002278,2024-02-21,self_employed,low,business,0
ACC002279,2025-03-06,retired,low,savings,0
ACC002280,2023-03-26,business,low,business,1
ACC002281,2022-11-07,self_employed,medium,business,0
ACC002282,2025-04-11,salaried,low,current,0
ACC002283,2024-11-19,student,low,business,0
ACC002284,2024-12-14,self_employed,low,business,0
ACC002285,2025-07-07,salaried,low,business,0
ACC002286,2024-11-28,business,low,business,0
ACC002287,2024-11-23,self_employed,low,savings,0
ACC002288,2022-05-20,salaried,medium,business,0
ACC002289,2026-04-15,retired,low,savings,0
ACC002290,2022-10-31,salaried,low,current,0
ACC002291,2024-08-28,student,low,current,0
ACC002292,2022-09-16,student,low,current,0
ACC002293,2023-03-21,salaried,low,savings,0
ACC002294,2026-04-09,business,low,savings,0
ACC002295,2025-01-16,retired,low,savings,0
ACC002296,2026-03-14,self_employed,medium,business,0
ACC002297,2022-10-13,business,low,savings,0
ACC002298,2023-08-05,student,low,savings,0
ACC002299,2021-09-23,student,low,savings,0
ACC002300,2021-11-22,retired,medium,current,0
ACC002301,2024-03-27,self_employed,low,business,0
ACC002302,2025-08-21,retired,low,current,0
ACC002303,2026-05-01,self_employed,low,business,0
ACC002304,2025-04-22,retired,low,current,0
ACC002305,2026-03-23,self_employed,low,savings,0
ACC002306,2024-12-04,student,high,savings,0
ACC002307,2023-08-27,student,low,business,0
ACC002308,2023-10-21,business,low,savings,0
ACC002309,2025-08-14,salaried,medium,current,0
ACC002310,2024-08-23,retired,low,current,0
ACC002311,2023-01-07,self_employed,medium,business,0
ACC002312,2024-01-17,self_employed,medium,business,0
ACC002313,2023-04-21,business,medium,business,0
ACC002314,2022-08-29,business,medium,savings,0
ACC002315,2021-12-22,retired,medium,current,0
ACC002316,2025-04-07,self_employed,low,current,0
ACC002317,2021-10-31,student,low,current,0
ACC002318,2023-09-30,self_employed,low,current,0
ACC002319,2023-06-15,business,low,business,0
ACC002320,2022-04-10,self_employed,medium,savings,0
ACC002321,2022-07-23,retired,high,savings,0
ACC002322,2021-12-26,retired,medium,business,0
ACC002323,2025-07-01,salaried,low,current,1
ACC002324,2022-02-11,retired,medium,business,0
ACC002325,2023-10-13,salaried,low,savings,0
ACC002326,2022-01-28,salaried,low,savings,0
ACC002327,2025-02-13,retired,medium,savings,0
ACC002328,2025-06-07,student,low,business,0
ACC002329,2023-09-11,salaried,low,business,0
ACC002330,2026-04-16,student,low,current,0
ACC002331,2023-07-20,business,medium,savings,0
ACC002332,2022-03-07,retired,low,savings,0
ACC002333,2022-11-22,retired,low,current,0
ACC002334,2025-12-26,retired,medium,savings,0
ACC002335,2024-02-28,salaried,low,business,0
ACC002336,2023-09-10,student,low,current,0
ACC002337,2026-08-07,retired,medium,business,0
ACC002338,2024-05-30,business,low,savings,0
ACC002339,2026-08-12,salaried,low,current,0
ACC002340,2024-06-05,salaried,low,business,0
ACC002341,2023-09-19,student,medium,savings,0
ACC002342,2024-04-07,retired,low,business,0
ACC002343,2022-12-02,salaried,low,savings,0
ACC002344,2026-02-18,business,medium,business,0
ACC002345,2023-07-31,self_employed,low,current,0
ACC002346,2025-03-20,self_employed,low,business,0
ACC002347,2024-04-03,retired,medium,business,0
ACC002348,2024-01-15,self_employed,medium,savings,0
ACC002349,2022-03-21,student,low,current,0
ACC002350,2026-06-08,business,low,current,0
ACC002351,2023-03-11,salaried,low,current,1
ACC002352,2025-05-02,retired,low,business,0
ACC002353,2026-06-05,salaried,low,business,0
ACC002354,2025-11-30,business,medium,current,0
ACC002355,2022-02-05,business,low,business,0
ACC002356,2024-08-18,salaried,low,current,0
ACC002357,2024-12-10,salaried,low,savings,0
ACC002358,2026-02-28,student,high,savings,0
ACC002359,2024-05-30,salaried,low,savings,0
ACC002360,2025-03-29,self_employed,low,savings,0
ACC002361,2025-03-04,business,high,savings,0
ACC002362,2022-12-20,student,low,business,0
ACC002363,2024-04-01,business,medium,current,0
ACC002364,2024-11-25,student,low,business,0
ACC002365,2023-04-07,salaried,low,savings,0
ACC002366,2026-04-11,salaried,medium,savings,0
ACC002367,2025-09-23,business,low,current,0
ACC002368,2023-10-01,business,low,business,0
ACC002369,2023-08-14,student,low,business,0
ACC002370,2024-04-04,business,medium,current,0
ACC002371,2022-12-05,retired,low,savings,0
ACC002372,2025-08-21,student,low,current,0
ACC002373,2022-03-11,self_employed,low,current,0
ACC002374,2026-06-26,salaried,low,current,0
ACC002375,2025-03-18,retired,high,business,0
ACC002376,2025-03-30,self_employed,medium,current,0
ACC002377,2026-06-10,self_employed,high,business,1
ACC002378,2026-03-17,self_employed,low,savings,0
ACC002379,2022-11-03,salaried,high,business,0
ACC002380,2025-01-01,self_employed,low,current,0
ACC002381,2023-10-07,self_employed,low,business,0
ACC002382,2023-11-14,salaried,low,current,0
ACC002383,2023-06-06,self_employed,low,business,0
ACC002384,2024-07-05,self_employed,low,savings,0
ACC002385,2022-05-16,salaried,low,current,0
ACC002386,2025-07-11,self_employed,medium,current,0
ACC002387,2024-11-08,self_employed,low,business,0
ACC002388,2022-06-27,business,high,current,0
ACC002389,2026-04-04,student,low,current,0
ACC002390,2023-04-27,business,low,business,0
ACC002391,2022-02-20,retired,low,savings,0
ACC002392,2023-12-26,retired,medium,savings,0
ACC002393,2024-11-27,business,low,savings,0
ACC002394,2022-01-13,retired,low,savings,0
ACC002395,2022-04-27,retired,low,current,0
ACC002396,2023-04-20,salaried,low,savings,0
ACC002397,2026-09-12,business,low,current,0
ACC002398,2026-06-15,self_employed,low,business,0
ACC002399,2023-07-19,retired,low,savings,0
ACC002400,2025-10-11,business,low,current,0
ACC002401,2023-06-23,student,low,business,0
ACC002402,2024-07-13,salaried,medium,current,0
ACC002403,2024-04-11,retired,low,current,0
ACC002404,2021-10-30,student,low,savings,0
ACC002405,2023-07-03,student,low,current,0
ACC002406,2023-04-26,retired,medium,savings,0
ACC002407,2022-09-12,self_employed,medium,current,0
ACC002408,2025-10-09,retired,medium,current,0
ACC002409,2023-10-06,self_employed,medium,current,0
ACC002410,2023-06-10,retired,low,business,0
ACC002411,2025-01-27,business,low,savings,0
ACC002412,2023-09-26,student,low,business,0
ACC002413,2026-05-25,student,low,business,1
ACC002414,2024-06-08,retired,low,current,0
ACC002415,2024-02-09,student,low,business,0
ACC002416,2024-12-08,retired,medium,savings,0
ACC002417,2025-08-31,self_employed,low,current,0
ACC002418,2026-03-28,student,low,savings,0
ACC002419,2024-10-03,student,medium,current,0
ACC002420,2024-04-28,retired,low,current,0
ACC002421,2023-12-04,self_employed,low,savings,0
ACC002422,2024-10-04,self_employed,low,business,0
ACC002423,2026-01-23,retired,low,business,0
ACC002424,2025-12-05,student,low,current,0
ACC002425,2025-08-30,self_employed,low,current,0
ACC002426,2022-07-16,retired,high,savings,0
ACC002427,2025-09-10,business,medium,business,0
ACC002428,2024-06-03,retired,low,current,0
ACC002429,2023-06-06,retired,high,savings,0
ACC002430,2024-11-07,student,low,business,0
ACC002431,2024-05-12,salaried,medium,savings,0
ACC002432,2025-03-22,business,low,current,0
ACC002433,2022-02-02,retired,medium,savings,0
ACC002434,2026-06-26,student,low,current,0
ACC002435,2023-08-01,student,low,current,0
ACC002436,2022-12-10,salaried,low,business,0
ACC002437,2021-11-02,salaried,low,business,0
ACC002438,2023-12-02,self_employed,medium,business,0
ACC002439,2026-05-29,self_employed,low,current,0
ACC002440,2026-09-01,student,low,business,0
ACC002441,2026-08-17,student,low,business,0
ACC002442,2025-04-02,student,medium,savings,0
ACC002443,2024-03-18,self_employed,low,current,0
ACC002444,2022-12-30,retired,low,savings,0
ACC002445,2023-05-15,salaried,low,business,0
ACC002446,2024-07-03,self_employed,medium,business,0
ACC002447,2023-08-28,business,low,business,0
ACC002448,2024-12-06,business,medium,business,0
ACC002449,2026-07-19,salaried,low,savings,0
ACC002450,2023-10-16,salaried,medium,savings,0
ACC002451,2025-12-12,retired,low,business,1
ACC002452,2026-05-20,student,low,current,0
ACC002453,2024-07-27,business,low,current,0
ACC002454,2023-11-21,self_employed,medium,savings,0
ACC002455,2025-11-09,salaried,low,business,0
ACC002456,2025-11-15,self_employed,low,current,0
ACC002457,2025-08-14,self_employed,low,savings,0
ACC002458,2023-02-17,retired,low,savings,0
ACC002459,2024-09-11,salaried,low,current,0
ACC002460,2023-02-20,retired,low,savings,0
ACC002461,2022-11-21,salaried,medium,business,0
ACC002462,2026-05-08,business,low,savings,0
ACC002463,2025-11-08,student,low,current,0
ACC002464,2023-04-07,salaried,medium,savings,1
ACC002465,2026-04-24,business,low,savings,0
ACC002466,2022-03-14,self_employed,low,savings,0
ACC002467,2026-02-26,salaried,low,business,0
ACC002468,2021-12-27,student,medium,current,1
ACC002469,2022-05-01,student,low,business,0
ACC002470,2022-02-10,business,low,business,0
ACC002471,2021-10-02,salaried,low,business,0
ACC002472,2025-03-17,salaried,low,business,0
ACC002473,2022-11-14,self_employed,high,savings,0
ACC002474,2023-09-02,business,low,business,0
ACC002475,2022-04-12,salaried,medium,business,0
ACC002476,2022-12-26,retired,low,business,0
ACC002477,2021-10-11,self_employed,low,savings,0
ACC002478,2023-07-24,self_employed,medium,current,0
ACC002479,2026-01-01,retired,low,savings,0
ACC002480,2025-07-30,retired,low,current,0
ACC002481,2024-11-15,salaried,low,business,0
ACC002482,2022-03-19,self_employed,low,current,0
ACC002483,2025-10-23,student,low,savings,0
ACC002484,2025-11-06,salaried,low,savings,0
ACC002485,2021-10-31,retired,low,business,0
ACC002486,2021-10-03,student,low,current,0
ACC002487,2026-03-24,self_employed,low,current,0
ACC002488,2026-05-23,retired,low,savings,0
ACC002489,2025-03-13,retired,medium,current,0
ACC002490,2021-10-19,self_employed,low,business,0
ACC002491,2021-11-03,retired,low,current,0
ACC002492,2026-03-15,retired,low,business,0
ACC002493,2024-01-14,salaried,low,current,0
ACC002494,2026-04-04,retired,low,savings,0
ACC002495,2024-02-20,self_employed,low,savings,0
ACC002496,2021-11-05,student,low,current,0
ACC002497,2025-12-21,salaried,low,current,0
ACC002498,2025-05-12,retired,low,business,0
ACC002499,2023-03-23,business,low,business,0
ACC002500,2022-08-11,retired,low,business,0
ACC002501,2022-07-09,business,high,current,0
ACC002502,2026-02-28,business,low,current,0
ACC002503,2022-12-19,salaried,low,current,0
ACC002504,2023-10-01,retired,low,savings,0
ACC002505,2023-05-02,salaried,low,savings,0
ACC002506,2026-03-06,salaried,low,savings,0
ACC002507,2023-11-06,self_employed,low,business,0
ACC002508,2024-09-18,student,low,business,0
ACC002509,2023-12-22,business,low,savings,0
ACC002510,2025-01-28,business,medium,current,0
ACC002511,2022-05-16,self_employed,low,current,0
ACC002512,2024-11-15,retired,low,business,0
ACC002513,2025-02-25,student,medium,business,0
ACC002514,2025-08-09,business,low,savings,0
ACC002515,2026-07-04,retired,medium,savings,1
ACC002516,2023-10-08,retired,low,current,0
ACC002517,2023-08-15,retired,low,savings,0
ACC002518,2024-04-01,self_employed,low,current,0
ACC002519,2022-05-21,self_employed,low,savings,0
ACC002520,2021-12-20,student,medium,current,0
ACC002521,2022-06-30,salaried,low,current,0
ACC002522,2025-02-23,business,low,business,0
ACC002523,2024-12-04,retired,low,savings,0
ACC002524,2024-11-27,business,low,current,0
ACC002525,2026-05-27,retired,low,current,0
ACC002526,2025-09-30,business,low,current,0
ACC002527,2022-03-06,student,low,business,1
ACC002528,2021-10-12,salaried,low,current,0
ACC002529,2023-02-27,student,medium,business,0
ACC002530,2022-05-27,salaried,medium,business,0
ACC002531,2025-12-14,student,low,current,0
ACC002532,2025-05-23,student,high,current,0
ACC002533,2024-07-08,student,low,savings,0
ACC002534,2026-07-07,self_employed,low,current,0
ACC002535,2022-07-06,business,low,business,0
ACC002536,2026-03-11,salaried,medium,savings,0
ACC002537,2022-01-23,student,low,business,0
ACC002538,2023-08-27,student,low,business,0
ACC002539,2023-07-01,retired,low,current,0
ACC002540,2026-07-09,student,low,current,0
ACC002541,2025-09-29,business,low,current,0
ACC002542,2024-01-03,retired,low,current,0
ACC002543,2022-02-04,business,low,current,0
ACC002544,2022-05-01,salaried,low,savings,0
ACC002545,2024-02-01,student,low,business,0
ACC002546,2026-04-27,student,low,current,0
ACC002547,2026-06-29,student,high,savings,0
ACC002548,2021-12-24,retired,low,savings,0
ACC002549,2023-03-24,business,low,current,0
ACC002550,2024-05-17,salaried,low,business,0
ACC002551,2021-10-31,retired,medium,business,0
ACC002552,2023-06-18,salaried,medium,business,0
ACC002553,2026-09-10,salaried,low,current,0
ACC002554,2022-12-04,salaried,low,business,0
ACC002555,2025-02-01,retired,low,current,0
ACC002556,2022-05-10,salaried,low,current,0
ACC002557,2024-03-30,business,medium,current,0
ACC002558,2023-01-30,business,low,current,0
ACC002559,2026-07-01,retired,low,business,0
ACC002560,2023-09-30,retired,low,business,0
ACC002561,2026-07-09,self_employed,medium,business,0
ACC002562,2025-01-04,business,medium,business,0
ACC002563,2026-04-19,retired,low,business,0
ACC002564,2024-07-09,retired,low,business,0
ACC002565,2024-12-18,business,medium,current,0
ACC002566,2022-11-21,business,medium,savings,0
ACC002567,2022-05-14,business,low,current,0
ACC002568,2025-12-16,self_employed,low,business,0
ACC002569,2024-08-22,student,medium,current,0
ACC002570,2022-02-26,student,medium,savings,1
ACC002571,2022-07-13,self_employed,medium,current,0
ACC002572,2025-06-01,student,low,current,0
ACC002573,2023-09-04,business,low,savings,0
ACC002574,2022-05-07,salaried,low,savings,0
ACC002575,2024-08-06,self_employed,medium,current,1
ACC002576,2025-01-27,retired,low,current,0
ACC002577,2024-06-23,retired,low,savings,0
ACC002578,2021-12-14,self_employed,low,savings,0
ACC002579,2024-01-10,salaried,low,current,0
ACC002580,2025-07-13,business,low,savings,0
ACC002581,2025-11-15,retired,medium,savings,0
ACC002582,2023-08-22,salaried,low,current,0
ACC002583,2024-09-22,salaried,medium,current,0
ACC002584,2026-05-28,student,low,savings,0
ACC002585,2024-11-22,retired,medium,business,0
ACC002586,2025-05-16,self_employed,low,business,1
ACC002587,2023-04-13,business,medium,business,0
ACC002588,2026-09-07,business,medium,business,0
ACC002589,2024-12-06,student,low,savings,0
ACC002590,2022-06-06,self_employed,low,current,0
ACC002591,2024-03-18,student,medium,business,0
ACC002592,2023-10-18,retired,medium,business,0
ACC002593,2022-04-29,self_employed,medium,savings,0
ACC002594,2022-05-25,self_employed,low,savings,0
ACC002595,2023-12-24,student,low,current,0
ACC002596,2023-01-05,business,low,business,0
ACC002597,2024-12-06,student,low,savings,0
ACC002598,2023-01-05,student,low,current,0
ACC002599,2025-01-05,self_employed,high,savings,0
ACC002600,2024-05-23,student,low,current,0
ACC002601,2024-10-07,student,low,business,0
ACC002602,2022-08-10,salaried,medium,business,0
ACC002603,2022-06-24,salaried,low,business,0
ACC002604,2021-09-29,self_employed,low,current,0
ACC002605,2024-04-27,student,low,business,0
ACC002606,2025-06-25,student,medium,business,0
ACC002607,2024-10-05,salaried,low,savings,0
ACC002608,2023-12-30,retired,low,current,0
ACC002609,2022-07-27,student,low,savings,0
ACC002610,2022-10-29,student,low,savings,0
ACC002611,2022-06-11,retired,low,business,0
ACC002612,2023-04-18,retired,medium,current,0
ACC002613,2025-05-14,salaried,medium,current,0
ACC002614,2025-07-08,retired,medium,current,0
ACC002615,2026-06-09,retired,medium,savings,0
ACC002616,2026-06-02,self_employed,low,business,0
ACC002617,2026-01-22,salaried,low,business,0
ACC002618,2025-03-03,business,medium,current,0
ACC002619,2022-07-30,salaried,medium,business,0
ACC002620,2021-12-03,self_employed,low,business,0
ACC002621,2022-06-18,self_employed,low,savings,0
ACC002622,2024-09-16,student,low,savings,0
ACC002623,2026-05-31,salaried,low,business,0
ACC002624,2022-06-29,self_employed,medium,business,0
ACC002625,2024-06-16,retired,medium,current,0
ACC002626,2024-12-22,retired,low,business,0
ACC002627,2021-10-21,self_employed,low,business,0
ACC002628,2024-03-07,business,medium,current,0
ACC002629,2025-03-21,self_employed,low,current,0
ACC002630,2024-12-30,self_employed,low,current,0
ACC002631,2022-06-03,business,low,savings,0
ACC002632,2026-06-17,business,low,business,0
ACC002633,2023-10-07,self_employed,medium,current,1
ACC002634,2026-07-26,self_employed,low,savings,0
ACC002635,2026-02-18,salaried,low,current,0
ACC002636,2023-02-21,business,low,savings,0
ACC002637,2024-12-08,student,low,business,0
ACC002638,2023-02-21,salaried,low,business,0
ACC002639,2022-11-18,retired,medium,current,0
ACC002640,2023-12-27,retired,low,business,0
ACC002641,2024-04-05,self_employed,low,current,0
ACC002642,2023-12-25,student,medium,current,0
ACC002643,2025-11-23,self_employed,low,savings,0
ACC002644,2022-12-10,business,low,current,0
ACC002645,2022-03-28,self_employed,low,current,0
ACC002646,2023-02-14,self_employed,low,current,0
ACC002647,2025-05-25,self_employed,low,savings,0
ACC002648,2024-01-18,student,low,business,0
ACC002649,2025-04-13,retired,low,current,0
ACC002650,2024-04-01,self_employed,medium,business,0
ACC002651,2025-10-26,retired,low,business,0
ACC002652,2022-05-09,retired,medium,business,0
ACC002653,2024-10-08,business,low,savings,1
ACC002654,2023-11-04,business,low,current,0
ACC002655,2023-10-19,self_employed,low,current,0
ACC002656,2025-12-01,business,medium,business,0
ACC002657,2023-05-13,salaried,low,business,0
ACC002658,2025-08-05,business,low,current,0
ACC002659,2022-08-11,student,low,business,1
ACC002660,2022-11-07,salaried,low,current,0
ACC002661,2024-04-16,self_employed,low,current,0
ACC002662,2021-10-04,retired,low,current,0
ACC002663,2025-01-24,business,low,current,0
ACC002664,2024-07-11,salaried,low,savings,0
ACC002665,2024-12-06,retired,medium,current,0
ACC002666,2024-07-02,student,medium,current,0
ACC002667,2025-06-11,student,low,current,0
ACC002668,2024-07-18,business,low,savings,0
ACC002669,2025-05-12,student,medium,current,0
ACC002670,2022-11-09,self_employed,low,business,0
ACC002671,2024-04-03,retired,low,savings,0
ACC002672,2024-06-05,salaried,low,savings,0
ACC002673,2023-05-30,retired,low,business,0
ACC002674,2025-10-10,retired,low,current,0
ACC002675,2024-05-16,salaried,low,business,0
ACC002676,2023-03-18,business,low,current,0
ACC002677,2025-02-01,salaried,medium,savings,0
ACC002678,2024-05-31,salaried,low,savings,0
ACC002679,2024-03-06,student,low,savings,0
ACC002680,2025-11-16,business,medium,business,0
ACC002681,2026-08-07,business,low,savings,0
ACC002682,2023-10-06,business,medium,savings,0
ACC002683,2024-06-21,retired,medium,savings,0
ACC002684,2024-11-24,retired,low,current,0
ACC002685,2024-01-31,salaried,low,business,0
ACC002686,2025-01-15,salaried,low,business,0
ACC002687,2024-10-21,salaried,medium,savings,0
ACC002688,2022-09-01,salaried,low,business,0
ACC002689,2026-06-30,retired,low,current,0
ACC002690,2023-05-26,business,low,current,0
ACC002691,2026-05-05,salaried,low,current,0
ACC002692,2023-03-26,student,medium,business,0
ACC002693,2026-05-19,business,low,savings,0
ACC002694,2021-12-05,student,low,savings,0
ACC002695,2025-08-17,salaried,low,business,0
ACC002696,2023-06-26,retired,low,current,0
ACC002697,2025-06-06,self_employed,low,current,0
ACC002698,2024-03-06,salaried,low,savings,0
ACC002699,2022-04-15,self_employed,low,current,0
ACC002700,2025-03-07,student,low,business,0
ACC002701,2025-12-12,self_employed,low,current,0
ACC002702,2022-11-19,retired,medium,current,0
ACC002703,2024-04-10,business,low,business,0
ACC002704,2023-10-04,salaried,medium,business,0
ACC002705,2023-11-07,self_employed,low,current,0
ACC002706,2023-01-04,retired,low,business,0
ACC002707,2025-04-19,retired,low,current,0
ACC002708,2024-11-27,student,low,current,0
ACC002709,2022-04-30,retired,low,business,0
ACC002710,2025-07-09,student,high,business,0
ACC002711,2025-10-10,self_employed,low,business,0
ACC002712,2026-08-26,self_employed,medium,business,0
ACC002713,2025-02-09,business,low,current,0
ACC002714,2026-03-31,retired,low,current,0
ACC002715,2026-01-03,student,low,savings,0
ACC002716,2025-04-04,student,medium,business,0
ACC002717,2026-04-29,retired,low,savings,0
ACC002718,2022-01-05,business,low,savings,0
ACC002719,2024-10-04,business,low,current,0
ACC002720,2026-04-08,retired,low,business,0
ACC002721,2022-06-04,business,medium,current,0
ACC002722,2022-08-18,student,low,business,0
ACC002723,2023-10-24,salaried,low,business,0
ACC002724,2024-09-19,retired,low,savings,0
ACC002725,2023-02-11,retired,low,current,0
ACC002726,2022-01-28,student,low,business,0
ACC002727,2026-06-28,retired,medium,current,0
ACC002728,2025-02-05,business,medium,current,0
ACC002729,2024-07-09,self_employed,low,savings,0
ACC002730,2025-05-12,business,low,business,0
ACC002731,2022-08-08,salaried,low,savings,0
ACC002732,2021-10-15,salaried,low,savings,0
ACC002733,2022-07-16,self_employed,low,current,0
ACC002734,2023-11-25,retired,medium,business,0
ACC002735,2023-08-03,business,medium,current,0
ACC002736,2026-01-16,business,medium,business,0
ACC002737,2026-02-10,student,low,business,0
ACC002738,2026-06-12,retired,medium,savings,0
ACC002739,2026-08-21,self_employed,low,savings,0
ACC002740,2026-08-05,salaried,medium,business,0
ACC002741,2023-07-31,self_employed,medium,savings,0
ACC002742,2025-06-28,retired,low,business,0
ACC002743,2024-11-18,self_employed,low,business,0
ACC002744,2025-01-10,business,low,current,0
ACC002745,2025-08-21,retired,low,current,0
ACC002746,2025-12-15,salaried,low,savings,0
ACC002747,2022-12-25,retired,high,current,0
ACC002748,2024-08-19,salaried,medium,business,0
ACC002749,2021-11-28,self_employed,low,business,0
ACC002750,2025-10-21,retired,low,savings,0
ACC002751,2022-08-03,salaried,low,business,0
ACC002752,2024-03-18,retired,high,current,0
ACC002753,2025-03-28,business,low,business,0
ACC002754,2022-06-06,student,low,current,0
ACC002755,2022-09-08,retired,low,business,0
ACC002756,2022-11-27,business,medium,current,0
ACC002757,2024-08-30,self_employed,medium,business,0
ACC002758,2024-05-09,salaried,low,current,0
ACC002759,2024-08-13,business,low,business,0
ACC002760,2025-07-28,retired,medium,savings,0
ACC002761,2023-06-17,retired,low,business,0
ACC002762,2026-02-18,student,low,current,0
ACC002763,2025-10-22,salaried,low,business,0
ACC002764,2024-08-30,self_employed,low,current,0
ACC002765,2025-10-01,self_employed,low,business,0
ACC002766,2022-07-13,student,medium,business,0
ACC002767,2025-06-05,retired,low,current,0
ACC002768,2025-07-19,retired,high,business,0
ACC002769,2024-05-30,student,medium,savings,0
ACC002770,2022-04-09,business,low,business,0
ACC002771,2024-04-02,salaried,low,savings,0
ACC002772,2022-01-29,self_employed,low,business,0
ACC002773,2022-09-05,retired,low,current,0
ACC002774,2021-11-22,retired,low,savings,0
ACC002775,2024-08-13,business,low,savings,0
ACC002776,2022-08-18,student,medium,current,0
ACC002777,2023-02-05,self_employed,low,business,0
ACC002778,2023-10-10,salaried,medium,current,0
ACC002779,2026-02-02,retired,low,savings,0
ACC002780,2023-03-09,salaried,low,current,0
ACC002781,2026-05-24,student,high,current,0
ACC002782,2023-01-23,salaried,medium,business,0
ACC002783,2024-07-07,student,medium,business,0
ACC002784,2026-06-18,business,low,savings,0
ACC002785,2025-04-29,salaried,medium,current,0
ACC002786,2025-08-18,retired,high,savings,0
ACC002787,2023-09-03,salaried,medium,business,0
ACC002788,2025-02-22,salaried,medium,savings,0
ACC002789,2023-04-09,business,low,business,0
ACC002790,2023-04-15,salaried,medium,current,0
ACC002791,2025-05-17,self_employed,medium,business,0
ACC002792,2025-01-24,retired,medium,current,0
ACC002793,2021-12-12,salaried,low,current,0
ACC002794,2023-05-19,student,medium,savings,0
ACC002795,2025-07-10,self_employed,low,current,0
ACC002796,2025-05-09,salaried,low,current,0
ACC002797,2025-01-03,student,low,savings,0
ACC002798,2021-09-26,salaried,low,business,0
ACC002799,2023-07-12,retired,low,business,0
ACC002800,2023-06-14,self_employed,low,business,0
ACC002801,2024-01-25,retired,medium,savings,1
ACC002802,2022-03-26,retired,low,current,0
ACC002803,2026-08-11,retired,high,business,0
ACC002804,2022-07-26,student,medium,current,0
ACC002805,2026-04-08,self_employed,medium,business,0
ACC002806,2023-04-16,business,medium,savings,0
ACC002807,2024-10-23,student,low,savings,0
ACC002808,2024-06-21,retired,low,savings,0
ACC002809,2023-05-18,self_employed,medium,savings,0
ACC002810,2025-08-04,business,high,current,0
ACC002811,2022-09-02,retired,medium,business,0
ACC002812,2023-12-07,business,medium,business,0
ACC002813,2025-11-11,student,medium,savings,0
ACC002814,2026-03-10,student,medium,business,0
ACC002815,2024-05-13,self_employed,medium,current,0
ACC002816,2025-01-02,self_employed,medium,business,0
ACC002817,2025-01-14,business,low,business,0
ACC002818,2026-09-10,student,medium,business,0
ACC002819,2022-09-02,retired,medium,current,1
ACC002820,2024-08-28,salaried,low,current,0
ACC002821,2024-09-10,retired,medium,business,0
ACC002822,2025-08-05,self_employed,low,business,0
ACC002823,2023-03-03,student,low,business,0
ACC002824,2024-03-25,business,low,current,0
ACC002825,2022-06-03,self_employed,low,business,0
ACC002826,2022-11-03,business,low,current,0
ACC002827,2024-05-13,retired,high,savings,0
ACC002828,2022-09-14,salaried,medium,current,0
ACC002829,2023-09-24,business,low,savings,0
ACC002830,2024-04-18,salaried,low,business,0
ACC002831,2022-09-11,salaried,low,savings,0
ACC002832,2023-04-04,business,low,business,0
ACC002833,2024-11-15,business,medium,savings,0
ACC002834,2022-11-26,student,low,business,0
ACC002835,2026-01-17,business,low,business,0
ACC002836,2025-01-01,retired,low,savings,0
ACC002837,2025-04-04,salaried,low,business,0
ACC002838,2022-11-15,self_employed,medium,current,0
ACC002839,2026-08-03,retired,low,business,0
ACC002840,2024-12-18,retired,medium,savings,0
ACC002841,2025-04-19,salaried,low,savings,0
ACC002842,2023-04-13,retired,low,savings,0
ACC002843,2025-11-03,student,low,current,0
ACC002844,2026-04-09,business,low,current,0
ACC002845,2023-03-05,student,low,business,0
ACC002846,2026-06-03,retired,high,business,1
ACC002847,2023-02-13,retired,medium,current,0
ACC002848,2025-11-12,self_employed,low,savings,0
ACC002849,2024-02-27,retired,medium,savings,0
ACC002850,2022-11-22,business,medium,savings,0
ACC002851,2023-04-17,self_employed,low,savings,0
ACC002852,2024-05-17,self_employed,medium,current,0
ACC002853,2025-07-15,salaried,low,current,0
ACC002854,2022-02-26,salaried,low,business,0
ACC002855,2024-10-02,student,low,savings,0
ACC002856,2021-10-12,salaried,low,current,0
ACC002857,2025-10-27,student,low,savings,0
ACC002858,2022-11-11,self_employed,low,business,0
ACC002859,2023-05-12,retired,low,current,0
ACC002860,2024-12-18,student,low,business,0
ACC002861,2026-06-23,retired,low,business,0
ACC002862,2025-12-31,student,low,savings,0
ACC002863,2025-11-28,retired,low,current,0
ACC002864,2025-03-07,business,low,current,0
ACC002865,2025-11-18,retired,low,business,0
ACC002866,2025-03-27,business,low,savings,0
ACC002867,2025-06-22,business,low,current,0
ACC002868,2025-11-09,retired,low,business,0
ACC002869,2023-02-14,student,low,business,0
ACC002870,2022-05-27,business,low,savings,0
ACC002871,2026-07-05,retired,low,savings,0
ACC002872,2021-12-17,retired,medium,business,0
ACC002873,2023-07-30,salaried,medium,business,0
ACC002874,2024-03-08,salaried,low,business,0
ACC002875,2021-12-23,student,low,savings,0
ACC002876,2024-01-14,business,low,business,0
ACC002877,2023-08-12,business,low,savings,0
ACC002878,2026-04-10,business,low,current,0
ACC002879,2024-02-26,business,medium,savings,0
ACC002880,2023-02-17,business,low,savings,0
ACC002881,2025-08-03,student,medium,savings,0
ACC002882,2026-07-06,business,low,business,0
ACC002883,2025-11-29,business,low,business,0
ACC002884,2026-05-17,salaried,low,savings,0
ACC002885,2026-01-17,student,low,current,0
ACC002886,2022-08-30,salaried,medium,current,0
ACC002887,2026-07-28,retired,low,savings,1
ACC002888,2022-09-02,salaried,low,current,0
ACC002889,2023-12-24,self_employed,low,savings,0
ACC002890,2026-04-27,self_employed,low,current,0
ACC002891,2024-10-26,self_employed,low,current,0
ACC002892,2026-04-24,self_employed,low,savings,0
ACC002893,2022-01-20,student,low,current,0
ACC002894,2025-06-15,self_employed,low,current,0
ACC002895,2026-05-07,student,low,savings,0
ACC002896,2023-07-23,salaried,low,business,0
ACC002897,2025-04-25,business,low,business,0
ACC002898,2022-07-28,business,low,savings,0
ACC002899,2023-10-22,student,low,current,0
ACC002900,2024-03-25,business,low,current,0
ACC002901,2021-12-22,salaried,low,savings,0
ACC002902,2025-07-11,salaried,low,business,0
ACC002903,2023-12-08,salaried,low,business,0
ACC002904,2024-08-30,self_employed,low,current,0
ACC002905,2022-06-10,retired,low,business,0
ACC002906,2025-06-08,business,low,savings,0
ACC002907,2022-09-12,student,low,savings,0
ACC002908,2023-09-19,self_employed,low,current,0
ACC002909,2023-06-27,business,low,savings,0
ACC002910,2026-09-13,retired,high,business,0
ACC002911,2024-09-06,student,low,savings,0
ACC002912,2025-05-05,salaried,low,current,0
ACC002913,2023-02-10,student,low,business,0
ACC002914,2022-11-19,retired,high,business,0
ACC002915,2023-06-16,self_employed,low,business,0
ACC002916,2023-06-17,student,low,business,0
ACC002917,2022-03-16,business,low,current,0
ACC002918,2026-07-20,salaried,low,savings,0
ACC002919,2024-09-06,self_employed,medium,current,0
ACC002920,2026-03-24,retired,low,business,0
ACC002921,2024-02-03,student,medium,current,0
ACC002922,2026-04-13,student,high,business,0
ACC002923,2023-02-18,retired,low,business,0
ACC002924,2024-06-14,student,low,current,0
ACC002925,2024-03-10,business,low,business,0
ACC002926,2024-02-28,self_employed,low,savings,0
ACC002927,2026-07-28,business,low,savings,0
ACC002928,2023-12-22,self_employed,low,business,0
ACC002929,2026-01-28,retired,medium,business,0
ACC002930,2022-07-05,salaried,medium,business,0
ACC002931,2022-11-08,salaried,low,business,0
ACC002932,2025-03-14,retired,low,current,0
ACC002933,2022-03-16,retired,medium,current,0
ACC002934,2024-01-22,retired,low,business,0
ACC002935,2022-10-12,salaried,low,current,0
ACC002936,2022-10-30,self_employed,low,savings,0
ACC002937,2023-10-28,salaried,medium,business,0
ACC002938,2022-12-11,student,low,business,0
ACC002939,2024-06-09,student,medium,savings,0
ACC002940,2023-10-22,self_employed,high,current,1
ACC002941,2025-01-15,salaried,low,business,0
ACC002942,2025-11-11,business,low,savings,0
ACC002943,2022-11-28,retired,low,current,0
ACC002944,2026-08-11,business,low,savings,0
ACC002945,2023-12-26,business,low,business,0
ACC002946,2025-03-22,business,low,business,0
ACC002947,2024-11-21,business,low,business,0
ACC002948,2025-07-18,self_employed,medium,savings,0
ACC002949,2022-05-05,student,medium,savings,0
ACC002950,2022-06-29,business,medium,current,0
ACC002951,2025-02-15,self_employed,medium,savings,0
ACC002952,2026-01-31,business,low,business,0
ACC002953,2024-01-25,business,medium,savings,0
ACC002954,2024-11-02,retired,low,business,0
ACC002955,2025-07-26,salaried,medium,current,0
ACC002956,2025-11-07,retired,medium,current,0
ACC002957,2024-06-25,student,low,business,0
ACC002958,2026-08-26,retired,low,business,0
ACC002959,2021-09-20,salaried,medium,savings,0
ACC002960,2022-06-29,salaried,low,current,0
ACC002961,2025-08-07,business,low,savings,0
ACC002962,2024-09-29,retired,low,savings,0
ACC002963,2022-03-28,business,medium,business,0
ACC002964,2026-03-31,self_employed,high,current,0
ACC002965,2025-01-30,salaried,medium,savings,0
ACC002966,2023-07-21,self_employed,low,savings,0
ACC002967,2025-05-09,salaried,low,current,0
ACC002968,2023-07-03,salaried,low,business,0
ACC002969,2025-11-28,student,medium,savings,0
ACC002970,2023-12-26,salaried,low,current,0
ACC002971,2024-06-12,salaried,medium,business,0
ACC002972,2024-02-11,self_employed,medium,business,0
ACC002973,2024-07-28,business,low,savings,0
ACC002974,2026-05-10,retired,low,savings,1
ACC002975,2026-08-13,salaried,medium,current,0
ACC002976,2022-10-23,student,medium,business,0
ACC002977,2026-07-07,salaried,medium,savings,0
ACC002978,2025-10-29,retired,low,business,0
ACC002979,2024-08-15,retired,low,business,0
ACC002980,2022-02-10,salaried,low,current,0
ACC002981,2022-02-02,retired,low,business,0
ACC002982,2022-07-19,retired,low,business,0
ACC002983,2025-08-10,business,low,current,0
ACC002984,2021-11-02,retired,medium,business,0
ACC002985,2022-10-03,business,low,business,0
ACC002986,2023-01-16,salaried,low,current,0
ACC002987,2025-06-15,business,low,savings,0
ACC002988,2025-08-01,salaried,low,savings,0
ACC002989,2021-09-15,business,medium,savings,0
ACC002990,2025-05-04,business,low,business,0
ACC002991,2023-06-03,student,low,current,0
ACC002992,2022-10-27,business,low,savings,0
ACC002993,2024-04-07,self_employed,medium,savings,0
ACC002994,2023-01-19,self_employed,low,current,0
ACC002995,2024-01-12,business,high,current,0
ACC002996,2022-06-29,student,low,business,0
ACC002997,2024-10-06,self_employed,low,current,0
ACC002998,2023-10-30,business,low,current,0
ACC002999,2022-05-27,salaried,low,business,0
ACC003000,2024-11-11,self_employed,low,business,0
ACC003001,2023-02-09,business,medium,current,0
ACC003002,2022-02-20,student,low,savings,0
ACC003003,2025-01-26,self_employed,medium,current,0
ACC003004,2024-04-19,self_employed,low,business,0
ACC003005,2023-09-10,retired,low,current,0
ACC003006,2025-05-08,business,low,current,0
ACC003007,2022-06-23,business,low,current,0
ACC003008,2022-07-05,self_employed,low,savings,0
ACC003009,2021-09-16,retired,low,savings,0
ACC003010,2023-07-08,self_employed,low,current,0
ACC003011,2025-10-03,business,low,current,0
ACC003012,2022-05-13,student,medium,current,0
ACC003013,2022-10-30,self_employed,low,savings,0
ACC003014,2023-08-16,student,low,current,0
ACC003015,2026-02-12,salaried,low,savings,0
ACC003016,2025-06-26,student,low,business,0
ACC003017,2021-10-11,business,medium,current,0
ACC003018,2021-10-08,salaried,high,savings,0
ACC003019,2024-08-15,self_employed,low,savings,0
ACC003020,2022-09-22,student,medium,current,0
ACC003021,2025-04-17,business,low,savings,1
ACC003022,2022-10-28,salaried,low,current,0
ACC003023,2025-10-06,salaried,low,business,0
ACC003024,2022-04-21,self_employed,low,savings,1
ACC003025,2023-08-25,student,medium,current,0
ACC003026,2024-12-16,retired,low,current,0
ACC003027,2022-06-17,self_employed,medium,business,0
ACC003028,2022-07-28,retired,medium,savings,0
ACC003029,2022-07-30,salaried,low,savings,0
ACC003030,2024-05-13,self_employed,low,current,0
ACC003031,2024-10-28,student,low,current,0
ACC003032,2024-03-30,self_employed,medium,business,0
ACC003033,2022-11-13,business,low,business,0
ACC003034,2024-12-15,student,medium,current,0
ACC003035,2022-10-31,self_employed,low,current,0
ACC003036,2022-11-30,self_employed,medium,business,0
ACC003037,2022-04-13,retired,low,savings,0
ACC003038,2026-03-19,retired,medium,business,0
ACC003039,2026-06-29,salaried,low,current,0
ACC003040,2021-10-09,business,low,business,0
ACC003041,2023-02-04,retired,low,business,0
ACC003042,2025-06-11,student,low,current,0
ACC003043,2024-09-08,retired,low,business,0
ACC003044,2023-07-06,retired,low,business,0
ACC003045,2022-12-27,salaried,low,savings,0
ACC003046,2025-03-15,retired,medium,current,0
ACC003047,2025-06-18,self_employed,low,current,0
ACC003048,2023-07-19,business,low,current,0
ACC003049,2022-06-09,student,low,savings,1
ACC003050,2022-07-22,salaried,low,business,0
ACC003051,2022-11-22,student,low,savings,0
ACC003052,2022-09-30,retired,low,current,0
ACC003053,2024-12-19,retired,low,current,0
ACC003054,2024-09-09,retired,low,current,0
ACC003055,2025-05-09,student,low,savings,0
ACC003056,2024-05-17,self_employed,low,current,0
ACC003057,2022-11-21,salaried,low,savings,0
ACC003058,2023-10-22,student,medium,business,0
ACC003059,2024-01-21,business,low,current,0
ACC003060,2022-06-01,self_employed,low,savings,0
ACC003061,2023-10-24,student,low,savings,0
ACC003062,2026-05-29,student,low,current,0
ACC003063,2024-02-15,student,low,business,0
ACC003064,2021-12-05,student,low,business,0
ACC003065,2024-04-07,self_employed,high,business,0
ACC003066,2023-06-13,business,medium,savings,0
ACC003067,2026-02-07,student,low,current,0
ACC003068,2026-01-13,retired,medium,business,0
ACC003069,2023-04-22,salaried,low,business,0
ACC003070,2025-01-12,self_employed,medium,savings,0
ACC003071,2024-03-19,self_employed,medium,savings,0
ACC003072,2022-03-01,retired,low,business,0
ACC003073,2023-09-26,business,medium,business,0
ACC003074,2025-11-28,retired,low,savings,0
ACC003075,2024-12-24,student,medium,current,0
ACC003076,2022-08-29,retired,low,current,0
ACC003077,2023-10-02,business,low,savings,0
ACC003078,2025-12-13,business,medium,current,1
ACC003079,2022-04-21,salaried,low,business,0
ACC003080,2026-03-12,student,low,current,0
ACC003081,2021-10-20,retired,low,current,0
ACC003082,2024-10-08,business,low,business,0
ACC003083,2024-05-23,salaried,low,savings,0
ACC003084,2022-10-28,self_employed,low,current,0
ACC003085,2024-12-27,business,low,business,0
ACC003086,2026-07-14,business,low,current,0
ACC003087,2025-04-12,retired,low,current,0
ACC003088,2024-10-22,salaried,low,savings,0
ACC003089,2026-05-07,retired,low,business,0
ACC003090,2023-03-03,retired,low,current,0
ACC003091,2025-09-15,salaried,low,business,0
ACC003092,2022-04-27,business,low,business,0
ACC003093,2021-11-03,business,low,savings,0
ACC003094,2026-09-11,self_employed,low,current,0
ACC003095,2022-04-10,student,low,current,0
ACC003096,2021-10-25,business,low,savings,0
ACC003097,2023-12-06,student,low,savings,0
ACC003098,2023-07-15,student,medium,current,0
ACC003099,2022-01-14,retired,low,savings,0
ACC003100,2022-03-19,self_employed,low,current,0
ACC003101,2025-01-31,salaried,low,savings,0
ACC003102,2026-01-03,self_employed,medium,current,0
ACC003103,2024-02-20,retired,medium,business,0
ACC003104,2025-12-17,retired,low,business,0
ACC003105,2025-03-26,student,low,business,0
ACC003106,2025-04-21,retired,low,savings,0
ACC003107,2025-02-13,self_employed,low,current,1
ACC003108,2022-05-27,business,medium,business,0
ACC003109,2026-04-07,student,medium,current,0
ACC003110,2026-04-10,retired,low,savings,0
ACC003111,2022-12-31,salaried,low,current,0
ACC003112,2024-01-23,student,medium,business,0
ACC003113,2022-05-30,student,low,savings,0
ACC003114,2024-05-02,retired,low,business,0
ACC003115,2022-05-16,retired,low,business,0
ACC003116,2026-01-18,self_employed,low,savings,0
ACC003117,2023-06-06,retired,low,savings,0
ACC003118,2023-01-08,self_employed,medium,savings,0
ACC003119,2026-04-06,student,medium,business,0
ACC003120,2024-06-24,student,low,savings,0
ACC003121,2025-01-08,self_employed,medium,current,0
ACC003122,2026-09-08,business,low,current,0
ACC003123,2022-04-06,salaried,medium,business,0
ACC003124,2024-05-03,student,low,savings,0
ACC003125,2025-06-03,student,low,savings,0
ACC003126,2023-09-24,retired,low,business,0
ACC003127,2022-03-11,retired,low,business,0
ACC003128,2023-10-12,retired,medium,current,0
ACC003129,2022-06-07,salaried,low,savings,0
ACC003130,2025-05-24,self_employed,low,business,0
ACC003131,2022-09-08,retired,low,savings,0
ACC003132,2025-07-22,salaried,low,savings,0
ACC003133,2022-03-02,retired,low,current,0
ACC003134,2024-04-30,self_employed,low,savings,0
ACC003135,2023-03-12,business,low,current,0
ACC003136,2022-09-19,salaried,low,current,0
ACC003137,2021-10-22,self_employed,low,savings,0
ACC003138,2022-11-13,student,low,current,0
ACC003139,2021-10-18,self_employed,low,savings,0
ACC003140,2023-02-04,business,low,business,0
ACC003141,2025-12-03,salaried,medium,business,0
ACC003142,2024-08-25,salaried,low,current,0
ACC003143,2026-02-23,retired,low,savings,0
ACC003144,2026-02-05,salaried,medium,savings,0
ACC003145,2023-11-27,self_employed,low,savings,0
ACC003146,2023-02-13,self_employed,low,current,0
ACC003147,2024-11-11,salaried,high,current,0
ACC003148,2022-10-12,self_employed,low,savings,0
ACC003149,2023-12-27,self_employed,high,savings,0
ACC003150,2022-09-14,self_employed,medium,savings,1
ACC003151,2021-12-13,retired,low,current,0
ACC003152,2024-07-19,student,low,savings,0
ACC003153,2025-05-08,business,low,business,0
ACC003154,2024-01-06,retired,medium,savings,0
ACC003155,2026-02-26,self_employed,low,current,0
ACC003156,2022-03-30,student,low,current,0
ACC003157,2023-12-08,student,low,savings,0
ACC003158,2026-08-09,retired,low,business,0
ACC003159,2022-05-10,student,low,current,0
ACC003160,2025-12-02,salaried,low,savings,0
ACC003161,2025-07-28,retired,low,business,1
ACC003162,2026-01-16,retired,high,savings,0
ACC003163,2024-10-05,business,medium,business,0
ACC003164,2022-03-04,self_employed,low,savings,0
ACC003165,2025-12-13,business,low,business,0
ACC003166,2026-07-10,retired,low,business,0
ACC003167,2023-02-13,self_employed,low,business,0
ACC003168,2024-10-29,student,high,business,0
ACC003169,2023-01-14,retired,low,savings,0
ACC003170,2023-11-14,business,medium,current,0
ACC003171,2022-07-29,retired,low,business,0
ACC003172,2026-08-01,self_employed,low,business,0
ACC003173,2022-09-06,salaried,low,business,0
ACC003174,2023-08-23,salaried,low,business,0
ACC003175,2026-01-10,retired,medium,business,0
ACC003176,2021-09-20,salaried,low,current,0
ACC003177,2022-01-27,retired,low,savings,0
ACC003178,2021-10-21,retired,low,savings,0
ACC003179,2023-10-12,self_employed,medium,business,0
ACC003180,2022-02-02,retired,medium,current,0
ACC003181,2025-09-17,self_employed,low,business,1
ACC003182,2024-10-17,salaried,low,current,0
ACC003183,2024-12-15,student,medium,savings,0
ACC003184,2022-12-23,student,low,savings,0
ACC003185,2023-03-23,business,low,business,0
ACC003186,2021-12-31,self_employed,medium,business,0
ACC003187,2026-05-27,self_employed,low,current,0
ACC003188,2025-04-07,business,low,current,0
ACC003189,2023-08-11,salaried,low,current,0
ACC003190,2024-06-08,salaried,high,savings,0
ACC003191,2023-10-24,self_employed,medium,savings,0
ACC003192,2025-03-29,salaried,low,business,0
ACC003193,2024-06-03,self_employed,low,savings,0
ACC003194,2024-01-03,retired,medium,current,0
ACC003195,2022-05-12,self_employed,medium,savings,0
ACC003196,2026-07-24,retired,low,savings,0
ACC003197,2024-11-14,student,low,current,0
ACC003198,2022-09-18,self_employed,low,current,0
ACC003199,2025-12-20,salaried,high,current,0
ACC003200,2022-02-23,retired,low,current,0
ACC003201,2023-03-24,retired,low,business,0
ACC003202,2023-08-07,retired,medium,current,0
ACC003203,2026-02-01,salaried,medium,current,0
ACC003204,2022-02-02,salaried,medium,current,0
ACC003205,2025-02-09,business,low,business,0
ACC003206,2022-04-15,self_employed,low,current,0
ACC003207,2025-08-27,student,low,current,0
ACC003208,2024-02-07,business,low,savings,0
ACC003209,2024-05-05,student,low,current,0
ACC003210,2024-06-25,self_employed,low,savings,0
ACC003211,2022-06-08,salaried,low,business,0
ACC003212,2026-05-28,student,low,current,0
ACC003213,2025-08-02,retired,high,current,0
ACC003214,2021-10-07,retired,low,business,0
ACC003215,2024-11-02,business,low,savings,0
ACC003216,2023-05-29,salaried,low,business,0
ACC003217,2024-03-06,self_employed,low,current,0
ACC003218,2026-06-30,student,medium,business,0
ACC003219,2024-04-14,student,low,current,0
ACC003220,2023-10-06,student,low,business,0
ACC003221,2025-08-24,retired,medium,business,0
ACC003222,2024-10-31,self_employed,low,savings,0
ACC003223,2025-11-23,student,low,business,0
ACC003224,2023-05-13,salaried,low,business,0
ACC003225,2026-05-08,self_employed,low,current,0
ACC003226,2023-10-14,self_employed,low,business,0
ACC003227,2022-12-24,business,high,savings,0
ACC003228,2021-10-02,salaried,low,savings,0
ACC003229,2025-03-09,retired,low,business,0
ACC003230,2021-11-26,salaried,low,savings,0
ACC003231,2023-09-06,retired,low,current,0
ACC003232,2026-04-22,student,low,business,0
ACC003233,2024-08-24,business,low,current,0
ACC003234,2021-10-12,business,low,current,0
ACC003235,2024-07-19,salaried,low,business,0
ACC003236,2021-09-17,student,medium,current,0
ACC003237,2024-11-25,self_employed,medium,current,0
ACC003238,2024-04-25,student,low,savings,1
ACC003239,2022-08-01,retired,low,savings,0
ACC003240,2023-06-12,retired,low,business,0
ACC003241,2026-03-17,student,medium,savings,0
ACC003242,2023-09-22,self_employed,low,business,0
ACC003243,2025-04-09,self_employed,low,savings,0
ACC003244,2025-11-19,business,medium,current,0
ACC003245,2022-03-18,business,medium,savings,0
ACC003246,2022-11-29,self_employed,low,savings,0
ACC003247,2024-01-30,self_employed,low,current,0
ACC003248,2022-06-29,retired,low,business,0
ACC003249,2022-01-27,salaried,medium,savings,0
ACC003250,2023-09-02,salaried,low,current,0
ACC003251,2026-02-13,salaried,low,current,0
ACC003252,2025-03-19,salaried,low,current,0
ACC003253,2024-11-13,retired,low,savings,0
ACC003254,2025-08-07,salaried,low,savings,0
ACC003255,2022-06-03,business,medium,savings,0
ACC003256,2026-08-22,salaried,low,savings,0
ACC003257,2022-07-06,retired,low,current,0
ACC003258,2025-12-31,retired,low,current,0
ACC003259,2022-11-01,business,low,current,0
ACC003260,2025-01-20,student,high,savings,0
ACC003261,2022-05-03,student,low,current,0
ACC003262,2026-07-13,business,low,current,0
ACC003263,2022-03-25,student,medium,savings,0
ACC003264,2025-05-26,retired,medium,current,0
ACC003265,2022-10-24,self_employed,low,savings,0
ACC003266,2023-09-18,business,low,business,0
ACC003267,2024-03-07,self_employed,low,business,0
ACC003268,2023-12-02,retired,low,business,0
ACC003269,2024-05-18,self_employed,low,business,0
ACC003270,2025-01-15,student,low,current,0
ACC003271,2024-06-22,salaried,high,business,0
ACC003272,2024-05-28,student,low,savings,0
ACC003273,2025-07-20,business,low,business,0
ACC003274,2024-01-05,business,medium,current,0
ACC003275,2023-09-08,retired,medium,current,0
ACC003276,2022-05-03,salaried,medium,current,0
ACC003277,2023-06-04,business,low,savings,0
ACC003278,2022-11-09,business,medium,business,0
ACC003279,2026-09-03,business,low,current,0
ACC003280,2022-08-17,salaried,low,business,0
ACC003281,2023-01-08,business,high,current,0
ACC003282,2022-08-07,self_employed,medium,savings,0
ACC003283,2023-02-05,retired,low,savings,0
ACC003284,2025-07-10,self_employed,low,business,0
ACC003285,2025-08-30,salaried,low,business,0
ACC003286,2024-05-15,salaried,low,current,0
ACC003287,2025-02-26,retired,medium,savings,0
ACC003288,2022-09-23,student,low,business,0
ACC003289,2026-04-05,salaried,low,business,0
ACC003290,2024-09-30,retired,low,business,0
ACC003291,2023-06-20,student,medium,business,0
ACC003292,2025-07-18,business,low,current,0
ACC003293,2024-04-27,retired,medium,business,0
ACC003294,2025-08-22,retired,low,business,0
ACC003295,2023-12-15,retired,medium,savings,0
ACC003296,2022-09-20,student,low,savings,0
ACC003297,2022-06-20,salaried,low,business,0
ACC003298,2023-01-15,business,medium,business,0
ACC003299,2024-04-15,salaried,low,savings,0
ACC003300,2022-01-16,student,high,business,0
ACC003301,2023-07-13,salaried,low,business,0
ACC003302,2024-06-27,business,low,current,0
ACC003303,2022-12-17,retired,low,current,0
ACC003304,2022-06-23,self_employed,low,business,0
ACC003305,2023-10-24,business,low,current,0
ACC003306,2024-09-22,salaried,low,current,0
ACC003307,2025-01-26,student,low,current,0
ACC003308,2026-01-25,self_employed,low,current,0
ACC003309,2022-02-12,self_employed,low,savings,0
ACC003310,2024-03-29,salaried,low,current,0
ACC003311,2023-11-30,business,high,savings,0
ACC003312,2023-03-07,student,high,business,0
ACC003313,2021-12-18,business,low,savings,0
ACC003314,2025-02-20,retired,low,current,0
ACC003315,2025-07-18,salaried,high,current,0
ACC003316,2026-06-06,self_employed,medium,savings,0
ACC003317,2026-05-19,self_employed,medium,savings,0
ACC003318,2023-10-29,self_employed,medium,business,0
ACC003319,2022-07-04,retired,low,business,0
ACC003320,2025-08-18,self_employed,high,business,0
ACC003321,2022-07-26,retired,low,business,1
ACC003322,2022-11-21,retired,high,current,0
ACC003323,2022-09-25,retired,low,business,0
ACC003324,2021-10-20,student,low,savings,0
ACC003325,2022-03-23,business,low,savings,0
ACC003326,2023-08-04,student,medium,business,0
ACC003327,2022-10-24,salaried,medium,business,0
ACC003328,2023-05-21,student,low,savings,0
ACC003329,2025-02-08,business,low,business,0
ACC003330,2024-11-12,retired,low,savings,0
ACC003331,2022-06-01,self_employed,low,business,0
ACC003332,2026-08-27,self_employed,medium,savings,0
ACC003333,2026-09-08,student,medium,business,0
ACC003334,2023-11-26,salaried,low,savings,0
ACC003335,2022-05-03,retired,high,current,0
ACC003336,2021-11-19,self_employed,medium,savings,0
ACC003337,2022-04-01,student,high,savings,0
ACC003338,2023-05-20,salaried,low,business,0
ACC003339,2025-06-21,student,low,savings,0
ACC003340,2022-10-18,retired,low,savings,1
ACC003341,2022-06-25,self_employed,low,current,0
ACC003342,2024-07-09,business,high,business,0
ACC003343,2022-09-28,retired,medium,business,0
ACC003344,2022-01-23,salaried,medium,business,0
ACC003345,2025-08-15,retired,low,business,0
ACC003346,2022-02-17,retired,low,savings,0
ACC003347,2023-02-16,salaried,low,current,0
ACC003348,2026-07-31,business,low,business,0
ACC003349,2025-05-20,business,high,current,0
ACC003350,2025-01-22,student,low,savings,0
ACC003351,2025-12-02,business,low,current,1
ACC003352,2021-12-13,retired,low,savings,0
ACC003353,2024-12-15,salaried,low,business,0
ACC003354,2025-04-30,business,low,business,0
ACC003355,2023-03-03,salaried,low,business,0
ACC003356,2024-09-16,business,low,business,0
ACC003357,2023-07-12,business,low,business,0
ACC003358,2023-04-17,salaried,medium,savings,0
ACC003359,2024-01-15,salaried,low,business,0
ACC003360,2024-01-30,self_employed,low,current,0
ACC003361,2025-06-29,student,low,savings,0
ACC003362,2022-12-18,business,low,savings,0
ACC003363,2021-12-29,salaried,low,savings,0
ACC003364,2023-10-16,salaried,high,business,0
ACC003365,2024-03-17,student,low,business,0
ACC003366,2025-12-11,self_employed,low,business,0
ACC003367,2025-03-16,salaried,low,savings,0
ACC003368,2026-05-20,business,medium,current,0
ACC003369,2025-10-10,business,low,business,0
ACC003370,2022-03-21,retired,low,business,0
ACC003371,2022-06-12,student,low,business,0
ACC003372,2024-01-30,self_employed,low,business,0
ACC003373,2024-12-15,salaried,low,savings,0
ACC003374,2022-11-13,self_employed,low,savings,0
ACC003375,2025-04-07,self_employed,low,savings,0
ACC003376,2023-05-25,business,low,savings,0
ACC003377,2026-03-04,business,low,business,0
ACC003378,2023-10-27,student,low,business,0
ACC003379,2026-04-29,self_employed,low,savings,0
ACC003380,2021-11-12,student,low,business,0
ACC003381,2024-12-14,self_employed,low,savings,0
ACC003382,2024-10-02,student,high,business,0
ACC003383,2025-10-12,self_employed,medium,business,0
ACC003384,2026-05-01,business,low,current,0
ACC003385,2025-10-27,self_employed,low,current,0
ACC003386,2024-08-16,retired,low,business,0
ACC003387,2026-07-06,self_employed,low,savings,0
ACC003388,2025-12-21,business,low,business,0
ACC003389,2024-06-08,retired,low,business,0
ACC003390,2025-01-01,salaried,low,current,0
ACC003391,2024-01-01,student,low,savings,0
ACC003392,2023-03-25,student,low,current,0
ACC003393,2021-12-02,self_employed,low,savings,0
ACC003394,2024-05-30,salaried,low,business,0
ACC003395,2023-07-25,student,low,current,0
ACC003396,2021-12-13,salaried,low,business,0
ACC003397,2024-02-02,business,medium,business,0
ACC003398,2022-03-14,student,low,savings,0
ACC003399,2025-09-17,self_employed,low,current,0
ACC003400,2026-03-15,self_employed,low,business,0
ACC003401,2024-09-27,business,low,current,0
ACC003402,2026-09-01,retired,low,current,0
ACC003403,2023-09-06,salaried,low,business,0
ACC003404,2023-01-21,self_employed,low,savings,0
ACC003405,2022-07-21,retired,low,current,0
ACC003406,2023-10-23,salaried,medium,business,0
ACC003407,2023-10-02,student,medium,savings,0
ACC003408,2023-12-20,business,low,current,0
ACC003409,2026-03-29,self_employed,low,current,0
ACC003410,2022-03-05,retired,low,current,0
ACC003411,2023-07-26,retired,low,business,0
ACC003412,2026-08-06,self_employed,low,savings,0
ACC003413,2025-01-01,student,low,current,0
ACC003414,2024-09-19,salaried,low,savings,0
ACC003415,2023-03-06,self_employed,medium,savings,0
ACC003416,2023-03-14,business,low,business,0
ACC003417,2023-09-17,student,low,current,0
ACC003418,2024-05-28,salaried,high,current,0
ACC003419,2024-10-01,business,medium,savings,0
ACC003420,2021-12-09,retired,low,business,0
ACC003421,2024-09-09,business,low,current,0
ACC003422,2026-07-12,salaried,low,business,0
ACC003423,2026-06-30,salaried,medium,business,0
ACC003424,2022-11-28,business,medium,savings,0
ACC003425,2026-06-28,business,low,savings,0
ACC003426,2023-04-20,business,low,savings,0
ACC003427,2025-11-20,business,medium,savings,0
ACC003428,2026-04-24,salaried,low,savings,0
ACC003429,2024-04-30,business,low,savings,0
ACC003430,2023-03-12,retired,low,savings,0
ACC003431,2025-11-14,student,high,current,0
ACC003432,2022-01-08,self_employed,medium,savings,0
ACC003433,2022-06-20,student,low,current,0
ACC003434,2022-03-06,student,low,business,0
ACC003435,2023-09-05,business,low,current,0
ACC003436,2023-07-24,business,medium,savings,0
ACC003437,2021-11-13,retired,medium,current,0
ACC003438,2026-03-06,salaried,low,business,0
ACC003439,2025-10-07,retired,low,current,0
ACC003440,2021-09-15,salaried,low,business,0
ACC003441,2024-07-09,self_employed,low,savings,0
ACC003442,2023-05-31,salaried,low,savings,0
ACC003443,2022-10-23,salaried,low,savings,0
ACC003444,2024-08-06,retired,low,current,0
ACC003445,2023-03-18,salaried,low,business,0
ACC003446,2024-06-14,student,low,current,0
ACC003447,2022-03-17,student,low,current,0
ACC003448,2021-11-20,self_employed,low,current,0
ACC003449,2022-12-15,salaried,high,business,0
ACC003450,2026-09-09,retired,low,current,0
ACC003451,2022-11-27,retired,low,business,0
ACC003452,2022-08-23,self_employed,low,current,0
ACC003453,2026-03-06,salaried,low,current,0
ACC003454,2024-10-20,student,medium,savings,0
ACC003455,2022-04-26,self_employed,medium,business,0
ACC003456,2024-11-16,student,low,current,1
ACC003457,2025-01-24,business,low,business,0
ACC003458,2026-09-07,self_employed,low,current,0
ACC003459,2022-07-23,business,medium,business,0
ACC003460,2024-07-24,retired,low,savings,0
ACC003461,2024-04-07,salaried,low,current,0
ACC003462,2024-06-11,business,low,business,0
ACC003463,2022-11-10,self_employed,low,current,0
ACC003464,2023-01-15,retired,high,business,0
ACC003465,2025-06-01,salaried,low,current,0
ACC003466,2025-11-04,student,low,current,0
ACC003467,2024-05-25,self_employed,low,business,0
ACC003468,2023-03-08,business,low,current,0
ACC003469,2026-06-25,salaried,medium,business,0
ACC003470,2024-09-25,self_employed,low,current,0
ACC003471,2023-08-07,self_employed,low,savings,0
ACC003472,2023-03-11,business,low,savings,0
ACC003473,2024-12-01,business,low,savings,0
ACC003474,2024-04-23,self_employed,low,current,0
ACC003475,2024-03-16,salaried,low,savings,0
ACC003476,2022-10-13,self_employed,low,business,0
ACC003477,2023-03-19,self_employed,low,savings,0
ACC003478,2021-09-18,retired,low,current,0
ACC003479,2026-07-28,self_employed,low,current,0
ACC003480,2025-01-11,retired,low,current,0
ACC003481,2026-07-12,salaried,low,current,0
ACC003482,2021-12-22,student,low,current,0
ACC003483,2023-04-01,retired,low,savings,0
ACC003484,2024-05-28,self_employed,low,savings,0
ACC003485,2023-07-31,student,low,current,0
ACC003486,2026-07-06,student,medium,savings,0
ACC003487,2022-08-02,retired,low,current,0
ACC003488,2025-12-02,student,low,savings,0
ACC003489,2022-11-23,salaried,low,business,0
ACC003490,2024-07-07,business,medium,savings,0
ACC003491,2022-05-12,student,low,current,0
ACC003492,2023-09-22,business,low,current,0
ACC003493,2024-08-25,self_employed,low,savings,0
ACC003494,2024-06-01,business,low,savings,0
ACC003495,2023-02-16,self_employed,low,business,0
ACC003496,2022-06-15,salaried,low,business,0
ACC003497,2024-07-22,self_employed,low,current,0
ACC003498,2025-07-01,salaried,low,business,0
ACC003499,2021-10-18,business,low,business,0
ACC003500,2023-12-15,retired,high,savings,0
ACC003501,2023-06-26,business,medium,savings,0
ACC003502,2023-10-28,self_employed,low,business,0
ACC003503,2022-04-11,student,medium,business,0
ACC003504,2024-09-05,student,medium,current,0
ACC003505,2023-11-19,salaried,medium,savings,0
ACC003506,2022-08-14,retired,low,business,0
ACC003507,2021-09-16,salaried,low,current,0
ACC003508,2022-02-09,self_employed,low,business,0
ACC003509,2024-12-25,salaried,medium,business,0
ACC003510,2025-06-05,self_employed,medium,current,0
ACC003511,2025-04-08,retired,low,business,0
ACC003512,2023-02-11,salaried,low,business,0
ACC003513,2025-03-22,retired,low,current,0
ACC003514,2025-11-22,retired,low,savings,0
ACC003515,2024-12-02,self_employed,low,business,0
ACC003516,2024-09-08,self_employed,low,savings,0
ACC003517,2026-05-06,business,low,business,0
ACC003518,2024-11-22,business,low,savings,0
ACC003519,2022-07-25,student,medium,business,0
ACC003520,2025-10-11,salaried,low,savings,0
ACC003521,2026-08-13,business,low,savings,0
ACC003522,2023-08-14,self_employed,medium,current,0
ACC003523,2023-01-31,self_employed,low,savings,0
ACC003524,2025-07-16,self_employed,high,savings,0
ACC003525,2022-04-30,business,low,business,0
ACC003526,2021-12-25,student,low,current,0
ACC003527,2024-03-17,student,low,business,0
ACC003528,2021-11-14,business,low,savings,0
ACC003529,2024-05-30,retired,medium,current,0
ACC003530,2023-12-03,student,high,business,0
ACC003531,2022-08-04,salaried,medium,savings,0
ACC003532,2022-05-01,student,low,savings,0
ACC003533,2024-08-09,business,low,business,0
ACC003534,2023-02-23,salaried,medium,business,0
ACC003535,2024-11-22,retired,medium,current,0
ACC003536,2023-01-25,business,low,current,0
ACC003537,2022-05-04,self_employed,low,savings,0
ACC003538,2026-05-09,business,low,current,0
ACC003539,2022-06-29,self_employed,low,business,0
ACC003540,2024-07-28,retired,low,current,0
ACC003541,2025-10-21,salaried,low,current,0
ACC003542,2021-12-18,self_employed,medium,savings,0
ACC003543,2025-05-15,self_employed,low,business,1
ACC003544,2023-02-07,self_employed,low,savings,0
ACC003545,2025-05-24,student,low,savings,0
ACC003546,2023-01-14,retired,low,savings,0
ACC003547,2022-02-26,salaried,low,current,0
ACC003548,2022-07-24,self_employed,low,business,0
ACC003549,2024-07-07,retired,low,business,0
ACC003550,2023-06-13,self_employed,medium,savings,0
ACC003551,2023-04-26,business,low,current,0
ACC003552,2025-03-07,salaried,low,savings,0
ACC003553,2026-05-31,salaried,low,savings,0
ACC003554,2026-04-18,student,low,business,0
ACC003555,2023-12-16,business,low,savings,0
ACC003556,2024-02-04,salaried,low,current,0
ACC003557,2024-03-24,salaried,low,current,1
ACC003558,2023-09-21,business,medium,savings,0
ACC003559,2022-07-08,student,low,savings,0
ACC003560,2022-02-14,self_employed,low,business,0
ACC003561,2025-01-15,student,low,savings,0
ACC003562,2026-07-25,salaried,medium,savings,0
ACC003563,2026-05-17,business,low,business,0
ACC003564,2025-11-16,retired,low,savings,0
ACC003565,2023-01-03,salaried,low,current,0
ACC003566,2022-03-01,self_employed,low,current,0
ACC003567,2024-10-08,self_employed,medium,business,0
ACC003568,2021-09-24,retired,low,business,0
ACC003569,2025-05-03,salaried,low,savings,0
ACC003570,2022-06-12,self_employed,low,current,0
ACC003571,2024-03-16,student,low,current,0
ACC003572,2025-10-14,salaried,low,savings,0
ACC003573,2023-05-26,salaried,low,savings,0
ACC003574,2022-07-11,retired,low,business,0
ACC003575,2021-12-01,self_employed,low,savings,0
ACC003576,2023-06-17,student,low,current,0
ACC003577,2023-02-25,student,medium,current,0
ACC003578,2024-03-07,retired,low,current,0
ACC003579,2022-05-25,salaried,medium,savings,0
ACC003580,2025-09-23,self_employed,low,current,1
ACC003581,2022-09-06,retired,medium,current,0
ACC003582,2024-04-28,salaried,low,current,0
ACC003583,2025-01-29,student,low,current,0
ACC003584,2025-09-15,self_employed,low,current,0
ACC003585,2025-11-10,student,low,current,1
ACC003586,2023-12-15,retired,low,current,0
ACC003587,2022-06-23,business,medium,current,0
ACC003588,2026-04-30,self_employed,medium,business,0
ACC003589,2024-12-30,self_employed,low,business,0
ACC003590,2023-04-10,retired,low,current,0
ACC003591,2024-11-08,business,low,savings,0
ACC003592,2024-12-11,retired,low,business,0
ACC003593,2024-11-03,retired,low,business,0
ACC003594,2023-04-15,self_employed,medium,savings,0
ACC003595,2025-06-28,student,low,savings,0
ACC003596,2022-01-29,student,low,savings,0
ACC003597,2023-12-10,salaried,low,current,0
ACC003598,2025-06-10,student,medium,savings,0
ACC003599,2025-08-27,student,low,business,1
ACC003600,2023-12-10,retired,low,savings,0
ACC003601,2023-08-16,salaried,medium,savings,1
ACC003602,2023-12-26,self_employed,low,savings,0
ACC003603,2026-07-02,retired,low,business,0
ACC003604,2022-03-23,salaried,low,savings,0
ACC003605,2022-12-26,retired,medium,savings,0
ACC003606,2022-07-10,salaried,low,savings,0
ACC003607,2022-06-06,salaried,low,savings,0
ACC003608,2024-08-16,business,medium,current,0
ACC003609,2026-04-22,self_employed,medium,current,0
ACC003610,2025-03-22,self_employed,medium,business,0
ACC003611,2023-08-20,student,low,business,0
ACC003612,2026-05-29,student,low,business,0
ACC003613,2022-03-21,salaried,low,savings,0
ACC003614,2024-12-28,salaried,medium,savings,0
ACC003615,2026-02-22,business,medium,business,0
ACC003616,2025-04-05,self_employed,low,current,0
ACC003617,2026-04-03,retired,low,current,0
ACC003618,2025-09-27,business,low,business,0
ACC003619,2026-07-28,self_employed,low,savings,0
ACC003620,2023-09-15,student,high,business,0
ACC003621,2025-10-01,retired,high,savings,0
ACC003622,2024-03-29,self_employed,low,savings,0
ACC003623,2022-05-16,self_employed,low,business,0
ACC003624,2025-01-21,business,low,savings,0
ACC003625,2021-12-29,retired,low,business,0
ACC003626,2025-12-20,retired,medium,savings,0
ACC003627,2026-07-23,salaried,medium,business,0
ACC003628,2026-02-04,retired,low,savings,0
ACC003629,2026-07-24,salaried,low,business,0
ACC003630,2022-12-15,student,low,current,0
ACC003631,2022-09-21,self_employed,low,savings,0
ACC003632,2025-07-09,self_employed,low,current,0
ACC003633,2023-03-04,self_employed,low,business,0
ACC003634,2023-02-14,salaried,low,savings,0
ACC003635,2023-07-03,business,low,business,0
ACC003636,2023-05-04,retired,low,current,0
ACC003637,2022-10-10,salaried,medium,savings,0
ACC003638,2022-01-23,student,medium,current,0
ACC003639,2025-04-20,business,low,current,0
ACC003640,2022-05-14,student,high,business,0
ACC003641,2025-05-27,salaried,low,business,0
ACC003642,2023-06-02,business,low,savings,0
ACC003643,2022-12-16,salaried,low,current,0
ACC003644,2023-11-23,retired,low,savings,0
ACC003645,2024-06-02,student,low,business,0
ACC003646,2022-04-09,retired,low,business,0
ACC003647,2022-06-10,salaried,high,savings,0
ACC003648,2024-12-31,self_employed,medium,business,0
ACC003649,2026-06-07,self_employed,medium,savings,0
ACC003650,2025-01-29,business,low,business,0
ACC003651,2026-05-25,business,low,current,0
ACC003652,2024-06-22,retired,medium,current,0
ACC003653,2024-01-19,student,low,current,0
ACC003654,2026-02-13,salaried,medium,business,0
ACC003655,2025-08-06,retired,low,business,0
ACC003656,2021-10-21,business,low,savings,0
ACC003657,2026-09-12,business,low,current,0
ACC003658,2026-02-22,salaried,medium,savings,0
ACC003659,2025-04-08,student,low,savings,0
ACC003660,2022-08-28,retired,low,current,0
ACC003661,2025-03-23,self_employed,medium,savings,0
ACC003662,2022-12-21,salaried,low,current,0
ACC003663,2022-12-17,student,low,savings,0
ACC003664,2026-07-09,retired,low,current,0
ACC003665,2026-09-13,student,medium,current,0
ACC003666,2026-08-28,self_employed,medium,business,0
ACC003667,2022-07-21,retired,low,current,0
ACC003668,2022-08-07,retired,low,business,0
ACC003669,2026-06-27,self_employed,low,business,0
ACC003670,2022-07-23,business,high,current,0
ACC003671,2024-02-18,salaried,low,business,0
ACC003672,2026-04-04,retired,low,business,0
ACC003673,2024-08-16,salaried,low,business,0
ACC003674,2025-03-12,salaried,medium,savings,0
ACC003675,2023-12-12,business,low,savings,0
ACC003676,2024-12-16,student,low,business,0
ACC003677,2025-10-30,retired,medium,savings,0
ACC003678,2026-07-26,retired,medium,business,0
ACC003679,2025-09-21,salaried,low,current,0
ACC003680,2022-01-07,business,medium,current,0
ACC003681,2023-03-02,salaried,low,business,0
ACC003682,2024-01-16,salaried,medium,current,1
ACC003683,2025-02-15,retired,low,current,0
ACC003684,2022-12-03,salaried,low,business,0
ACC003685,2025-02-12,retired,low,business,0
ACC003686,2022-01-11,retired,low,current,0
ACC003687,2025-01-24,salaried,low,current,0
ACC003688,2024-07-08,self_employed,low,current,0
ACC003689,2023-09-21,business,low,business,0
ACC003690,2022-02-13,retired,low,current,0
ACC003691,2025-09-28,retired,high,savings,0
ACC003692,2023-12-26,salaried,low,savings,0
ACC003693,2024-11-13,retired,low,business,0
ACC003694,2021-11-14,self_employed,low,savings,0
ACC003695,2024-07-28,student,low,current,0
ACC003696,2024-04-11,retired,medium,business,0
ACC003697,2024-05-06,self_employed,low,current,0
ACC003698,2024-02-01,self_employed,medium,savings,1
ACC003699,2025-11-18,retired,low,current,0
ACC003700,2022-07-15,self_employed,low,current,0
ACC003701,2023-08-22,retired,low,business,0
ACC003702,2022-11-04,self_employed,high,current,0
ACC003703,2024-04-03,student,medium,business,0
ACC003704,2025-06-20,retired,medium,business,0
ACC003705,2024-06-05,business,low,business,0
ACC003706,2023-12-29,business,low,current,0
ACC003707,2025-03-30,student,low,current,0
ACC003708,2022-06-17,self_employed,low,current,0
ACC003709,2023-04-19,salaried,medium,business,0
ACC003710,2025-06-16,retired,low,business,0
ACC003711,2023-07-01,salaried,high,savings,0
ACC003712,2025-03-01,retired,low,business,0
ACC003713,2025-10-27,salaried,low,business,0
ACC003714,2026-02-03,self_employed,low,business,0
ACC003715,2024-11-17,self_employed,low,savings,0
ACC003716,2022-03-06,student,low,savings,0
ACC003717,2026-01-30,business,high,current,0
ACC003718,2023-01-19,student,low,current,0
ACC003719,2022-04-04,business,medium,savings,0
ACC003720,2024-05-06,retired,low,current,0
ACC003721,2026-01-04,retired,low,current,0
ACC003722,2025-02-17,business,low,current,0
ACC003723,2022-11-08,salaried,medium,current,0
ACC003724,2026-02-27,retired,low,business,0
ACC003725,2026-07-15,business,low,current,0
ACC003726,2021-12-11,retired,low,business,0
ACC003727,2023-03-06,retired,low,business,0
ACC003728,2023-05-04,business,medium,savings,0
ACC003729,2023-05-29,salaried,medium,savings,0
ACC003730,2022-03-11,salaried,low,business,0
ACC003731,2023-10-28,retired,low,business,0
ACC003732,2021-12-24,business,medium,savings,0
ACC003733,2025-08-01,retired,low,savings,0
ACC003734,2022-02-17,student,medium,savings,0
ACC003735,2024-10-06,self_employed,medium,business,0
ACC003736,2023-05-24,retired,low,current,0
ACC003737,2024-01-12,salaried,low,current,0
ACC003738,2024-10-31,retired,medium,business,0
ACC003739,2025-08-25,retired,low,current,0
ACC003740,2025-12-30,self_employed,low,current,0
ACC003741,2025-01-28,student,low,current,0
ACC003742,2022-10-02,self_employed,low,current,0
ACC003743,2021-12-16,salaried,low,savings,0
ACC003744,2023-10-04,student,medium,business,0
ACC003745,2024-11-13,business,low,savings,0
ACC003746,2025-11-09,business,high,savings,0
ACC003747,2025-06-29,business,high,savings,0
ACC003748,2023-03-18,business,low,savings,0
ACC003749,2025-09-26,business,low,business,0
ACC003750,2026-09-10,retired,high,savings,0
ACC003751,2026-05-22,retired,medium,business,0
ACC003752,2024-09-03,self_employed,low,savings,1
ACC003753,2024-08-17,self_employed,low,business,0
ACC003754,2023-02-03,business,medium,business,0
ACC003755,2023-11-25,student,medium,savings,0
ACC003756,2022-06-20,student,low,savings,0
ACC003757,2024-02-15,salaried,low,business,0
ACC003758,2021-12-07,business,low,business,0
ACC003759,2024-12-27,business,medium,savings,0
ACC003760,2022-02-14,business,low,business,0
ACC003761,2023-02-01,self_employed,high,business,0
ACC003762,2026-07-26,student,low,business,0
ACC003763,2023-07-10,self_employed,low,business,0
ACC003764,2023-08-01,self_employed,medium,current,0
ACC003765,2023-08-13,student,low,current,0
ACC003766,2023-06-17,salaried,medium,business,0
ACC003767,2023-12-28,salaried,low,business,0
ACC003768,2025-03-08,salaried,low,business,0
ACC003769,2026-01-24,salaried,low,current,0
ACC003770,2021-11-14,student,medium,savings,0
ACC003771,2021-10-10,salaried,low,current,0
ACC003772,2025-09-24,self_employed,low,current,0
ACC003773,2022-10-29,salaried,low,current,1
ACC003774,2023-03-05,salaried,low,current,0
ACC003775,2021-10-09,retired,medium,business,0
ACC003776,2023-08-09,retired,medium,savings,0
ACC003777,2023-11-06,student,low,savings,0
ACC003778,2024-04-19,business,low,savings,0
ACC003779,2024-01-16,salaried,high,current,0
ACC003780,2025-04-21,retired,high,business,0
ACC003781,2024-11-25,business,low,business,0
ACC003782,2024-08-31,student,medium,savings,0
ACC003783,2025-08-09,business,low,savings,0
ACC003784,2023-11-04,business,low,savings,0
ACC003785,2023-07-22,self_employed,medium,savings,0
ACC003786,2025-09-01,self_employed,low,savings,0
ACC003787,2024-04-08,self_employed,low,business,0
ACC003788,2026-02-16,self_employed,low,current,0
ACC003789,2025-01-28,self_employed,high,current,0
ACC003790,2026-09-02,business,low,current,0
ACC003791,2022-07-27,retired,low,current,0
ACC003792,2021-10-05,self_employed,low,savings,0
ACC003793,2026-01-19,student,high,savings,0
ACC003794,2024-11-18,business,medium,business,0
ACC003795,2026-06-23,student,low,savings,0
ACC003796,2024-02-08,retired,low,current,0
ACC003797,2024-03-28,retired,low,current,0
ACC003798,2022-08-14,student,low,business,0
ACC003799,2025-10-18,retired,low,business,0
ACC003800,2022-03-30,student,low,business,0
ACC003801,2024-07-23,salaried,low,savings,0
ACC003802,2024-01-20,business,low,current,0
ACC003803,2024-06-19,student,low,business,0
ACC003804,2024-01-21,business,low,savings,0
ACC003805,2023-12-03,salaried,low,current,0
ACC003806,2024-03-29,retired,medium,current,0
ACC003807,2023-04-21,self_employed,low,business,0
ACC003808,2022-12-22,student,low,current,0
ACC003809,2026-02-06,salaried,low,business,0
ACC003810,2023-09-29,salaried,medium,savings,0
ACC003811,2022-03-08,retired,low,current,0
ACC003812,2025-02-19,self_employed,low,current,0
ACC003813,2024-06-01,student,low,business,0
ACC003814,2022-11-21,self_employed,low,current,0
ACC003815,2021-12-01,business,medium,business,0
ACC003816,2025-12-06,salaried,low,business,0
ACC003817,2024-03-19,retired,low,current,0
ACC003818,2023-11-28,student,medium,savings,0
ACC003819,2025-04-05,self_employed,low,current,0
ACC003820,2025-02-21,retired,low,current,0
ACC003821,2025-01-01,retired,low,current,1
ACC003822,2021-12-31,self_employed,low,business,0
ACC003823,2026-08-29,retired,low,savings,0
ACC003824,2026-07-26,student,low,business,0
ACC003825,2023-04-26,salaried,medium,current,0
ACC003826,2024-08-14,self_employed,medium,current,0
ACC003827,2023-08-04,salaried,medium,business,0
ACC003828,2026-04-01,salaried,low,savings,0
ACC003829,2025-09-30,salaried,low,current,0
ACC003830,2024-09-30,student,low,current,0
ACC003831,2026-01-06,retired,low,current,0
ACC003832,2024-04-02,retired,low,current,0
ACC003833,2023-02-23,student,low,current,0
ACC003834,2026-06-13,retired,medium,savings,0
ACC003835,2023-03-29,student,medium,savings,0
ACC003836,2024-03-13,salaried,low,savings,0
ACC003837,2022-07-13,self_employed,low,current,0
ACC003838,2025-09-14,retired,low,savings,0
ACC003839,2022-10-15,self_employed,medium,current,0
ACC003840,2023-11-25,business,high,business,0
ACC003841,2026-06-15,salaried,low,savings,0
ACC003842,2023-04-04,salaried,low,current,0
ACC003843,2024-07-21,salaried,low,business,0
ACC003844,2022-06-17,business,medium,current,0
ACC003845,2023-08-04,student,low,savings,0
ACC003846,2024-09-20,business,low,savings,0
ACC003847,2023-08-07,student,medium,business,0
ACC003848,2024-04-24,retired,low,business,0
ACC003849,2025-04-11,salaried,low,savings,1
ACC003850,2024-07-08,business,low,current,0
ACC003851,2024-11-10,student,low,business,0
ACC003852,2023-12-01,retired,low,current,0
ACC003853,2026-09-06,student,medium,current,0
ACC003854,2024-03-14,business,medium,savings,0
ACC003855,2025-08-23,self_employed,low,savings,0
ACC003856,2022-09-13,retired,low,savings,0
ACC003857,2025-09-13,self_employed,low,current,0
ACC003858,2022-02-26,self_employed,low,current,0
ACC003859,2026-08-31,self_employed,medium,business,0
ACC003860,2026-08-20,business,medium,current,0
ACC003861,2022-04-22,retired,low,business,0
ACC003862,2025-09-19,salaried,medium,savings,1
ACC003863,2023-05-10,student,low,current,0
ACC003864,2025-12-15,business,low,current,0
ACC003865,2022-09-20,self_employed,low,current,0
ACC003866,2024-12-11,self_employed,low,business,0
ACC003867,2026-03-17,salaried,low,savings,0
ACC003868,2024-03-27,salaried,low,current,0
ACC003869,2025-03-19,self_employed,low,current,0
ACC003870,2022-02-27,business,low,current,0
ACC003871,2022-12-25,salaried,medium,savings,0
ACC003872,2022-11-13,student,low,savings,0
ACC003873,2023-05-28,retired,low,business,0
ACC003874,2024-08-12,student,low,current,0
ACC003875,2025-03-07,student,low,business,0
ACC003876,2026-07-18,retired,medium,current,0
ACC003877,2025-08-04,self_employed,low,current,0
ACC003878,2022-12-01,self_employed,low,business,0
ACC003879,2024-05-22,business,low,current,0
ACC003880,2023-03-27,salaried,low,business,0
ACC003881,2022-05-22,self_employed,high,savings,0
ACC003882,2025-11-05,salaried,low,savings,0
ACC003883,2024-07-12,business,low,savings,0
ACC003884,2023-03-16,business,low,savings,0
ACC003885,2024-05-13,business,low,current,0
ACC003886,2022-03-12,retired,low,savings,0
ACC003887,2021-09-27,student,low,savings,0
ACC003888,2025-07-18,self_employed,low,current,0
ACC003889,2024-01-10,business,low,savings,0
ACC003890,2023-06-25,salaried,low,business,0
ACC003891,2023-02-18,business,low,current,0
ACC003892,2026-08-08,self_employed,low,business,0
ACC003893,2023-01-18,salaried,low,current,0
ACC003894,2025-11-12,retired,low,savings,0
ACC003895,2022-06-13,retired,low,savings,0
ACC003896,2022-10-20,self_employed,high,savings,0
ACC003897,2025-05-22,self_employed,low,savings,0
ACC003898,2025-05-09,business,low,current,0
ACC003899,2025-02-17,business,low,savings,1
ACC003900,2025-05-07,retired,low,savings,0
ACC003901,2025-10-05,business,low,current,0
ACC003902,2024-12-16,self_employed,low,savings,0
ACC003903,2021-09-27,self_employed,medium,savings,0
ACC003904,2022-01-08,student,medium,current,0
ACC003905,2026-03-29,retired,low,current,0
ACC003906,2023-05-25,business,low,current,1
ACC003907,2024-11-15,student,low,savings,0
ACC003908,2021-10-26,student,low,current,0
ACC003909,2024-06-10,business,medium,business,0
ACC003910,2026-03-20,retired,low,business,0
ACC003911,2023-04-28,business,medium,savings,0
ACC003912,2021-11-07,self_employed,high,savings,0
ACC003913,2021-09-25,self_employed,low,savings,0
ACC003914,2023-10-26,self_employed,low,business,0
ACC003915,2023-08-16,retired,low,business,0
ACC003916,2024-08-17,salaried,low,current,0
ACC003917,2024-05-09,salaried,high,business,0
ACC003918,2022-10-18,business,medium,current,0
ACC003919,2022-07-29,business,low,business,0
ACC003920,2024-12-17,student,medium,current,0
ACC003921,2025-12-24,business,low,current,0
ACC003922,2024-04-21,student,low,business,0
ACC003923,2023-02-13,business,medium,business,0
ACC003924,2022-04-03,salaried,low,current,0
ACC003925,2022-02-02,business,high,current,0
ACC003926,2024-03-27,student,low,savings,0
ACC003927,2024-03-04,retired,medium,savings,0
ACC003928,2025-07-30,retired,low,business,0
ACC003929,2026-02-15,student,low,business,0
ACC003930,2026-02-27,self_employed,low,current,0
ACC003931,2024-07-28,salaried,medium,savings,0
ACC003932,2025-05-22,retired,low,current,0
ACC003933,2022-11-02,business,low,current,0
ACC003934,2024-08-12,student,low,current,0
ACC003935,2025-11-13,salaried,low,savings,0
ACC003936,2024-10-03,student,medium,business,0
ACC003937,2023-04-21,business,low,savings,0
ACC003938,2023-02-07,student,low,business,0
ACC003939,2025-02-17,self_employed,low,savings,0
ACC003940,2021-11-11,student,low,current,0
ACC003941,2023-08-23,student,low,business,0
ACC003942,2023-08-10,retired,low,savings,0
ACC003943,2022-10-25,student,medium,business,0
ACC003944,2023-07-01,student,low,current,0
ACC003945,2021-11-20,student,medium,savings,0
ACC003946,2025-12-28,self_employed,low,current,0
ACC003947,2023-02-20,business,low,current,0
ACC003948,2022-09-30,salaried,low,business,0
ACC003949,2024-10-25,retired,low,current,0
ACC003950,2022-01-07,retired,low,business,0
ACC003951,2024-11-21,retired,low,business,0
ACC003952,2023-11-16,student,low,current,0
ACC003953,2026-04-01,retired,low,current,0
ACC003954,2022-02-10,retired,low,business,0
ACC003955,2022-02-09,salaried,high,current,0
ACC003956,2022-08-14,salaried,medium,business,0
ACC003957,2021-11-13,student,medium,business,0
ACC003958,2022-02-09,business,low,business,0
ACC003959,2022-09-07,business,medium,current,0
ACC003960,2025-03-30,salaried,medium,current,0
ACC003961,2025-06-24,self_employed,low,savings,0
ACC003962,2024-12-07,retired,medium,business,0
ACC003963,2022-10-01,retired,medium,savings,0
ACC003964,2026-05-10,salaried,low,business,0
ACC003965,2023-11-07,salaried,low,savings,0
ACC003966,2025-09-25,student,low,business,0
ACC003967,2023-01-01,student,medium,savings,0
ACC003968,2023-06-13,business,low,business,1
ACC003969,2021-10-11,salaried,medium,business,0
ACC003970,2024-04-05,self_employed,low,current,0
ACC003971,2025-04-12,self_employed,low,business,0
ACC003972,2022-07-23,self_employed,low,current,0
ACC003973,2026-02-15,salaried,medium,business,0
ACC003974,2023-12-30,self_employed,low,savings,0
ACC003975,2022-11-13,self_employed,low,savings,0
ACC003976,2025-04-06,business,low,savings,0
ACC003977,2022-08-04,salaried,low,business,0
ACC003978,2026-01-19,retired,low,savings,0
ACC003979,2022-09-13,student,low,savings,0
ACC003980,2024-02-08,self_employed,medium,business,0
ACC003981,2022-09-02,student,medium,business,0
ACC003982,2022-08-09,retired,medium,business,0
ACC003983,2025-12-07,salaried,low,business,0
ACC003984,2023-05-23,salaried,low,business,0
ACC003985,2023-05-26,self_employed,low,business,0
ACC003986,2023-12-09,business,low,current,0
ACC003987,2026-02-24,student,low,savings,0
ACC003988,2023-06-01,business,low,business,0
ACC003989,2024-09-29,student,low,business,0
ACC003990,2025-03-09,salaried,low,current,0
ACC003991,2024-03-18,self_employed,low,current,0
ACC003992,2023-01-24,salaried,low,savings,0
ACC003993,2022-01-13,business,low,business,0
ACC003994,2026-05-13,business,low,current,0
ACC003995,2025-12-03,self_employed,low,business,0
ACC003996,2023-06-20,retired,low,savings,0
ACC003997,2025-10-15,student,low,business,0
ACC003998,2024-07-06,self_employed,low,business,0
ACC003999,2023-09-11,business,low,savings,0
ACC004000,2021-09-21,self_employed,low,current,0
ACC004001,2021-10-22,business,low,business,0
ACC004002,2022-06-16,self_employed,low,business,0
ACC004003,2022-08-22,student,medium,savings,0
ACC004004,2026-08-01,retired,low,current,0
ACC004005,2025-11-26,business,low,business,0
ACC004006,2022-12-20,business,medium,business,0
ACC004007,2022-06-19,student,low,current,0
ACC004008,2026-01-19,business,high,current,0
ACC004009,2022-05-04,business,low,current,0
ACC004010,2022-07-24,salaried,low,business,0
ACC004011,2023-11-17,self_employed,low,business,0
ACC004012,2023-09-01,salaried,low,business,0
ACC004013,2025-08-02,retired,low,savings,0
ACC004014,2024-03-20,self_employed,low,savings,0
ACC004015,2023-12-12,retired,medium,current,0
ACC004016,2025-08-25,salaried,low,current,0
ACC004017,2022-02-15,salaried,low,business,0
ACC004018,2022-07-20,salaried,low,current,0
ACC004019,2023-03-09,business,low,savings,0
ACC004020,2022-01-13,self_employed,low,business,0
ACC004021,2024-03-03,retired,low,business,0
ACC004022,2024-10-06,business,low,savings,0
ACC004023,2024-05-11,student,low,business,0
ACC004024,2025-04-28,student,low,business,0
ACC004025,2022-09-08,self_employed,low,business,0
ACC004026,2022-07-05,self_employed,low,savings,0
ACC004027,2022-02-02,salaried,low,savings,0
ACC004028,2021-10-13,salaried,low,current,0
ACC004029,2022-11-16,business,low,savings,0
ACC004030,2023-02-24,student,low,business,0
ACC004031,2024-06-30,business,low,savings,0
ACC004032,2024-09-27,business,medium,business,0
ACC004033,2025-06-03,student,low,business,0
ACC004034,2023-12-25,self_employed,medium,current,0
ACC004035,2022-06-28,retired,low,savings,0
ACC004036,2024-11-13,business,low,business,0
ACC004037,2024-08-12,student,low,current,0
ACC004038,2023-04-04,self_employed,low,business,0
ACC004039,2022-09-01,student,low,current,0
ACC004040,2025-02-09,student,low,current,0
ACC004041,2025-02-07,salaried,medium,savings,0
ACC004042,2025-08-01,student,low,business,0
ACC004043,2024-01-05,self_employed,medium,business,0
ACC004044,2024-12-24,business,low,business,0
ACC004045,2025-10-07,salaried,low,savings,0
ACC004046,2025-04-15,business,low,current,0
ACC004047,2023-02-13,salaried,low,current,0
ACC004048,2022-08-30,student,low,savings,0
ACC004049,2022-10-29,self_employed,low,business,0
ACC004050,2022-03-14,student,medium,business,0
ACC004051,2023-01-21,salaried,low,savings,0
ACC004052,2022-08-01,business,medium,business,0
ACC004053,2025-03-28,salaried,low,savings,0
ACC004054,2025-10-21,retired,low,business,0
ACC004055,2026-07-16,salaried,medium,current,0
ACC004056,2025-06-05,self_employed,low,savings,0
ACC004057,2023-03-30,salaried,low,business,0
ACC004058,2024-12-05,self_employed,low,current,0
ACC004059,2024-10-01,retired,low,savings,0
ACC004060,2021-12-11,salaried,medium,savings,0
ACC004061,2022-10-23,self_employed,low,current,0
ACC004062,2025-10-22,salaried,low,savings,1
ACC004063,2025-11-07,retired,medium,business,0
ACC004064,2022-08-29,self_employed,low,current,0
ACC004065,2025-03-13,business,low,current,0
ACC004066,2025-06-13,salaried,medium,current,1
ACC004067,2022-02-02,student,low,current,0
ACC004068,2022-03-28,salaried,low,savings,0
ACC004069,2023-12-04,business,low,current,0
ACC004070,2024-05-16,business,low,savings,0
ACC004071,2021-10-21,self_employed,medium,savings,0
ACC004072,2026-03-01,salaried,low,savings,0
ACC004073,2026-08-09,student,low,current,0
ACC004074,2026-07-04,business,low,savings,0
ACC004075,2023-08-09,student,low,current,0
ACC004076,2024-07-30,retired,low,business,0
ACC004077,2026-02-11,salaried,low,business,0
ACC004078,2026-02-24,self_employed,low,business,0
ACC004079,2022-07-05,student,medium,savings,0
ACC004080,2025-05-19,retired,medium,current,0
ACC004081,2023-10-25,business,low,business,0
ACC004082,2025-10-19,self_employed,low,current,0
ACC004083,2024-08-22,student,low,business,0
ACC004084,2024-12-21,salaried,low,current,0
ACC004085,2022-12-18,business,low,savings,0
ACC004086,2026-06-13,self_employed,medium,business,0
ACC004087,2022-03-01,self_employed,low,business,0
ACC004088,2021-10-19,self_employed,low,business,0
ACC004089,2023-01-13,self_employed,low,savings,0
ACC004090,2025-12-31,retired,low,current,0
ACC004091,2025-09-10,salaried,low,savings,0
ACC004092,2025-12-01,student,low,current,0
ACC004093,2023-02-08,student,medium,savings,0
ACC004094,2022-05-03,salaried,low,business,0
ACC004095,2025-11-18,retired,low,current,0
ACC004096,2024-06-05,retired,low,savings,0
ACC004097,2023-10-01,self_employed,low,business,0
ACC004098,2024-07-07,retired,low,business,0
ACC004099,2024-01-25,student,low,current,0
ACC004100,2022-02-16,salaried,medium,current,0
ACC004101,2026-01-04,student,medium,business,0
ACC004102,2023-08-05,self_employed,medium,current,0
ACC004103,2026-05-20,business,low,current,0
ACC004104,2024-12-02,salaried,medium,business,0
ACC004105,2025-02-16,retired,high,business,0
ACC004106,2023-09-13,student,medium,business,0
ACC004107,2022-05-15,retired,low,business,0
ACC004108,2025-08-09,business,medium,current,0
ACC004109,2025-06-24,self_employed,high,current,0
ACC004110,2026-07-29,self_employed,low,savings,0
ACC004111,2025-07-06,student,medium,current,0
ACC004112,2022-06-13,salaried,high,business,0
ACC004113,2025-12-09,student,low,current,0
ACC004114,2025-07-02,salaried,low,current,0
ACC004115,2024-05-21,student,low,business,0
ACC004116,2022-09-16,business,low,current,0
ACC004117,2025-12-06,business,low,current,0
ACC004118,2021-11-07,self_employed,low,savings,0
ACC004119,2022-07-28,retired,low,savings,0
ACC004120,2025-02-17,student,low,business,0
ACC004121,2025-03-17,self_employed,low,business,1
ACC004122,2022-01-02,salaried,low,business,0
ACC004123,2026-06-09,business,low,savings,0
ACC004124,2026-05-15,retired,low,current,0
ACC004125,2021-09-13,student,medium,savings,0
ACC004126,2022-06-22,self_employed,low,savings,0
ACC004127,2024-04-16,business,low,savings,0
ACC004128,2026-01-09,salaried,low,savings,0
ACC004129,2026-06-26,business,medium,business,0
ACC004130,2023-06-17,student,low,business,0
ACC004131,2025-07-31,self_employed,low,business,0
ACC004132,2024-08-06,student,high,savings,0
ACC004133,2024-10-15,student,low,savings,0
ACC004134,2022-02-28,business,low,savings,0
ACC004135,2023-08-06,salaried,low,savings,0
ACC004136,2025-07-25,business,low,savings,0
ACC004137,2024-07-10,student,low,business,0
ACC004138,2026-06-19,retired,low,current,0
ACC004139,2025-09-21,student,low,current,0
ACC004140,2024-10-15,business,medium,current,0
ACC004141,2025-07-19,retired,medium,current,0
ACC004142,2022-09-02,retired,medium,current,0
ACC004143,2022-07-12,business,low,current,0
ACC004144,2023-08-02,salaried,low,savings,0
ACC004145,2021-09-19,business,low,business,0
ACC004146,2024-08-08,self_employed,medium,business,0
ACC004147,2024-09-20,business,medium,business,0
ACC004148,2024-03-08,student,medium,current,0
ACC004149,2026-05-11,business,low,business,0
ACC004150,2026-02-20,self_employed,low,business,0
ACC004151,2024-11-17,salaried,high,savings,0
ACC004152,2022-08-09,business,low,business,0
ACC004153,2022-02-02,business,medium,business,1
ACC004154,2023-02-05,salaried,medium,business,0
ACC004155,2025-11-20,salaried,low,business,0
ACC004156,2022-11-23,business,low,current,0
ACC004157,2025-03-07,student,low,business,0
ACC004158,2022-08-11,student,medium,current,0
ACC004159,2023-11-12,self_employed,medium,current,0
ACC004160,2023-05-14,self_employed,low,business,0
ACC004161,2023-04-18,salaried,low,current,0
ACC004162,2022-09-23,retired,low,current,0
ACC004163,2025-01-15,business,low,current,0
ACC004164,2023-07-14,retired,low,current,0
ACC004165,2025-08-02,retired,low,savings,0
ACC004166,2023-04-28,business,low,current,0
ACC004167,2024-07-28,business,low,business,0
ACC004168,2022-08-13,student,medium,current,0
ACC004169,2025-03-23,student,low,current,0
ACC004170,2022-02-04,retired,low,savings,0
ACC004171,2022-09-30,business,low,savings,0
ACC004172,2025-07-13,self_employed,medium,savings,0
ACC004173,2025-08-04,self_employed,low,current,0
ACC004174,2025-12-27,business,medium,current,0
ACC004175,2022-11-05,salaried,low,savings,0
ACC004176,2025-12-10,retired,low,savings,0
ACC004177,2021-09-26,salaried,low,business,0
ACC004178,2026-03-18,retired,medium,current,0
ACC004179,2022-02-10,self_employed,low,business,0
ACC004180,2026-05-28,self_employed,medium,savings,0
ACC004181,2025-05-19,student,medium,current,0
ACC004182,2026-09-04,business,low,savings,0
ACC004183,2025-10-22,salaried,low,current,1
ACC004184,2026-01-09,retired,medium,business,0
ACC004185,2023-03-17,retired,medium,current,0
ACC004186,2026-08-15,student,medium,business,0
ACC004187,2023-03-06,self_employed,medium,business,0
ACC004188,2022-10-16,business,medium,business,0
ACC004189,2022-07-31,salaried,low,savings,0
ACC004190,2024-12-29,business,low,business,0
ACC004191,2024-06-08,retired,low,current,0
ACC004192,2025-12-27,self_employed,low,business,0
ACC004193,2024-12-21,student,medium,savings,0
ACC004194,2025-04-05,self_employed,low,current,0
ACC004195,2023-10-24,salaried,low,business,0
ACC004196,2024-01-11,business,low,current,0
ACC004197,2025-01-31,student,low,current,0
ACC004198,2024-08-13,self_employed,high,savings,0
ACC004199,2024-03-14,self_employed,low,current,0
ACC004200,2025-07-20,business,medium,current,0
ACC004201,2022-11-01,salaried,low,savings,0
ACC004202,2022-11-16,salaried,low,current,0
ACC004203,2025-03-18,retired,low,savings,0
ACC004204,2026-01-21,student,medium,current,0
ACC004205,2024-03-29,business,medium,savings,0
ACC004206,2026-05-11,student,low,savings,0
ACC004207,2024-05-15,business,medium,savings,0
ACC004208,2026-05-29,salaried,low,savings,0
ACC004209,2023-07-20,business,low,savings,1
ACC004210,2023-05-30,salaried,low,savings,0
ACC004211,2023-06-26,student,low,business,0
ACC004212,2024-03-03,retired,medium,business,0
ACC004213,2024-08-20,self_employed,medium,current,0
ACC004214,2022-10-30,salaried,medium,savings,0
ACC004215,2023-03-19,retired,medium,current,0
ACC004216,2025-12-26,student,low,savings,0
ACC004217,2026-04-25,student,medium,savings,0
ACC004218,2024-06-10,student,medium,business,0
ACC004219,2022-09-06,self_employed,medium,current,0
ACC004220,2024-09-11,self_employed,low,current,0
ACC004221,2026-06-25,retired,low,business,0
ACC004222,2025-10-14,salaried,medium,current,0
ACC004223,2026-08-28,salaried,low,business,0
ACC004224,2026-07-21,business,low,business,0
ACC004225,2025-04-02,salaried,medium,business,0
ACC004226,2026-03-29,salaried,low,business,0
ACC004227,2024-02-18,retired,medium,savings,0
ACC004228,2025-04-17,self_employed,low,savings,0
ACC004229,2021-10-22,retired,medium,business,0
ACC004230,2026-02-23,retired,low,savings,0
ACC004231,2022-08-09,salaried,high,business,0
ACC004232,2021-11-30,self_employed,low,savings,0
ACC004233,2024-12-09,retired,low,savings,0
ACC004234,2022-12-08,self_employed,low,business,0
ACC004235,2022-02-24,student,low,business,0
ACC004236,2022-03-07,business,low,current,0
ACC004237,2023-05-27,retired,low,savings,0
ACC004238,2023-12-21,student,medium,current,0
ACC004239,2023-01-26,retired,low,business,0
ACC004240,2024-02-20,retired,low,business,0
ACC004241,2023-10-31,retired,low,savings,0
ACC004242,2022-12-11,salaried,high,current,0
ACC004243,2022-03-24,retired,high,current,0
ACC004244,2024-03-17,self_employed,low,savings,0
ACC004245,2023-06-08,self_employed,low,current,0
ACC004246,2026-04-21,salaried,low,current,0
ACC004247,2021-12-22,self_employed,medium,current,0
ACC004248,2024-10-01,retired,low,business,0
ACC004249,2025-07-20,self_employed,low,current,0
ACC004250,2022-07-28,business,low,current,0
ACC004251,2026-06-24,salaried,low,current,0
ACC004252,2023-08-10,student,low,current,0
ACC004253,2026-06-22,retired,medium,current,0
ACC004254,2025-01-03,retired,low,savings,0
ACC004255,2023-09-21,student,low,savings,0
ACC004256,2026-01-17,student,low,savings,1
ACC004257,2024-02-23,student,low,savings,1
ACC004258,2022-02-05,business,medium,business,0
ACC004259,2024-12-11,self_employed,medium,savings,0
ACC004260,2024-12-30,business,low,savings,0
ACC004261,2025-03-30,business,low,business,0
ACC004262,2024-05-11,salaried,medium,savings,0
ACC004263,2026-05-25,student,medium,business,0
ACC004264,2022-02-27,salaried,low,business,0
ACC004265,2021-10-23,self_employed,low,savings,0
ACC004266,2023-11-02,self_employed,medium,current,0
ACC004267,2023-06-05,self_employed,low,savings,0
ACC004268,2025-06-20,student,low,savings,0
ACC004269,2023-08-14,business,medium,savings,0
ACC004270,2024-10-29,salaried,medium,business,0
ACC004271,2026-05-08,salaried,low,current,0
ACC004272,2023-05-16,salaried,low,current,0
ACC004273,2023-05-07,salaried,low,business,0
ACC004274,2024-03-14,self_employed,low,business,0
ACC004275,2025-07-08,salaried,medium,current,0
ACC004276,2023-03-18,retired,low,business,0
ACC004277,2022-05-02,student,medium,savings,0
ACC004278,2023-04-16,salaried,low,business,0
ACC004279,2023-03-06,retired,low,business,0
ACC004280,2026-01-26,business,low,savings,0
ACC004281,2022-09-18,salaried,medium,current,0
ACC004282,2024-11-27,self_employed,medium,current,0
ACC004283,2022-01-17,student,low,business,0
ACC004284,2025-05-06,salaried,low,current,0
ACC004285,2024-01-28,self_employed,low,business,0
ACC004286,2026-06-08,business,low,current,0
ACC004287,2023-12-12,retired,low,current,0
ACC004288,2022-10-22,business,low,current,0
ACC004289,2023-01-25,business,low,current,0
ACC004290,2026-09-01,salaried,high,business,0
ACC004291,2023-11-14,retired,high,business,0
ACC004292,2021-09-30,salaried,low,business,0
ACC004293,2024-07-06,salaried,low,savings,0
ACC004294,2025-08-31,retired,low,business,0
ACC004295,2023-01-06,salaried,low,current,0
ACC004296,2022-01-15,self_employed,medium,savings,0
ACC004297,2023-01-03,salaried,low,savings,0
ACC004298,2024-06-11,retired,low,savings,0
ACC004299,2022-02-18,self_employed,low,current,0
ACC004300,2024-04-05,business,medium,business,0
ACC004301,2025-11-15,self_employed,low,current,0
ACC004302,2026-07-28,student,low,business,0
ACC004303,2026-05-19,student,medium,savings,0
ACC004304,2024-09-29,student,low,business,0
ACC004305,2022-04-27,retired,medium,current,0
ACC004306,2024-05-27,self_employed,medium,current,0
ACC004307,2026-03-03,business,low,business,0
ACC004308,2023-07-28,self_employed,low,business,0
ACC004309,2023-04-07,retired,low,business,0
ACC004310,2026-02-16,salaried,medium,current,0
ACC004311,2022-04-12,salaried,low,savings,0
ACC004312,2025-12-30,self_employed,low,savings,0
ACC004313,2023-01-21,self_employed,low,savings,0
ACC004314,2025-03-28,salaried,medium,current,0
ACC004315,2026-04-27,self_employed,low,business,1
ACC004316,2026-04-08,retired,low,business,0
ACC004317,2025-02-17,retired,low,current,0
ACC004318,2022-06-25,salaried,low,current,0
ACC004319,2024-09-02,student,low,business,0
ACC004320,2023-08-01,student,low,savings,0
ACC004321,2023-07-07,self_employed,low,business,0
ACC004322,2024-07-10,self_employed,medium,business,0
ACC004323,2024-07-07,student,low,current,0
ACC004324,2024-10-07,retired,low,current,0
ACC004325,2024-03-13,self_employed,low,business,0
ACC004326,2023-07-23,retired,low,current,0
ACC004327,2026-03-19,self_employed,low,savings,0
ACC004328,2025-09-27,salaried,low,savings,0
ACC004329,2026-06-23,self_employed,low,business,0
ACC004330,2021-10-10,retired,low,savings,0
ACC004331,2022-09-04,business,low,savings,0
ACC004332,2024-08-23,salaried,low,business,0
ACC004333,2025-06-28,self_employed,low,savings,0
ACC004334,2023-09-29,self_employed,low,current,0
ACC004335,2023-10-10,business,medium,current,0
ACC004336,2022-01-14,business,medium,current,0
ACC004337,2024-06-06,business,low,business,0
ACC004338,2024-12-10,self_employed,low,savings,0
ACC004339,2022-08-31,salaried,medium,current,0
ACC004340,2024-12-24,self_employed,low,savings,0
ACC004341,2023-11-19,self_employed,medium,business,0
ACC004342,2026-04-18,retired,low,business,0
ACC004343,2024-02-08,business,low,business,0
ACC004344,2021-11-28,business,low,current,0
ACC004345,2026-02-04,self_employed,low,savings,0
ACC004346,2024-11-20,self_employed,low,business,0
ACC004347,2026-01-27,self_employed,low,current,0
ACC004348,2026-01-10,salaried,low,savings,0
ACC004349,2025-06-28,self_employed,low,current,0
ACC004350,2025-11-03,retired,low,current,0
ACC004351,2022-01-27,student,low,savings,0
ACC004352,2024-03-21,self_employed,low,current,0
ACC004353,2023-05-04,retired,medium,current,0
ACC004354,2024-06-04,student,medium,current,0
ACC004355,2026-01-26,business,low,business,0
ACC004356,2022-05-26,self_employed,high,business,0
ACC004357,2022-07-08,student,medium,current,0
ACC004358,2023-02-15,business,low,business,0
ACC004359,2026-04-11,student,low,business,0
ACC004360,2026-03-27,retired,low,savings,0
ACC004361,2021-10-05,salaried,medium,current,0
ACC004362,2022-04-04,student,medium,savings,0
ACC004363,2023-06-29,business,low,savings,0
ACC004364,2023-07-07,retired,low,business,0
ACC004365,2025-04-22,salaried,low,current,0
ACC004366,2022-08-01,business,low,business,0
ACC004367,2023-06-13,student,low,current,0
ACC004368,2026-04-10,student,low,savings,0
ACC004369,2025-05-27,business,low,business,0
ACC004370,2022-04-25,student,low,current,0
ACC004371,2023-01-03,salaried,high,business,0
ACC004372,2021-11-25,student,low,savings,0
ACC004373,2025-08-09,business,medium,business,0
ACC004374,2024-07-09,retired,high,business,0
ACC004375,2022-01-08,retired,low,current,0
ACC004376,2022-06-11,business,medium,savings,0
ACC004377,2022-04-28,student,low,business,0
ACC004378,2022-02-28,self_employed,medium,savings,0
ACC004379,2023-03-20,self_employed,low,savings,0
ACC004380,2023-11-04,salaried,low,business,0
ACC004381,2026-06-12,salaried,low,business,0
ACC004382,2022-04-19,student,high,savings,0
ACC004383,2026-08-04,business,medium,current,0
ACC004384,2023-08-21,student,medium,savings,0
ACC004385,2023-11-25,business,medium,current,0
ACC004386,2025-03-02,business,low,business,0
ACC004387,2024-12-31,retired,low,business,0
ACC004388,2025-07-15,salaried,low,business,0
ACC004389,2025-02-20,self_employed,medium,savings,0
ACC004390,2025-05-20,self_employed,low,current,0
ACC004391,2024-05-23,business,low,business,0
ACC004392,2021-11-04,retired,low,business,0
ACC004393,2025-01-05,salaried,low,business,0
ACC004394,2022-09-15,student,low,current,0
ACC004395,2026-04-01,business,medium,savings,1
ACC004396,2021-10-01,business,medium,savings,0
ACC004397,2022-03-28,salaried,medium,savings,0
ACC004398,2026-09-06,salaried,low,business,0
ACC004399,2022-02-01,salaried,medium,savings,0
ACC004400,2022-04-26,self_employed,low,current,0
ACC004401,2024-09-28,salaried,medium,savings,0
ACC004402,2025-12-23,student,medium,business,0
ACC004403,2022-08-08,self_employed,medium,business,0
ACC004404,2024-03-01,self_employed,low,current,0
ACC004405,2024-04-06,student,low,savings,0
ACC004406,2022-06-08,business,low,savings,0
ACC004407,2024-02-04,self_employed,low,savings,0
ACC004408,2025-06-03,self_employed,high,current,0
ACC004409,2024-12-11,retired,low,current,0
ACC004410,2025-01-22,student,low,current,0
ACC004411,2021-12-17,business,low,business,0
ACC004412,2025-09-24,self_employed,low,business,0
ACC004413,2023-01-11,retired,low,business,0
ACC004414,2026-03-28,self_employed,high,current,0
ACC004415,2023-07-28,student,low,business,0
ACC004416,2022-11-10,student,low,business,0
ACC004417,2025-01-09,business,low,business,0
ACC004418,2026-05-05,student,low,savings,0
ACC004419,2024-03-17,student,low,current,0
ACC004420,2022-12-04,salaried,medium,business,0
ACC004421,2024-03-27,self_employed,low,current,0
ACC004422,2024-11-15,business,low,business,0
ACC004423,2021-10-17,retired,low,savings,0
ACC004424,2026-05-29,student,medium,business,0
ACC004425,2026-06-03,student,medium,savings,0
ACC004426,2022-11-26,self_employed,low,current,0
ACC004427,2022-09-30,student,low,savings,0
ACC004428,2022-01-20,self_employed,medium,current,0
ACC004429,2021-09-28,self_employed,low,savings,0
ACC004430,2026-07-28,salaried,low,business,0
ACC004431,2025-01-19,retired,low,business,0
ACC004432,2026-04-08,retired,medium,current,0
ACC004433,2026-05-11,self_employed,low,current,0
ACC004434,2022-06-04,business,low,business,0
ACC004435,2024-04-16,retired,low,savings,0
ACC004436,2023-06-27,business,low,current,0
ACC004437,2024-08-16,student,high,current,0
ACC004438,2023-07-02,business,low,business,0
ACC004439,2025-03-18,self_employed,medium,business,1
ACC004440,2026-01-22,business,low,business,0
ACC004441,2022-11-29,self_employed,low,current,0
ACC004442,2023-01-26,salaried,high,current,0
ACC004443,2023-04-07,self_employed,medium,current,0
ACC004444,2023-07-30,retired,low,savings,0
ACC004445,2023-11-07,self_employed,low,savings,1
ACC004446,2023-05-09,student,low,savings,0
ACC004447,2022-09-04,self_employed,medium,current,0
ACC004448,2023-03-30,salaried,medium,savings,0
ACC004449,2026-07-11,business,medium,current,0
ACC004450,2022-02-28,salaried,low,current,0
ACC004451,2026-05-15,salaried,low,business,0
ACC004452,2025-08-16,retired,low,current,0
ACC004453,2026-05-17,retired,medium,business,0
ACC004454,2022-04-28,self_employed,medium,savings,0
ACC004455,2024-03-04,retired,low,savings,0
ACC004456,2022-04-10,retired,medium,current,0
ACC004457,2023-10-31,retired,low,business,0
ACC004458,2022-07-15,salaried,low,business,0
ACC004459,2023-05-19,business,low,business,0
ACC004460,2026-08-21,self_employed,medium,current,0
ACC004461,2025-11-04,student,low,savings,0
ACC004462,2024-07-06,business,low,current,0
ACC004463,2024-09-26,salaried,low,savings,0
ACC004464,2022-10-16,retired,low,savings,0
ACC004465,2023-09-11,student,low,current,0
ACC004466,2022-07-20,retired,low,current,0
ACC004467,2024-02-15,self_employed,low,current,0
ACC004468,2022-04-17,retired,low,current,0
ACC004469,2023-05-07,self_employed,low,business,0
ACC004470,2024-05-27,business,medium,current,0
ACC004471,2025-10-31,salaried,low,business,0
ACC004472,2025-07-14,salaried,low,current,0
ACC004473,2024-06-29,salaried,low,savings,0
ACC004474,2024-04-19,business,low,business,0
ACC004475,2026-09-01,retired,low,business,0
ACC004476,2022-12-30,retired,low,savings,0
ACC004477,2026-07-06,student,low,business,0
ACC004478,2026-07-10,salaried,low,current,0
ACC004479,2024-10-19,business,low,current,0
ACC004480,2024-05-22,student,medium,current,0
ACC004481,2025-05-05,salaried,medium,current,0
ACC004482,2023-02-18,business,medium,business,0
ACC004483,2021-09-28,salaried,low,current,0
ACC004484,2024-05-13,business,low,business,0
ACC004485,2023-10-17,business,medium,current,0
ACC004486,2023-08-02,retired,low,current,0
ACC004487,2025-05-29,salaried,low,current,1
ACC004488,2024-01-20,retired,low,business,0
ACC004489,2024-10-03,student,low,current,0
ACC004490,2022-11-04,student,medium,savings,0
ACC004491,2024-07-09,business,low,current,0
ACC004492,2025-10-13,student,low,current,0
ACC004493,2025-08-21,student,low,savings,0
ACC004494,2025-06-27,business,low,business,0
ACC004495,2024-10-01,salaried,low,current,0
ACC004496,2024-04-19,self_employed,low,business,0
ACC004497,2025-11-03,salaried,low,savings,0
ACC004498,2026-05-23,retired,low,current,0
ACC004499,2022-08-17,student,high,business,0
ACC004500,2023-03-13,business,low,business,0
ACC004501,2022-05-25,business,low,savings,0
ACC004502,2024-02-01,salaried,low,savings,0
ACC004503,2022-11-21,self_employed,low,business,0
ACC004504,2026-04-13,salaried,low,business,0
ACC004505,2023-05-16,salaried,low,business,0
ACC004506,2023-12-09,student,low,savings,0
ACC004507,2022-05-08,self_employed,high,current,0
ACC004508,2022-05-05,salaried,medium,current,0
ACC004509,2021-11-09,salaried,medium,business,0
ACC004510,2026-01-05,student,high,business,0
ACC004511,2021-12-18,business,low,savings,0
ACC004512,2026-08-25,salaried,low,current,0
ACC004513,2026-08-16,self_employed,medium,current,0
ACC004514,2025-02-22,student,medium,savings,0
ACC004515,2023-07-06,student,low,savings,0
ACC004516,2022-01-04,business,low,savings,0
ACC004517,2026-05-23,student,low,current,0
ACC004518,2023-12-01,self_employed,low,current,0
ACC004519,2026-04-28,self_employed,low,current,0
ACC004520,2026-04-16,business,medium,business,0
ACC004521,2025-09-18,student,low,savings,0
ACC004522,2022-12-18,salaried,medium,savings,0
ACC004523,2024-10-23,salaried,low,business,0
ACC004524,2025-01-14,business,medium,business,1
ACC004525,2023-08-07,retired,low,current,0
ACC004526,2024-03-05,business,low,business,0
ACC004527,2022-11-02,salaried,low,current,0
ACC004528,2025-08-26,student,medium,savings,0
ACC004529,2025-12-17,retired,medium,current,0
ACC004530,2026-01-15,self_employed,low,savings,0
ACC004531,2022-06-21,retired,low,savings,0
ACC004532,2025-01-27,business,high,business,0
ACC004533,2024-10-17,retired,low,current,0
ACC004534,2025-12-21,salaried,low,business,0
ACC004535,2021-10-15,student,low,current,0
ACC004536,2023-09-25,retired,low,savings,0
ACC004537,2023-02-10,self_employed,low,savings,0
ACC004538,2026-01-27,business,low,current,0
ACC004539,2022-11-23,retired,high,savings,0
ACC004540,2025-06-30,student,low,current,0
ACC004541,2023-01-20,self_employed,low,business,0
ACC004542,2023-03-23,self_employed,low,savings,0
ACC004543,2026-07-08,salaried,low,savings,0
ACC004544,2026-07-06,salaried,low,savings,0
ACC004545,2022-12-11,self_employed,medium,business,0
ACC004546,2025-10-24,retired,low,current,0
ACC004547,2024-10-01,self_employed,low,business,0
ACC004548,2022-01-16,student,low,current,0
ACC004549,2023-07-24,salaried,low,business,0
ACC004550,2025-11-06,student,low,business,0
ACC004551,2023-09-03,retired,low,current,0
ACC004552,2022-03-27,retired,medium,current,0
ACC004553,2023-12-13,retired,low,savings,0
ACC004554,2024-11-03,retired,low,business,0
ACC004555,2023-09-10,student,medium,business,0
ACC004556,2022-01-24,self_employed,low,savings,0
ACC004557,2023-06-17,retired,low,current,0
ACC004558,2026-02-08,retired,low,business,0
ACC004559,2024-10-09,salaried,low,savings,0
ACC004560,2024-12-31,business,low,savings,0
ACC004561,2025-09-11,business,low,current,0
ACC004562,2025-07-26,salaried,low,savings,0
ACC004563,2022-02-04,self_employed,low,current,0
ACC004564,2022-01-14,salaried,high,savings,0
ACC004565,2024-06-15,business,medium,business,0
ACC004566,2022-07-30,retired,low,savings,0
ACC004567,2026-02-18,self_employed,low,business,0
ACC004568,2024-01-10,self_employed,low,business,0
ACC004569,2023-12-10,self_employed,low,current,0
ACC004570,2026-08-15,salaried,medium,savings,0
ACC004571,2026-05-01,business,low,savings,0
ACC004572,2026-07-20,business,low,savings,0
ACC004573,2023-03-07,self_employed,high,business,0
ACC004574,2024-11-26,salaried,medium,current,0
ACC004575,2024-12-02,self_employed,low,business,0
ACC004576,2024-10-21,salaried,low,savings,0
ACC004577,2026-09-12,retired,medium,current,0
ACC004578,2022-05-12,retired,low,current,0
ACC004579,2026-02-04,student,medium,business,0
ACC004580,2023-11-03,salaried,medium,business,0
ACC004581,2024-11-25,business,medium,current,0
ACC004582,2023-08-06,retired,medium,savings,0
ACC004583,2026-02-03,student,medium,business,0
ACC004584,2025-02-24,salaried,low,business,0
ACC004585,2024-09-13,business,low,current,0
ACC004586,2024-08-19,retired,medium,savings,0
ACC004587,2025-11-03,self_employed,medium,business,0
ACC004588,2025-10-19,salaried,medium,current,0
ACC004589,2021-10-03,retired,low,savings,0
ACC004590,2025-12-20,self_employed,medium,savings,0
ACC004591,2022-11-18,student,low,business,0
ACC004592,2025-06-10,salaried,low,business,0
ACC004593,2023-02-09,retired,medium,current,0
ACC004594,2023-08-28,student,low,current,0
ACC004595,2022-05-10,student,medium,business,0
ACC004596,2026-01-28,student,low,business,0
ACC004597,2024-02-02,salaried,medium,savings,0
ACC004598,2023-07-02,business,low,savings,0
ACC004599,2022-12-23,student,low,business,0
ACC004600,2023-04-16,student,low,business,0
ACC004601,2023-01-14,self_employed,low,current,0
ACC004602,2024-10-12,retired,medium,business,0
ACC004603,2022-09-15,student,low,business,0
ACC004604,2023-08-29,self_employed,low,current,0
ACC004605,2025-03-24,retired,low,savings,0
ACC004606,2024-07-04,salaried,medium,business,0
ACC004607,2022-08-31,student,low,savings,0
ACC004608,2025-10-18,student,low,business,0
ACC004609,2025-10-09,business,low,business,0
ACC004610,2025-10-10,self_employed,high,business,0
ACC004611,2023-06-29,self_employed,low,business,0
ACC004612,2023-01-26,student,low,current,0
ACC004613,2025-03-12,retired,low,business,0
ACC004614,2021-11-21,retired,low,current,0
ACC004615,2023-10-10,salaried,low,savings,1
ACC004616,2022-01-25,student,low,savings,0
ACC004617,2022-10-15,self_employed,low,business,0
ACC004618,2026-07-30,salaried,low,current,0
ACC004619,2023-01-26,retired,low,business,0
ACC004620,2022-11-05,salaried,medium,business,0
ACC004621,2026-01-22,self_employed,medium,current,0
ACC004622,2022-01-12,salaried,low,savings,0
ACC004623,2026-07-26,student,low,current,0
ACC004624,2022-12-13,business,high,business,0
ACC004625,2022-03-05,business,medium,savings,0
ACC004626,2023-02-11,retired,low,savings,0
ACC004627,2023-11-24,self_employed,low,business,0
ACC004628,2023-03-26,self_employed,low,business,1
ACC004629,2026-02-04,self_employed,low,business,0
ACC004630,2025-02-23,retired,low,business,0
ACC004631,2026-06-30,student,low,savings,0
ACC004632,2021-11-09,self_employed,medium,savings,0
ACC004633,2024-02-10,self_employed,low,savings,0
ACC004634,2022-06-06,self_employed,low,business,0
ACC004635,2023-07-17,business,low,savings,1
ACC004636,2025-07-09,business,medium,savings,0
ACC004637,2025-09-16,student,medium,savings,0
ACC004638,2025-10-18,self_employed,low,current,0
ACC004639,2023-02-24,salaried,low,savings,0
ACC004640,2023-07-26,business,low,business,0
ACC004641,2025-03-12,retired,low,savings,0
ACC004642,2022-11-30,business,low,savings,0
ACC004643,2026-08-28,retired,medium,savings,0
ACC004644,2023-04-01,business,medium,business,0
ACC004645,2026-01-17,retired,high,current,0
ACC004646,2023-12-13,retired,low,current,0
ACC004647,2023-02-16,self_employed,low,current,0
ACC004648,2024-08-12,business,low,business,0
ACC004649,2025-07-22,student,low,business,0
ACC004650,2022-04-14,self_employed,low,business,0
ACC004651,2023-08-28,business,low,business,0
ACC004652,2024-12-01,retired,low,savings,0
ACC004653,2024-12-23,retired,low,business,0
ACC004654,2022-10-28,retired,low,savings,0
ACC004655,2022-08-16,salaried,medium,business,0
ACC004656,2021-11-03,student,low,current,0
ACC004657,2023-06-03,student,low,business,0
ACC004658,2026-02-23,self_employed,low,savings,0
ACC004659,2025-12-27,self_employed,low,business,0
ACC004660,2025-04-09,student,low,business,0
ACC004661,2022-12-21,retired,low,current,0
ACC004662,2022-07-09,business,low,business,0
ACC004663,2023-03-18,self_employed,low,savings,0
ACC004664,2025-09-30,retired,medium,savings,0
ACC004665,2022-01-12,business,low,current,0
ACC004666,2026-03-22,business,high,business,0
ACC004667,2025-12-24,business,medium,business,0
ACC004668,2022-09-13,student,low,current,0
ACC004669,2022-06-29,retired,medium,current,0
ACC004670,2025-10-20,student,low,current,0
ACC004671,2022-10-22,student,medium,current,0
ACC004672,2026-04-15,retired,low,business,0
ACC004673,2021-09-16,retired,medium,savings,0
ACC004674,2025-05-15,retired,low,current,0
ACC004675,2026-02-20,student,low,savings,0
ACC004676,2025-04-12,retired,medium,savings,0
ACC004677,2024-11-06,self_employed,low,business,0
ACC004678,2022-01-25,student,low,current,0
ACC004679,2026-03-17,salaried,low,current,0
ACC004680,2025-05-07,student,low,business,0
ACC004681,2023-08-26,self_employed,medium,business,0
ACC004682,2025-10-19,business,low,current,0
ACC004683,2024-12-10,salaried,low,savings,0
ACC004684,2024-09-06,student,medium,business,1
ACC004685,2026-08-07,business,low,savings,0
ACC004686,2022-07-13,retired,low,business,0
ACC004687,2025-04-26,retired,low,business,0
ACC004688,2022-11-02,business,low,savings,0
ACC004689,2023-11-12,salaried,low,current,0
ACC004690,2025-10-04,business,low,current,0
ACC004691,2023-09-05,salaried,low,business,0
ACC004692,2022-05-31,salaried,low,business,0
ACC004693,2024-02-10,retired,medium,savings,0
ACC004694,2026-04-29,business,low,savings,0
ACC004695,2025-03-05,business,low,savings,0
ACC004696,2023-11-22,student,low,business,0
ACC004697,2023-04-23,student,low,current,0
ACC004698,2021-09-29,salaried,low,savings,0
ACC004699,2021-10-05,student,high,current,0
ACC004700,2026-08-13,retired,medium,savings,0
ACC004701,2026-02-22,self_employed,low,savings,0
ACC004702,2022-09-14,retired,low,savings,0
ACC004703,2026-02-13,student,low,business,0
ACC004704,2021-10-05,salaried,low,business,0
ACC004705,2024-11-21,retired,low,current,0
ACC004706,2023-06-13,salaried,medium,savings,0
ACC004707,2024-05-21,business,low,business,0
ACC004708,2025-03-06,retired,high,business,0
ACC004709,2024-10-12,student,medium,current,0
ACC004710,2022-08-10,student,low,business,0
ACC004711,2023-01-06,salaried,medium,business,0
ACC004712,2025-04-28,salaried,high,savings,0
ACC004713,2026-09-05,business,low,business,0
ACC004714,2023-11-10,salaried,low,current,0
ACC004715,2023-12-03,business,low,savings,0
ACC004716,2026-04-05,salaried,medium,current,0
ACC004717,2025-04-20,student,low,business,0
ACC004718,2026-07-03,self_employed,low,savings,0
ACC004719,2024-10-23,self_employed,low,current,0
ACC004720,2024-01-17,retired,low,business,0
ACC004721,2025-01-29,retired,medium,current,0
ACC004722,2023-06-07,business,low,business,0
ACC004723,2025-03-19,retired,low,savings,0
ACC004724,2026-05-25,student,low,current,1
ACC004725,2026-06-11,self_employed,low,current,0
ACC004726,2025-10-20,business,low,business,0
ACC004727,2023-03-22,self_employed,medium,business,0
ACC004728,2024-11-06,student,medium,business,0
ACC004729,2026-06-16,business,low,savings,0
ACC004730,2026-06-03,self_employed,low,savings,0
ACC004731,2025-10-24,salaried,low,savings,0
ACC004732,2023-11-10,self_employed,low,savings,0
ACC004733,2024-04-22,student,medium,savings,0
ACC004734,2026-08-12,self_employed,low,savings,0
ACC004735,2024-08-17,retired,high,savings,0
ACC004736,2025-01-31,self_employed,medium,savings,0
ACC004737,2022-11-15,self_employed,medium,current,0
ACC004738,2022-09-17,salaried,medium,current,0
ACC004739,2023-08-27,salaried,low,business,0
ACC004740,2025-07-01,self_employed,low,current,1
ACC004741,2023-01-28,retired,low,savings,0
ACC004742,2022-07-21,retired,low,savings,0
ACC004743,2023-07-11,salaried,high,business,0
ACC004744,2026-01-09,business,medium,savings,0
ACC004745,2025-02-08,self_employed,medium,savings,0
ACC004746,2024-07-30,retired,medium,current,0
ACC004747,2026-05-20,student,low,savings,0
ACC004748,2022-02-21,salaried,medium,current,0
ACC004749,2023-01-25,retired,low,savings,1
ACC004750,2025-01-03,retired,low,current,0
ACC004751,2021-09-29,retired,low,savings,0
ACC004752,2022-06-23,student,low,current,0
ACC004753,2022-12-08,salaried,low,business,0
ACC004754,2025-09-17,student,low,business,0
ACC004755,2025-05-27,salaried,low,current,0
ACC004756,2022-06-13,retired,low,current,0
ACC004757,2022-03-31,student,low,savings,0
ACC004758,2023-12-09,self_employed,low,savings,0
ACC004759,2023-08-03,business,low,business,0
ACC004760,2024-11-08,retired,medium,savings,0
ACC004761,2022-05-19,business,medium,business,0
ACC004762,2022-01-08,student,low,current,0
ACC004763,2024-12-20,self_employed,low,savings,0
ACC004764,2025-02-08,business,high,business,0
ACC004765,2026-02-17,self_employed,low,savings,0
ACC004766,2024-02-20,self_employed,low,savings,0
ACC004767,2022-03-10,student,low,current,1
ACC004768,2023-03-11,student,low,savings,0
ACC004769,2025-11-26,salaried,low,current,0
ACC004770,2025-06-07,salaried,medium,savings,0
ACC004771,2021-10-16,retired,low,current,1
ACC004772,2023-06-01,business,medium,savings,0
ACC004773,2026-02-08,self_employed,low,current,0
ACC004774,2024-02-18,self_employed,low,savings,0
ACC004775,2023-05-11,salaried,high,current,0
ACC004776,2021-12-26,retired,medium,business,0
ACC004777,2026-01-16,retired,low,business,0
ACC004778,2026-02-01,salaried,low,current,0
ACC004779,2023-09-02,student,low,business,0
ACC004780,2023-02-21,business,low,business,0
ACC004781,2022-01-03,salaried,low,business,0
ACC004782,2024-10-04,business,low,savings,0
ACC004783,2023-09-26,business,low,savings,0
ACC004784,2021-09-13,self_employed,low,business,0
ACC004785,2023-01-15,salaried,medium,current,0
ACC004786,2022-06-09,business,low,savings,0
ACC004787,2024-01-18,student,low,business,0
ACC004788,2025-02-04,student,low,current,0
ACC004789,2024-09-14,business,low,business,0
ACC004790,2025-01-22,student,medium,savings,0
ACC004791,2025-02-23,student,low,business,0
ACC004792,2026-09-07,self_employed,low,savings,0
ACC004793,2023-05-28,retired,low,savings,0
ACC004794,2026-02-07,self_employed,low,business,0
ACC004795,2021-10-30,salaried,medium,savings,0
ACC004796,2022-04-14,self_employed,low,savings,0
ACC004797,2022-06-20,business,low,current,1
ACC004798,2026-05-17,self_employed,low,business,0
ACC004799,2024-02-13,retired,low,savings,0
ACC004800,2026-06-16,retired,low,business,0
ACC004801,2026-08-29,retired,low,current,0
ACC004802,2024-08-29,business,medium,current,0
ACC004803,2024-08-27,self_employed,low,current,0
ACC004804,2024-01-20,business,low,savings,0
ACC004805,2023-08-17,student,medium,current,0
ACC004806,2023-05-10,salaried,medium,current,0
ACC004807,2025-07-26,salaried,high,savings,0
ACC004808,2025-02-19,salaried,low,current,0
ACC004809,2026-08-04,salaried,low,business,0
ACC004810,2021-09-27,student,low,current,0
ACC004811,2023-12-03,student,low,business,0
ACC004812,2023-03-10,salaried,high,business,0
ACC004813,2025-02-28,self_employed,low,business,0
ACC004814,2026-01-02,self_employed,low,business,0
ACC004815,2022-08-09,self_employed,medium,savings,0
ACC004816,2026-06-14,student,low,savings,1
ACC004817,2022-04-25,business,medium,business,0
ACC004818,2025-12-24,salaried,medium,current,0
ACC004819,2024-03-15,business,low,business,0
ACC004820,2024-08-04,self_employed,low,savings,0
ACC004821,2022-09-11,self_employed,low,business,0
ACC004822,2026-01-24,self_employed,medium,business,0
ACC004823,2023-11-22,self_employed,low,business,0
ACC004824,2026-04-11,retired,medium,current,0
ACC004825,2026-08-04,salaried,high,current,0
ACC004826,2023-10-30,student,low,business,0
ACC004827,2025-06-19,retired,medium,current,0
ACC004828,2024-11-27,student,low,current,0
ACC004829,2026-06-28,salaried,low,business,0
ACC004830,2025-10-24,business,low,savings,0
ACC004831,2023-10-08,business,low,savings,0
ACC004832,2024-08-03,salaried,medium,savings,0
ACC004833,2025-08-08,self_employed,low,savings,0
ACC004834,2025-08-14,self_employed,low,savings,0
ACC004835,2026-09-10,retired,low,savings,0
ACC004836,2021-12-06,self_employed,medium,savings,0
ACC004837,2025-10-19,self_employed,high,current,0
ACC004838,2022-09-09,self_employed,medium,savings,0
ACC004839,2023-11-23,business,medium,savings,0
ACC004840,2022-04-10,self_employed,low,business,0
ACC004841,2024-12-14,student,medium,savings,0
ACC004842,2023-07-29,salaried,low,business,1
ACC004843,2023-08-28,salaried,medium,business,0
ACC004844,2024-05-20,retired,low,current,0
ACC004845,2025-03-17,student,medium,business,0
ACC004846,2024-09-14,business,low,savings,0
ACC004847,2026-02-03,student,medium,savings,0
ACC004848,2026-04-04,retired,medium,current,0
ACC004849,2021-10-13,salaried,low,current,0
ACC004850,2023-12-10,business,low,business,0
ACC004851,2023-10-24,retired,medium,savings,0
ACC004852,2024-02-22,business,low,business,0
ACC004853,2022-06-28,business,high,current,0
ACC004854,2025-02-03,self_employed,medium,business,0
ACC004855,2024-08-10,retired,medium,current,0
ACC004856,2022-05-07,retired,low,savings,0
ACC004857,2026-06-01,student,medium,business,0
ACC004858,2023-03-21,student,medium,business,0
ACC004859,2025-10-02,business,low,business,0
ACC004860,2024-05-15,student,high,savings,0
ACC004861,2024-09-15,salaried,low,current,0
ACC004862,2023-07-24,self_employed,low,savings,0
ACC004863,2026-07-31,business,low,current,0
ACC004864,2023-12-27,salaried,high,business,0
ACC004865,2023-04-03,retired,low,business,0
ACC004866,2023-04-26,retired,low,business,1
ACC004867,2025-12-11,retired,low,savings,0
ACC004868,2023-05-26,business,medium,business,0
ACC004869,2023-09-12,salaried,low,savings,0
ACC004870,2023-10-05,self_employed,low,business,0
ACC004871,2023-12-16,business,low,current,0
ACC004872,2023-06-17,salaried,low,current,0
ACC004873,2023-08-26,retired,low,business,0
ACC004874,2023-06-04,salaried,medium,business,0
ACC004875,2023-10-28,retired,low,savings,0
ACC004876,2024-09-23,self_employed,low,savings,0
ACC004877,2023-01-10,student,low,current,0
ACC004878,2022-08-10,salaried,medium,current,1
ACC004879,2022-09-20,student,medium,current,0
ACC004880,2022-05-14,student,high,savings,0
ACC004881,2025-11-21,student,low,savings,0
ACC004882,2021-10-03,student,low,business,0
ACC004883,2026-04-22,student,medium,savings,0
ACC004884,2022-01-22,self_employed,low,business,0
ACC004885,2025-10-20,student,medium,current,0
ACC004886,2024-11-09,self_employed,medium,savings,0
ACC004887,2024-05-19,student,low,business,0
ACC004888,2025-11-20,self_employed,low,current,0
ACC004889,2026-08-02,salaried,medium,savings,0
ACC004890,2024-01-14,retired,low,current,0
ACC004891,2025-11-15,self_employed,medium,savings,0
ACC004892,2023-04-04,student,medium,current,0
ACC004893,2026-01-18,student,low,current,0
ACC004894,2024-01-31,student,medium,savings,0
ACC004895,2025-01-31,student,low,savings,0
ACC004896,2023-08-04,business,low,business,0
ACC004897,2026-08-09,business,low,business,0
ACC004898,2022-10-16,business,low,business,0
ACC004899,2022-02-28,salaried,low,savings,0
ACC004900,2026-03-04,business,medium,business,0
ACC004901,2025-04-19,retired,medium,savings,0
ACC004902,2025-10-08,student,low,current,0
ACC004903,2026-04-20,self_employed,medium,savings,0
ACC004904,2021-12-23,student,low,savings,0
ACC004905,2025-12-22,student,high,current,0
ACC004906,2024-08-26,salaried,low,savings,0
ACC004907,2025-01-18,student,low,savings,0
ACC004908,2023-03-10,self_employed,low,savings,0
ACC004909,2025-08-03,retired,low,savings,0
ACC004910,2022-09-21,self_employed,low,savings,0
ACC004911,2026-02-09,salaried,medium,current,0
ACC004912,2025-08-12,retired,low,business,0
ACC004913,2024-05-20,business,low,savings,0
ACC004914,2021-10-09,business,low,business,0
ACC004915,2021-10-19,business,medium,current,0
ACC004916,2023-06-29,student,medium,current,0
ACC004917,2024-12-04,student,low,current,0
ACC004918,2026-08-23,self_employed,low,current,0
ACC004919,2022-07-23,salaried,high,savings,0
ACC004920,2024-06-20,student,medium,business,0
ACC004921,2024-10-10,self_employed,medium,business,0
ACC004922,2023-11-28,self_employed,low,business,0
ACC004923,2023-04-17,retired,low,savings,0
ACC004924,2026-05-14,business,low,current,0
ACC004925,2023-12-08,business,medium,savings,0
ACC004926,2023-09-19,retired,low,savings,0
ACC004927,2023-12-29,retired,low,current,0
ACC004928,2025-09-16,business,low,savings,0
ACC004929,2024-08-13,salaried,low,business,0
ACC004930,2024-10-23,salaried,medium,current,0
ACC004931,2023-04-07,self_employed,low,current,0
ACC004932,2025-12-10,salaried,high,current,0
ACC004933,2025-04-22,business,low,business,0
ACC004934,2023-06-29,salaried,medium,current,0
ACC004935,2025-04-07,retired,medium,savings,0
ACC004936,2024-11-12,retired,low,current,0
ACC004937,2024-10-21,student,low,business,0
ACC004938,2025-02-08,student,low,business,0
ACC004939,2024-01-29,business,medium,savings,0
ACC004940,2025-07-14,business,high,business,0
ACC004941,2023-03-25,student,medium,business,0
ACC004942,2026-07-24,salaried,medium,current,0
ACC004943,2022-10-25,business,low,savings,0
ACC004944,2026-08-07,business,low,current,0
ACC004945,2023-08-24,self_employed,medium,savings,0
ACC004946,2022-07-20,business,medium,savings,0
ACC004947,2023-12-30,self_employed,low,current,0
ACC004948,2023-09-15,salaried,low,savings,0
ACC004949,2026-06-04,retired,low,business,0
ACC004950,2025-05-17,retired,medium,current,0
ACC004951,2024-12-09,retired,low,current,0
ACC004952,2023-05-15,self_employed,low,current,0
ACC004953,2022-12-10,self_employed,medium,current,0
ACC004954,2022-12-21,retired,low,current,0
ACC004955,2025-09-21,retired,low,current,0
ACC004956,2021-10-13,salaried,low,savings,0
ACC004957,2023-03-15,business,low,business,0
ACC004958,2025-04-14,salaried,high,savings,0
ACC004959,2025-12-13,student,low,savings,0
ACC004960,2022-11-04,business,low,current,0
ACC004961,2026-02-05,retired,low,business,0
ACC004962,2026-03-30,business,low,savings,0
ACC004963,2024-05-20,self_employed,low,business,0
ACC004964,2025-11-02,retired,low,savings,0
ACC004965,2024-04-02,student,low,business,0
ACC004966,2023-11-01,self_employed,low,business,1
ACC004967,2026-06-25,self_employed,medium,business,0
ACC004968,2026-07-13,self_employed,low,current,0
ACC004969,2022-02-08,salaried,low,business,0
ACC004970,2025-02-01,salaried,medium,current,0
ACC004971,2022-07-17,student,low,business,0
ACC004972,2023-02-02,self_employed,low,savings,0
ACC004973,2022-03-18,salaried,low,business,0
ACC004974,2023-07-14,self_employed,high,current,0
ACC004975,2023-11-12,retired,medium,business,0
ACC004976,2025-10-02,retired,medium,savings,0
ACC004977,2022-07-09,business,low,savings,0
ACC004978,2025-07-11,student,low,current,0
ACC004979,2024-07-18,self_employed,medium,savings,0
ACC004980,2023-11-29,student,low,current,0
ACC004981,2024-10-08,business,low,business,0
ACC004982,2024-10-06,salaried,low,current,0
ACC004983,2026-06-19,business,low,business,0
ACC004984,2026-06-11,business,low,business,0
ACC004985,2023-11-22,self_employed,low,savings,0
ACC004986,2024-08-17,retired,medium,current,0
ACC004987,2021-11-13,retired,low,current,0
ACC004988,2025-03-15,salaried,low,current,0
ACC004989,2022-09-24,salaried,low,current,0
ACC004990,2024-09-07,business,low,current,0
ACC004991,2023-05-24,student,medium,business,0
ACC004992,2026-08-10,salaried,low,savings,0
ACC004993,2026-08-07,self_employed,medium,current,0
ACC004994,2026-04-12,business,medium,business,0
ACC004995,2023-03-09,business,low,current,0
ACC004996,2024-02-14,salaried,low,savings,0
ACC004997,2024-09-20,student,low,current,0
ACC004998,2024-06-19,business,low,business,0
ACC004999,2026-01-15,retired,medium,business,0
