change_id,account_id,old_beneficiary,new_beneficiary,change_ts,channel
BCH000000,ACC000400,BEN56177,BEN39021,2026-09-14 15:41:12,internet
BCH000001,ACC001309,BEN37307,BEN24568,2026-09-14 15:42:11,branch
BCH000002,ACC002229,BEN41754,BEN30863,2026-09-14 15:45:30,mobile
BCH000003,ACC004751,BEN15413,BEN11463,2026-09-14 15:45:34,branch
BCH000004,ACC001773,BEN72730,BEN16312,2026-09-14 15:44:40,mobile
BCH000005,ACC002118,BEN63733,BEN45632,2026-09-14 15:45:47,branch
BCH000006,ACC001798,BEN83870,BEN90982,2026-09-14 15:44:38,branch
BCH000007,ACC000349,BEN34398,BEN93808,2026-09-14 15:40:53,internet
BCH000008,ACC000863,BEN30244,BEN95320,2026-09-14 15:44:21,internet
BCH000009,ACC003198,BEN22483,BEN87665,2026-09-14 15:42:34,branch
BCH000010,ACC001628,BEN56803,BEN64461,2026-09-14 15:43:39,mobile
BCH000011,ACC002223,BEN21526,BEN97328,2026-09-14 15:42:07,internet
BCH000012,ACC000811,BEN17817,BEN40079,2026-09-14 15:41:02,mobile
BCH000013,ACC004940,BEN74961,BEN33414,2026-09-14 15:41:25,internet
BCH000014,ACC003020,BEN11998,BEN35238,2026-09-14 15:45:36,mobile
BCH000015,ACC004613,BEN19545,BEN57730,2026-09-14 15:43:46,internet
BCH000016,ACC002248,BEN10371,BEN25578,2026-09-14 15:41:12,internet
BCH000017,ACC002136,BEN25826,BEN94610,2026-09-14 15:41:23,mobile
BCH000018,ACC002588,BEN36744,BEN28332,2026-09-14 15:40:59,mobile
BCH000019,ACC002741,BEN80474,BEN60844,2026-09-14 15:45:11,branch
BCH000020,ACC001566,BEN11548,BEN24869,2026-09-14 15:45:32,mobile
BCH000021,ACC002573,BEN69183,BEN57619,2026-09-14 15:42:06,internet
BCH000022,ACC000118,BEN67852,BEN22749,2026-09-14 15:43:43,mobile
BCH000023,ACC002390,BEN62041,BEN42848,2026-09-14 15:43:33,mobile
BCH000024,ACC004698,BEN21722,BEN37980,2026-09-14 15:45:44,mobile
BCH000025,ACC003721,BEN41210,BEN66355,2026-09-14 15:40:33,mobile
BCH000026,ACC004114,BEN68714,BEN47651,2026-09-14 15:45:50,branch
BCH000027,ACC002644,BEN56812,BEN33325,2026-09-14 15:44:44,mobile
BCH000028,ACC000314,BEN93267,BEN46377,2026-09-14 15:41:37,branch
BCH000029,ACC004656,BEN35455,BEN49786,2026-09-14 15:45:50,branch
BCH000030,ACC003864,BEN10181,BEN98536,2026-09-14 15:44:13,internet
BCH000031,ACC004199,BEN69670,BEN65968,2026-09-14 15:44:06,branch
BCH000032,ACC003634,BEN71418,BEN23377,2026-09-14 15:40:19,branch
BCH000033,ACC004010,BEN47105,BEN67722,2026-09-14 15:41:55,mobile
BCH000034,ACC001908,BEN61405,BEN71350,2026-09-14 15:43:25,internet
BCH000035,ACC003192,BEN53558,BEN20441,2026-09-14 15:46:01,mobile
BCH000036,ACC001439,BEN75934,BEN44601,2026-09-14 15:45:54,branch
BCH000037,ACC000316,BEN79865,BEN53697,2026-09-14 15:41:33,branch
BCH000038,ACC003151,BEN71231,BEN31525,2026-09-14 15:40:04,branch
BCH000039,ACC001084,BEN63182,BEN96225,2026-09-14 15:44:51,branch
BCH000040,ACC001545,BEN23641,BEN23535,2026-09-14 15:43:20,branch
BCH000041,ACC004558,BEN87249,BEN45181,2026-09-14 15:43:31,mobile
BCH000042,ACC004535,BEN22709,BEN19493,2026-09-14 15:40:54,branch
BCH000043,ACC003119,BEN69515,BEN49815,2026-09-14 15:45:51,mobile
BCH000044,ACC000422,BEN59892,BEN23294,2026-09-14 15:45:43,mobile
BCH000045,ACC000018,BEN49823,BEN93845,2026-09-14 15:40:58,branch
BCH000046,ACC000896,BEN85748,BEN64963,2026-09-14 15:44:25,branch
BCH000047,ACC004407,BEN44904,BEN23953,2026-09-14 15:40:53,internet
BCH000048,ACC003995,BEN84295,BEN67818,2026-09-14 15:40:33,branch
BCH000049,ACC000795,BEN42520,BEN82498,2026-09-14 15:44:24,mobile
BCH000050,ACC002368,BEN18107,BEN33401,2026-09-14 15:43:08,internet
BCH000051,ACC002742,BEN94912,BEN84812,2026-09-14 15:41:21,internet
BCH000052,ACC001079,BEN17832,BEN28528,2026-09-14 15:43:03,internet
BCH000053,ACC002761,BEN50968,BEN72011,2026-09-14 15:43:32,internet
BCH000054,ACC003679,BEN75701,BEN31048,2026-09-14 15:43:40,internet
BCH000055,ACC003078,BEN51824,BEN29512,2026-09-14 15:45:10,internet
BCH000056,ACC000657,BEN35642,BEN77949,2026-09-14 15:44:01,internet
BCH000057,ACC003676,BEN33519,BEN60358,2026-09-14 15:41:39,internet
BCH000058,ACC001176,BEN45031,BEN77541,2026-09-14 15:45:36,mobile
BCH000059,ACC004708,BEN48104,BEN49050,2026-09-14 15:42:26,internet
BCH000060,ACC003967,BEN23374,BEN46690,2026-09-14 15:40:45,branch
BCH000061,ACC004230,BEN53160,BEN76804,2026-09-14 15:44:22,mobile
BCH000062,ACC004209,BEN47914,BEN89729,2026-09-14 15:43:27,mobile
BCH000063,ACC000066,BEN57318,BEN61990,2026-09-14 15:43:02,internet
BCH000064,ACC002776,BEN73051,BEN32144,2026-09-14 15:40:21,mobile
BCH000065,ACC002548,BEN27518,BEN86108,2026-09-14 15:41:23,internet
BCH000066,ACC002943,BEN91407,BEN84065,2026-09-14 15:41:21,internet
BCH000067,ACC003997,BEN10518,BEN36398,2026-09-14 15:44:04,mobile
BCH000068,ACC004177,BEN78791,BEN51914,2026-09-14 15:41:21,mobile
BCH000069,ACC000316,BEN16913,BEN57960,2026-09-14 15:45:13,internet
BCH000070,ACC001865,BEN67656,BEN78934,2026-09-14 15:40:24,internet
BCH000071,ACC000813,BEN13726,BEN90300,2026-09-14 15:40:28,branch
BCH000072,ACC001116,BEN80826,BEN99217,2026-09-14 15:42:10,mobile
BCH000073,ACC004898,BEN41395,BEN29790,2026-09-14 15:42:58,internet
BCH000074,ACC001785,BEN98240,BEN17165,2026-09-14 15:42:29,mobile
BCH000075,ACC003417,BEN95128,BEN52563,2026-09-14 15:41:44,branch
BCH000076,ACC000185,BEN55762,BEN23429,2026-09-14 15:41:24,internet
BCH000077,ACC001263,BEN71183,BEN50431,2026-09-14 15:44:17,internet
BCH000078,ACC000686,BEN37201,BEN86355,2026-09-14 15:41:19,branch
BCH000079,ACC004460,BEN43517,BEN49112,2026-09-14 15:40:56,internet
BCH000080,ACC004265,BEN68350,BEN72304,2026-09-14 15:41:39,internet
BCH000081,ACC002000,BEN42631,BEN30133,2026-09-14 15:45:00,branch
BCH000082,ACC004350,BEN81219,BEN27049,2026-09-14 15:42:48,mobile
BCH000083,ACC003612,BEN28150,BEN90600,2026-09-14 15:41:37,internet
BCH000084,ACC003466,BEN69445,BEN28118,2026-09-14 15:43:56,mobile
BCH000085,ACC002821,BEN85855,BEN62989,2026-09-14 15:45:33,branch
BCH000086,ACC000238,BEN12171,BEN47998,2026-09-14 15:42:20,branch
BCH000087,ACC004461,BEN70143,BEN37665,2026-09-14 15:40:19,internet
BCH000088,ACC004625,BEN82347,BEN76719,2026-09-14 15:43:14,internet
BCH000089,ACC000735,BEN99954,BEN31615,2026-09-14 15:40:32,internet
BCH000090,ACC001832,BEN21101,BEN11720,2026-09-14 15:42:51,mobile
BCH000091,ACC001335,BEN69429,BEN62314,2026-09-14 15:40:06,branch
BCH000092,ACC002212,BEN11649,BEN87244,2026-09-14 15:40:36,internet
BCH000093,ACC002640,BEN12755,BEN61679,2026-09-14 15:45:17,mobile
BCH000094,ACC000070,BEN31165,BEN20586,2026-09-14 15:45:50,mobile
BCH000095,ACC003661,BEN51819,BEN39254,2026-09-14 15:43:57,branch
BCH000096,ACC002567,BEN77246,BEN15999,2026-09-14 15:44:44,branch
BCH000097,ACC001255,BEN51399,BEN90965,2026-09-14 15:41:42,mobile
BCH000098,ACC000666,BEN55606,BEN87086,2026-09-14 15:44:02,branch
BCH000099,ACC003273,BEN22227,BEN59546,2026-09-14 15:44:06,branch
BCH000100,ACC002349,BEN43448,BEN42547,2026-09-14 15:41:21,internet
BCH000101,ACC002850,BEN98288,BEN59935,2026-09-14 15:40:36,branch
BCH000102,ACC001980,BEN13592,BEN83162,2026-09-14 15:41:03,branch
BCH000103,ACC004622,BEN18578,BEN67685,2026-09-14 15:41:11,branch
BCH000104,ACC002562,BEN90665,BEN43909,2026-09-14 15:40:43,mobile
BCH000105,ACC003914,BEN56698,BEN35190,2026-09-14 15:41:12,branch
BCH000106,ACC003903,BEN93287,BEN52683,2026-09-14 15:40:55,internet
BCH000107,ACC002232,BEN38227,BEN29189,2026-09-14 15:42:49,branch
BCH000108,ACC004729,BEN51250,BEN48201,2026-09-14 15:45:15,internet
BCH000109,ACC000571,BEN21302,BEN38151,2026-09-14 15:44:23,branch
BCH000110,ACC002760,BEN72743,BEN91354,2026-09-14 15:43:35,mobile
BCH000111,ACC003947,BEN68806,BEN90860,2026-09-14 15:41:52,mobile
BCH000112,ACC001714,BEN96914,BEN62862,2026-09-14 15:42:31,internet
BCH000113,ACC004043,BEN78010,BEN18358,2026-09-14 15:40:58,internet
BCH000114,ACC001935,BEN97905,BEN56378,2026-09-14 15:44:49,branch
BCH000115,ACC002310,BEN91502,BEN77252,2026-09-14 15:40:42,mobile
BCH000116,ACC001232,BEN22657,BEN29451,2026-09-14 15:41:08,branch
BCH000117,ACC003163,BEN73267,BEN97091,2026-09-14 15:42:57,internet
BCH000118,ACC003121,BEN51057,BEN11362,2026-09-14 15:42:24,branch
BCH000119,ACC002654,BEN92458,BEN14945,2026-09-14 15:43:43,mobile
BCH000120,ACC002257,BEN81284,BEN69533,2026-09-14 15:44:42,mobile
BCH000121,ACC000445,BEN71590,BEN42596,2026-09-14 15:41:14,mobile
BCH000122,ACC004773,BEN56281,BEN19520,2026-09-14 15:44:15,internet
BCH000123,ACC003903,BEN90413,BEN50127,2026-09-14 15:40:42,branch
BCH000124,ACC002097,BEN94910,BEN63626,2026-09-14 15:43:02,mobile
BCH000125,ACC000780,BEN33046,BEN25241,2026-09-14 15:42:33,internet
BCH000126,ACC004149,BEN34974,BEN19819,2026-09-14 15:44:24,branch
BCH000127,ACC000557,BEN87402,BEN95602,2026-09-14 15:45:12,branch
BCH000128,ACC000048,BEN69067,BEN12635,2026-09-14 15:43:47,mobile
BCH000129,ACC003737,BEN81457,BEN83213,2026-09-14 15:45:09,internet
BCH000130,ACC004560,BEN78628,BEN57392,2026-09-14 15:41:46,mobile
BCH000131,ACC001784,BEN62826,BEN90173,2026-09-14 15:44:48,branch
BCH000132,ACC002273,BEN15301,BEN34082,2026-09-14 15:45:49,mobile
BCH000133,ACC003340,BEN61334,BEN50918,2026-09-14 15:45:48,internet
BCH000134,ACC000353,BEN75844,BEN91872,2026-09-14 15:43:31,branch
BCH000135,ACC003921,BEN68419,BEN56918,2026-09-14 15:43:54,mobile
BCH000136,ACC001221,BEN10666,BEN33820,2026-09-14 15:41:55,internet
BCH000137,ACC001485,BEN36767,BEN84682,2026-09-14 15:43:38,branch
BCH000138,ACC004123,BEN16578,BEN28982,2026-09-14 15:42:32,mobile
BCH000139,ACC004071,BEN74396,BEN34898,2026-09-14 15:44:27,branch
BCH000140,ACC000813,BEN71214,BEN45699,2026-09-14 15:42:40,branch
BCH000141,ACC001412,BEN53675,BEN85781,2026-09-14 15:40:27,branch
BCH000142,ACC003912,BEN40491,BEN32737,2026-09-14 15:45:52,branch
BCH000143,ACC003554,BEN43698,BEN69046,2026-09-14 15:44:03,mobile
BCH000144,ACC000750,BEN29331,BEN20629,2026-09-14 15:45:40,branch
BCH000145,ACC003486,BEN68259,BEN40222,2026-09-14 15:40:23,branch
BCH000146,ACC003817,BEN55473,BEN94896,2026-09-14 15:40:34,internet
BCH000147,ACC002705,BEN60908,BEN56945,2026-09-14 15:44:07,branch
BCH000148,ACC000352,BEN52451,BEN52767,2026-09-14 15:46:03,mobile
BCH000149,ACC000663,BEN87942,BEN56483,2026-09-14 15:43:52,mobile
BCH000150,ACC003645,BEN90778,BEN51031,2026-09-14 15:43:34,branch
BCH000151,ACC002346,BEN17776,BEN32461,2026-09-14 15:40:15,mobile
BCH000152,ACC004245,BEN77487,BEN50404,2026-09-14 15:41:31,mobile
BCH000153,ACC003386,BEN42334,BEN33618,2026-09-14 15:45:13,branch
BCH000154,ACC000143,BEN20711,BEN19845,2026-09-14 15:43:47,branch
BCH000155,ACC002076,BEN74683,BEN28433,2026-09-14 15:43:20,mobile
BCH000156,ACC000838,BEN14282,BEN99050,2026-09-14 15:45:25,branch
BCH000157,ACC004145,BEN97066,BEN99523,2026-09-14 15:43:38,internet
BCH000158,ACC003508,BEN12755,BEN13951,2026-09-14 15:41:17,internet
BCH000159,ACC000515,BEN99150,BEN78645,2026-09-14 15:42:51,internet
BCH000160,ACC002714,BEN91921,BEN43939,2026-09-14 15:41:37,branch
BCH000161,ACC001674,BEN59579,BEN35390,2026-09-14 15:43:54,internet
BCH000162,ACC001205,BEN79595,BEN60429,2026-09-14 15:40:20,mobile
BCH000163,ACC004085,BEN62483,BEN20753,2026-09-14 15:43:48,branch
BCH000164,ACC001670,BEN21408,BEN59261,2026-09-14 15:45:16,branch
BCH000165,ACC001558,BEN65277,BEN27105,2026-09-14 15:44:37,internet
BCH000166,ACC003675,BEN19096,BEN48840,2026-09-14 15:40:08,branch
BCH000167,ACC003754,BEN23573,BEN81500,2026-09-14 15:45:07,mobile
BCH000168,ACC003174,BEN24163,BEN33192,2026-09-14 15:45:43,branch
BCH000169,ACC004343,BEN27837,BEN60097,2026-09-14 15:42:55,branch
BCH000170,ACC002822,BEN94835,BEN14029,2026-09-14 15:42:32,mobile
BCH000171,ACC002471,BEN90213,BEN42495,2026-09-14 15:43:54,mobile
BCH000172,ACC001239,BEN31111,BEN13544,2026-09-14 15:44:59,branch
BCH000173,ACC004038,BEN28254,BEN59811,2026-09-14 15:44:22,internet
BCH000174,ACC003657,BEN95657,BEN11578,2026-09-14 15:45:38,mobile
BCH000175,ACC000711,BEN63854,BEN17146,2026-09-14 15:40:22,mobile
BCH000176,ACC002348,BEN39899,BEN26300,2026-09-14 15:44:02,mobile
BCH000177,ACC003559,BEN70821,BEN13157,2026-09-14 15:44:40,internet
BCH000178,ACC002016,BEN17860,BEN71673,2026-09-14 15:43:23,mobile
BCH000179,ACC000713,BEN36303,BEN92596,2026-09-14 15:43:46,internet
BCH000180,ACC004998,BEN95008,BEN93372,2026-09-14 15:41:58,mobile
BCH000181,ACC003914,BEN12950,BEN49895,2026-09-14 15:45:23,branch
BCH000182,ACC004285,BEN45688,BEN78760,2026-09-14 15:41:49,mobile
BCH000183,ACC001929,BEN89221,BEN35939,2026-09-14 15:45:59,branch
BCH000184,ACC003148,BEN14069,BEN71143,2026-09-14 15:45:59,internet
BCH000185,ACC004174,BEN21965,BEN10981,2026-09-14 15:40:15,branch
BCH000186,ACC002756,BEN41847,BEN63121,2026-09-14 15:45:43,branch
BCH000187,ACC000211,BEN39608,BEN41451,2026-09-14 15:45:44,internet
BCH000188,ACC001660,BEN35590,BEN67973,2026-09-14 15:42:37,branch
BCH000189,ACC004113,BEN80551,BEN51663,2026-09-14 15:41:43,internet
BCH000190,ACC001740,BEN43089,BEN34562,2026-09-14 15:43:52,internet
BCH000191,ACC004647,BEN60626,BEN82767,2026-09-14 15:40:28,internet
BCH000192,ACC001340,BEN56044,BEN89751,2026-09-14 15:40:27,branch
BCH000193,ACC000898,BEN54804,BEN83725,2026-09-14 15:45:08,branch
BCH000194,ACC003817,BEN73038,BEN92183,2026-09-14 15:44:22,internet
BCH000195,ACC000408,BEN61752,BEN18497,2026-09-14 15:42:49,internet
BCH000196,ACC004202,BEN10077,BEN96459,2026-09-14 15:41:17,internet
BCH000197,ACC000623,BEN62202,BEN86524,2026-09-14 15:42:42,branch
BCH000198,ACC000188,BEN68402,BEN37341,2026-09-14 15:40:29,branch
BCH000199,ACC000970,BEN12153,BEN55868,2026-09-14 15:42:25,branch
BCH000200,ACC002168,BEN34297,BEN46132,2026-09-14 15:41:00,branch
BCH000201,ACC003924,BEN82236,BEN72063,2026-09-14 15:45:24,mobile
BCH000202,ACC000497,BEN11485,BEN23703,2026-09-14 15:43:38,mobile
BCH000203,ACC002283,BEN98520,BEN35875,2026-09-14 15:40:23,mobile
BCH000204,ACC004683,BEN48333,BEN28661,2026-09-14 15:44:58,internet
BCH000205,ACC002510,BEN19723,BEN37610,2026-09-14 15:43:51,branch
BCH000206,ACC001771,BEN63469,BEN52997,2026-09-14 15:41:57,internet
BCH000207,ACC004914,BEN86458,BEN73786,2026-09-14 15:43:40,internet
BCH000208,ACC004819,BEN12768,BEN68175,2026-09-14 15:45:28,internet
BCH000209,ACC002969,BEN78093,BEN42793,2026-09-14 15:41:10,branch
BCH000210,ACC001033,BEN29477,BEN44663,2026-09-14 15:40:31,branch
BCH000211,ACC000882,BEN67326,BEN54037,2026-09-14 15:45:47,mobile
BCH000212,ACC001697,BEN98291,BEN38456,2026-09-14 15:40:15,internet
BCH000213,ACC002147,BEN97842,BEN31135,2026-09-14 15:43:03,branch
BCH000214,ACC003053,BEN68441,BEN18304,2026-09-14 15:42:25,mobile
BCH000215,ACC001993,BEN69033,BEN93701,2026-09-14 15:44:16,internet
BCH000216,ACC003619,BEN41465,BEN28421,2026-09-14 15:42:48,mobile
BCH000217,ACC002211,BEN43863,BEN60625,2026-09-14 15:45:26,internet
BCH000218,ACC004397,BEN72038,BEN54217,2026-09-14 15:43:41,mobile
BCH000219,ACC003026,BEN15740,BEN60133,2026-09-14 15:40:38,mobile
BCH000220,ACC000479,BEN61689,BEN47026,2026-09-14 15:40:36,mobile
BCH000221,ACC000049,BEN11507,BEN52141,2026-09-14 15:42:51,mobile
BCH000222,ACC004703,BEN78209,BEN40904,2026-09-14 15:43:12,internet
BCH000223,ACC000254,BEN85418,BEN14191,2026-09-14 15:44:14,mobile
BCH000224,ACC002169,BEN58740,BEN52481,2026-09-14 15:41:21,mobile
BCH000225,ACC003313,BEN38258,BEN91348,2026-09-14 15:46:04,mobile
BCH000226,ACC004476,BEN13518,BEN52734,2026-09-14 15:44:32,mobile
BCH000227,ACC004805,BEN55725,BEN90638,2026-09-14 15:41:35,internet
BCH000228,ACC001741,BEN38494,BEN34208,2026-09-14 15:42:38,branch
BCH000229,ACC004099,BEN83630,BEN28316,2026-09-14 15:40:37,mobile
BCH000230,ACC000555,BEN23981,BEN96061,2026-09-14 15:41:17,branch
BCH000231,ACC000570,BEN20386,BEN20754,2026-09-14 15:43:04,mobile
BCH000232,ACC001097,BEN57419,BEN69772,2026-09-14 15:41:45,mobile
BCH000233,ACC004800,BEN71273,BEN43591,2026-09-14 15:44:59,mobile
BCH000234,ACC000494,BEN61129,BEN87018,2026-09-14 15:45:35,internet
BCH000235,ACC004597,BEN78811,BEN28291,2026-09-14 15:43:48,branch
BCH000236,ACC001076,BEN30033,BEN25461,2026-09-14 15:45:22,branch
BCH000237,ACC001913,BEN96212,BEN60013,2026-09-14 15:43:01,mobile
BCH000238,ACC001365,BEN22377,BEN32002,2026-09-14 15:43:43,internet
BCH000239,ACC003965,BEN76127,BEN35597,2026-09-14 15:40:08,mobile
BCH000240,ACC000515,BEN92503,BEN10053,2026-09-14 15:41:40,branch
BCH000241,ACC000556,BEN93093,BEN17204,2026-09-14 15:42:01,internet
BCH000242,ACC004149,BEN51040,BEN93653,2026-09-14 15:44:40,branch
BCH000243,ACC001266,BEN16172,BEN67421,2026-09-14 15:40:45,mobile
BCH000244,ACC002440,BEN96639,BEN99791,2026-09-14 15:45:47,mobile
BCH000245,ACC001865,BEN73189,BEN31057,2026-09-14 15:43:28,mobile
BCH000246,ACC004731,BEN83213,BEN93036,2026-09-14 15:44:50,mobile
BCH000247,ACC000469,BEN91230,BEN70936,2026-09-14 15:44:08,internet
BCH000248,ACC001639,BEN30145,BEN64931,2026-09-14 15:45:57,branch
BCH000249,ACC003990,BEN75935,BEN45877,2026-09-14 15:42:42,branch
BCH000250,ACC002604,BEN49802,BEN52307,2026-09-14 15:40:43,mobile
BCH000251,ACC001505,BEN99123,BEN65369,2026-09-14 15:40:51,mobile
BCH000252,ACC004998,BEN78917,BEN97468,2026-09-14 15:42:07,internet
BCH000253,ACC004950,BEN61285,BEN68541,2026-09-14 15:45:35,branch
BCH000254,ACC004917,BEN98535,BEN14376,2026-09-14 15:41:11,branch
BCH000255,ACC003965,BEN10709,BEN85775,2026-09-14 15:45:05,mobile
BCH000256,ACC003202,BEN96864,BEN80626,2026-09-14 15:42:44,mobile
BCH000257,ACC003675,BEN93573,BEN21606,2026-09-14 15:41:12,branch
BCH000258,ACC002132,BEN40341,BEN35177,2026-09-14 15:40:58,branch
BCH000259,ACC002873,BEN92844,BEN57488,2026-09-14 15:44:36,mobile
BCH000260,ACC003875,BEN42128,BEN48388,2026-09-14 15:41:28,internet
BCH000261,ACC004493,BEN25372,BEN20984,2026-09-14 15:44:08,internet
BCH000262,ACC003745,BEN32852,BEN81906,2026-09-14 15:41:41,internet
BCH000263,ACC002089,BEN87643,BEN57696,2026-09-14 15:43:15,mobile
BCH000264,ACC000927,BEN52310,BEN29495,2026-09-14 15:42:04,mobile
BCH000265,ACC002755,BEN54259,BEN52381,2026-09-14 15:41:24,internet
BCH000266,ACC004340,BEN22681,BEN68637,2026-09-14 15:40:29,internet
BCH000267,ACC001754,BEN89168,BEN98559,2026-09-14 15:40:35,mobile
BCH000268,ACC001596,BEN71102,BEN22503,2026-09-14 15:40:26,branch
BCH000269,ACC004233,BEN59494,BEN83502,2026-09-14 15:41:57,internet
BCH000270,ACC004263,BEN48653,BEN28253,2026-09-14 15:44:14,branch
BCH000271,ACC001303,BEN62231,BEN78828,2026-09-14 15:45:19,internet
BCH000272,ACC002491,BEN43815,BEN86364,2026-09-14 15:45:55,internet
BCH000273,ACC003692,BEN19038,BEN48653,2026-09-14 15:44:56,internet
BCH000274,ACC002131,BEN65873,BEN45235,2026-09-14 15:42:48,internet
BCH000275,ACC001873,BEN34668,BEN45304,2026-09-14 15:41:35,internet
BCH000276,ACC001524,BEN51966,BEN46950,2026-09-14 15:44:46,internet
BCH000277,ACC002323,BEN78512,BEN75499,2026-09-14 15:40:15,branch
BCH000278,ACC000334,BEN87870,BEN79284,2026-09-14 15:43:43,mobile
BCH000279,ACC004371,BEN77847,BEN99108,2026-09-14 15:41:51,internet
BCH000280,ACC001584,BEN32405,BEN70067,2026-09-14 15:43:33,branch
BCH000281,ACC002601,BEN42118,BEN57671,2026-09-14 15:41:47,internet
BCH000282,ACC001593,BEN65849,BEN97942,2026-09-14 15:42:54,branch
BCH000283,ACC004856,BEN33838,BEN84000,2026-09-14 15:41:36,internet
BCH000284,ACC000508,BEN41888,BEN45616,2026-09-14 15:45:50,mobile
BCH000285,ACC003015,BEN88061,BEN20234,2026-09-14 15:44:24,internet
BCH000286,ACC000755,BEN47233,BEN14497,2026-09-14 15:40:30,internet
BCH000287,ACC000483,BEN35197,BEN77280,2026-09-14 15:40:45,branch
BCH000288,ACC002371,BEN70123,BEN25419,2026-09-14 15:42:49,internet
BCH000289,ACC000174,BEN59092,BEN16598,2026-09-14 15:44:02,mobile
BCH000290,ACC004866,BEN11348,BEN54891,2026-09-14 15:43:44,mobile
BCH000291,ACC002534,BEN73961,BEN73851,2026-09-14 15:42:26,mobile
BCH000292,ACC000289,BEN92219,BEN61310,2026-09-14 15:40:31,branch
BCH000293,ACC002384,BEN36796,BEN55138,2026-09-14 15:45:01,branch
BCH000294,ACC003303,BEN27775,BEN95473,2026-09-14 15:44:55,branch
BCH000295,ACC000516,BEN89505,BEN64270,2026-09-14 15:44:47,mobile
BCH000296,ACC000774,BEN80849,BEN78405,2026-09-14 15:44:02,mobile
BCH000297,ACC000144,BEN73139,BEN45312,2026-09-14 15:41:29,branch
BCH000298,ACC003235,BEN53629,BEN48854,2026-09-14 15:44:13,branch
BCH000299,ACC000744,BEN20265,BEN37232,2026-09-14 15:43:17,mobile
BCH000300,ACC000040,BEN14377,BEN81990,2026-09-14 15:40:56,branch
BCH000301,ACC002858,BEN62339,BEN54120,2026-09-14 15:40:13,mobile
BCH000302,ACC004089,BEN93869,BEN75878,2026-09-14 15:45:58,branch
BCH000303,ACC003977,BEN15521,BEN40687,2026-09-14 15:43:46,internet
BCH000304,ACC002814,BEN69566,BEN72366,2026-09-14 15:44:45,branch
BCH000305,ACC002676,BEN99747,BEN96071,2026-09-14 15:43:55,branch
BCH000306,ACC003327,BEN88773,BEN24603,2026-09-14 15:40:40,internet
BCH000307,ACC000316,BEN21494,BEN93902,2026-09-14 15:45:01,mobile
BCH000308,ACC004279,BEN16495,BEN41908,2026-09-14 15:45:58,branch
BCH000309,ACC004882,BEN85527,BEN88531,2026-09-14 15:43:14,internet
BCH000310,ACC003797,BEN41839,BEN91104,2026-09-14 15:41:50,branch
BCH000311,ACC004009,BEN93037,BEN78409,2026-09-14 15:45:24,internet
BCH000312,ACC001348,BEN68186,BEN17495,2026-09-14 15:43:10,mobile
BCH000313,ACC002876,BEN82342,BEN14841,2026-09-14 15:40:40,branch
BCH000314,ACC002788,BEN69373,BEN59306,2026-09-14 15:44:57,mobile
BCH000315,ACC000926,BEN75047,BEN53370,2026-09-14 15:41:42,mobile
BCH000316,ACC003231,BEN78558,BEN51618,2026-09-14 15:42:49,branch
BCH000317,ACC004689,BEN73011,BEN64158,2026-09-14 15:40:09,internet
BCH000318,ACC004957,BEN19166,BEN95993,2026-09-14 15:40:27,mobile
BCH000319,ACC002888,BEN46300,BEN87516,2026-09-14 15:41:38,mobile
BCH000320,ACC001367,BEN93460,BEN39293,2026-09-14 15:41:59,internet
BCH000321,ACC004610,BEN47499,BEN16627,2026-09-14 15:40:25,branch
BCH000322,ACC003448,BEN30840,BEN75299,2026-09-14 15:43:53,branch
BCH000323,ACC003380,BEN87926,BEN70793,2026-09-14 15:45:02,mobile
BCH000324,ACC004819,BEN15531,BEN85463,2026-09-14 15:41:46,branch
BCH000325,ACC000756,BEN13347,BEN12760,2026-09-14 15:40:56,internet
BCH000326,ACC000229,BEN26278,BEN45520,2026-09-14 15:42:14,internet
BCH000327,ACC003978,BEN82045,BEN70936,2026-09-14 15:43:42,internet
BCH000328,ACC002570,BEN95864,BEN24082,2026-09-14 15:43:56,mobile
BCH000329,ACC004254,BEN43565,BEN64263,2026-09-14 15:46:03,mobile
BCH000330,ACC004650,BEN71310,BEN44141,2026-09-14 15:45:55,mobile
BCH000331,ACC000041,BEN46781,BEN75635,2026-09-14 15:42:00,branch
BCH000332,ACC001590,BEN29840,BEN61059,2026-09-14 15:44:12,mobile
BCH000333,ACC001091,BEN89627,BEN17854,2026-09-14 15:41:12,mobile
BCH000334,ACC000226,BEN94306,BEN16176,2026-09-14 15:45:25,branch
BCH000335,ACC002643,BEN49971,BEN42299,2026-09-14 15:43:26,mobile
BCH000336,ACC001744,BEN87730,BEN48799,2026-09-14 15:42:22,mobile
BCH000337,ACC001023,BEN98749,BEN40278,2026-09-14 15:45:29,mobile
BCH000338,ACC001702,BEN31092,BEN90655,2026-09-14 15:44:35,internet
BCH000339,ACC002426,BEN62925,BEN26644,2026-09-14 15:40:23,internet
BCH000340,ACC002140,BEN38382,BEN41322,2026-09-14 15:43:54,internet
BCH000341,ACC004247,BEN56439,BEN55774,2026-09-14 15:41:06,mobile
BCH000342,ACC000737,BEN26715,BEN15604,2026-09-14 15:45:16,mobile
BCH000343,ACC002195,BEN45012,BEN61606,2026-09-14 15:44:22,branch
BCH000344,ACC001474,BEN51663,BEN59194,2026-09-14 15:41:49,mobile
BCH000345,ACC003573,BEN30231,BEN60651,2026-09-14 15:41:35,mobile
BCH000346,ACC002703,BEN82348,BEN58591,2026-09-14 15:42:28,mobile
BCH000347,ACC002981,BEN59178,BEN94711,2026-09-14 15:43:40,internet
BCH000348,ACC004745,BEN63774,BEN78713,2026-09-14 15:45:40,mobile
BCH000349,ACC004230,BEN35655,BEN27515,2026-09-14 15:44:05,mobile
BCH000350,ACC004967,BEN15831,BEN77399,2026-09-14 15:42:52,mobile
BCH000351,ACC003987,BEN93783,BEN28862,2026-09-14 15:43:15,mobile
BCH000352,ACC004403,BEN65398,BEN91349,2026-09-14 15:40:33,branch
BCH000353,ACC000121,BEN42219,BEN78402,2026-09-14 15:41:16,internet
BCH000354,ACC004224,BEN29384,BEN15379,2026-09-14 15:44:47,branch
BCH000355,ACC002864,BEN26224,BEN25110,2026-09-14 15:43:14,branch
BCH000356,ACC001473,BEN28770,BEN29294,2026-09-14 15:45:51,mobile
BCH000357,ACC001691,BEN20835,BEN11847,2026-09-14 15:41:51,branch
BCH000358,ACC000512,BEN33204,BEN50530,2026-09-14 15:42:33,mobile
BCH000359,ACC002664,BEN40307,BEN24439,2026-09-14 15:40:30,branch
BCH000360,ACC002991,BEN74361,BEN20264,2026-09-14 15:45:53,mobile
BCH000361,ACC004213,BEN24564,BEN10642,2026-09-14 15:44:43,internet
BCH000362,ACC001251,BEN55183,BEN60716,2026-09-14 15:41:11,branch
BCH000363,ACC004244,BEN40123,BEN53758,2026-09-14 15:44:50,branch
BCH000364,ACC004318,BEN73610,BEN15439,2026-09-14 15:45:40,internet
BCH000365,ACC004759,BEN82119,BEN17136,2026-09-14 15:42:19,internet
BCH000366,ACC000026,BEN24654,BEN40343,2026-09-14 15:43:10,branch
BCH000367,ACC004855,BEN94800,BEN49876,2026-09-14 15:40:36,mobile
BCH000368,ACC000783,BEN21119,BEN23032,2026-09-14 15:44:40,internet
BCH000369,ACC000411,BEN91893,BEN20409,2026-09-14 15:42:45,branch
BCH000370,ACC004880,BEN56535,BEN85310,2026-09-14 15:41:04,internet
BCH000371,ACC004332,BEN14410,BEN20125,2026-09-14 15:45:23,internet
BCH000372,ACC004091,BEN64199,BEN24878,2026-09-14 15:43:37,mobile
BCH000373,ACC003119,BEN61419,BEN91164,2026-09-14 15:40:15,mobile
BCH000374,ACC002879,BEN20116,BEN15374,2026-09-14 15:44:07,branch
BCH000375,ACC000471,BEN57746,BEN95626,2026-09-14 15:44:56,branch
BCH000376,ACC001475,BEN10687,BEN56166,2026-09-14 15:43:00,internet
BCH000377,ACC000389,BEN66957,BEN54652,2026-09-14 15:40:25,branch
BCH000378,ACC002233,BEN32007,BEN88461,2026-09-14 15:41:54,internet
BCH000379,ACC003651,BEN87629,BEN38572,2026-09-14 15:40:27,branch
BCH000380,ACC002030,BEN27508,BEN15275,2026-09-14 15:45:52,mobile
BCH000381,ACC004580,BEN79829,BEN96726,2026-09-14 15:44:37,mobile
BCH000382,ACC002475,BEN37056,BEN89261,2026-09-14 15:42:50,internet
BCH000383,ACC000264,BEN64728,BEN56112,2026-09-14 15:44:16,internet
BCH000384,ACC004364,BEN80129,BEN21468,2026-09-14 15:43:43,internet
BCH000385,ACC003042,BEN99791,BEN84708,2026-09-14 15:43:07,branch
BCH000386,ACC004215,BEN26915,BEN40134,2026-09-14 15:42:13,mobile
BCH000387,ACC002632,BEN76819,BEN83232,2026-09-14 15:43:06,branch
BCH000388,ACC001100,BEN72479,BEN94677,2026-09-14 15:43:08,branch
BCH000389,ACC003096,BEN61225,BEN62396,2026-09-14 15:40:51,internet
BCH000390,ACC000711,BEN18523,BEN21215,2026-09-14 15:44:41,mobile
BCH000391,ACC000539,BEN69492,BEN93860,2026-09-14 15:43:38,mobile
BCH000392,ACC003350,BEN29392,BEN37283,2026-09-14 15:41:21,internet
BCH000393,ACC000616,BEN13789,BEN99208,2026-09-14 15:44:59,branch
BCH000394,ACC000451,BEN74171,BEN63193,2026-09-14 15:41:38,branch
BCH000395,ACC002754,BEN60168,BEN96250,2026-09-14 15:45:54,branch
BCH000396,ACC003329,BEN37466,BEN98618,2026-09-14 15:45:35,branch
BCH000397,ACC001254,BEN26388,BEN19630,2026-09-14 15:45:31,internet
BCH000398,ACC000753,BEN52191,BEN52257,2026-09-14 15:44:59,mobile
BCH000399,ACC003407,BEN35544,BEN31216,2026-09-14 15:45:18,mobile
BCH000400,ACC001488,BEN84177,BEN96197,2026-09-14 15:41:14,internet
BCH000401,ACC000683,BEN11689,BEN58123,2026-09-14 15:44:43,internet
BCH000402,ACC001124,BEN31502,BEN55679,2026-09-14 15:42:37,branch
BCH000403,ACC002667,BEN86510,BEN60936,2026-09-14 15:45:57,branch
BCH000404,ACC003713,BEN14830,BEN76239,2026-09-14 15:43:51,branch
BCH000405,ACC002983,BEN56070,BEN77581,2026-09-14 15:43:14,branch
BCH000406,ACC002945,BEN90894,BEN17444,2026-09-14 15:43:18,mobile
BCH000407,ACC004184,BEN98289,BEN11337,2026-09-14 15:42:28,branch
BCH000408,ACC004304,BEN72268,BEN45812,2026-09-14 15:41:26,branch
BCH000409,ACC003407,BEN82419,BEN52912,2026-09-14 15:41:53,branch
BCH000410,ACC001156,BEN19065,BEN68410,2026-09-14 15:41:36,mobile
BCH000411,ACC003006,BEN13039,BEN71484,2026-09-14 15:45:03,branch
BCH000412,ACC000388,BEN97323,BEN21627,2026-09-14 15:42:52,branch
BCH000413,ACC000430,BEN11655,BEN43360,2026-09-14 15:41:58,branch
BCH000414,ACC001433,BEN44391,BEN16308,2026-09-14 15:43:52,branch
BCH000415,ACC004459,BEN12275,BEN61649,2026-09-14 15:45:01,internet
BCH000416,ACC001926,BEN41734,BEN64330,2026-09-14 15:41:35,mobile
BCH000417,ACC003593,BEN33392,BEN85649,2026-09-14 15:41:36,branch
BCH000418,ACC002862,BEN65747,BEN80869,2026-09-14 15:43:04,branch
BCH000419,ACC004387,BEN10514,BEN10547,2026-09-14 15:41:19,internet
BCH000420,ACC001777,BEN48805,BEN42012,2026-09-14 15:44:03,branch
BCH000421,ACC000575,BEN57725,BEN75595,2026-09-14 15:42:29,mobile
BCH000422,ACC004641,BEN59343,BEN29136,2026-09-14 15:44:57,internet
BCH000423,ACC003976,BEN22878,BEN35088,2026-09-14 15:40:31,internet
BCH000424,ACC002416,BEN63602,BEN25349,2026-09-14 15:42:25,internet
BCH000425,ACC001609,BEN52765,BEN56868,2026-09-14 15:41:54,internet
BCH000426,ACC000261,BEN70021,BEN91302,2026-09-14 15:45:50,branch
BCH000427,ACC000553,BEN77388,BEN70343,2026-09-14 15:40:44,internet
BCH000428,ACC002049,BEN98251,BEN69159,2026-09-14 15:43:08,branch
BCH000429,ACC002747,BEN95585,BEN45856,2026-09-14 15:40:45,internet
BCH000430,ACC000015,BEN70167,BEN19939,2026-09-14 15:40:51,branch
BCH000431,ACC002037,BEN37786,BEN26006,2026-09-14 15:40:13,branch
BCH000432,ACC001697,BEN94416,BEN72066,2026-09-14 15:42:50,mobile
BCH000433,ACC001922,BEN31598,BEN86123,2026-09-14 15:43:32,internet
BCH000434,ACC004321,BEN75565,BEN44392,2026-09-14 15:44:27,branch
BCH000435,ACC002298,BEN74124,BEN29154,2026-09-14 15:42:13,internet
BCH000436,ACC002806,BEN12665,BEN72174,2026-09-14 15:43:43,branch
BCH000437,ACC002059,BEN62100,BEN69377,2026-09-14 15:45:44,branch
BCH000438,ACC002647,BEN76676,BEN81917,2026-09-14 15:40:13,branch
BCH000439,ACC003771,BEN40149,BEN60211,2026-09-14 15:41:25,branch
BCH000440,ACC003186,BEN55690,BEN99305,2026-09-14 15:41:08,internet
BCH000441,ACC000496,BEN94997,BEN39496,2026-09-14 15:40:14,branch
BCH000442,ACC003672,BEN95357,BEN49534,2026-09-14 15:40:16,branch
BCH000443,ACC002665,BEN55922,BEN74849,2026-09-14 15:42:23,branch
BCH000444,ACC000851,BEN29260,BEN66714,2026-09-14 15:41:20,mobile
BCH000445,ACC002287,BEN75887,BEN65237,2026-09-14 15:44:00,branch
BCH000446,ACC002891,BEN25180,BEN15678,2026-09-14 15:43:22,branch
BCH000447,ACC000226,BEN85735,BEN96247,2026-09-14 15:42:49,branch
BCH000448,ACC002063,BEN35854,BEN93226,2026-09-14 15:45:16,branch
BCH000449,ACC002561,BEN23661,BEN26736,2026-09-14 15:43:02,internet
BCH000450,ACC002220,BEN86732,BEN18803,2026-09-14 15:41:28,branch
BCH000451,ACC001340,BEN11904,BEN11664,2026-09-14 15:42:20,internet
BCH000452,ACC003741,BEN28942,BEN75307,2026-09-14 15:41:17,branch
BCH000453,ACC004217,BEN21052,BEN55555,2026-09-14 15:42:47,branch
BCH000454,ACC003161,BEN37785,BEN99263,2026-09-14 15:40:34,branch
BCH000455,ACC003591,BEN50619,BEN45395,2026-09-14 15:45:33,branch
BCH000456,ACC000047,BEN49212,BEN94169,2026-09-14 15:42:52,mobile
BCH000457,ACC002984,BEN38615,BEN38556,2026-09-14 15:45:05,mobile
BCH000458,ACC004683,BEN82390,BEN98518,2026-09-14 15:45:53,internet
BCH000459,ACC002601,BEN87031,BEN43529,2026-09-14 15:45:30,internet
BCH000460,ACC002855,BEN54413,BEN97059,2026-09-14 15:44:40,branch
BCH000461,ACC002691,BEN62722,BEN43576,2026-09-14 15:45:04,branch
BCH000462,ACC000525,BEN53731,BEN86639,2026-09-14 15:45:26,mobile
BCH000463,ACC004168,BEN90397,BEN13174,2026-09-14 15:43:37,internet
BCH000464,ACC002526,BEN95242,BEN69494,2026-09-14 15:45:05,internet
BCH000465,ACC002358,BEN93023,BEN43750,2026-09-14 15:45:51,branch
BCH000466,ACC003702,BEN26644,BEN76962,2026-09-14 15:42:45,branch
BCH000467,ACC003778,BEN85926,BEN92894,2026-09-14 15:44:56,mobile
BCH000468,ACC000536,BEN46929,BEN20547,2026-09-14 15:41:20,branch
BCH000469,ACC004038,BEN27673,BEN63835,2026-09-14 15:45:01,mobile
BCH000470,ACC004669,BEN70817,BEN64882,2026-09-14 15:43:51,mobile
BCH000471,ACC001831,BEN82368,BEN83554,2026-09-14 15:42:06,branch
BCH000472,ACC002116,BEN99561,BEN11148,2026-09-14 15:45:16,internet
BCH000473,ACC004655,BEN31921,BEN22811,2026-09-14 15:41:53,branch
BCH000474,ACC004545,BEN73648,BEN96119,2026-09-14 15:41:09,internet
BCH000475,ACC004137,BEN42422,BEN88981,2026-09-14 15:43:10,internet
BCH000476,ACC000172,BEN13027,BEN59281,2026-09-14 15:42:35,internet
BCH000477,ACC003425,BEN78162,BEN60181,2026-09-14 15:41:50,internet
BCH000478,ACC004751,BEN94187,BEN60990,2026-09-14 15:43:45,mobile
BCH000479,ACC000637,BEN56095,BEN28705,2026-09-14 15:43:43,mobile
BCH000480,ACC003301,BEN48722,BEN31218,2026-09-14 15:43:46,internet
BCH000481,ACC002483,BEN15221,BEN70665,2026-09-14 15:45:37,mobile
BCH000482,ACC002502,BEN44035,BEN64036,2026-09-14 15:44:19,internet
BCH000483,ACC004070,BEN39929,BEN31838,2026-09-14 15:44:58,internet
BCH000484,ACC001304,BEN93387,BEN82882,2026-09-14 15:45:36,mobile
BCH000485,ACC004265,BEN43525,BEN90375,2026-09-14 15:41:56,branch
BCH000486,ACC003138,BEN35745,BEN78028,2026-09-14 15:45:03,branch
BCH000487,ACC003879,BEN14443,BEN58737,2026-09-14 15:43:59,internet
BCH000488,ACC001031,BEN63291,BEN40466,2026-09-14 15:44:29,mobile
BCH000489,ACC002343,BEN24092,BEN58899,2026-09-14 15:41:45,mobile
BCH000490,ACC001831,BEN90554,BEN67079,2026-09-14 15:44:58,internet
BCH000491,ACC000718,BEN27636,BEN63023,2026-09-14 15:44:02,internet
BCH000492,ACC003437,BEN92400,BEN34938,2026-09-14 15:45:54,mobile
BCH000493,ACC004108,BEN11825,BEN27389,2026-09-14 15:40:16,mobile
BCH000494,ACC003674,BEN21925,BEN36181,2026-09-14 15:42:47,internet
BCH000495,ACC000123,BEN17816,BEN48472,2026-09-14 15:43:57,mobile
BCH000496,ACC003907,BEN21634,BEN59998,2026-09-14 15:41:51,internet
BCH000497,ACC001291,BEN99844,BEN74117,2026-09-14 15:43:49,internet
BCH000498,ACC001986,BEN17595,BEN88170,2026-09-14 15:44:24,branch
BCH000499,ACC004934,BEN53105,BEN73781,2026-09-14 15:41:39,branch
BCH000500,ACC001916,BEN80605,BEN72254,2026-09-14 15:45:43,internet
BCH000501,ACC000326,BEN91215,BEN28575,2026-09-14 15:41:39,mobile
BCH000502,ACC004308,BEN84915,BEN31721,2026-09-14 15:45:49,internet
BCH000503,ACC004083,BEN14747,BEN65087,2026-09-14 15:45:44,branch
BCH000504,ACC001128,BEN54707,BEN11736,2026-09-14 15:43:42,mobile
BCH000505,ACC004311,BEN77496,BEN75050,2026-09-14 15:42:56,branch
BCH000506,ACC004573,BEN20302,BEN12300,2026-09-14 15:43:57,mobile
BCH000507,ACC000026,BEN98342,BEN35841,2026-09-14 15:45:34,branch
BCH000508,ACC001031,BEN47576,BEN73137,2026-09-14 15:40:19,internet
BCH000509,ACC000751,BEN26590,BEN26393,2026-09-14 15:42:18,mobile
BCH000510,ACC000342,BEN58503,BEN50763,2026-09-14 15:43:49,branch
BCH000511,ACC003986,BEN28107,BEN55205,2026-09-14 15:42:46,branch
BCH000512,ACC000624,BEN16073,BEN41601,2026-09-14 15:44:57,branch
BCH000513,ACC000397,BEN86883,BEN80723,2026-09-14 15:41:13,internet
BCH000514,ACC004863,BEN55648,BEN79121,2026-09-14 15:44:02,internet
BCH000515,ACC001299,BEN58584,BEN39894,2026-09-14 15:44:55,branch
BCH000516,ACC001414,BEN92342,BEN95308,2026-09-14 15:41:48,branch
BCH000517,ACC000527,BEN13998,BEN53897,2026-09-14 15:45:26,mobile
BCH000518,ACC002223,BEN68736,BEN24713,2026-09-14 15:42:54,branch
BCH000519,ACC001562,BEN74716,BEN78303,2026-09-14 15:44:08,branch
BCH000520,ACC004886,BEN37864,BEN21339,2026-09-14 15:45:56,internet
BCH000521,ACC000880,BEN97194,BEN95752,2026-09-14 15:41:14,branch
BCH000522,ACC003056,BEN45463,BEN30844,2026-09-14 15:45:32,mobile
BCH000523,ACC000687,BEN26051,BEN20608,2026-09-14 15:42:48,branch
BCH000524,ACC003394,BEN29877,BEN84407,2026-09-14 15:44:50,internet
BCH000525,ACC004809,BEN60494,BEN44587,2026-09-14 15:43:45,branch
BCH000526,ACC004184,BEN99419,BEN53539,2026-09-14 15:43:18,branch
BCH000527,ACC004994,BEN45212,BEN78239,2026-09-14 15:40:27,mobile
BCH000528,ACC003031,BEN57419,BEN24746,2026-09-14 15:44:33,mobile
BCH000529,ACC001988,BEN49790,BEN78455,2026-09-14 15:45:16,mobile
BCH000530,ACC003900,BEN33927,BEN60269,2026-09-14 15:41:02,branch
BCH000531,ACC004328,BEN59673,BEN42874,2026-09-14 15:40:16,mobile
BCH000532,ACC004110,BEN12282,BEN98660,2026-09-14 15:42:33,mobile
BCH000533,ACC003724,BEN24372,BEN49777,2026-09-14 15:46:04,mobile
BCH000534,ACC003262,BEN22463,BEN31807,2026-09-14 15:41:54,internet
BCH000535,ACC004520,BEN96477,BEN73624,2026-09-14 15:40:17,internet
BCH000536,ACC004698,BEN90877,BEN44419,2026-09-14 15:41:21,branch
BCH000537,ACC001076,BEN66439,BEN97310,2026-09-14 15:43:15,branch
BCH000538,ACC002492,BEN99655,BEN76496,2026-09-14 15:44:46,internet
BCH000539,ACC000869,BEN77680,BEN50430,2026-09-14 15:43:28,mobile
BCH000540,ACC002901,BEN87132,BEN54404,2026-09-14 15:44:48,branch
BCH000541,ACC000455,BEN21255,BEN34851,2026-09-14 15:42:52,mobile
BCH000542,ACC000403,BEN91190,BEN24906,2026-09-14 15:43:44,internet
BCH000543,ACC003020,BEN14927,BEN91602,2026-09-14 15:42:14,mobile
BCH000544,ACC004033,BEN24262,BEN57239,2026-09-14 15:45:03,internet
BCH000545,ACC001595,BEN53883,BEN44539,2026-09-14 15:43:27,mobile
BCH000546,ACC004013,BEN40939,BEN52076,2026-09-14 15:44:04,mobile
BCH000547,ACC003084,BEN64080,BEN43015,2026-09-14 15:43:43,internet
BCH000548,ACC001496,BEN78688,BEN50580,2026-09-14 15:44:47,mobile
BCH000549,ACC003193,BEN71952,BEN46065,2026-09-14 15:40:04,mobile
BCH000550,ACC001445,BEN43423,BEN61218,2026-09-14 15:45:35,internet
BCH000551,ACC000005,BEN58986,BEN52405,2026-09-14 15:42:13,branch
BCH000552,ACC002137,BEN65208,BEN23656,2026-09-14 15:42:48,branch
BCH000553,ACC002770,BEN52925,BEN86211,2026-09-14 15:43:42,mobile
BCH000554,ACC001553,BEN47942,BEN34619,2026-09-14 15:45:14,internet
BCH000555,ACC004854,BEN48123,BEN17148,2026-09-14 15:45:58,branch
BCH000556,ACC004594,BEN41662,BEN85366,2026-09-14 15:41:32,mobile
BCH000557,ACC000687,BEN65008,BEN37434,2026-09-14 15:45:02,internet
BCH000558,ACC001630,BEN51388,BEN99643,2026-09-14 15:41:42,internet
BCH000559,ACC000366,BEN24715,BEN30830,2026-09-14 15:45:25,branch
BCH000560,ACC003895,BEN80643,BEN93748,2026-09-14 15:43:54,branch
BCH000561,ACC002034,BEN84430,BEN52831,2026-09-14 15:43:23,branch
BCH000562,ACC000257,BEN57137,BEN66810,2026-09-14 15:44:06,internet
BCH000563,ACC003971,BEN82627,BEN96743,2026-09-14 15:43:42,mobile
BCH000564,ACC004038,BEN79974,BEN52724,2026-09-14 15:41:14,mobile
BCH000565,ACC000036,BEN89598,BEN82137,2026-09-14 15:43:02,branch
BCH000566,ACC000325,BEN47563,BEN89103,2026-09-14 15:44:11,branch
BCH000567,ACC002082,BEN86486,BEN71817,2026-09-14 15:43:04,mobile
BCH000568,ACC000451,BEN25198,BEN69383,2026-09-14 15:45:56,branch
BCH000569,ACC000754,BEN60580,BEN52500,2026-09-14 15:45:50,mobile
BCH000570,ACC003140,BEN98254,BEN56635,2026-09-14 15:45:29,internet
BCH000571,ACC000009,BEN86091,BEN83571,2026-09-14 15:41:27,branch
BCH000572,ACC001102,BEN73935,BEN85494,2026-09-14 15:45:45,mobile
BCH000573,ACC003806,BEN61742,BEN45007,2026-09-14 15:42:02,branch
BCH000574,ACC004944,BEN68398,BEN73974,2026-09-14 15:42:50,mobile
BCH000575,ACC003456,BEN19216,BEN85154,2026-09-14 15:42:31,mobile
BCH000576,ACC001335,BEN59680,BEN49552,2026-09-14 15:40:14,branch
BCH000577,ACC001482,BEN69239,BEN36987,2026-09-14 15:40:23,mobile
BCH000578,ACC000506,BEN71212,BEN56772,2026-09-14 15:40:40,internet
BCH000579,ACC000557,BEN11045,BEN49571,2026-09-14 15:41:52,internet
BCH000580,ACC004557,BEN65196,BEN78608,2026-09-14 15:42:14,branch
BCH000581,ACC001512,BEN44972,BEN95430,2026-09-14 15:43:56,mobile
BCH000582,ACC003929,BEN82962,BEN36600,2026-09-14 15:42:46,mobile
BCH000583,ACC001587,BEN97659,BEN12197,2026-09-14 15:40:43,mobile
BCH000584,ACC003741,BEN99849,BEN98344,2026-09-14 15:43:25,branch
BCH000585,ACC001093,BEN34622,BEN68362,2026-09-14 15:41:12,mobile
BCH000586,ACC002942,BEN15322,BEN39680,2026-09-14 15:41:18,branch
BCH000587,ACC003346,BEN85252,BEN39119,2026-09-14 15:44:06,branch
BCH000588,ACC000062,BEN84368,BEN80079,2026-09-14 15:45:57,branch
BCH000589,ACC002148,BEN38923,BEN40651,2026-09-14 15:40:48,mobile
BCH000590,ACC002059,BEN64424,BEN36808,2026-09-14 15:44:25,mobile
BCH000591,ACC002919,BEN47385,BEN94778,2026-09-14 15:40:16,branch
BCH000592,ACC004295,BEN39191,BEN55096,2026-09-14 15:40:40,mobile
BCH000593,ACC001167,BEN32203,BEN53404,2026-09-14 15:44:16,internet
BCH000594,ACC002990,BEN87904,BEN86727,2026-09-14 15:42:29,internet
BCH000595,ACC001858,BEN50111,BEN26590,2026-09-14 15:42:30,internet
BCH000596,ACC002559,BEN58258,BEN25708,2026-09-14 15:42:00,mobile
BCH000597,ACC000321,BEN99921,BEN74498,2026-09-14 15:41:06,mobile
BCH000598,ACC004487,BEN50356,BEN23887,2026-09-14 15:45:39,branch
BCH000599,ACC004474,BEN37812,BEN80595,2026-09-14 15:45:03,internet
BCH000600,ACC004878,BEN40726,BEN33932,2026-09-14 15:42:22,internet
BCH000601,ACC002192,BEN56804,BEN54608,2026-09-14 15:45:08,mobile
BCH000602,ACC003241,BEN41223,BEN35041,2026-09-14 15:42:25,branch
BCH000603,ACC001088,BEN33097,BEN78385,2026-09-14 15:42:43,branch
BCH000604,ACC002679,BEN26250,BEN13659,2026-09-14 15:45:41,mobile
BCH000605,ACC000576,BEN87525,BEN26340,2026-09-14 15:43:19,branch
BCH000606,ACC000034,BEN78154,BEN17986,2026-09-14 15:40:52,internet
BCH000607,ACC002210,BEN21030,BEN62409,2026-09-14 15:44:44,branch
BCH000608,ACC003580,BEN98366,BEN62352,2026-09-14 15:45:29,mobile
BCH000609,ACC004147,BEN95093,BEN93432,2026-09-14 15:45:34,branch
BCH000610,ACC001231,BEN21775,BEN41322,2026-09-14 15:42:20,branch
BCH000611,ACC001698,BEN95238,BEN73178,2026-09-14 15:43:39,mobile
BCH000612,ACC002736,BEN79157,BEN88840,2026-09-14 15:43:20,branch
BCH000613,ACC001492,BEN30324,BEN11524,2026-09-14 15:42:45,branch
BCH000614,ACC001804,BEN69081,BEN80991,2026-09-14 15:43:18,internet
BCH000615,ACC001180,BEN29284,BEN68604,2026-09-14 15:43:05,branch
BCH000616,ACC001162,BEN42333,BEN69490,2026-09-14 15:46:01,branch
BCH000617,ACC004484,BEN51663,BEN38581,2026-09-14 15:42:31,mobile
BCH000618,ACC002997,BEN25117,BEN38450,2026-09-14 15:40:27,mobile
BCH000619,ACC004611,BEN63709,BEN13275,2026-09-14 15:43:03,internet
BCH000620,ACC004031,BEN77994,BEN53988,2026-09-14 15:44:23,branch
BCH000621,ACC003312,BEN34519,BEN29322,2026-09-14 15:44:51,branch
BCH000622,ACC000930,BEN12977,BEN73356,2026-09-14 15:40:43,internet
BCH000623,ACC003747,BEN87326,BEN41669,2026-09-14 15:40:46,mobile
BCH000624,ACC004873,BEN34691,BEN61756,2026-09-14 15:42:30,internet
BCH000625,ACC002803,BEN59944,BEN31944,2026-09-14 15:40:32,branch
BCH000626,ACC004650,BEN76430,BEN33338,2026-09-14 15:40:06,branch
BCH000627,ACC004346,BEN14635,BEN58628,2026-09-14 15:44:57,branch
BCH000628,ACC004623,BEN47459,BEN52420,2026-09-14 15:40:12,branch
BCH000629,ACC004723,BEN84072,BEN79577,2026-09-14 15:42:44,internet
BCH000630,ACC002003,BEN64767,BEN30390,2026-09-14 15:40:41,mobile
BCH000631,ACC001036,BEN70981,BEN12813,2026-09-14 15:45:24,branch
BCH000632,ACC001011,BEN17148,BEN68321,2026-09-14 15:44:13,mobile
BCH000633,ACC003660,BEN47864,BEN99935,2026-09-14 15:44:00,internet
BCH000634,ACC001871,BEN32341,BEN10895,2026-09-14 15:41:32,mobile
BCH000635,ACC001629,BEN70354,BEN25687,2026-09-14 15:43:21,branch
BCH000636,ACC004847,BEN34260,BEN46809,2026-09-14 15:44:53,internet
BCH000637,ACC004163,BEN18583,BEN13271,2026-09-14 15:40:24,mobile
BCH000638,ACC002089,BEN86550,BEN71379,2026-09-14 15:42:10,mobile
BCH000639,ACC002794,BEN67759,BEN61192,2026-09-14 15:42:39,branch
BCH000640,ACC000075,BEN87726,BEN65176,2026-09-14 15:44:13,internet
BCH000641,ACC003929,BEN90447,BEN82483,2026-09-14 15:43:52,branch
BCH000642,ACC002952,BEN25601,BEN22418,2026-09-14 15:45:25,internet
BCH000643,ACC000457,BEN72867,BEN55090,2026-09-14 15:43:33,branch
BCH000644,ACC003772,BEN83178,BEN68455,2026-09-14 15:41:42,mobile
BCH000645,ACC000938,BEN16482,BEN21171,2026-09-14 15:42:03,mobile
BCH000646,ACC001622,BEN98076,BEN90741,2026-09-14 15:44:36,internet
BCH000647,ACC001497,BEN55040,BEN49640,2026-09-14 15:43:30,internet
BCH000648,ACC002278,BEN90618,BEN45398,2026-09-14 15:45:22,internet
BCH000649,ACC003645,BEN65994,BEN76485,2026-09-14 15:43:43,mobile
BCH000650,ACC003202,BEN25367,BEN82975,2026-09-14 15:43:35,mobile
BCH000651,ACC004253,BEN96099,BEN58983,2026-09-14 15:43:04,internet
BCH000652,ACC004327,BEN14690,BEN30698,2026-09-14 15:40:57,mobile
BCH000653,ACC000645,BEN57319,BEN42070,2026-09-14 15:42:23,mobile
BCH000654,ACC000833,BEN87145,BEN96441,2026-09-14 15:45:06,mobile
BCH000655,ACC003072,BEN38374,BEN45573,2026-09-14 15:42:23,mobile
BCH000656,ACC004626,BEN68429,BEN25501,2026-09-14 15:40:53,internet
BCH000657,ACC004178,BEN82715,BEN80217,2026-09-14 15:44:37,internet
BCH000658,ACC003877,BEN81437,BEN57365,2026-09-14 15:45:50,mobile
BCH000659,ACC003438,BEN66901,BEN42204,2026-09-14 15:44:21,mobile
BCH000660,ACC002320,BEN59830,BEN38915,2026-09-14 15:41:10,branch
BCH000661,ACC000416,BEN31472,BEN59452,2026-09-14 15:40:18,mobile
BCH000662,ACC004155,BEN94152,BEN81730,2026-09-14 15:43:07,internet
BCH000663,ACC001499,BEN40420,BEN88787,2026-09-14 15:42:49,branch
BCH000664,ACC002686,BEN90984,BEN62533,2026-09-14 15:41:41,branch
BCH000665,ACC002230,BEN10797,BEN37771,2026-09-14 15:43:47,internet
BCH000666,ACC002585,BEN40382,BEN96692,2026-09-14 15:41:07,internet
BCH000667,ACC001973,BEN62122,BEN88275,2026-09-14 15:44:19,branch
BCH000668,ACC001831,BEN93505,BEN93554,2026-09-14 15:41:09,branch
BCH000669,ACC000994,BEN82429,BEN63428,2026-09-14 15:45:41,branch
BCH000670,ACC000318,BEN44749,BEN26625,2026-09-14 15:41:26,mobile
BCH000671,ACC003934,BEN59458,BEN97612,2026-09-14 15:43:11,internet
BCH000672,ACC001775,BEN14125,BEN98193,2026-09-14 15:45:03,mobile
BCH000673,ACC004957,BEN52410,BEN45423,2026-09-14 15:42:57,internet
BCH000674,ACC000759,BEN44283,BEN40899,2026-09-14 15:40:28,branch
BCH000675,ACC002194,BEN25405,BEN37641,2026-09-14 15:43:29,mobile
BCH000676,ACC002427,BEN90580,BEN24959,2026-09-14 15:40:17,mobile
BCH000677,ACC000356,BEN16258,BEN49129,2026-09-14 15:42:40,branch
BCH000678,ACC003515,BEN95837,BEN19092,2026-09-14 15:43:54,internet
BCH000679,ACC002528,BEN50331,BEN83944,2026-09-14 15:44:53,internet
BCH000680,ACC002448,BEN49256,BEN21654,2026-09-14 15:40:52,mobile
BCH000681,ACC004338,BEN98063,BEN77767,2026-09-14 15:43:02,branch
BCH000682,ACC002478,BEN44724,BEN78799,2026-09-14 15:45:59,branch
BCH000683,ACC002499,BEN93673,BEN85914,2026-09-14 15:45:12,mobile
BCH000684,ACC002365,BEN14680,BEN25048,2026-09-14 15:43:29,branch
BCH000685,ACC003062,BEN51980,BEN87178,2026-09-14 15:45:49,mobile
BCH000686,ACC004799,BEN50815,BEN31658,2026-09-14 15:41:42,internet
BCH000687,ACC003330,BEN97650,BEN39854,2026-09-14 15:45:03,mobile
BCH000688,ACC004872,BEN96815,BEN11811,2026-09-14 15:41:02,internet
BCH000689,ACC001210,BEN70297,BEN75937,2026-09-14 15:41:20,internet
BCH000690,ACC004170,BEN16170,BEN86344,2026-09-14 15:41:09,internet
BCH000691,ACC004009,BEN53362,BEN12446,2026-09-14 15:45:55,branch
BCH000692,ACC001749,BEN36607,BEN85737,2026-09-14 15:44:44,branch
BCH000693,ACC003657,BEN38995,BEN86217,2026-09-14 15:41:26,branch
BCH000694,ACC001713,BEN62201,BEN81105,2026-09-14 15:45:57,internet
BCH000695,ACC003735,BEN80747,BEN51887,2026-09-14 15:44:56,internet
BCH000696,ACC001443,BEN66756,BEN13779,2026-09-14 15:42:48,internet
BCH000697,ACC002000,BEN66460,BEN82111,2026-09-14 15:40:35,branch
BCH000698,ACC004929,BEN84690,BEN75872,2026-09-14 15:41:15,internet
BCH000699,ACC000390,BEN14953,BEN56543,2026-09-14 15:45:34,mobile
BCH000700,ACC003119,BEN33470,BEN58946,2026-09-14 15:45:51,internet
BCH000701,ACC004634,BEN80351,BEN37827,2026-09-14 15:40:19,mobile
BCH000702,ACC000776,BEN37141,BEN71564,2026-09-14 15:44:13,internet
BCH000703,ACC002380,BEN20500,BEN41083,2026-09-14 15:40:57,mobile
BCH000704,ACC004630,BEN79859,BEN30982,2026-09-14 15:40:48,branch
BCH000705,ACC003240,BEN21144,BEN26377,2026-09-14 15:42:01,mobile
BCH000706,ACC004129,BEN99253,BEN32027,2026-09-14 15:44:45,branch
BCH000707,ACC000735,BEN57633,BEN16755,2026-09-14 15:42:23,mobile
BCH000708,ACC002793,BEN66278,BEN85774,2026-09-14 15:40:36,branch
BCH000709,ACC004267,BEN52581,BEN20366,2026-09-14 15:41:45,internet
BCH000710,ACC001523,BEN49300,BEN14542,2026-09-14 15:43:35,internet
BCH000711,ACC003787,BEN50867,BEN54705,2026-09-14 15:41:46,internet
BCH000712,ACC003585,BEN78189,BEN46817,2026-09-14 15:44:46,mobile
BCH000713,ACC000505,BEN77751,BEN11488,2026-09-14 15:43:30,internet
BCH000714,ACC000743,BEN58659,BEN61018,2026-09-14 15:42:31,internet
BCH000715,ACC002017,BEN91241,BEN87459,2026-09-14 15:43:38,internet
BCH000716,ACC002292,BEN52124,BEN47565,2026-09-14 15:41:42,mobile
BCH000717,ACC002810,BEN22515,BEN21374,2026-09-14 15:45:23,internet
BCH000718,ACC000146,BEN51567,BEN89141,2026-09-14 15:40:11,internet
BCH000719,ACC002269,BEN58655,BEN15793,2026-09-14 15:42:41,branch
BCH000720,ACC001310,BEN80907,BEN84028,2026-09-14 15:42:43,internet
BCH000721,ACC004689,BEN67088,BEN59533,2026-09-14 15:45:43,branch
BCH000722,ACC004285,BEN95469,BEN18078,2026-09-14 15:42:18,mobile
BCH000723,ACC001887,BEN90397,BEN78383,2026-09-14 15:41:35,internet
BCH000724,ACC004732,BEN59717,BEN94648,2026-09-14 15:41:08,branch
BCH000725,ACC000366,BEN81071,BEN96014,2026-09-14 15:40:48,branch
BCH000726,ACC002376,BEN94044,BEN34796,2026-09-14 15:44:33,branch
BCH000727,ACC002808,BEN92041,BEN40060,2026-09-14 15:45:26,internet
BCH000728,ACC000792,BEN18486,BEN76664,2026-09-14 15:41:52,internet
BCH000729,ACC001620,BEN13796,BEN83273,2026-09-14 15:41:34,internet
BCH000730,ACC002251,BEN12087,BEN97019,2026-09-14 15:41:37,branch
BCH000731,ACC002764,BEN85782,BEN93045,2026-09-14 15:43:16,internet
BCH000732,ACC002052,BEN16881,BEN97285,2026-09-14 15:42:21,branch
BCH000733,ACC002253,BEN75341,BEN77355,2026-09-14 15:41:00,mobile
BCH000734,ACC001422,BEN35472,BEN52809,2026-09-14 15:42:31,internet
BCH000735,ACC003527,BEN35798,BEN35807,2026-09-14 15:44:44,branch
BCH000736,ACC002905,BEN61470,BEN16675,2026-09-14 15:41:27,internet
BCH000737,ACC004716,BEN25192,BEN84429,2026-09-14 15:41:29,internet
BCH000738,ACC000454,BEN76916,BEN75581,2026-09-14 15:45:05,branch
BCH000739,ACC001838,BEN58956,BEN47332,2026-09-14 15:42:15,mobile
BCH000740,ACC002985,BEN93668,BEN65063,2026-09-14 15:45:17,branch
BCH000741,ACC004994,BEN90391,BEN52178,2026-09-14 15:44:22,internet
BCH000742,ACC003544,BEN33050,BEN38134,2026-09-14 15:42:28,branch
BCH000743,ACC004709,BEN19178,BEN40679,2026-09-14 15:44:18,internet
BCH000744,ACC003766,BEN94503,BEN36532,2026-09-14 15:41:18,branch
BCH000745,ACC004736,BEN46442,BEN97259,2026-09-14 15:41:35,branch
BCH000746,ACC002224,BEN47389,BEN54654,2026-09-14 15:43:15,branch
BCH000747,ACC000576,BEN40338,BEN91251,2026-09-14 15:40:17,branch
BCH000748,ACC000296,BEN26242,BEN63526,2026-09-14 15:45:19,internet
BCH000749,ACC004624,BEN97195,BEN11225,2026-09-14 15:44:16,internet
BCH000750,ACC003049,BEN54180,BEN28857,2026-09-14 15:43:15,mobile
BCH000751,ACC002077,BEN66043,BEN75392,2026-09-14 15:42:52,branch
BCH000752,ACC000857,BEN77261,BEN64552,2026-09-14 15:40:39,mobile
BCH000753,ACC002465,BEN38541,BEN20104,2026-09-14 15:43:32,internet
BCH000754,ACC003436,BEN42906,BEN71624,2026-09-14 15:44:12,internet
BCH000755,ACC000092,BEN91452,BEN65389,2026-09-14 15:42:40,mobile
BCH000756,ACC003954,BEN82449,BEN73233,2026-09-14 15:45:59,internet
BCH000757,ACC004088,BEN50225,BEN72283,2026-09-14 15:44:40,branch
BCH000758,ACC003727,BEN86147,BEN43172,2026-09-14 15:41:39,branch
BCH000759,ACC001394,BEN75433,BEN25803,2026-09-14 15:40:04,mobile
BCH000760,ACC003901,BEN61170,BEN64075,2026-09-14 15:43:19,mobile
BCH000761,ACC002225,BEN16507,BEN33221,2026-09-14 15:45:26,mobile
BCH000762,ACC000371,BEN17653,BEN91211,2026-09-14 15:42:01,branch
BCH000763,ACC002690,BEN64518,BEN89295,2026-09-14 15:43:44,mobile
BCH000764,ACC001702,BEN76209,BEN72192,2026-09-14 15:43:29,mobile
BCH000765,ACC004018,BEN70359,BEN61358,2026-09-14 15:45:21,branch
BCH000766,ACC003932,BEN72168,BEN71180,2026-09-14 15:44:54,branch
BCH000767,ACC001988,BEN16005,BEN95469,2026-09-14 15:41:27,mobile
BCH000768,ACC002977,BEN52056,BEN61825,2026-09-14 15:44:20,internet
BCH000769,ACC004128,BEN45890,BEN44062,2026-09-14 15:42:43,branch
BCH000770,ACC002809,BEN75045,BEN21820,2026-09-14 15:43:01,internet
BCH000771,ACC001901,BEN30188,BEN69995,2026-09-14 15:44:44,branch
BCH000772,ACC002868,BEN54556,BEN41872,2026-09-14 15:41:16,internet
BCH000773,ACC000466,BEN38407,BEN96735,2026-09-14 15:41:48,mobile
BCH000774,ACC001734,BEN41677,BEN72116,2026-09-14 15:42:19,branch
BCH000775,ACC003434,BEN23532,BEN83322,2026-09-14 15:41:25,mobile
BCH000776,ACC001630,BEN20164,BEN14290,2026-09-14 15:41:48,branch
BCH000777,ACC001494,BEN36696,BEN65342,2026-09-14 15:44:43,mobile
BCH000778,ACC001365,BEN74125,BEN31067,2026-09-14 15:45:38,mobile
BCH000779,ACC001045,BEN17332,BEN17118,2026-09-14 15:42:35,internet
BCH000780,ACC002211,BEN71905,BEN59237,2026-09-14 15:40:46,mobile
BCH000781,ACC000729,BEN28256,BEN84885,2026-09-14 15:40:31,branch
BCH000782,ACC003357,BEN56802,BEN11430,2026-09-14 15:45:59,branch
BCH000783,ACC001577,BEN73901,BEN66493,2026-09-14 15:44:58,branch
BCH000784,ACC001213,BEN39163,BEN14225,2026-09-14 15:40:36,mobile
BCH000785,ACC002851,BEN41951,BEN20104,2026-09-14 15:40:17,mobile
BCH000786,ACC003309,BEN20456,BEN80641,2026-09-14 15:43:22,mobile
BCH000787,ACC001768,BEN55860,BEN85981,2026-09-14 15:40:20,branch
BCH000788,ACC000807,BEN23760,BEN17939,2026-09-14 15:45:16,mobile
BCH000789,ACC000714,BEN28457,BEN22029,2026-09-14 15:45:50,branch
BCH000790,ACC004071,BEN44630,BEN82314,2026-09-14 15:42:10,mobile
BCH000791,ACC002061,BEN14637,BEN28937,2026-09-14 15:44:56,mobile
BCH000792,ACC002157,BEN95509,BEN32015,2026-09-14 15:41:22,branch
BCH000793,ACC001273,BEN76489,BEN72382,2026-09-14 15:42:47,branch
BCH000794,ACC003287,BEN51154,BEN36233,2026-09-14 15:41:48,internet
BCH000795,ACC001340,BEN57629,BEN61670,2026-09-14 15:44:11,branch
BCH000796,ACC003131,BEN50618,BEN91160,2026-09-14 15:42:46,mobile
BCH000797,ACC000940,BEN17253,BEN33630,2026-09-14 15:40:59,internet
BCH000798,ACC000524,BEN96847,BEN70636,2026-09-14 15:41:32,internet
BCH000799,ACC001729,BEN17060,BEN18917,2026-09-14 15:40:53,mobile
BCH000800,ACC004143,BEN72377,BEN45464,2026-09-14 15:42:00,mobile
BCH000801,ACC000925,BEN52565,BEN99381,2026-09-14 15:46:04,mobile
BCH000802,ACC003400,BEN27278,BEN54655,2026-09-14 15:40:17,branch
BCH000803,ACC004838,BEN50462,BEN46505,2026-09-14 15:44:36,mobile
BCH000804,ACC000090,BEN71468,BEN70051,2026-09-14 15:43:07,branch
BCH000805,ACC002678,BEN51460,BEN46011,2026-09-14 15:40:39,internet
BCH000806,ACC003169,BEN46749,BEN13574,2026-09-14 15:43:29,internet
BCH000807,ACC002799,BEN54661,BEN45554,2026-09-14 15:41:49,internet
BCH000808,ACC003328,BEN81106,BEN43917,2026-09-14 15:44:16,mobile
BCH000809,ACC003510,BEN26315,BEN30584,2026-09-14 15:44:14,mobile
BCH000810,ACC003979,BEN98052,BEN17304,2026-09-14 15:45:46,branch
BCH000811,ACC000082,BEN68415,BEN79342,2026-09-14 15:44:04,mobile
BCH000812,ACC001487,BEN45988,BEN74724,2026-09-14 15:44:51,mobile
BCH000813,ACC004225,BEN38739,BEN16072,2026-09-14 15:42:17,internet
BCH000814,ACC004176,BEN36549,BEN29200,2026-09-14 15:40:12,internet
BCH000815,ACC003985,BEN22640,BEN83012,2026-09-14 15:45:08,internet
BCH000816,ACC003143,BEN80611,BEN92552,2026-09-14 15:41:06,mobile
BCH000817,ACC002955,BEN49041,BEN10755,2026-09-14 15:42:33,branch
BCH000818,ACC002982,BEN82193,BEN63172,2026-09-14 15:44:35,internet
BCH000819,ACC002391,BEN35622,BEN20407,2026-09-14 15:40:30,mobile
BCH000820,ACC002286,BEN62168,BEN97165,2026-09-14 15:45:17,internet
BCH000821,ACC001792,BEN15990,BEN90850,2026-09-14 15:41:18,internet
BCH000822,ACC004748,BEN40869,BEN32251,2026-09-14 15:43:24,internet
BCH000823,ACC001388,BEN94844,BEN92328,2026-09-14 15:44:19,internet
BCH000824,ACC001446,BEN80424,BEN67205,2026-09-14 15:41:24,internet
BCH000825,ACC001031,BEN53020,BEN73776,2026-09-14 15:44:53,internet
BCH000826,ACC001979,BEN91331,BEN52394,2026-09-14 15:44:38,mobile
BCH000827,ACC004136,BEN41581,BEN29120,2026-09-14 15:43:02,internet
BCH000828,ACC004496,BEN15574,BEN14212,2026-09-14 15:45:28,mobile
BCH000829,ACC002772,BEN34574,BEN43321,2026-09-14 15:42:22,internet
BCH000830,ACC004640,BEN46565,BEN93088,2026-09-14 15:45:47,mobile
BCH000831,ACC004669,BEN62724,BEN24464,2026-09-14 15:40:31,mobile
BCH000832,ACC003138,BEN65050,BEN22496,2026-09-14 15:42:06,mobile
BCH000833,ACC000217,BEN96980,BEN26374,2026-09-14 15:46:04,internet
BCH000834,ACC000939,BEN57955,BEN60325,2026-09-14 15:45:19,mobile
BCH000835,ACC003367,BEN99870,BEN83166,2026-09-14 15:41:18,internet
BCH000836,ACC000388,BEN32131,BEN27411,2026-09-14 15:42:06,mobile
BCH000837,ACC004053,BEN83503,BEN16010,2026-09-14 15:40:37,mobile
BCH000838,ACC002072,BEN21306,BEN49986,2026-09-14 15:44:52,mobile
BCH000839,ACC003522,BEN13032,BEN70046,2026-09-14 15:43:19,internet
BCH000840,ACC003591,BEN53883,BEN73723,2026-09-14 15:41:30,branch
BCH000841,ACC001638,BEN77875,BEN32615,2026-09-14 15:41:20,mobile
BCH000842,ACC003250,BEN54881,BEN65703,2026-09-14 15:43:47,branch
BCH000843,ACC000260,BEN43101,BEN34109,2026-09-14 15:41:10,internet
BCH000844,ACC004697,BEN96591,BEN28672,2026-09-14 15:42:12,mobile
BCH000845,ACC000580,BEN45726,BEN22988,2026-09-14 15:42:55,branch
BCH000846,ACC001576,BEN66777,BEN68176,2026-09-14 15:42:26,mobile
BCH000847,ACC001333,BEN45135,BEN40107,2026-09-14 15:41:36,mobile
BCH000848,ACC002578,BEN61586,BEN14575,2026-09-14 15:45:34,internet
BCH000849,ACC003228,BEN96418,BEN41621,2026-09-14 15:43:38,mobile
BCH000850,ACC003994,BEN67681,BEN85123,2026-09-14 15:43:08,internet
BCH000851,ACC004667,BEN59845,BEN21082,2026-09-14 15:41:05,branch
BCH000852,ACC004050,BEN53998,BEN85102,2026-09-14 15:43:45,internet
BCH000853,ACC003063,BEN89498,BEN59996,2026-09-14 15:43:37,branch
BCH000854,ACC003571,BEN40065,BEN28550,2026-09-14 15:45:48,mobile
BCH000855,ACC002704,BEN67289,BEN22396,2026-09-14 15:45:49,branch
BCH000856,ACC002433,BEN63523,BEN15796,2026-09-14 15:44:37,mobile
BCH000857,ACC000605,BEN53544,BEN18204,2026-09-14 15:44:31,internet
BCH000858,ACC004004,BEN77356,BEN52025,2026-09-14 15:40:53,mobile
BCH000859,ACC000488,BEN11007,BEN92669,2026-09-14 15:41:58,mobile
BCH000860,ACC002514,BEN37248,BEN87843,2026-09-14 15:40:14,branch
BCH000861,ACC004844,BEN85240,BEN40948,2026-09-14 15:44:56,branch
BCH000862,ACC002816,BEN96849,BEN14469,2026-09-14 15:41:22,mobile
BCH000863,ACC000317,BEN32473,BEN64256,2026-09-14 15:40:52,internet
BCH000864,ACC002265,BEN71890,BEN44658,2026-09-14 15:41:21,mobile
BCH000865,ACC003049,BEN63389,BEN73918,2026-09-14 15:43:46,branch
BCH000866,ACC003200,BEN57448,BEN64983,2026-09-14 15:44:43,branch
BCH000867,ACC001769,BEN65742,BEN31995,2026-09-14 15:41:31,internet
BCH000868,ACC002359,BEN52814,BEN47312,2026-09-14 15:45:00,internet
BCH000869,ACC002424,BEN77116,BEN94456,2026-09-14 15:41:43,branch
BCH000870,ACC003483,BEN31967,BEN98108,2026-09-14 15:45:26,branch
BCH000871,ACC002266,BEN74845,BEN87344,2026-09-14 15:41:36,mobile
BCH000872,ACC004826,BEN41495,BEN54682,2026-09-14 15:43:29,internet
BCH000873,ACC004925,BEN16534,BEN96532,2026-09-14 15:43:52,internet
BCH000874,ACC000249,BEN82802,BEN39196,2026-09-14 15:44:59,internet
BCH000875,ACC003105,BEN90425,BEN81087,2026-09-14 15:41:35,mobile
BCH000876,ACC003212,BEN63551,BEN83560,2026-09-14 15:41:39,internet
BCH000877,ACC004572,BEN31953,BEN28213,2026-09-14 15:43:26,branch
BCH000878,ACC002968,BEN59231,BEN70879,2026-09-14 15:44:32,branch
BCH000879,ACC000918,BEN38464,BEN57462,2026-09-14 15:44:32,branch
BCH000880,ACC003498,BEN30451,BEN90457,2026-09-14 15:41:35,branch
BCH000881,ACC004363,BEN77635,BEN67297,2026-09-14 15:44:27,internet
BCH000882,ACC003917,BEN10695,BEN36006,2026-09-14 15:42:27,mobile
BCH000883,ACC002370,BEN76226,BEN87435,2026-09-14 15:41:41,internet
BCH000884,ACC004304,BEN38417,BEN32639,2026-09-14 15:41:16,branch
BCH000885,ACC002785,BEN27068,BEN77683,2026-09-14 15:45:00,mobile
BCH000886,ACC000670,BEN25448,BEN11336,2026-09-14 15:41:57,mobile
BCH000887,ACC003017,BEN90557,BEN63278,2026-09-14 15:42:16,internet
BCH000888,ACC000085,BEN43298,BEN65171,2026-09-14 15:45:45,internet
BCH000889,ACC000577,BEN79540,BEN47004,2026-09-14 15:42:15,internet
BCH000890,ACC004451,BEN76032,BEN16699,2026-09-14 15:41:56,internet
BCH000891,ACC000959,BEN80038,BEN88342,2026-09-14 15:43:37,branch
BCH000892,ACC004349,BEN38249,BEN37722,2026-09-14 15:41:55,mobile
BCH000893,ACC003837,BEN32817,BEN93879,2026-09-14 15:40:46,branch
BCH000894,ACC002320,BEN51075,BEN68842,2026-09-14 15:43:26,branch
BCH000895,ACC000529,BEN89400,BEN33998,2026-09-14 15:40:08,internet
BCH000896,ACC000448,BEN94931,BEN55153,2026-09-14 15:42:43,mobile
BCH000897,ACC004888,BEN63712,BEN82066,2026-09-14 15:40:16,mobile
BCH000898,ACC001795,BEN89004,BEN44953,2026-09-14 15:40:20,internet
BCH000899,ACC004789,BEN45707,BEN17192,2026-09-14 15:42:01,mobile
BCH000900,ACC002874,BEN47104,BEN86231,2026-09-14 15:43:58,mobile
BCH000901,ACC001737,BEN60849,BEN64316,2026-09-14 15:44:03,branch
BCH000902,ACC001833,BEN29596,BEN94156,2026-09-14 15:40:36,mobile
BCH000903,ACC000864,BEN18761,BEN23854,2026-09-14 15:43:25,mobile
BCH000904,ACC002519,BEN37006,BEN20193,2026-09-14 15:41:30,internet
BCH000905,ACC000459,BEN21229,BEN72290,2026-09-14 15:43:43,branch
BCH000906,ACC004150,BEN78065,BEN44323,2026-09-14 15:41:41,branch
BCH000907,ACC001374,BEN47164,BEN24969,2026-09-14 15:41:53,branch
BCH000908,ACC000954,BEN34064,BEN74015,2026-09-14 15:44:42,branch
BCH000909,ACC004690,BEN16908,BEN83666,2026-09-14 15:41:57,branch
BCH000910,ACC001564,BEN88490,BEN31379,2026-09-14 15:41:40,internet
BCH000911,ACC002048,BEN82286,BEN42404,2026-09-14 15:42:34,branch
BCH000912,ACC002883,BEN52804,BEN44525,2026-09-14 15:41:59,internet
BCH000913,ACC003600,BEN30869,BEN24330,2026-09-14 15:45:25,mobile
BCH000914,ACC003820,BEN35228,BEN93568,2026-09-14 15:42:41,branch
BCH000915,ACC004802,BEN61044,BEN86615,2026-09-14 15:45:10,internet
BCH000916,ACC002363,BEN18489,BEN85735,2026-09-14 15:40:24,branch
BCH000917,ACC003894,BEN73690,BEN29253,2026-09-14 15:43:31,mobile
BCH000918,ACC002572,BEN58939,BEN30897,2026-09-14 15:41:57,mobile
BCH000919,ACC001371,BEN70627,BEN29899,2026-09-14 15:41:45,internet
BCH000920,ACC003760,BEN28735,BEN52610,2026-09-14 15:45:24,mobile
BCH000921,ACC004765,BEN63844,BEN27163,2026-09-14 15:41:54,branch
BCH000922,ACC001503,BEN61062,BEN98030,2026-09-14 15:43:38,branch
BCH000923,ACC002680,BEN42136,BEN96195,2026-09-14 15:45:52,internet
BCH000924,ACC002552,BEN81220,BEN67342,2026-09-14 15:40:26,mobile
BCH000925,ACC000482,BEN74126,BEN95353,2026-09-14 15:45:47,mobile
BCH000926,ACC001411,BEN79661,BEN16882,2026-09-14 15:45:06,internet
BCH000927,ACC000164,BEN55010,BEN59521,2026-09-14 15:40:43,internet
BCH000928,ACC003711,BEN29799,BEN80914,2026-09-14 15:41:32,internet
BCH000929,ACC000208,BEN64488,BEN67822,2026-09-14 15:44:47,mobile
BCH000930,ACC000471,BEN24887,BEN45573,2026-09-14 15:45:09,internet
BCH000931,ACC002768,BEN35557,BEN48134,2026-09-14 15:44:50,mobile
BCH000932,ACC001139,BEN72198,BEN22084,2026-09-14 15:44:31,mobile
BCH000933,ACC004701,BEN11090,BEN89305,2026-09-14 15:40:25,internet
BCH000934,ACC003179,BEN54637,BEN82489,2026-09-14 15:43:43,internet
BCH000935,ACC002459,BEN48636,BEN23888,2026-09-14 15:41:45,branch
BCH000936,ACC000765,BEN14642,BEN95408,2026-09-14 15:41:03,mobile
BCH000937,ACC003006,BEN37044,BEN83560,2026-09-14 15:42:40,internet
BCH000938,ACC000831,BEN56944,BEN86630,2026-09-14 15:43:43,internet
BCH000939,ACC002131,BEN71924,BEN40289,2026-09-14 15:44:05,internet
BCH000940,ACC002350,BEN38364,BEN55088,2026-09-14 15:41:30,internet
BCH000941,ACC001435,BEN97836,BEN21304,2026-09-14 15:45:52,branch
BCH000942,ACC004456,BEN63554,BEN79848,2026-09-14 15:40:31,mobile
BCH000943,ACC001301,BEN82292,BEN59494,2026-09-14 15:41:22,internet
BCH000944,ACC001879,BEN73776,BEN72407,2026-09-14 15:44:44,internet
BCH000945,ACC004596,BEN36326,BEN28795,2026-09-14 15:41:26,branch
BCH000946,ACC004317,BEN74320,BEN35109,2026-09-14 15:45:28,mobile
BCH000947,ACC000727,BEN71082,BEN16648,2026-09-14 15:41:15,branch
BCH000948,ACC000639,BEN21146,BEN52712,2026-09-14 15:40:37,branch
BCH000949,ACC000444,BEN47036,BEN62719,2026-09-14 15:43:49,branch
BCH000950,ACC000883,BEN65536,BEN36739,2026-09-14 15:45:12,internet
BCH000951,ACC000499,BEN18304,BEN72566,2026-09-14 15:42:26,branch
BCH000952,ACC000626,BEN86276,BEN94183,2026-09-14 15:43:02,internet
BCH000953,ACC002669,BEN99221,BEN31098,2026-09-14 15:41:00,mobile
BCH000954,ACC002103,BEN77922,BEN97157,2026-09-14 15:40:19,branch
BCH000955,ACC000142,BEN54519,BEN48883,2026-09-14 15:45:23,internet
BCH000956,ACC004503,BEN78120,BEN15993,2026-09-14 15:45:37,mobile
BCH000957,ACC000288,BEN18493,BEN54241,2026-09-14 15:42:28,internet
BCH000958,ACC000019,BEN38856,BEN57686,2026-09-14 15:45:56,branch
BCH000959,ACC003464,BEN53387,BEN79649,2026-09-14 15:40:27,mobile
BCH000960,ACC002997,BEN47870,BEN21209,2026-09-14 15:40:04,mobile
BCH000961,ACC003131,BEN96815,BEN41156,2026-09-14 15:43:05,mobile
BCH000962,ACC002498,BEN39956,BEN23025,2026-09-14 15:41:32,mobile
BCH000963,ACC003982,BEN92449,BEN53572,2026-09-14 15:45:25,branch
BCH000964,ACC002162,BEN87896,BEN62098,2026-09-14 15:40:29,branch
BCH000965,ACC003186,BEN63906,BEN93812,2026-09-14 15:42:56,mobile
BCH000966,ACC004274,BEN20522,BEN46528,2026-09-14 15:45:36,mobile
BCH000967,ACC001924,BEN57977,BEN89326,2026-09-14 15:41:42,mobile
BCH000968,ACC000902,BEN55462,BEN61524,2026-09-14 15:42:53,branch
BCH000969,ACC002272,BEN83518,BEN68477,2026-09-14 15:43:28,branch
BCH000970,ACC000038,BEN41289,BEN14549,2026-09-14 15:46:03,branch
BCH000971,ACC002907,BEN18513,BEN55826,2026-09-14 15:43:22,mobile
BCH000972,ACC004320,BEN75617,BEN17788,2026-09-14 15:43:24,mobile
BCH000973,ACC003271,BEN36418,BEN12620,2026-09-14 15:42:46,mobile
BCH000974,ACC003083,BEN30519,BEN12054,2026-09-14 15:40:49,internet
BCH000975,ACC002921,BEN25770,BEN36418,2026-09-14 15:42:15,internet
BCH000976,ACC000388,BEN24401,BEN68305,2026-09-14 15:46:02,mobile
BCH000977,ACC000125,BEN54950,BEN50775,2026-09-14 15:45:54,internet
BCH000978,ACC001486,BEN10249,BEN33382,2026-09-14 15:45:52,mobile
BCH000979,ACC001030,BEN57774,BEN29929,2026-09-14 15:40:51,branch
BCH000980,ACC001104,BEN81954,BEN44735,2026-09-14 15:43:00,branch
BCH000981,ACC004762,BEN55660,BEN53731,2026-09-14 15:42:19,internet
BCH000982,ACC000719,BEN30808,BEN95333,2026-09-14 15:44:26,internet
BCH000983,ACC000282,BEN25153,BEN96018,2026-09-14 15:43:15,mobile
BCH000984,ACC003064,BEN35203,BEN62675,2026-09-14 15:42:20,mobile
BCH000985,ACC003600,BEN49441,BEN63959,2026-09-14 15:44:38,internet
BCH000986,ACC004191,BEN43856,BEN37180,2026-09-14 15:42:45,branch
BCH000987,ACC003036,BEN76174,BEN41791,2026-09-14 15:44:05,internet
BCH000988,ACC003062,BEN82744,BEN60762,2026-09-14 15:41:09,mobile
BCH000989,ACC003748,BEN94806,BEN21451,2026-09-14 15:40:41,mobile
BCH000990,ACC001241,BEN23957,BEN51729,2026-09-14 15:43:19,branch
BCH000991,ACC000501,BEN44454,BEN27650,2026-09-14 15:40:10,internet
BCH000992,ACC003844,BEN50723,BEN73013,2026-09-14 15:40:31,mobile
BCH000993,ACC001994,BEN79235,BEN14924,2026-09-14 15:43:58,internet
BCH000994,ACC000892,BEN97866,BEN88356,2026-09-14 15:43:06,internet
BCH000995,ACC004224,BEN89196,BEN27533,2026-09-14 15:44:32,internet
BCH000996,ACC000476,BEN57594,BEN27236,2026-09-14 15:45:29,mobile
BCH000997,ACC002598,BEN66926,BEN72400,2026-09-14 15:43:41,internet
BCH000998,ACC004354,BEN78168,BEN98390,2026-09-14 15:42:48,internet
BCH000999,ACC000447,BEN56189,BEN10591,2026-09-14 15:43:37,branch
BCH001000,ACC000598,BEN17507,BEN94423,2026-09-14 15:42:54,internet
BCH001001,ACC004406,BEN45394,BEN48888,2026-09-14 15:40:54,branch
BCH001002,ACC004055,BEN61555,BEN84666,2026-09-14 15:44:10,mobile
BCH001003,ACC002895,BEN67439,BEN27050,2026-09-14 15:43:58,branch
BCH001004,ACC001241,BEN77367,BEN28973,2026-09-14 15:44:26,internet
BCH001005,ACC001029,BEN62811,BEN88725,2026-09-14 15:41:17,internet
BCH001006,ACC000632,BEN69689,BEN49064,2026-09-14 15:45:28,mobile
BCH001007,ACC004401,BEN96611,BEN62481,2026-09-14 15:41:07,branch
BCH001008,ACC000784,BEN46438,BEN92155,2026-09-14 15:42:09,branch
BCH001009,ACC001371,BEN33335,BEN28292,2026-09-14 15:43:06,internet
BCH001010,ACC001370,BEN38804,BEN89431,2026-09-14 15:45:12,internet
BCH001011,ACC003637,BEN84388,BEN91850,2026-09-14 15:42:19,mobile
BCH001012,ACC003665,BEN34030,BEN90387,2026-09-14 15:40:28,mobile
BCH001013,ACC000004,BEN23932,BEN38907,2026-09-14 15:44:53,branch
BCH001014,ACC004272,BEN61694,BEN70439,2026-09-14 15:40:46,branch
BCH001015,ACC000853,BEN64390,BEN24368,2026-09-14 15:44:14,mobile
BCH001016,ACC002410,BEN23109,BEN25065,2026-09-14 15:43:41,branch
BCH001017,ACC000516,BEN34520,BEN16469,2026-09-14 15:43:39,branch
BCH001018,ACC004790,BEN45926,BEN20271,2026-09-14 15:41:13,mobile
BCH001019,ACC004409,BEN16850,BEN84401,2026-09-14 15:43:24,internet
BCH001020,ACC004859,BEN67539,BEN25492,2026-09-14 15:43:06,internet
BCH001021,ACC003730,BEN33905,BEN20945,2026-09-14 15:43:45,branch
BCH001022,ACC001267,BEN83250,BEN90947,2026-09-14 15:40:35,internet
BCH001023,ACC002630,BEN51451,BEN68499,2026-09-14 15:40:42,branch
BCH001024,ACC004386,BEN27152,BEN23074,2026-09-14 15:41:14,branch
BCH001025,ACC000468,BEN31801,BEN67329,2026-09-14 15:41:15,internet
BCH001026,ACC003686,BEN60995,BEN31029,2026-09-14 15:44:12,branch
BCH001027,ACC003698,BEN73558,BEN80332,2026-09-14 15:41:03,mobile
BCH001028,ACC004086,BEN72899,BEN27653,2026-09-14 15:45:27,mobile
BCH001029,ACC000620,BEN53581,BEN60427,2026-09-14 15:44:39,branch
BCH001030,ACC003635,BEN94059,BEN25177,2026-09-14 15:40:46,internet
BCH001031,ACC004081,BEN81277,BEN20665,2026-09-14 15:41:37,internet
BCH001032,ACC003219,BEN83710,BEN19701,2026-09-14 15:44:19,internet
BCH001033,ACC001134,BEN74810,BEN90850,2026-09-14 15:42:48,mobile
BCH001034,ACC000101,BEN29402,BEN74653,2026-09-14 15:40:27,internet
BCH001035,ACC002894,BEN73236,BEN17814,2026-09-14 15:43:20,branch
BCH001036,ACC001908,BEN31565,BEN96494,2026-09-14 15:44:23,branch
BCH001037,ACC003320,BEN50837,BEN14486,2026-09-14 15:44:00,internet
BCH001038,ACC001949,BEN42161,BEN10488,2026-09-14 15:41:09,internet
BCH001039,ACC000756,BEN58319,BEN33711,2026-09-14 15:44:41,branch
BCH001040,ACC004825,BEN71806,BEN98780,2026-09-14 15:41:48,branch
BCH001041,ACC000353,BEN10484,BEN37906,2026-09-14 15:40:39,internet
BCH001042,ACC002640,BEN60290,BEN47144,2026-09-14 15:40:55,branch
BCH001043,ACC002023,BEN53579,BEN22295,2026-09-14 15:45:32,internet
BCH001044,ACC003890,BEN97709,BEN65522,2026-09-14 15:45:57,internet
BCH001045,ACC001316,BEN11342,BEN55107,2026-09-14 15:44:20,branch
BCH001046,ACC002706,BEN15191,BEN20948,2026-09-14 15:40:48,internet
BCH001047,ACC004845,BEN69375,BEN49013,2026-09-14 15:42:01,branch
BCH001048,ACC003307,BEN51943,BEN80090,2026-09-14 15:40:30,internet
BCH001049,ACC003985,BEN28203,BEN99995,2026-09-14 15:41:44,mobile
BCH001050,ACC003593,BEN47567,BEN63426,2026-09-14 15:41:52,mobile
BCH001051,ACC003095,BEN24766,BEN57176,2026-09-14 15:44:19,mobile
BCH001052,ACC003677,BEN77055,BEN47733,2026-09-14 15:41:33,mobile
BCH001053,ACC003233,BEN80405,BEN98116,2026-09-14 15:45:40,mobile
BCH001054,ACC002361,BEN65214,BEN77106,2026-09-14 15:44:39,mobile
BCH001055,ACC004447,BEN68326,BEN38810,2026-09-14 15:41:22,mobile
BCH001056,ACC001838,BEN89337,BEN16976,2026-09-14 15:43:12,internet
BCH001057,ACC000370,BEN58230,BEN89433,2026-09-14 15:42:10,branch
BCH001058,ACC002890,BEN10683,BEN93905,2026-09-14 15:43:21,mobile
BCH001059,ACC000069,BEN94880,BEN65718,2026-09-14 15:41:19,branch
BCH001060,ACC004501,BEN28271,BEN71250,2026-09-14 15:40:12,mobile
BCH001061,ACC001351,BEN15570,BEN68199,2026-09-14 15:41:31,internet
BCH001062,ACC004465,BEN98836,BEN44765,2026-09-14 15:43:13,mobile
BCH001063,ACC000875,BEN98554,BEN47897,2026-09-14 15:44:28,internet
BCH001064,ACC004858,BEN30839,BEN61985,2026-09-14 15:45:06,internet
BCH001065,ACC001856,BEN82671,BEN72031,2026-09-14 15:40:47,branch
BCH001066,ACC000421,BEN64374,BEN13824,2026-09-14 15:40:53,branch
BCH001067,ACC001784,BEN59097,BEN39470,2026-09-14 15:45:30,mobile
BCH001068,ACC004800,BEN53019,BEN66506,2026-09-14 15:41:52,internet
BCH001069,ACC004112,BEN60630,BEN92833,2026-09-14 15:43:33,internet
BCH001070,ACC001152,BEN60227,BEN38972,2026-09-14 15:43:47,mobile
BCH001071,ACC000823,BEN12532,BEN64549,2026-09-14 15:44:32,mobile
BCH001072,ACC003958,BEN40689,BEN40877,2026-09-14 15:45:38,mobile
BCH001073,ACC000008,BEN63485,BEN69695,2026-09-14 15:44:42,branch
BCH001074,ACC004160,BEN61232,BEN45699,2026-09-14 15:40:29,branch
BCH001075,ACC004115,BEN45136,BEN55315,2026-09-14 15:44:05,internet
BCH001076,ACC003409,BEN36976,BEN80132,2026-09-14 15:44:37,internet
BCH001077,ACC002070,BEN84502,BEN60659,2026-09-14 15:45:56,internet
BCH001078,ACC003148,BEN88550,BEN60750,2026-09-14 15:45:12,branch
BCH001079,ACC001719,BEN46280,BEN69923,2026-09-14 15:40:19,internet
BCH001080,ACC003526,BEN65422,BEN48943,2026-09-14 15:45:43,branch
BCH001081,ACC000214,BEN23693,BEN98411,2026-09-14 15:44:12,internet
BCH001082,ACC002633,BEN49326,BEN33532,2026-09-14 15:40:27,mobile
BCH001083,ACC000129,BEN96628,BEN20665,2026-09-14 15:40:16,mobile
BCH001084,ACC001677,BEN86821,BEN76896,2026-09-14 15:40:25,mobile
BCH001085,ACC001115,BEN90379,BEN19354,2026-09-14 15:40:14,branch
BCH001086,ACC001598,BEN36032,BEN38402,2026-09-14 15:41:27,mobile
BCH001087,ACC002026,BEN16683,BEN70822,2026-09-14 15:42:58,mobile
BCH001088,ACC001349,BEN47161,BEN34748,2026-09-14 15:45:24,internet
BCH001089,ACC002897,BEN94109,BEN28727,2026-09-14 15:43:22,branch
BCH001090,ACC002540,BEN98649,BEN91607,2026-09-14 15:44:42,branch
BCH001091,ACC001928,BEN39262,BEN64745,2026-09-14 15:43:48,mobile
BCH001092,ACC000221,BEN87726,BEN23116,2026-09-14 15:41:07,mobile
BCH001093,ACC001493,BEN93983,BEN34831,2026-09-14 15:42:23,internet
BCH001094,ACC002761,BEN70672,BEN87013,2026-09-14 15:40:13,branch
BCH001095,ACC004034,BEN28169,BEN86554,2026-09-14 15:46:01,mobile
BCH001096,ACC003547,BEN96124,BEN87076,2026-09-14 15:40:31,branch
BCH001097,ACC001214,BEN17487,BEN60360,2026-09-14 15:42:18,internet
BCH001098,ACC003154,BEN26128,BEN80482,2026-09-14 15:44:20,branch
BCH001099,ACC003310,BEN87840,BEN77944,2026-09-14 15:40:06,internet
BCH001100,ACC003633,BEN85737,BEN26378,2026-09-14 15:45:04,branch
BCH001101,ACC001696,BEN61345,BEN70823,2026-09-14 15:40:29,branch
BCH001102,ACC003168,BEN49313,BEN29857,2026-09-14 15:45:05,mobile
BCH001103,ACC003149,BEN63785,BEN52217,2026-09-14 15:43:19,branch
BCH001104,ACC003182,BEN90936,BEN93034,2026-09-14 15:42:51,internet
BCH001105,ACC004555,BEN47248,BEN65521,2026-09-14 15:42:23,mobile
BCH001106,ACC003474,BEN28187,BEN10794,2026-09-14 15:40:53,branch
BCH001107,ACC003247,BEN37847,BEN31208,2026-09-14 15:40:54,branch
BCH001108,ACC004083,BEN11763,BEN28437,2026-09-14 15:41:11,mobile
BCH001109,ACC001968,BEN22593,BEN73704,2026-09-14 15:40:38,internet
BCH001110,ACC000208,BEN15062,BEN33809,2026-09-14 15:45:51,internet
BCH001111,ACC003690,BEN70723,BEN72657,2026-09-14 15:40:33,branch
BCH001112,ACC004213,BEN24059,BEN36329,2026-09-14 15:40:33,mobile
BCH001113,ACC003111,BEN89233,BEN24173,2026-09-14 15:43:07,branch
BCH001114,ACC003950,BEN37089,BEN49310,2026-09-14 15:42:37,branch
BCH001115,ACC001875,BEN94556,BEN84245,2026-09-14 15:40:18,mobile
BCH001116,ACC004042,BEN56692,BEN22839,2026-09-14 15:40:38,internet
BCH001117,ACC004970,BEN56295,BEN33562,2026-09-14 15:41:11,internet
BCH001118,ACC001078,BEN93252,BEN71681,2026-09-14 15:41:48,mobile
BCH001119,ACC003427,BEN18771,BEN83969,2026-09-14 15:40:10,mobile
BCH001120,ACC003875,BEN14061,BEN79987,2026-09-14 15:44:49,internet
BCH001121,ACC002295,BEN17704,BEN93901,2026-09-14 15:40:45,branch
BCH001122,ACC003835,BEN77758,BEN74845,2026-09-14 15:42:35,mobile
BCH001123,ACC000450,BEN55274,BEN23385,2026-09-14 15:43:47,internet
BCH001124,ACC000429,BEN61730,BEN57054,2026-09-14 15:40:36,branch
BCH001125,ACC002550,BEN67795,BEN70053,2026-09-14 15:40:29,mobile
BCH001126,ACC003444,BEN32900,BEN38984,2026-09-14 15:41:09,branch
BCH001127,ACC003910,BEN43637,BEN93973,2026-09-14 15:45:59,mobile
BCH001128,ACC004420,BEN53533,BEN35107,2026-09-14 15:46:03,branch
BCH001129,ACC002454,BEN15482,BEN32926,2026-09-14 15:40:48,mobile
BCH001130,ACC002387,BEN45336,BEN34152,2026-09-14 15:43:42,mobile
BCH001131,ACC004062,BEN95261,BEN85107,2026-09-14 15:40:59,internet
BCH001132,ACC002669,BEN64533,BEN99508,2026-09-14 15:44:37,branch
BCH001133,ACC002644,BEN30669,BEN85661,2026-09-14 15:43:12,mobile
BCH001134,ACC003530,BEN13706,BEN70630,2026-09-14 15:43:34,mobile
BCH001135,ACC002494,BEN44178,BEN89644,2026-09-14 15:41:55,branch
BCH001136,ACC004923,BEN63134,BEN33906,2026-09-14 15:41:53,branch
BCH001137,ACC001267,BEN65812,BEN89424,2026-09-14 15:44:07,internet
BCH001138,ACC002500,BEN14065,BEN50739,2026-09-14 15:42:29,branch
BCH001139,ACC003785,BEN64071,BEN22465,2026-09-14 15:43:26,branch
BCH001140,ACC004578,BEN80456,BEN83114,2026-09-14 15:42:35,branch
BCH001141,ACC001372,BEN59870,BEN23293,2026-09-14 15:43:20,mobile
BCH001142,ACC001744,BEN39188,BEN88991,2026-09-14 15:40:35,mobile
BCH001143,ACC003304,BEN78747,BEN11497,2026-09-14 15:45:03,internet
BCH001144,ACC002917,BEN26220,BEN28591,2026-09-14 15:41:40,branch
BCH001145,ACC004454,BEN61659,BEN55220,2026-09-14 15:41:18,mobile
BCH001146,ACC003030,BEN75928,BEN77758,2026-09-14 15:45:51,branch
BCH001147,ACC004186,BEN29635,BEN37670,2026-09-14 15:42:39,internet
BCH001148,ACC004983,BEN19272,BEN45469,2026-09-14 15:42:05,internet
BCH001149,ACC002755,BEN99350,BEN97076,2026-09-14 15:45:01,internet
BCH001150,ACC001511,BEN77937,BEN34365,2026-09-14 15:42:48,branch
BCH001151,ACC002921,BEN58860,BEN84015,2026-09-14 15:42:28,internet
BCH001152,ACC001797,BEN38578,BEN79369,2026-09-14 15:43:12,internet
BCH001153,ACC000484,BEN53523,BEN76228,2026-09-14 15:42:08,internet
BCH001154,ACC000066,BEN73718,BEN80637,2026-09-14 15:41:06,mobile
BCH001155,ACC003329,BEN61785,BEN22382,2026-09-14 15:43:22,mobile
BCH001156,ACC001762,BEN10957,BEN56278,2026-09-14 15:41:41,mobile
BCH001157,ACC002682,BEN57837,BEN99393,2026-09-14 15:40:50,branch
BCH001158,ACC004651,BEN48300,BEN53721,2026-09-14 15:40:14,mobile
BCH001159,ACC000236,BEN44261,BEN58953,2026-09-14 15:41:32,mobile
BCH001160,ACC004286,BEN35644,BEN30692,2026-09-14 15:41:45,branch
BCH001161,ACC004545,BEN94544,BEN92434,2026-09-14 15:44:15,internet
BCH001162,ACC003354,BEN23937,BEN75326,2026-09-14 15:43:22,mobile
BCH001163,ACC002366,BEN27181,BEN19755,2026-09-14 15:40:18,internet
BCH001164,ACC000607,BEN39736,BEN97102,2026-09-14 15:41:32,branch
BCH001165,ACC000112,BEN51572,BEN21714,2026-09-14 15:45:54,internet
BCH001166,ACC004564,BEN36897,BEN84054,2026-09-14 15:40:06,mobile
BCH001167,ACC001696,BEN66282,BEN89023,2026-09-14 15:40:43,branch
BCH001168,ACC001272,BEN59378,BEN13852,2026-09-14 15:43:29,mobile
BCH001169,ACC003211,BEN65027,BEN59584,2026-09-14 15:42:00,mobile
BCH001170,ACC000229,BEN47831,BEN27678,2026-09-14 15:40:49,mobile
BCH001171,ACC002286,BEN20100,BEN29267,2026-09-14 15:45:28,mobile
BCH001172,ACC004759,BEN10940,BEN53730,2026-09-14 15:44:13,internet
BCH001173,ACC003508,BEN50016,BEN65411,2026-09-14 15:44:37,internet
BCH001174,ACC000977,BEN33270,BEN40695,2026-09-14 15:40:51,mobile
BCH001175,ACC002448,BEN14966,BEN81548,2026-09-14 15:42:38,branch
BCH001176,ACC004980,BEN90174,BEN62782,2026-09-14 15:44:54,mobile
BCH001177,ACC003272,BEN22534,BEN20828,2026-09-14 15:45:31,branch
BCH001178,ACC000652,BEN43864,BEN79919,2026-09-14 15:41:26,mobile
BCH001179,ACC003082,BEN62594,BEN30385,2026-09-14 15:45:19,branch
BCH001180,ACC002123,BEN52124,BEN15045,2026-09-14 15:42:31,mobile
BCH001181,ACC001613,BEN90506,BEN49613,2026-09-14 15:41:56,branch
BCH001182,ACC004828,BEN89568,BEN60872,2026-09-14 15:40:59,mobile
BCH001183,ACC000087,BEN78727,BEN81106,2026-09-14 15:43:31,branch
BCH001184,ACC002915,BEN95707,BEN35641,2026-09-14 15:44:21,mobile
BCH001185,ACC000589,BEN87477,BEN45921,2026-09-14 15:40:18,mobile
BCH001186,ACC000300,BEN52065,BEN12428,2026-09-14 15:42:40,mobile
BCH001187,ACC004795,BEN26694,BEN10781,2026-09-14 15:45:47,branch
BCH001188,ACC000587,BEN61691,BEN47434,2026-09-14 15:41:34,branch
BCH001189,ACC001445,BEN65404,BEN86839,2026-09-14 15:43:48,mobile
BCH001190,ACC002587,BEN78822,BEN56424,2026-09-14 15:43:02,mobile
BCH001191,ACC002114,BEN30116,BEN71331,2026-09-14 15:42:12,branch
BCH001192,ACC001360,BEN98085,BEN84641,2026-09-14 15:43:57,internet
BCH001193,ACC002555,BEN46848,BEN16184,2026-09-14 15:40:33,mobile
BCH001194,ACC003019,BEN95798,BEN97890,2026-09-14 15:40:35,mobile
BCH001195,ACC002840,BEN28964,BEN91794,2026-09-14 15:44:56,branch
BCH001196,ACC003154,BEN57292,BEN51714,2026-09-14 15:43:17,branch
BCH001197,ACC003357,BEN89046,BEN66043,2026-09-14 15:44:06,mobile
BCH001198,ACC002776,BEN75428,BEN13052,2026-09-14 15:42:20,mobile
BCH001199,ACC001423,BEN66187,BEN72033,2026-09-14 15:41:54,internet
BCH001200,ACC000494,BEN54487,BEN12388,2026-09-14 15:44:03,internet
BCH001201,ACC000048,BEN10208,BEN91320,2026-09-14 15:44:31,mobile
BCH001202,ACC004738,BEN63835,BEN21791,2026-09-14 15:44:32,branch
BCH001203,ACC000963,BEN85110,BEN21138,2026-09-14 15:44:34,internet
BCH001204,ACC002546,BEN58785,BEN66633,2026-09-14 15:43:11,branch
BCH001205,ACC004112,BEN64135,BEN54254,2026-09-14 15:45:23,mobile
BCH001206,ACC001472,BEN73707,BEN67118,2026-09-14 15:40:56,internet
BCH001207,ACC004600,BEN57322,BEN59866,2026-09-14 15:43:18,mobile
BCH001208,ACC001976,BEN51501,BEN13667,2026-09-14 15:40:34,mobile
BCH001209,ACC002279,BEN80731,BEN60640,2026-09-14 15:46:04,mobile
BCH001210,ACC003981,BEN27440,BEN33716,2026-09-14 15:46:04,mobile
BCH001211,ACC002641,BEN18537,BEN39601,2026-09-14 15:44:42,mobile
BCH001212,ACC001900,BEN12446,BEN71878,2026-09-14 15:41:37,branch
BCH001213,ACC000005,BEN58976,BEN63456,2026-09-14 15:44:04,internet
BCH001214,ACC001635,BEN53351,BEN43666,2026-09-14 15:41:52,mobile
BCH001215,ACC001443,BEN59699,BEN54371,2026-09-14 15:42:56,internet
BCH001216,ACC001535,BEN24253,BEN63636,2026-09-14 15:45:57,branch
BCH001217,ACC001520,BEN29038,BEN74531,2026-09-14 15:41:01,internet
BCH001218,ACC002701,BEN58148,BEN67896,2026-09-14 15:44:37,branch
BCH001219,ACC000179,BEN67907,BEN93045,2026-09-14 15:44:29,branch
BCH001220,ACC003982,BEN24756,BEN33198,2026-09-14 15:45:32,internet
BCH001221,ACC003267,BEN55772,BEN75237,2026-09-14 15:41:13,internet
BCH001222,ACC003350,BEN20001,BEN32342,2026-09-14 15:44:23,internet
BCH001223,ACC004070,BEN54468,BEN78906,2026-09-14 15:41:04,mobile
BCH001224,ACC001750,BEN52514,BEN54099,2026-09-14 15:44:31,branch
BCH001225,ACC004302,BEN89009,BEN94732,2026-09-14 15:43:35,branch
BCH001226,ACC001161,BEN71997,BEN89928,2026-09-14 15:40:16,internet
BCH001227,ACC000876,BEN32511,BEN51281,2026-09-14 15:43:30,mobile
BCH001228,ACC003030,BEN57377,BEN10245,2026-09-14 15:40:44,internet
BCH001229,ACC004011,BEN25238,BEN19034,2026-09-14 15:43:21,internet
BCH001230,ACC002163,BEN49805,BEN69051,2026-09-14 15:42:52,branch
BCH001231,ACC004677,BEN62542,BEN61685,2026-09-14 15:45:28,mobile
BCH001232,ACC001371,BEN70111,BEN62336,2026-09-14 15:44:11,internet
BCH001233,ACC001297,BEN39342,BEN98501,2026-09-14 15:43:51,internet
BCH001234,ACC003412,BEN42933,BEN54018,2026-09-14 15:45:53,internet
BCH001235,ACC001048,BEN64587,BEN45036,2026-09-14 15:42:18,branch
BCH001236,ACC004489,BEN11588,BEN69905,2026-09-14 15:45:06,branch
BCH001237,ACC004080,BEN23175,BEN83913,2026-09-14 15:41:19,branch
BCH001238,ACC003151,BEN81785,BEN71615,2026-09-14 15:43:12,mobile
BCH001239,ACC002004,BEN24372,BEN71214,2026-09-14 15:42:39,internet
BCH001240,ACC001253,BEN35863,BEN41687,2026-09-14 15:45:37,branch
BCH001241,ACC002860,BEN29599,BEN16033,2026-09-14 15:42:13,internet
BCH001242,ACC003659,BEN27854,BEN54622,2026-09-14 15:41:57,mobile
BCH001243,ACC000377,BEN81927,BEN13177,2026-09-14 15:40:46,mobile
BCH001244,ACC001019,BEN73286,BEN39519,2026-09-14 15:40:26,internet
BCH001245,ACC004207,BEN54882,BEN12206,2026-09-14 15:42:58,branch
BCH001246,ACC003667,BEN86068,BEN81334,2026-09-14 15:42:31,mobile
BCH001247,ACC000485,BEN86869,BEN56526,2026-09-14 15:41:24,internet
BCH001248,ACC004716,BEN18439,BEN68868,2026-09-14 15:43:17,mobile
BCH001249,ACC001349,BEN40453,BEN17968,2026-09-14 15:45:36,internet
BCH001250,ACC001963,BEN76471,BEN83046,2026-09-14 15:41:32,mobile
BCH001251,ACC004996,BEN30487,BEN88328,2026-09-14 15:41:09,branch
BCH001252,ACC001818,BEN35107,BEN32475,2026-09-14 15:40:49,mobile
BCH001253,ACC003806,BEN89529,BEN72448,2026-09-14 15:41:04,branch
BCH001254,ACC004564,BEN61597,BEN58666,2026-09-14 15:43:10,mobile
BCH001255,ACC003076,BEN36591,BEN64632,2026-09-14 15:43:45,mobile
BCH001256,ACC000876,BEN42765,BEN97116,2026-09-14 15:40:18,internet
BCH001257,ACC001102,BEN50299,BEN87301,2026-09-14 15:40:23,mobile
BCH001258,ACC004162,BEN64004,BEN44636,2026-09-14 15:43:12,internet
BCH001259,ACC002146,BEN39697,BEN81925,2026-09-14 15:41:30,mobile
BCH001260,ACC001151,BEN23665,BEN19677,2026-09-14 15:44:54,branch
BCH001261,ACC000386,BEN83738,BEN63624,2026-09-14 15:44:33,mobile
BCH001262,ACC002993,BEN86034,BEN66365,2026-09-14 15:41:31,mobile
BCH001263,ACC004749,BEN11640,BEN34451,2026-09-14 15:40:43,internet
BCH001264,ACC003685,BEN59003,BEN44318,2026-09-14 15:40:10,internet
BCH001265,ACC002490,BEN71845,BEN78068,2026-09-14 15:41:43,internet
BCH001266,ACC001747,BEN33251,BEN86885,2026-09-14 15:44:17,branch
BCH001267,ACC000579,BEN87018,BEN79259,2026-09-14 15:44:28,mobile
BCH001268,ACC003940,BEN74305,BEN45186,2026-09-14 15:40:07,branch
BCH001269,ACC004210,BEN51454,BEN88515,2026-09-14 15:46:03,mobile
BCH001270,ACC002892,BEN34106,BEN42161,2026-09-14 15:40:27,mobile
BCH001271,ACC003498,BEN58971,BEN84707,2026-09-14 15:45:13,internet
BCH001272,ACC002927,BEN57252,BEN72015,2026-09-14 15:44:59,internet
BCH001273,ACC000880,BEN19944,BEN97348,2026-09-14 15:41:50,mobile
BCH001274,ACC000636,BEN62482,BEN90503,2026-09-14 15:42:32,mobile
BCH001275,ACC004261,BEN96315,BEN31166,2026-09-14 15:45:09,internet
BCH001276,ACC004561,BEN95957,BEN81954,2026-09-14 15:45:29,internet
BCH001277,ACC004542,BEN49748,BEN14372,2026-09-14 15:41:43,branch
BCH001278,ACC004260,BEN28579,BEN39376,2026-09-14 15:40:48,internet
BCH001279,ACC003323,BEN56632,BEN97847,2026-09-14 15:43:28,internet
BCH001280,ACC003186,BEN68234,BEN85252,2026-09-14 15:41:08,branch
BCH001281,ACC003305,BEN68314,BEN62884,2026-09-14 15:40:33,internet
BCH001282,ACC004277,BEN67585,BEN23272,2026-09-14 15:42:29,internet
BCH001283,ACC001145,BEN41996,BEN38561,2026-09-14 15:44:04,branch
BCH001284,ACC001365,BEN68892,BEN35106,2026-09-14 15:40:20,branch
BCH001285,ACC004677,BEN51696,BEN41347,2026-09-14 15:40:40,branch
BCH001286,ACC002066,BEN85969,BEN19423,2026-09-14 15:42:22,internet
BCH001287,ACC004428,BEN97491,BEN64737,2026-09-14 15:45:18,mobile
BCH001288,ACC004583,BEN59344,BEN39119,2026-09-14 15:42:55,mobile
BCH001289,ACC002088,BEN90958,BEN78712,2026-09-14 15:44:31,internet
BCH001290,ACC003967,BEN20092,BEN34497,2026-09-14 15:42:23,branch
BCH001291,ACC004484,BEN66632,BEN70278,2026-09-14 15:42:47,internet
BCH001292,ACC004504,BEN33238,BEN83824,2026-09-14 15:44:06,branch
BCH001293,ACC000767,BEN30159,BEN78377,2026-09-14 15:40:37,branch
BCH001294,ACC000476,BEN54874,BEN20524,2026-09-14 15:44:36,mobile
BCH001295,ACC001448,BEN98343,BEN35672,2026-09-14 15:41:23,branch
BCH001296,ACC003739,BEN34774,BEN31424,2026-09-14 15:42:46,branch
BCH001297,ACC001601,BEN37092,BEN49542,2026-09-14 15:41:57,branch
BCH001298,ACC002990,BEN86829,BEN63815,2026-09-14 15:44:53,internet
BCH001299,ACC000799,BEN45283,BEN68660,2026-09-14 15:43:10,branch
BCH001300,ACC004942,BEN17390,BEN31578,2026-09-14 15:44:06,internet
BCH001301,ACC003764,BEN51079,BEN78075,2026-09-14 15:40:05,branch
BCH001302,ACC000343,BEN95379,BEN57626,2026-09-14 15:40:08,mobile
BCH001303,ACC002836,BEN97320,BEN58018,2026-09-14 15:44:22,internet
BCH001304,ACC004070,BEN86409,BEN24899,2026-09-14 15:44:28,internet
BCH001305,ACC001894,BEN57564,BEN99680,2026-09-14 15:42:20,internet
BCH001306,ACC002386,BEN73130,BEN38468,2026-09-14 15:41:02,branch
BCH001307,ACC002142,BEN55677,BEN21100,2026-09-14 15:40:56,internet
BCH001308,ACC001773,BEN74054,BEN99929,2026-09-14 15:42:38,mobile
BCH001309,ACC003088,BEN24568,BEN11730,2026-09-14 15:46:03,mobile
BCH001310,ACC003669,BEN47775,BEN74616,2026-09-14 15:41:14,branch
BCH001311,ACC004743,BEN12307,BEN35932,2026-09-14 15:41:47,mobile
BCH001312,ACC004576,BEN18463,BEN32003,2026-09-14 15:42:21,mobile
BCH001313,ACC001758,BEN79232,BEN36426,2026-09-14 15:42:09,internet
BCH001314,ACC002452,BEN13627,BEN65041,2026-09-14 15:44:21,branch
BCH001315,ACC003854,BEN92295,BEN50770,2026-09-14 15:45:38,mobile
BCH001316,ACC004512,BEN41491,BEN26189,2026-09-14 15:45:14,internet
BCH001317,ACC001992,BEN93970,BEN49952,2026-09-14 15:41:03,branch
BCH001318,ACC003800,BEN22535,BEN58756,2026-09-14 15:41:59,branch
BCH001319,ACC003486,BEN99361,BEN81676,2026-09-14 15:42:51,internet
BCH001320,ACC000916,BEN16323,BEN88600,2026-09-14 15:43:56,mobile
BCH001321,ACC002847,BEN66881,BEN84725,2026-09-14 15:42:34,mobile
BCH001322,ACC002449,BEN27713,BEN23011,2026-09-14 15:43:44,mobile
BCH001323,ACC001739,BEN17306,BEN44230,2026-09-14 15:42:48,internet
BCH001324,ACC003126,BEN53154,BEN98454,2026-09-14 15:43:54,branch
BCH001325,ACC003349,BEN67143,BEN70525,2026-09-14 15:41:35,internet
BCH001326,ACC003912,BEN61232,BEN21808,2026-09-14 15:40:57,branch
BCH001327,ACC000858,BEN48482,BEN20473,2026-09-14 15:41:31,branch
BCH001328,ACC000133,BEN18510,BEN44390,2026-09-14 15:42:08,internet
BCH001329,ACC001575,BEN79543,BEN73593,2026-09-14 15:40:58,mobile
BCH001330,ACC003518,BEN86949,BEN51235,2026-09-14 15:40:24,mobile
BCH001331,ACC000518,BEN66675,BEN42331,2026-09-14 15:43:51,branch
BCH001332,ACC004893,BEN14532,BEN92267,2026-09-14 15:44:37,branch
BCH001333,ACC002721,BEN73158,BEN46358,2026-09-14 15:44:14,mobile
BCH001334,ACC002638,BEN10260,BEN51543,2026-09-14 15:44:59,internet
BCH001335,ACC001465,BEN86154,BEN13932,2026-09-14 15:43:47,branch
BCH001336,ACC004313,BEN25009,BEN16714,2026-09-14 15:43:55,branch
BCH001337,ACC000969,BEN76276,BEN29771,2026-09-14 15:44:50,mobile
BCH001338,ACC002775,BEN32818,BEN85351,2026-09-14 15:42:06,branch
BCH001339,ACC000186,BEN71039,BEN63150,2026-09-14 15:41:45,mobile
BCH001340,ACC003219,BEN18010,BEN62782,2026-09-14 15:42:47,mobile
BCH001341,ACC002087,BEN79731,BEN81645,2026-09-14 15:44:14,mobile
BCH001342,ACC000597,BEN81061,BEN13705,2026-09-14 15:42:23,branch
BCH001343,ACC001850,BEN22870,BEN54407,2026-09-14 15:45:01,branch
BCH001344,ACC001959,BEN42335,BEN42477,2026-09-14 15:45:11,mobile
BCH001345,ACC002792,BEN46102,BEN19542,2026-09-14 15:44:59,internet
BCH001346,ACC002469,BEN20324,BEN16318,2026-09-14 15:40:33,internet
BCH001347,ACC003189,BEN87475,BEN75163,2026-09-14 15:40:49,internet
BCH001348,ACC004553,BEN67184,BEN71125,2026-09-14 15:42:31,branch
BCH001349,ACC000055,BEN17459,BEN74769,2026-09-14 15:41:40,mobile
BCH001350,ACC002874,BEN39666,BEN64956,2026-09-14 15:41:44,internet
BCH001351,ACC004525,BEN29394,BEN51907,2026-09-14 15:42:32,mobile
BCH001352,ACC002129,BEN57670,BEN72407,2026-09-14 15:43:19,internet
BCH001353,ACC001687,BEN79749,BEN68982,2026-09-14 15:43:16,mobile
BCH001354,ACC002754,BEN97691,BEN40744,2026-09-14 15:41:00,internet
BCH001355,ACC000276,BEN43454,BEN85297,2026-09-14 15:44:39,branch
BCH001356,ACC003846,BEN21264,BEN48305,2026-09-14 15:43:46,branch
BCH001357,ACC000839,BEN12435,BEN89372,2026-09-14 15:45:39,mobile
BCH001358,ACC002461,BEN20389,BEN46883,2026-09-14 15:43:34,internet
BCH001359,ACC003802,BEN42072,BEN99294,2026-09-14 15:45:18,internet
BCH001360,ACC002903,BEN55597,BEN16668,2026-09-14 15:45:14,branch
BCH001361,ACC004917,BEN62676,BEN73678,2026-09-14 15:42:17,mobile
BCH001362,ACC002388,BEN21315,BEN19728,2026-09-14 15:40:47,branch
BCH001363,ACC002660,BEN28265,BEN57522,2026-09-14 15:44:36,internet
BCH001364,ACC004782,BEN97137,BEN72575,2026-09-14 15:45:54,branch
BCH001365,ACC002470,BEN58635,BEN88610,2026-09-14 15:41:54,mobile
BCH001366,ACC004654,BEN47585,BEN64736,2026-09-14 15:42:49,mobile
BCH001367,ACC002378,BEN57767,BEN94590,2026-09-14 15:44:53,internet
BCH001368,ACC000747,BEN94134,BEN95021,2026-09-14 15:44:35,branch
BCH001369,ACC000466,BEN19362,BEN62078,2026-09-14 15:43:22,mobile
BCH001370,ACC002955,BEN80535,BEN76076,2026-09-14 15:42:12,internet
BCH001371,ACC002299,BEN68017,BEN16822,2026-09-14 15:41:39,internet
BCH001372,ACC003155,BEN27478,BEN31630,2026-09-14 15:42:14,internet
BCH001373,ACC000421,BEN34190,BEN97603,2026-09-14 15:45:03,mobile
BCH001374,ACC001071,BEN99333,BEN58356,2026-09-14 15:44:48,branch
BCH001375,ACC002895,BEN67041,BEN30853,2026-09-14 15:41:18,mobile
BCH001376,ACC000651,BEN10181,BEN25563,2026-09-14 15:40:59,branch
BCH001377,ACC003404,BEN50916,BEN94858,2026-09-14 15:40:31,branch
BCH001378,ACC000812,BEN41351,BEN26630,2026-09-14 15:41:43,mobile
BCH001379,ACC001047,BEN97048,BEN26017,2026-09-14 15:40:59,internet
BCH001380,ACC002002,BEN98590,BEN36130,2026-09-14 15:42:48,internet
BCH001381,ACC002245,BEN30358,BEN76264,2026-09-14 15:42:24,branch
BCH001382,ACC002571,BEN66478,BEN73932,2026-09-14 15:43:31,internet
BCH001383,ACC000025,BEN56056,BEN81572,2026-09-14 15:44:09,internet
BCH001384,ACC000304,BEN54589,BEN88809,2026-09-14 15:42:59,internet
BCH001385,ACC002717,BEN56864,BEN68155,2026-09-14 15:43:44,mobile
BCH001386,ACC000843,BEN63195,BEN31925,2026-09-14 15:44:24,mobile
BCH001387,ACC000257,BEN40309,BEN65594,2026-09-14 15:44:18,internet
BCH001388,ACC003227,BEN12089,BEN24042,2026-09-14 15:44:48,branch
BCH001389,ACC000135,BEN69117,BEN11835,2026-09-14 15:44:39,internet
BCH001390,ACC003767,BEN58311,BEN50198,2026-09-14 15:42:15,mobile
BCH001391,ACC001165,BEN25992,BEN42601,2026-09-14 15:45:12,mobile
BCH001392,ACC003142,BEN26669,BEN27742,2026-09-14 15:43:17,internet
BCH001393,ACC002030,BEN72698,BEN83423,2026-09-14 15:40:49,mobile
BCH001394,ACC004424,BEN46395,BEN72985,2026-09-14 15:43:30,branch
BCH001395,ACC001340,BEN42656,BEN18710,2026-09-14 15:42:04,internet
BCH001396,ACC003021,BEN79327,BEN84561,2026-09-14 15:42:19,mobile
BCH001397,ACC000075,BEN27618,BEN36060,2026-09-14 15:41:18,internet
BCH001398,ACC003977,BEN31610,BEN29159,2026-09-14 15:45:41,branch
BCH001399,ACC004542,BEN20705,BEN58057,2026-09-14 15:43:37,branch
BCH001400,ACC000797,BEN63131,BEN86655,2026-09-14 15:41:07,branch
BCH001401,ACC000601,BEN18222,BEN60122,2026-09-14 15:44:45,mobile
BCH001402,ACC000328,BEN56209,BEN15797,2026-09-14 15:45:30,internet
BCH001403,ACC001339,BEN66843,BEN89849,2026-09-14 15:42:12,internet
BCH001404,ACC002266,BEN99899,BEN55973,2026-09-14 15:43:58,internet
BCH001405,ACC000830,BEN60565,BEN58386,2026-09-14 15:42:52,mobile
BCH001406,ACC000009,BEN73689,BEN54204,2026-09-14 15:44:55,branch
BCH001407,ACC004336,BEN16339,BEN16233,2026-09-14 15:44:59,mobile
BCH001408,ACC002994,BEN16838,BEN91932,2026-09-14 15:41:33,mobile
BCH001409,ACC002031,BEN53888,BEN43037,2026-09-14 15:45:27,internet
BCH001410,ACC000472,BEN15935,BEN85589,2026-09-14 15:41:46,mobile
BCH001411,ACC001743,BEN20324,BEN97629,2026-09-14 15:41:05,branch
BCH001412,ACC004087,BEN92761,BEN64631,2026-09-14 15:40:08,branch
BCH001413,ACC001672,BEN70320,BEN56258,2026-09-14 15:42:42,mobile
BCH001414,ACC003088,BEN87248,BEN70517,2026-09-14 15:42:54,branch
BCH001415,ACC000698,BEN46954,BEN83655,2026-09-14 15:45:51,mobile
BCH001416,ACC001653,BEN30351,BEN73791,2026-09-14 15:45:08,internet
BCH001417,ACC000025,BEN42474,BEN89832,2026-09-14 15:40:05,internet
BCH001418,ACC002690,BEN65658,BEN63263,2026-09-14 15:40:40,mobile
BCH001419,ACC000675,BEN29893,BEN53029,2026-09-14 15:40:26,mobile
BCH001420,ACC002008,BEN90644,BEN93972,2026-09-14 15:40:25,internet
BCH001421,ACC004797,BEN68363,BEN50132,2026-09-14 15:40:06,mobile
BCH001422,ACC004411,BEN98830,BEN13901,2026-09-14 15:42:12,mobile
BCH001423,ACC000763,BEN95301,BEN95339,2026-09-14 15:42:15,mobile
BCH001424,ACC004326,BEN40582,BEN94968,2026-09-14 15:40:32,mobile
BCH001425,ACC001651,BEN87524,BEN75195,2026-09-14 15:44:13,branch
BCH001426,ACC003319,BEN58195,BEN29807,2026-09-14 15:41:10,internet
BCH001427,ACC003539,BEN18277,BEN10244,2026-09-14 15:42:40,internet
BCH001428,ACC002976,BEN78974,BEN72792,2026-09-14 15:45:12,branch
BCH001429,ACC000716,BEN10486,BEN26350,2026-09-14 15:40:50,branch
BCH001430,ACC000149,BEN98800,BEN53271,2026-09-14 15:42:25,internet
BCH001431,ACC001165,BEN54718,BEN56306,2026-09-14 15:43:35,branch
BCH001432,ACC002814,BEN47703,BEN84422,2026-09-14 15:41:48,internet
BCH001433,ACC001128,BEN73881,BEN98080,2026-09-14 15:40:31,internet
BCH001434,ACC003536,BEN38178,BEN37367,2026-09-14 15:46:00,mobile
BCH001435,ACC003777,BEN82779,BEN26625,2026-09-14 15:44:04,branch
BCH001436,ACC003405,BEN28085,BEN69176,2026-09-14 15:43:38,branch
BCH001437,ACC002475,BEN38990,BEN81631,2026-09-14 15:43:43,mobile
BCH001438,ACC004404,BEN85714,BEN92541,2026-09-14 15:44:38,internet
BCH001439,ACC001014,BEN36603,BEN56561,2026-09-14 15:42:44,internet
BCH001440,ACC002861,BEN32107,BEN37349,2026-09-14 15:41:39,internet
BCH001441,ACC001325,BEN86372,BEN59515,2026-09-14 15:42:07,mobile
BCH001442,ACC000481,BEN75729,BEN67645,2026-09-14 15:40:12,branch
BCH001443,ACC001498,BEN19872,BEN10418,2026-09-14 15:42:03,mobile
BCH001444,ACC004281,BEN94531,BEN44679,2026-09-14 15:43:16,internet
BCH001445,ACC001906,BEN90155,BEN61426,2026-09-14 15:40:15,internet
BCH001446,ACC003505,BEN68680,BEN31910,2026-09-14 15:44:29,mobile
BCH001447,ACC004972,BEN37147,BEN68908,2026-09-14 15:43:39,branch
BCH001448,ACC002262,BEN57159,BEN53730,2026-09-14 15:43:32,mobile
BCH001449,ACC003156,BEN45215,BEN79858,2026-09-14 15:43:30,mobile
BCH001450,ACC004643,BEN10244,BEN89355,2026-09-14 15:41:29,branch
BCH001451,ACC004708,BEN48322,BEN56070,2026-09-14 15:43:51,mobile
BCH001452,ACC000227,BEN74655,BEN30496,2026-09-14 15:43:42,branch
BCH001453,ACC000923,BEN18675,BEN43028,2026-09-14 15:41:27,mobile
BCH001454,ACC001261,BEN96934,BEN68878,2026-09-14 15:41:48,branch
BCH001455,ACC000986,BEN50755,BEN17229,2026-09-14 15:45:34,mobile
BCH001456,ACC003911,BEN91908,BEN99095,2026-09-14 15:43:43,branch
BCH001457,ACC004849,BEN31726,BEN84102,2026-09-14 15:45:07,internet
BCH001458,ACC002423,BEN55551,BEN70451,2026-09-14 15:41:56,branch
BCH001459,ACC002079,BEN86195,BEN62530,2026-09-14 15:44:39,internet
BCH001460,ACC003263,BEN20640,BEN69502,2026-09-14 15:41:21,branch
BCH001461,ACC004259,BEN80802,BEN42538,2026-09-14 15:43:12,mobile
BCH001462,ACC003040,BEN89582,BEN43713,2026-09-14 15:41:45,mobile
BCH001463,ACC000965,BEN42261,BEN95502,2026-09-14 15:40:32,mobile
BCH001464,ACC003371,BEN95524,BEN91823,2026-09-14 15:45:12,branch
BCH001465,ACC000520,BEN79853,BEN75126,2026-09-14 15:40:22,branch
BCH001466,ACC003406,BEN41977,BEN90675,2026-09-14 15:44:28,internet
BCH001467,ACC001104,BEN85396,BEN34924,2026-09-14 15:40:33,branch
BCH001468,ACC003610,BEN10469,BEN91378,2026-09-14 15:41:46,mobile
BCH001469,ACC001210,BEN80240,BEN14401,2026-09-14 15:42:31,mobile
BCH001470,ACC004984,BEN24788,BEN21470,2026-09-14 15:42:46,internet
BCH001471,ACC001134,BEN64006,BEN95975,2026-09-14 15:42:07,mobile
BCH001472,ACC000702,BEN19192,BEN10670,2026-09-14 15:45:42,branch
BCH001473,ACC001650,BEN55101,BEN38688,2026-09-14 15:42:07,internet
BCH001474,ACC004832,BEN86399,BEN87625,2026-09-14 15:40:25,branch
BCH001475,ACC004301,BEN69926,BEN15395,2026-09-14 15:43:02,internet
BCH001476,ACC003163,BEN13414,BEN51367,2026-09-14 15:41:12,branch
BCH001477,ACC001081,BEN13582,BEN65873,2026-09-14 15:43:23,internet
BCH001478,ACC003801,BEN42305,BEN93749,2026-09-14 15:45:16,internet
BCH001479,ACC003751,BEN89128,BEN52300,2026-09-14 15:45:36,branch
BCH001480,ACC000938,BEN74255,BEN81027,2026-09-14 15:40:20,internet
BCH001481,ACC003489,BEN78845,BEN62432,2026-09-14 15:45:38,mobile
BCH001482,ACC000415,BEN85317,BEN72271,2026-09-14 15:45:34,mobile
BCH001483,ACC002470,BEN25792,BEN32218,2026-09-14 15:45:55,mobile
BCH001484,ACC000813,BEN75907,BEN11978,2026-09-14 15:45:24,mobile
BCH001485,ACC001084,BEN85281,BEN49951,2026-09-14 15:42:15,mobile
BCH001486,ACC004483,BEN47955,BEN33019,2026-09-14 15:43:11,internet
BCH001487,ACC001408,BEN21233,BEN24186,2026-09-14 15:44:36,branch
BCH001488,ACC002648,BEN47207,BEN94900,2026-09-14 15:40:13,mobile
BCH001489,ACC003288,BEN26665,BEN69500,2026-09-14 15:46:01,branch
BCH001490,ACC004153,BEN21865,BEN83963,2026-09-14 15:40:46,mobile
BCH001491,ACC003401,BEN52044,BEN11227,2026-09-14 15:40:40,internet
BCH001492,ACC000082,BEN82887,BEN72525,2026-09-14 15:46:00,mobile
BCH001493,ACC004704,BEN75796,BEN42750,2026-09-14 15:44:26,mobile
BCH001494,ACC004161,BEN49109,BEN88467,2026-09-14 15:40:15,branch
BCH001495,ACC004883,BEN37619,BEN66843,2026-09-14 15:43:47,branch
BCH001496,ACC002327,BEN39001,BEN64516,2026-09-14 15:40:58,internet
BCH001497,ACC000501,BEN45134,BEN32000,2026-09-14 15:44:54,mobile
BCH001498,ACC002332,BEN27942,BEN27270,2026-09-14 15:41:54,branch
BCH001499,ACC002544,BEN59826,BEN59881,2026-09-14 15:46:02,mobile
BCH001500,ACC002574,BEN68337,BEN48291,2026-09-14 15:46:02,mobile
BCH001501,ACC003726,BEN54561,BEN28784,2026-09-14 15:41:25,internet
BCH001502,ACC002209,BEN62589,BEN78073,2026-09-14 15:44:03,branch
BCH001503,ACC002524,BEN13944,BEN99116,2026-09-14 15:41:56,mobile
BCH001504,ACC002405,BEN63002,BEN86540,2026-09-14 15:43:07,internet
BCH001505,ACC004573,BEN80541,BEN85370,2026-09-14 15:45:49,branch
BCH001506,ACC004598,BEN17090,BEN42331,2026-09-14 15:43:00,mobile
BCH001507,ACC001132,BEN92612,BEN23347,2026-09-14 15:43:36,mobile
BCH001508,ACC003562,BEN46270,BEN37853,2026-09-14 15:41:45,branch
BCH001509,ACC003543,BEN65492,BEN41098,2026-09-14 15:45:45,internet
BCH001510,ACC001324,BEN66788,BEN77059,2026-09-14 15:43:59,mobile
BCH001511,ACC000881,BEN70437,BEN84039,2026-09-14 15:42:39,mobile
BCH001512,ACC002881,BEN29859,BEN75812,2026-09-14 15:45:01,internet
BCH001513,ACC002888,BEN29152,BEN61438,2026-09-14 15:45:47,mobile
BCH001514,ACC004215,BEN52866,BEN65573,2026-09-14 15:43:08,internet
BCH001515,ACC000023,BEN14383,BEN17108,2026-09-14 15:44:16,internet
BCH001516,ACC000500,BEN99066,BEN44894,2026-09-14 15:41:28,internet
BCH001517,ACC004253,BEN27754,BEN98242,2026-09-14 15:45:46,mobile
BCH001518,ACC001504,BEN41582,BEN26157,2026-09-14 15:44:41,mobile
BCH001519,ACC000562,BEN25697,BEN28031,2026-09-14 15:45:03,internet
BCH001520,ACC000626,BEN21689,BEN61900,2026-09-14 15:41:27,internet
BCH001521,ACC002851,BEN55150,BEN14901,2026-09-14 15:43:15,mobile
BCH001522,ACC000569,BEN57586,BEN95392,2026-09-14 15:43:03,mobile
BCH001523,ACC003160,BEN37751,BEN99808,2026-09-14 15:45:47,internet
BCH001524,ACC004414,BEN67650,BEN84318,2026-09-14 15:41:28,branch
BCH001525,ACC001370,BEN33759,BEN40606,2026-09-14 15:44:53,mobile
BCH001526,ACC001841,BEN36386,BEN40598,2026-09-14 15:43:12,mobile
BCH001527,ACC003291,BEN76120,BEN78464,2026-09-14 15:42:11,mobile
BCH001528,ACC000205,BEN62559,BEN46740,2026-09-14 15:45:12,mobile
BCH001529,ACC001325,BEN92686,BEN88722,2026-09-14 15:42:02,mobile
BCH001530,ACC002209,BEN23752,BEN26199,2026-09-14 15:44:03,internet
BCH001531,ACC004535,BEN47227,BEN31686,2026-09-14 15:45:45,internet
BCH001532,ACC004577,BEN20355,BEN62783,2026-09-14 15:44:53,branch
BCH001533,ACC001764,BEN42385,BEN65620,2026-09-14 15:43:11,mobile
BCH001534,ACC002669,BEN54204,BEN16500,2026-09-14 15:45:16,mobile
BCH001535,ACC001035,BEN17967,BEN15827,2026-09-14 15:41:00,mobile
BCH001536,ACC001870,BEN59137,BEN73972,2026-09-14 15:40:23,branch
BCH001537,ACC001678,BEN90823,BEN79257,2026-09-14 15:44:37,branch
BCH001538,ACC004421,BEN10801,BEN10449,2026-09-14 15:44:14,mobile
BCH001539,ACC004938,BEN44192,BEN80161,2026-09-14 15:45:26,internet
BCH001540,ACC002426,BEN23336,BEN65241,2026-09-14 15:43:56,internet
BCH001541,ACC004197,BEN49217,BEN33032,2026-09-14 15:41:24,internet
BCH001542,ACC000901,BEN33591,BEN28485,2026-09-14 15:43:38,internet
BCH001543,ACC004787,BEN36454,BEN86015,2026-09-14 15:43:43,mobile
BCH001544,ACC000512,BEN51714,BEN25671,2026-09-14 15:41:12,internet
BCH001545,ACC001520,BEN11362,BEN21477,2026-09-14 15:41:46,branch
BCH001546,ACC000531,BEN87005,BEN65061,2026-09-14 15:46:01,mobile
BCH001547,ACC001315,BEN80678,BEN96263,2026-09-14 15:40:53,branch
BCH001548,ACC004509,BEN66835,BEN73184,2026-09-14 15:40:40,mobile
BCH001549,ACC003319,BEN75769,BEN19773,2026-09-14 15:45:30,internet
BCH001550,ACC004959,BEN48658,BEN20078,2026-09-14 15:43:38,mobile
BCH001551,ACC002582,BEN54953,BEN44494,2026-09-14 15:45:54,internet
BCH001552,ACC004075,BEN50532,BEN33613,2026-09-14 15:41:39,branch
BCH001553,ACC001755,BEN70746,BEN14266,2026-09-14 15:43:31,branch
BCH001554,ACC004514,BEN62412,BEN64747,2026-09-14 15:40:30,internet
BCH001555,ACC001884,BEN98110,BEN85802,2026-09-14 15:44:54,mobile
BCH001556,ACC002960,BEN78048,BEN73169,2026-09-14 15:40:12,branch
BCH001557,ACC000536,BEN70876,BEN70628,2026-09-14 15:44:15,mobile
BCH001558,ACC002869,BEN21439,BEN25864,2026-09-14 15:40:17,branch
BCH001559,ACC000707,BEN83062,BEN93155,2026-09-14 15:45:39,internet
BCH001560,ACC002635,BEN31408,BEN70347,2026-09-14 15:43:44,mobile
BCH001561,ACC004385,BEN52510,BEN13685,2026-09-14 15:44:25,internet
BCH001562,ACC003612,BEN35227,BEN19358,2026-09-14 15:41:34,internet
BCH001563,ACC003930,BEN63543,BEN30274,2026-09-14 15:44:47,mobile
BCH001564,ACC003314,BEN86229,BEN77720,2026-09-14 15:46:01,branch
BCH001565,ACC003986,BEN76643,BEN63531,2026-09-14 15:42:16,branch
BCH001566,ACC001288,BEN66360,BEN54157,2026-09-14 15:42:54,branch
BCH001567,ACC000546,BEN45070,BEN72637,2026-09-14 15:43:24,branch
BCH001568,ACC000892,BEN98608,BEN16909,2026-09-14 15:43:47,internet
BCH001569,ACC003526,BEN30136,BEN69126,2026-09-14 15:41:36,internet
BCH001570,ACC004735,BEN48368,BEN55077,2026-09-14 15:40:39,internet
BCH001571,ACC001401,BEN94748,BEN54760,2026-09-14 15:41:07,mobile
BCH001572,ACC004985,BEN34085,BEN91142,2026-09-14 15:44:25,mobile
BCH001573,ACC000619,BEN68496,BEN51350,2026-09-14 15:40:05,mobile
BCH001574,ACC004745,BEN41437,BEN23058,2026-09-14 15:41:06,mobile
BCH001575,ACC000404,BEN63167,BEN11905,2026-09-14 15:40:14,branch
BCH001576,ACC001109,BEN95016,BEN30874,2026-09-14 15:44:32,internet
BCH001577,ACC004157,BEN69811,BEN27825,2026-09-14 15:41:46,internet
BCH001578,ACC003887,BEN66875,BEN58610,2026-09-14 15:42:15,mobile
BCH001579,ACC001347,BEN48142,BEN57739,2026-09-14 15:40:16,branch
BCH001580,ACC002266,BEN50632,BEN29950,2026-09-14 15:41:04,internet
BCH001581,ACC000155,BEN63071,BEN38632,2026-09-14 15:41:58,internet
BCH001582,ACC004667,BEN19039,BEN64584,2026-09-14 15:44:50,branch
BCH001583,ACC001073,BEN37926,BEN45826,2026-09-14 15:40:20,branch
BCH001584,ACC000176,BEN54599,BEN78251,2026-09-14 15:43:30,branch
BCH001585,ACC001650,BEN40071,BEN90584,2026-09-14 15:42:18,mobile
BCH001586,ACC000411,BEN57176,BEN50658,2026-09-14 15:40:45,branch
BCH001587,ACC003327,BEN52816,BEN78427,2026-09-14 15:41:42,mobile
BCH001588,ACC001630,BEN97613,BEN39870,2026-09-14 15:41:15,branch
BCH001589,ACC003962,BEN24049,BEN28636,2026-09-14 15:42:15,branch
BCH001590,ACC004004,BEN75722,BEN62590,2026-09-14 15:44:19,mobile
BCH001591,ACC001189,BEN83412,BEN38232,2026-09-14 15:40:54,internet
BCH001592,ACC003991,BEN47420,BEN60070,2026-09-14 15:40:05,branch
BCH001593,ACC002871,BEN98923,BEN28561,2026-09-14 15:43:28,branch
BCH001594,ACC003757,BEN20560,BEN44760,2026-09-14 15:45:05,branch
BCH001595,ACC002856,BEN42257,BEN73907,2026-09-14 15:43:23,internet
BCH001596,ACC001854,BEN93149,BEN23033,2026-09-14 15:41:59,branch
BCH001597,ACC002523,BEN65181,BEN27146,2026-09-14 15:44:18,mobile
BCH001598,ACC001826,BEN73663,BEN47721,2026-09-14 15:43:10,internet
BCH001599,ACC003611,BEN66761,BEN13326,2026-09-14 15:43:21,internet
BCH001600,ACC003879,BEN79888,BEN14157,2026-09-14 15:44:11,mobile
BCH001601,ACC002379,BEN70219,BEN35147,2026-09-14 15:45:39,mobile
BCH001602,ACC002021,BEN38270,BEN87428,2026-09-14 15:43:15,internet
BCH001603,ACC003203,BEN55022,BEN29877,2026-09-14 15:42:13,internet
BCH001604,ACC002260,BEN13594,BEN63064,2026-09-14 15:42:29,branch
BCH001605,ACC003503,BEN27516,BEN51436,2026-09-14 15:41:53,mobile
BCH001606,ACC001896,BEN91793,BEN26293,2026-09-14 15:42:35,branch
BCH001607,ACC000121,BEN57867,BEN34460,2026-09-14 15:45:21,mobile
BCH001608,ACC001453,BEN49471,BEN69109,2026-09-14 15:43:40,branch
BCH001609,ACC004900,BEN66142,BEN57777,2026-09-14 15:41:42,mobile
BCH001610,ACC004298,BEN50064,BEN12941,2026-09-14 15:43:05,internet
BCH001611,ACC000739,BEN79929,BEN91909,2026-09-14 15:41:54,internet
BCH001612,ACC002484,BEN55042,BEN11126,2026-09-14 15:45:09,branch
BCH001613,ACC000884,BEN33073,BEN39059,2026-09-14 15:42:14,branch
BCH001614,ACC001873,BEN19288,BEN50794,2026-09-14 15:40:30,mobile
BCH001615,ACC004072,BEN57876,BEN93901,2026-09-14 15:40:22,internet
BCH001616,ACC000377,BEN76847,BEN90047,2026-09-14 15:41:00,internet
BCH001617,ACC002634,BEN53278,BEN42672,2026-09-14 15:45:32,mobile
BCH001618,ACC002454,BEN44696,BEN89484,2026-09-14 15:40:20,branch
BCH001619,ACC003037,BEN70171,BEN77204,2026-09-14 15:41:29,internet
BCH001620,ACC002128,BEN69181,BEN59291,2026-09-14 15:42:03,mobile
BCH001621,ACC000128,BEN83686,BEN93297,2026-09-14 15:44:10,branch
BCH001622,ACC003052,BEN95388,BEN55889,2026-09-14 15:45:22,internet
BCH001623,ACC002553,BEN23740,BEN39832,2026-09-14 15:43:47,mobile
BCH001624,ACC002291,BEN75829,BEN15833,2026-09-14 15:45:48,branch
BCH001625,ACC002927,BEN69825,BEN68950,2026-09-14 15:40:06,branch
BCH001626,ACC000547,BEN54249,BEN57993,2026-09-14 15:45:02,mobile
BCH001627,ACC000676,BEN73278,BEN96007,2026-09-14 15:41:40,mobile
BCH001628,ACC004158,BEN76695,BEN71627,2026-09-14 15:42:41,internet
BCH001629,ACC002712,BEN34938,BEN41380,2026-09-14 15:45:13,internet
BCH001630,ACC001778,BEN46971,BEN51889,2026-09-14 15:41:29,branch
BCH001631,ACC003474,BEN78991,BEN46879,2026-09-14 15:45:15,branch
BCH001632,ACC001004,BEN59190,BEN75064,2026-09-14 15:42:43,mobile
BCH001633,ACC002060,BEN55892,BEN96349,2026-09-14 15:43:07,internet
BCH001634,ACC000036,BEN28343,BEN11883,2026-09-14 15:45:27,internet
BCH001635,ACC004489,BEN80280,BEN39367,2026-09-14 15:42:23,branch
BCH001636,ACC002149,BEN10917,BEN82399,2026-09-14 15:41:01,branch
BCH001637,ACC000532,BEN16633,BEN30784,2026-09-14 15:40:58,mobile
BCH001638,ACC002799,BEN95690,BEN18968,2026-09-14 15:43:38,mobile
BCH001639,ACC000892,BEN27538,BEN54385,2026-09-14 15:43:39,branch
BCH001640,ACC003390,BEN72859,BEN53254,2026-09-14 15:45:28,mobile
BCH001641,ACC002087,BEN17336,BEN73850,2026-09-14 15:45:34,branch
BCH001642,ACC000769,BEN83085,BEN67335,2026-09-14 15:42:15,branch
BCH001643,ACC003670,BEN70511,BEN96304,2026-09-14 15:43:51,internet
BCH001644,ACC000500,BEN80743,BEN28550,2026-09-14 15:43:35,branch
BCH001645,ACC004871,BEN58578,BEN85949,2026-09-14 15:41:30,mobile
BCH001646,ACC001214,BEN98458,BEN13398,2026-09-14 15:40:27,internet
BCH001647,ACC001946,BEN26376,BEN99384,2026-09-14 15:43:33,internet
BCH001648,ACC000405,BEN29768,BEN55886,2026-09-14 15:43:47,branch
BCH001649,ACC001255,BEN48973,BEN94403,2026-09-14 15:42:24,internet
BCH001650,ACC000296,BEN97955,BEN12855,2026-09-14 15:45:35,internet
BCH001651,ACC003617,BEN59447,BEN99897,2026-09-14 15:43:12,branch
BCH001652,ACC000652,BEN60741,BEN22663,2026-09-14 15:46:02,mobile
BCH001653,ACC003316,BEN49886,BEN93211,2026-09-14 15:45:55,mobile
BCH001654,ACC000449,BEN31649,BEN81495,2026-09-14 15:43:35,mobile
BCH001655,ACC003759,BEN22464,BEN57996,2026-09-14 15:41:10,internet
BCH001656,ACC001117,BEN85519,BEN88495,2026-09-14 15:40:25,branch
BCH001657,ACC003011,BEN83952,BEN20518,2026-09-14 15:42:46,branch
BCH001658,ACC003859,BEN59629,BEN23649,2026-09-14 15:41:25,branch
BCH001659,ACC000123,BEN44184,BEN98816,2026-09-14 15:41:14,internet
BCH001660,ACC004802,BEN47989,BEN19760,2026-09-14 15:42:27,internet
BCH001661,ACC002300,BEN19500,BEN23667,2026-09-14 15:41:38,internet
BCH001662,ACC003005,BEN47344,BEN11871,2026-09-14 15:44:14,internet
BCH001663,ACC001750,BEN61989,BEN31140,2026-09-14 15:40:24,internet
BCH001664,ACC002916,BEN25342,BEN24632,2026-09-14 15:40:26,mobile
BCH001665,ACC001712,BEN12435,BEN87680,2026-09-14 15:41:00,internet
BCH001666,ACC004106,BEN56876,BEN81737,2026-09-14 15:41:22,internet
BCH001667,ACC001162,BEN87883,BEN17553,2026-09-14 15:44:07,branch
BCH001668,ACC000657,BEN60677,BEN99478,2026-09-14 15:45:54,branch
BCH001669,ACC004218,BEN17576,BEN69437,2026-09-14 15:41:31,mobile
BCH001670,ACC001676,BEN55210,BEN53797,2026-09-14 15:43:34,internet
BCH001671,ACC001792,BEN79009,BEN33361,2026-09-14 15:42:37,branch
BCH001672,ACC003726,BEN19771,BEN34604,2026-09-14 15:40:36,internet
BCH001673,ACC003094,BEN69587,BEN72722,2026-09-14 15:40:36,branch
BCH001674,ACC004205,BEN44990,BEN76643,2026-09-14 15:42:09,mobile
BCH001675,ACC003350,BEN33078,BEN53674,2026-09-14 15:44:48,internet
BCH001676,ACC003247,BEN65502,BEN80899,2026-09-14 15:42:05,mobile
BCH001677,ACC004517,BEN80237,BEN91118,2026-09-14 15:43:16,branch
BCH001678,ACC002589,BEN65753,BEN17536,2026-09-14 15:43:59,branch
BCH001679,ACC002313,BEN69640,BEN78625,2026-09-14 15:43:46,internet
BCH001680,ACC002057,BEN46380,BEN21597,2026-09-14 15:45:33,branch
BCH001681,ACC002420,BEN20557,BEN67755,2026-09-14 15:43:27,branch
BCH001682,ACC001466,BEN58429,BEN54288,2026-09-14 15:44:08,mobile
BCH001683,ACC003185,BEN84308,BEN23084,2026-09-14 15:43:59,internet
BCH001684,ACC001509,BEN61411,BEN65279,2026-09-14 15:41:40,internet
BCH001685,ACC001549,BEN16163,BEN44360,2026-09-14 15:43:44,mobile
BCH001686,ACC003530,BEN81438,BEN74811,2026-09-14 15:42:44,mobile
BCH001687,ACC002857,BEN33178,BEN82438,2026-09-14 15:42:01,internet
BCH001688,ACC002468,BEN40700,BEN42410,2026-09-14 15:43:51,mobile
BCH001689,ACC002100,BEN23173,BEN97956,2026-09-14 15:45:31,internet
BCH001690,ACC002737,BEN12115,BEN97980,2026-09-14 15:41:33,branch
BCH001691,ACC002691,BEN21011,BEN88118,2026-09-14 15:44:15,mobile
BCH001692,ACC003338,BEN41725,BEN77425,2026-09-14 15:40:25,branch
BCH001693,ACC002893,BEN73398,BEN31117,2026-09-14 15:40:58,mobile
BCH001694,ACC002012,BEN28475,BEN70440,2026-09-14 15:41:39,internet
BCH001695,ACC002124,BEN55844,BEN90602,2026-09-14 15:44:27,branch
BCH001696,ACC002233,BEN89178,BEN90121,2026-09-14 15:45:50,internet
BCH001697,ACC003967,BEN86257,BEN39111,2026-09-14 15:45:59,internet
BCH001698,ACC003157,BEN79768,BEN27355,2026-09-14 15:42:18,internet
BCH001699,ACC003460,BEN37487,BEN57721,2026-09-14 15:45:31,branch
BCH001700,ACC001943,BEN29623,BEN23264,2026-09-14 15:42:47,branch
BCH001701,ACC004954,BEN31356,BEN16327,2026-09-14 15:43:43,mobile
BCH001702,ACC002558,BEN97707,BEN10863,2026-09-14 15:44:50,mobile
BCH001703,ACC000833,BEN62607,BEN38679,2026-09-14 15:41:01,internet
BCH001704,ACC000397,BEN90052,BEN78816,2026-09-14 15:45:00,branch
BCH001705,ACC000130,BEN58697,BEN92754,2026-09-14 15:44:00,mobile
BCH001706,ACC002537,BEN42049,BEN17834,2026-09-14 15:40:05,internet
BCH001707,ACC000621,BEN29085,BEN84264,2026-09-14 15:40:21,branch
BCH001708,ACC003171,BEN53417,BEN62442,2026-09-14 15:43:35,mobile
BCH001709,ACC001066,BEN83792,BEN16859,2026-09-14 15:41:34,internet
BCH001710,ACC004988,BEN13336,BEN69337,2026-09-14 15:45:46,mobile
BCH001711,ACC003177,BEN82327,BEN78719,2026-09-14 15:41:42,mobile
BCH001712,ACC004701,BEN54775,BEN89028,2026-09-14 15:42:15,mobile
BCH001713,ACC000986,BEN20004,BEN71035,2026-09-14 15:42:01,mobile
BCH001714,ACC004820,BEN89243,BEN80099,2026-09-14 15:40:29,branch
BCH001715,ACC003349,BEN91359,BEN43646,2026-09-14 15:41:31,mobile
BCH001716,ACC003829,BEN27343,BEN45574,2026-09-14 15:40:38,internet
BCH001717,ACC002469,BEN98782,BEN75025,2026-09-14 15:41:36,branch
BCH001718,ACC000351,BEN14440,BEN30841,2026-09-14 15:45:14,mobile
BCH001719,ACC004622,BEN87553,BEN94855,2026-09-14 15:40:46,internet
BCH001720,ACC000485,BEN24193,BEN91473,2026-09-14 15:44:16,mobile
BCH001721,ACC000173,BEN15987,BEN81756,2026-09-14 15:41:07,internet
BCH001722,ACC004956,BEN80782,BEN13215,2026-09-14 15:42:38,branch
BCH001723,ACC001542,BEN72340,BEN28167,2026-09-14 15:43:49,internet
BCH001724,ACC000119,BEN67133,BEN89756,2026-09-14 15:43:44,branch
BCH001725,ACC001829,BEN88137,BEN41908,2026-09-14 15:42:56,internet
BCH001726,ACC000688,BEN57925,BEN91263,2026-09-14 15:44:17,branch
BCH001727,ACC001238,BEN15752,BEN63876,2026-09-14 15:41:40,mobile
BCH001728,ACC004818,BEN32708,BEN22360,2026-09-14 15:41:03,mobile
BCH001729,ACC000703,BEN70729,BEN32170,2026-09-14 15:40:43,branch
BCH001730,ACC002564,BEN52370,BEN80054,2026-09-14 15:43:07,mobile
BCH001731,ACC003715,BEN37711,BEN69027,2026-09-14 15:44:20,branch
BCH001732,ACC000001,BEN66623,BEN56975,2026-09-14 15:43:05,internet
BCH001733,ACC002759,BEN67929,BEN81010,2026-09-14 15:42:01,mobile
BCH001734,ACC003314,BEN81754,BEN92430,2026-09-14 15:43:50,branch
BCH001735,ACC000835,BEN68500,BEN56255,2026-09-14 15:40:13,mobile
BCH001736,ACC004069,BEN83275,BEN49905,2026-09-14 15:40:51,mobile
BCH001737,ACC004155,BEN36814,BEN95053,2026-09-14 15:44:51,mobile
BCH001738,ACC004669,BEN57139,BEN49559,2026-09-14 15:44:56,internet
BCH001739,ACC000643,BEN17750,BEN17442,2026-09-14 15:41:12,mobile
BCH001740,ACC001130,BEN51341,BEN90985,2026-09-14 15:42:38,mobile
BCH001741,ACC001098,BEN90671,BEN32354,2026-09-14 15:40:20,mobile
BCH001742,ACC002983,BEN92130,BEN65368,2026-09-14 15:41:13,mobile
BCH001743,ACC000805,BEN69083,BEN90244,2026-09-14 15:43:43,internet
BCH001744,ACC001621,BEN31531,BEN34637,2026-09-14 15:41:54,internet
BCH001745,ACC000481,BEN31929,BEN33827,2026-09-14 15:42:13,mobile
BCH001746,ACC003381,BEN84842,BEN84038,2026-09-14 15:41:42,branch
BCH001747,ACC003553,BEN37725,BEN20537,2026-09-14 15:41:39,mobile
BCH001748,ACC003914,BEN61429,BEN15608,2026-09-14 15:43:06,mobile
BCH001749,ACC000721,BEN25007,BEN79619,2026-09-14 15:44:23,branch
BCH001750,ACC003724,BEN82553,BEN92823,2026-09-14 15:43:54,internet
BCH001751,ACC003670,BEN65536,BEN44596,2026-09-14 15:41:51,branch
BCH001752,ACC004282,BEN16597,BEN87705,2026-09-14 15:43:34,mobile
BCH001753,ACC003929,BEN69311,BEN97733,2026-09-14 15:44:57,branch
BCH001754,ACC002951,BEN10838,BEN57551,2026-09-14 15:44:44,branch
BCH001755,ACC002496,BEN54424,BEN76036,2026-09-14 15:44:24,mobile
BCH001756,ACC004017,BEN60595,BEN54265,2026-09-14 15:44:40,internet
BCH001757,ACC002788,BEN13289,BEN66505,2026-09-14 15:41:48,internet
BCH001758,ACC004164,BEN49893,BEN31442,2026-09-14 15:41:32,branch
BCH001759,ACC004097,BEN40017,BEN53842,2026-09-14 15:40:21,mobile
BCH001760,ACC004857,BEN22851,BEN55757,2026-09-14 15:43:23,mobile
BCH001761,ACC001335,BEN62989,BEN43045,2026-09-14 15:45:18,mobile
BCH001762,ACC001987,BEN29514,BEN31070,2026-09-14 15:44:50,internet
BCH001763,ACC002712,BEN36531,BEN98343,2026-09-14 15:44:33,mobile
BCH001764,ACC003028,BEN76557,BEN59033,2026-09-14 15:43:51,branch
BCH001765,ACC000569,BEN67400,BEN51199,2026-09-14 15:44:39,mobile
BCH001766,ACC001951,BEN68787,BEN57523,2026-09-14 15:44:25,branch
BCH001767,ACC004873,BEN30361,BEN50216,2026-09-14 15:43:39,mobile
BCH001768,ACC000935,BEN76222,BEN45559,2026-09-14 15:43:42,branch
BCH001769,ACC003143,BEN76753,BEN67059,2026-09-14 15:40:10,branch
BCH001770,ACC003420,BEN52493,BEN29254,2026-09-14 15:42:26,mobile
BCH001771,ACC004344,BEN31977,BEN81571,2026-09-14 15:40:24,branch
BCH001772,ACC004854,BEN30737,BEN98044,2026-09-14 15:44:51,internet
BCH001773,ACC004254,BEN53990,BEN95793,2026-09-14 15:42:10,internet
BCH001774,ACC003784,BEN46637,BEN78529,2026-09-14 15:41:59,internet
BCH001775,ACC003473,BEN63560,BEN24814,2026-09-14 15:42:11,branch
BCH001776,ACC002418,BEN37313,BEN78413,2026-09-14 15:41:43,branch
BCH001777,ACC001437,BEN32031,BEN96854,2026-09-14 15:44:50,branch
BCH001778,ACC001796,BEN69376,BEN19588,2026-09-14 15:41:18,internet
BCH001779,ACC003520,BEN97596,BEN35634,2026-09-14 15:42:49,mobile
BCH001780,ACC004332,BEN80451,BEN30962,2026-09-14 15:40:51,internet
BCH001781,ACC002743,BEN82527,BEN62269,2026-09-14 15:41:54,mobile
BCH001782,ACC004056,BEN10444,BEN29121,2026-09-14 15:40:04,branch
BCH001783,ACC003328,BEN26642,BEN97564,2026-09-14 15:42:27,mobile
BCH001784,ACC003255,BEN73081,BEN41495,2026-09-14 15:40:45,mobile
BCH001785,ACC004833,BEN51526,BEN82568,2026-09-14 15:41:03,mobile
BCH001786,ACC004101,BEN74777,BEN92257,2026-09-14 15:44:57,branch
BCH001787,ACC003440,BEN43889,BEN39354,2026-09-14 15:42:15,mobile
BCH001788,ACC000388,BEN94993,BEN98011,2026-09-14 15:40:52,mobile
BCH001789,ACC001438,BEN54007,BEN67896,2026-09-14 15:42:59,internet
BCH001790,ACC003611,BEN82495,BEN42676,2026-09-14 15:40:30,mobile
BCH001791,ACC002466,BEN66933,BEN46796,2026-09-14 15:42:49,branch
BCH001792,ACC003801,BEN68270,BEN14251,2026-09-14 15:40:56,mobile
BCH001793,ACC003054,BEN10763,BEN44152,2026-09-14 15:45:31,branch
BCH001794,ACC000020,BEN16549,BEN56622,2026-09-14 15:43:00,branch
BCH001795,ACC003145,BEN86186,BEN36188,2026-09-14 15:41:26,internet
BCH001796,ACC000946,BEN48998,BEN69960,2026-09-14 15:45:40,mobile
BCH001797,ACC002776,BEN76125,BEN38945,2026-09-14 15:42:12,branch
BCH001798,ACC002807,BEN16991,BEN50585,2026-09-14 15:40:27,branch
BCH001799,ACC004563,BEN93958,BEN20922,2026-09-14 15:41:58,internet
BCH001800,ACC001827,BEN74958,BEN25849,2026-09-14 15:41:16,mobile
BCH001801,ACC002878,BEN61303,BEN65282,2026-09-14 15:44:24,mobile
BCH001802,ACC002935,BEN20811,BEN35188,2026-09-14 15:43:10,internet
BCH001803,ACC001430,BEN12961,BEN58247,2026-09-14 15:42:30,internet
BCH001804,ACC000385,BEN66622,BEN58243,2026-09-14 15:45:39,internet
BCH001805,ACC001073,BEN50115,BEN57022,2026-09-14 15:43:27,internet
BCH001806,ACC003228,BEN58351,BEN71960,2026-09-14 15:41:38,branch
BCH001807,ACC001199,BEN84702,BEN21254,2026-09-14 15:44:08,branch
BCH001808,ACC004755,BEN38821,BEN55322,2026-09-14 15:40:08,internet
BCH001809,ACC003096,BEN16991,BEN84323,2026-09-14 15:44:22,branch
BCH001810,ACC001836,BEN83113,BEN42714,2026-09-14 15:42:50,internet
BCH001811,ACC001687,BEN49225,BEN29040,2026-09-14 15:43:13,internet
BCH001812,ACC001576,BEN43017,BEN97137,2026-09-14 15:41:51,internet
BCH001813,ACC004266,BEN74455,BEN88314,2026-09-14 15:41:00,branch
BCH001814,ACC003042,BEN26911,BEN23739,2026-09-14 15:45:09,mobile
BCH001815,ACC002523,BEN83915,BEN57409,2026-09-14 15:41:28,mobile
BCH001816,ACC002004,BEN32562,BEN52267,2026-09-14 15:43:51,branch
BCH001817,ACC000727,BEN47877,BEN36337,2026-09-14 15:45:16,mobile
BCH001818,ACC001776,BEN60135,BEN29491,2026-09-14 15:43:37,branch
BCH001819,ACC004961,BEN57407,BEN42672,2026-09-14 15:40:33,branch
BCH001820,ACC003277,BEN16919,BEN49317,2026-09-14 15:45:46,internet
BCH001821,ACC003161,BEN68088,BEN48412,2026-09-14 15:42:56,branch
BCH001822,ACC002667,BEN83187,BEN47601,2026-09-14 15:45:52,internet
BCH001823,ACC000815,BEN51737,BEN64683,2026-09-14 15:40:20,branch
BCH001824,ACC003794,BEN47422,BEN78017,2026-09-14 15:43:22,internet
BCH001825,ACC003495,BEN86337,BEN74960,2026-09-14 15:40:09,branch
BCH001826,ACC002137,BEN28204,BEN99076,2026-09-14 15:42:12,mobile
BCH001827,ACC002020,BEN27686,BEN66639,2026-09-14 15:45:06,branch
BCH001828,ACC002187,BEN69790,BEN46958,2026-09-14 15:44:57,internet
BCH001829,ACC003729,BEN43503,BEN18435,2026-09-14 15:44:46,mobile
BCH001830,ACC000632,BEN66610,BEN30284,2026-09-14 15:45:35,internet
BCH001831,ACC002446,BEN81419,BEN25280,2026-09-14 15:40:45,branch
BCH001832,ACC002445,BEN17629,BEN85396,2026-09-14 15:42:41,mobile
BCH001833,ACC000549,BEN68209,BEN35451,2026-09-14 15:40:12,internet
BCH001834,ACC004860,BEN45105,BEN71183,2026-09-14 15:42:43,branch
BCH001835,ACC002380,BEN13632,BEN42060,2026-09-14 15:42:28,mobile
BCH001836,ACC000262,BEN70487,BEN63029,2026-09-14 15:41:12,internet
BCH001837,ACC004421,BEN52853,BEN69125,2026-09-14 15:44:45,internet
BCH001838,ACC000993,BEN90230,BEN63931,2026-09-14 15:44:20,branch
BCH001839,ACC002131,BEN36815,BEN34958,2026-09-14 15:43:24,mobile
BCH001840,ACC003662,BEN74691,BEN80644,2026-09-14 15:44:29,mobile
BCH001841,ACC001965,BEN88471,BEN36831,2026-09-14 15:43:08,internet
BCH001842,ACC001100,BEN86981,BEN47966,2026-09-14 15:43:58,mobile
BCH001843,ACC003210,BEN41489,BEN16576,2026-09-14 15:43:29,branch
BCH001844,ACC004214,BEN71999,BEN38443,2026-09-14 15:45:43,branch
BCH001845,ACC004538,BEN90780,BEN30471,2026-09-14 15:42:07,internet
BCH001846,ACC000548,BEN16405,BEN33610,2026-09-14 15:43:07,branch
BCH001847,ACC000513,BEN84755,BEN27525,2026-09-14 15:43:33,mobile
BCH001848,ACC000363,BEN80807,BEN31956,2026-09-14 15:40:43,mobile
BCH001849,ACC003761,BEN59869,BEN32287,2026-09-14 15:43:28,mobile
BCH001850,ACC003528,BEN77756,BEN77586,2026-09-14 15:42:39,branch
BCH001851,ACC001448,BEN37728,BEN26317,2026-09-14 15:41:06,mobile
BCH001852,ACC001317,BEN54636,BEN21440,2026-09-14 15:42:25,branch
BCH001853,ACC004450,BEN10192,BEN55612,2026-09-14 15:43:23,internet
BCH001854,ACC002972,BEN38562,BEN16492,2026-09-14 15:41:53,mobile
BCH001855,ACC003932,BEN56412,BEN86573,2026-09-14 15:46:04,internet
BCH001856,ACC004577,BEN44909,BEN98238,2026-09-14 15:43:04,internet
BCH001857,ACC002425,BEN75977,BEN17803,2026-09-14 15:42:46,mobile
BCH001858,ACC004015,BEN12623,BEN18815,2026-09-14 15:41:38,mobile
BCH001859,ACC003425,BEN33143,BEN96551,2026-09-14 15:44:24,internet
BCH001860,ACC003687,BEN73580,BEN37336,2026-09-14 15:42:58,internet
BCH001861,ACC002201,BEN33502,BEN23451,2026-09-14 15:42:05,internet
BCH001862,ACC004142,BEN10095,BEN49735,2026-09-14 15:44:22,branch
BCH001863,ACC002504,BEN35521,BEN38212,2026-09-14 15:43:08,internet
BCH001864,ACC002130,BEN10423,BEN61912,2026-09-14 15:45:05,mobile
BCH001865,ACC003138,BEN56098,BEN45841,2026-09-14 15:45:22,internet
BCH001866,ACC003839,BEN93216,BEN50116,2026-09-14 15:41:06,branch
BCH001867,ACC002224,BEN39129,BEN43974,2026-09-14 15:45:57,mobile
BCH001868,ACC003058,BEN81425,BEN84775,2026-09-14 15:42:21,mobile
BCH001869,ACC003639,BEN57146,BEN19348,2026-09-14 15:43:07,branch
BCH001870,ACC000439,BEN28998,BEN69124,2026-09-14 15:43:49,branch
BCH001871,ACC000748,BEN38484,BEN73749,2026-09-14 15:43:39,internet
BCH001872,ACC001753,BEN96492,BEN99803,2026-09-14 15:40:55,mobile
BCH001873,ACC000457,BEN51315,BEN40120,2026-09-14 15:44:43,branch
BCH001874,ACC004985,BEN49569,BEN94227,2026-09-14 15:40:04,internet
BCH001875,ACC003406,BEN91174,BEN58908,2026-09-14 15:45:13,branch
BCH001876,ACC000927,BEN95360,BEN12036,2026-09-14 15:44:55,branch
BCH001877,ACC004148,BEN18297,BEN20688,2026-09-14 15:40:11,internet
BCH001878,ACC000955,BEN38249,BEN74003,2026-09-14 15:40:49,branch
BCH001879,ACC000076,BEN40281,BEN91808,2026-09-14 15:41:37,internet
BCH001880,ACC004225,BEN58894,BEN34303,2026-09-14 15:44:24,internet
BCH001881,ACC004399,BEN40657,BEN33617,2026-09-14 15:41:33,mobile
BCH001882,ACC004498,BEN29431,BEN75279,2026-09-14 15:43:26,mobile
BCH001883,ACC002272,BEN40335,BEN15470,2026-09-14 15:44:00,internet
BCH001884,ACC000786,BEN86140,BEN47785,2026-09-14 15:41:59,mobile
BCH001885,ACC004164,BEN90782,BEN87089,2026-09-14 15:44:11,mobile
BCH001886,ACC001581,BEN48046,BEN28214,2026-09-14 15:43:35,branch
BCH001887,ACC003892,BEN49923,BEN59573,2026-09-14 15:43:36,internet
BCH001888,ACC000298,BEN94883,BEN51988,2026-09-14 15:43:26,internet
BCH001889,ACC001145,BEN81901,BEN25536,2026-09-14 15:45:28,mobile
BCH001890,ACC002011,BEN43231,BEN14442,2026-09-14 15:41:49,mobile
BCH001891,ACC003425,BEN14629,BEN47664,2026-09-14 15:44:07,branch
BCH001892,ACC002884,BEN77047,BEN75260,2026-09-14 15:43:57,internet
BCH001893,ACC000751,BEN48824,BEN37816,2026-09-14 15:40:54,mobile
BCH001894,ACC004077,BEN26595,BEN89314,2026-09-14 15:43:23,internet
BCH001895,ACC002846,BEN77681,BEN34730,2026-09-14 15:43:55,mobile
BCH001896,ACC001392,BEN98209,BEN97967,2026-09-14 15:40:53,branch
BCH001897,ACC000941,BEN80657,BEN65244,2026-09-14 15:43:24,branch
BCH001898,ACC000140,BEN93594,BEN44596,2026-09-14 15:45:59,internet
BCH001899,ACC000800,BEN59586,BEN93757,2026-09-14 15:45:34,branch
BCH001900,ACC002781,BEN36001,BEN21976,2026-09-14 15:44:10,branch
BCH001901,ACC002062,BEN60546,BEN75148,2026-09-14 15:45:36,mobile
BCH001902,ACC004271,BEN93034,BEN70261,2026-09-14 15:44:09,mobile
BCH001903,ACC000412,BEN93619,BEN68374,2026-09-14 15:42:06,branch
BCH001904,ACC000712,BEN24215,BEN74600,2026-09-14 15:41:18,branch
BCH001905,ACC003742,BEN91667,BEN18902,2026-09-14 15:42:41,mobile
BCH001906,ACC002360,BEN28026,BEN38577,2026-09-14 15:43:24,internet
BCH001907,ACC003823,BEN76554,BEN49624,2026-09-14 15:44:46,branch
BCH001908,ACC001195,BEN70833,BEN78322,2026-09-14 15:41:03,internet
BCH001909,ACC002518,BEN21811,BEN80349,2026-09-14 15:43:43,branch
BCH001910,ACC004746,BEN84646,BEN77755,2026-09-14 15:42:31,mobile
BCH001911,ACC001392,BEN72510,BEN24860,2026-09-14 15:42:20,internet
BCH001912,ACC000785,BEN67811,BEN34143,2026-09-14 15:45:30,mobile
BCH001913,ACC002139,BEN50265,BEN83277,2026-09-14 15:40:15,internet
BCH001914,ACC000077,BEN40757,BEN83832,2026-09-14 15:42:36,internet
BCH001915,ACC002270,BEN29551,BEN82270,2026-09-14 15:45:53,mobile
BCH001916,ACC001266,BEN90533,BEN46194,2026-09-14 15:42:31,mobile
BCH001917,ACC002560,BEN72383,BEN14320,2026-09-14 15:45:49,mobile
BCH001918,ACC000484,BEN20584,BEN61681,2026-09-14 15:45:07,mobile
BCH001919,ACC001389,BEN36231,BEN83699,2026-09-14 15:44:53,internet
BCH001920,ACC000037,BEN45837,BEN29774,2026-09-14 15:44:50,branch
BCH001921,ACC004239,BEN36068,BEN48747,2026-09-14 15:44:07,mobile
BCH001922,ACC003690,BEN37747,BEN92928,2026-09-14 15:43:03,internet
BCH001923,ACC003005,BEN52036,BEN81482,2026-09-14 15:43:34,internet
BCH001924,ACC004639,BEN70867,BEN82915,2026-09-14 15:43:25,internet
BCH001925,ACC000435,BEN21062,BEN42449,2026-09-14 15:45:33,branch
BCH001926,ACC002449,BEN19778,BEN80989,2026-09-14 15:41:08,branch
BCH001927,ACC001871,BEN29737,BEN65811,2026-09-14 15:41:38,internet
BCH001928,ACC004372,BEN66475,BEN87836,2026-09-14 15:41:43,mobile
BCH001929,ACC000765,BEN91269,BEN68390,2026-09-14 15:42:55,branch
BCH001930,ACC003481,BEN79449,BEN42800,2026-09-14 15:40:15,mobile
BCH001931,ACC000035,BEN61455,BEN48198,2026-09-14 15:43:53,mobile
BCH001932,ACC000636,BEN54815,BEN36096,2026-09-14 15:44:07,mobile
BCH001933,ACC004535,BEN32701,BEN61708,2026-09-14 15:43:24,internet
BCH001934,ACC002540,BEN53669,BEN28835,2026-09-14 15:40:51,branch
BCH001935,ACC002833,BEN81542,BEN72622,2026-09-14 15:41:58,mobile
BCH001936,ACC003549,BEN76128,BEN79815,2026-09-14 15:40:39,branch
BCH001937,ACC003902,BEN71332,BEN80555,2026-09-14 15:42:31,mobile
BCH001938,ACC001644,BEN89774,BEN43868,2026-09-14 15:44:04,branch
BCH001939,ACC002887,BEN66545,BEN90878,2026-09-14 15:45:58,branch
BCH001940,ACC002426,BEN83403,BEN89322,2026-09-14 15:41:55,branch
BCH001941,ACC000018,BEN99670,BEN88247,2026-09-14 15:42:30,mobile
BCH001942,ACC001051,BEN88780,BEN91628,2026-09-14 15:45:22,mobile
BCH001943,ACC004620,BEN55512,BEN23799,2026-09-14 15:42:21,internet
BCH001944,ACC000698,BEN86140,BEN25679,2026-09-14 15:45:23,branch
BCH001945,ACC002015,BEN70278,BEN49333,2026-09-14 15:44:03,mobile
BCH001946,ACC001779,BEN45500,BEN33735,2026-09-14 15:43:36,branch
BCH001947,ACC004338,BEN90687,BEN52852,2026-09-14 15:41:50,internet
BCH001948,ACC004501,BEN46304,BEN12300,2026-09-14 15:41:53,internet
BCH001949,ACC004920,BEN28833,BEN86476,2026-09-14 15:40:18,internet
BCH001950,ACC000956,BEN79442,BEN13009,2026-09-14 15:40:16,branch
BCH001951,ACC004016,BEN80451,BEN41059,2026-09-14 15:41:07,branch
BCH001952,ACC003567,BEN65743,BEN71993,2026-09-14 15:40:50,internet
BCH001953,ACC001026,BEN18737,BEN52715,2026-09-14 15:44:58,internet
BCH001954,ACC004238,BEN75508,BEN16423,2026-09-14 15:45:38,mobile
BCH001955,ACC002869,BEN20091,BEN68283,2026-09-14 15:43:53,internet
BCH001956,ACC004493,BEN11364,BEN57459,2026-09-14 15:41:16,internet
BCH001957,ACC004776,BEN86880,BEN32625,2026-09-14 15:44:48,branch
BCH001958,ACC003695,BEN81018,BEN80788,2026-09-14 15:45:15,mobile
BCH001959,ACC001503,BEN64028,BEN82390,2026-09-14 15:46:01,mobile
BCH001960,ACC000664,BEN90796,BEN37754,2026-09-14 15:45:47,mobile
BCH001961,ACC003544,BEN89374,BEN85484,2026-09-14 15:44:17,mobile
BCH001962,ACC002459,BEN39202,BEN83249,2026-09-14 15:45:37,internet
BCH001963,ACC000290,BEN91732,BEN53152,2026-09-14 15:41:51,internet
BCH001964,ACC002319,BEN40358,BEN51539,2026-09-14 15:42:13,internet
BCH001965,ACC000035,BEN42590,BEN37960,2026-09-14 15:43:44,mobile
BCH001966,ACC002197,BEN70390,BEN48540,2026-09-14 15:43:13,mobile
BCH001967,ACC002769,BEN95338,BEN91709,2026-09-14 15:45:39,branch
BCH001968,ACC004660,BEN64583,BEN45809,2026-09-14 15:43:40,internet
BCH001969,ACC000496,BEN31821,BEN99184,2026-09-14 15:45:28,mobile
BCH001970,ACC001114,BEN67103,BEN44719,2026-09-14 15:42:06,branch
BCH001971,ACC004018,BEN28616,BEN90652,2026-09-14 15:42:05,branch
BCH001972,ACC003419,BEN33614,BEN61420,2026-09-14 15:41:15,branch
BCH001973,ACC001333,BEN38528,BEN45422,2026-09-14 15:46:02,mobile
BCH001974,ACC004909,BEN35789,BEN33816,2026-09-14 15:41:57,mobile
BCH001975,ACC003246,BEN13561,BEN71158,2026-09-14 15:43:43,branch
BCH001976,ACC000440,BEN15080,BEN51658,2026-09-14 15:42:19,branch
BCH001977,ACC001588,BEN68514,BEN80672,2026-09-14 15:45:33,branch
BCH001978,ACC002147,BEN31533,BEN56889,2026-09-14 15:41:31,branch
BCH001979,ACC001040,BEN66454,BEN90012,2026-09-14 15:40:58,branch
BCH001980,ACC001410,BEN97968,BEN10231,2026-09-14 15:43:51,internet
BCH001981,ACC001526,BEN80771,BEN21274,2026-09-14 15:40:45,branch
BCH001982,ACC002641,BEN57529,BEN79445,2026-09-14 15:41:06,mobile
BCH001983,ACC000958,BEN89400,BEN64207,2026-09-14 15:43:57,mobile
BCH001984,ACC003554,BEN89769,BEN76747,2026-09-14 15:41:03,internet
BCH001985,ACC004664,BEN75577,BEN43366,2026-09-14 15:43:57,mobile
BCH001986,ACC002166,BEN82649,BEN72826,2026-09-14 15:42:39,branch
BCH001987,ACC003320,BEN99517,BEN28852,2026-09-14 15:42:42,mobile
BCH001988,ACC000201,BEN83881,BEN89099,2026-09-14 15:45:37,internet
BCH001989,ACC002725,BEN81562,BEN93853,2026-09-14 15:44:16,mobile
BCH001990,ACC000074,BEN76028,BEN30104,2026-09-14 15:44:48,mobile
BCH001991,ACC004652,BEN54325,BEN42858,2026-09-14 15:41:26,internet
BCH001992,ACC001748,BEN70271,BEN37614,2026-09-14 15:43:43,mobile
BCH001993,ACC004539,BEN46526,BEN90685,2026-09-14 15:44:27,mobile
BCH001994,ACC001106,BEN34112,BEN47392,2026-09-14 15:41:26,internet
BCH001995,ACC001860,BEN78213,BEN51920,2026-09-14 15:42:22,mobile
BCH001996,ACC004957,BEN77358,BEN12895,2026-09-14 15:41:58,branch
BCH001997,ACC002661,BEN90930,BEN33054,2026-09-14 15:41:56,mobile
BCH001998,ACC003576,BEN94304,BEN73359,2026-09-14 15:41:14,branch
BCH001999,ACC001714,BEN92725,BEN20269,2026-09-14 15:43:19,mobile
BCH002000,ACC004041,BEN86695,BEN42900,2026-09-14 15:44:30,mobile
BCH002001,ACC003595,BEN64736,BEN22308,2026-09-14 15:42:34,mobile
BCH002002,ACC002294,BEN40386,BEN63845,2026-09-14 15:45:52,branch
BCH002003,ACC000035,BEN86428,BEN74910,2026-09-14 15:43:22,branch
BCH002004,ACC001850,BEN95055,BEN66553,2026-09-14 15:44:45,mobile
BCH002005,ACC002635,BEN84971,BEN71978,2026-09-14 15:44:11,mobile
BCH002006,ACC003162,BEN28621,BEN40328,2026-09-14 15:40:49,branch
BCH002007,ACC000000,BEN60418,BEN34495,2026-09-14 15:41:27,mobile
BCH002008,ACC004144,BEN69032,BEN77163,2026-09-14 15:44:54,branch
BCH002009,ACC002510,BEN53903,BEN57901,2026-09-14 15:44:09,internet
BCH002010,ACC004281,BEN29597,BEN96374,2026-09-14 15:40:28,internet
BCH002011,ACC001518,BEN96050,BEN91796,2026-09-14 15:44:25,internet
BCH002012,ACC003391,BEN45367,BEN80954,2026-09-14 15:42:47,internet
BCH002013,ACC002124,BEN43539,BEN97595,2026-09-14 15:41:27,mobile
BCH002014,ACC003555,BEN59255,BEN82093,2026-09-14 15:44:27,mobile
BCH002015,ACC002502,BEN16076,BEN11429,2026-09-14 15:45:15,branch
BCH002016,ACC003393,BEN46778,BEN75018,2026-09-14 15:43:54,branch
BCH002017,ACC003634,BEN32997,BEN39248,2026-09-14 15:43:00,mobile
BCH002018,ACC002541,BEN19085,BEN81819,2026-09-14 15:41:54,branch
BCH002019,ACC003715,BEN79167,BEN15275,2026-09-14 15:40:13,internet
BCH002020,ACC000093,BEN32024,BEN94852,2026-09-14 15:40:35,internet
BCH002021,ACC002137,BEN25639,BEN58853,2026-09-14 15:42:32,internet
BCH002022,ACC003362,BEN79848,BEN78781,2026-09-14 15:45:01,mobile
BCH002023,ACC003751,BEN12694,BEN76196,2026-09-14 15:41:11,mobile
BCH002024,ACC003869,BEN57118,BEN83118,2026-09-14 15:42:38,internet
BCH002025,ACC000291,BEN85532,BEN17644,2026-09-14 15:45:17,internet
BCH002026,ACC002797,BEN84976,BEN37777,2026-09-14 15:42:54,branch
BCH002027,ACC001382,BEN27672,BEN78210,2026-09-14 15:40:40,branch
BCH002028,ACC003635,BEN19879,BEN49105,2026-09-14 15:44:11,branch
BCH002029,ACC003424,BEN36052,BEN49711,2026-09-14 15:42:00,mobile
BCH002030,ACC001478,BEN59960,BEN59465,2026-09-14 15:41:49,mobile
BCH002031,ACC002365,BEN92110,BEN15510,2026-09-14 15:40:46,branch
BCH002032,ACC000246,BEN84310,BEN97615,2026-09-14 15:43:17,branch
BCH002033,ACC004455,BEN70434,BEN47329,2026-09-14 15:44:47,mobile
BCH002034,ACC004881,BEN47167,BEN57752,2026-09-14 15:41:51,mobile
BCH002035,ACC002699,BEN24429,BEN68249,2026-09-14 15:42:24,branch
BCH002036,ACC000273,BEN48586,BEN16707,2026-09-14 15:44:45,mobile
BCH002037,ACC001482,BEN30541,BEN26032,2026-09-14 15:44:08,mobile
BCH002038,ACC004395,BEN95543,BEN16539,2026-09-14 15:40:33,branch
BCH002039,ACC004663,BEN60199,BEN36576,2026-09-14 15:45:19,internet
BCH002040,ACC002589,BEN51556,BEN42880,2026-09-14 15:44:11,branch
BCH002041,ACC004825,BEN85120,BEN35640,2026-09-14 15:41:25,branch
BCH002042,ACC001953,BEN50684,BEN67951,2026-09-14 15:45:55,branch
BCH002043,ACC000009,BEN76604,BEN70268,2026-09-14 15:41:12,branch
BCH002044,ACC001877,BEN27392,BEN36278,2026-09-14 15:42:04,mobile
BCH002045,ACC002248,BEN46997,BEN35975,2026-09-14 15:41:21,branch
BCH002046,ACC002341,BEN57443,BEN34230,2026-09-14 15:40:59,branch
BCH002047,ACC003217,BEN17583,BEN50009,2026-09-14 15:40:35,internet
BCH002048,ACC000676,BEN88770,BEN66085,2026-09-14 15:43:12,branch
BCH002049,ACC001227,BEN69675,BEN56205,2026-09-14 15:43:50,branch
BCH002050,ACC000080,BEN18232,BEN63596,2026-09-14 15:44:52,mobile
BCH002051,ACC003329,BEN56918,BEN17796,2026-09-14 15:44:08,mobile
BCH002052,ACC001852,BEN82306,BEN43200,2026-09-14 15:44:44,branch
BCH002053,ACC000766,BEN13220,BEN81304,2026-09-14 15:41:15,branch
BCH002054,ACC002653,BEN48893,BEN85767,2026-09-14 15:41:14,internet
BCH002055,ACC000449,BEN14455,BEN93034,2026-09-14 15:45:30,mobile
BCH002056,ACC003128,BEN44509,BEN88884,2026-09-14 15:40:05,internet
BCH002057,ACC000391,BEN97280,BEN45268,2026-09-14 15:40:44,internet
BCH002058,ACC003194,BEN97543,BEN41919,2026-09-14 15:42:57,internet
BCH002059,ACC003056,BEN74215,BEN84719,2026-09-14 15:42:11,internet
BCH002060,ACC000811,BEN94486,BEN56950,2026-09-14 15:43:13,branch
BCH002061,ACC001653,BEN66804,BEN75164,2026-09-14 15:43:46,mobile
BCH002062,ACC000567,BEN52066,BEN25514,2026-09-14 15:45:48,mobile
BCH002063,ACC001007,BEN23717,BEN39523,2026-09-14 15:45:47,branch
BCH002064,ACC001786,BEN31842,BEN69989,2026-09-14 15:44:35,internet
BCH002065,ACC001151,BEN97907,BEN91905,2026-09-14 15:44:38,branch
BCH002066,ACC000471,BEN13491,BEN95998,2026-09-14 15:45:33,mobile
BCH002067,ACC003041,BEN64005,BEN84489,2026-09-14 15:41:28,branch
BCH002068,ACC002330,BEN70992,BEN70031,2026-09-14 15:40:18,branch
BCH002069,ACC002925,BEN51847,BEN59661,2026-09-14 15:43:53,mobile
BCH002070,ACC002463,BEN88306,BEN49333,2026-09-14 15:45:38,branch
BCH002071,ACC002158,BEN19719,BEN39988,2026-09-14 15:42:42,mobile
BCH002072,ACC000411,BEN37068,BEN23806,2026-09-14 15:43:59,internet
BCH002073,ACC001531,BEN47299,BEN54383,2026-09-14 15:43:33,branch
BCH002074,ACC002421,BEN15027,BEN28697,2026-09-14 15:44:17,internet
BCH002075,ACC001630,BEN44137,BEN98972,2026-09-14 15:44:13,mobile
BCH002076,ACC003045,BEN42427,BEN38223,2026-09-14 15:40:18,mobile
BCH002077,ACC004522,BEN92720,BEN66914,2026-09-14 15:45:53,internet
BCH002078,ACC003429,BEN26893,BEN53447,2026-09-14 15:45:28,branch
BCH002079,ACC000421,BEN29853,BEN25378,2026-09-14 15:45:10,branch
BCH002080,ACC003101,BEN30559,BEN89887,2026-09-14 15:40:07,mobile
BCH002081,ACC003310,BEN64787,BEN65263,2026-09-14 15:41:52,internet
BCH002082,ACC001328,BEN19442,BEN86972,2026-09-14 15:42:11,mobile
BCH002083,ACC004399,BEN25680,BEN33609,2026-09-14 15:44:56,mobile
BCH002084,ACC004484,BEN20634,BEN26410,2026-09-14 15:42:07,mobile
BCH002085,ACC004763,BEN83280,BEN96251,2026-09-14 15:45:50,mobile
BCH002086,ACC000478,BEN31397,BEN73013,2026-09-14 15:40:42,mobile
BCH002087,ACC000113,BEN80618,BEN56570,2026-09-14 15:45:21,internet
BCH002088,ACC000404,BEN91400,BEN59955,2026-09-14 15:43:04,branch
BCH002089,ACC004875,BEN75388,BEN80612,2026-09-14 15:41:09,mobile
BCH002090,ACC000989,BEN67810,BEN22468,2026-09-14 15:42:12,mobile
BCH002091,ACC004248,BEN44588,BEN24952,2026-09-14 15:41:08,internet
BCH002092,ACC004908,BEN54906,BEN80725,2026-09-14 15:43:51,internet
BCH002093,ACC000905,BEN72768,BEN34606,2026-09-14 15:40:10,branch
BCH002094,ACC002663,BEN32228,BEN86046,2026-09-14 15:41:32,mobile
BCH002095,ACC000426,BEN49122,BEN57485,2026-09-14 15:41:03,branch
BCH002096,ACC004351,BEN78625,BEN22796,2026-09-14 15:41:19,mobile
BCH002097,ACC004849,BEN37552,BEN32536,2026-09-14 15:44:15,mobile
BCH002098,ACC001745,BEN99443,BEN44958,2026-09-14 15:44:02,branch
BCH002099,ACC001675,BEN92878,BEN97782,2026-09-14 15:45:15,internet
BCH002100,ACC001898,BEN20339,BEN68177,2026-09-14 15:45:33,internet
BCH002101,ACC001646,BEN93618,BEN89430,2026-09-14 15:40:12,branch
BCH002102,ACC002722,BEN49065,BEN47327,2026-09-14 15:42:05,branch
BCH002103,ACC004281,BEN85195,BEN75658,2026-09-14 15:40:47,branch
BCH002104,ACC003566,BEN19977,BEN56538,2026-09-14 15:42:40,branch
BCH002105,ACC004375,BEN21525,BEN10388,2026-09-14 15:40:18,branch
BCH002106,ACC001792,BEN20313,BEN62659,2026-09-14 15:44:29,internet
BCH002107,ACC002442,BEN62144,BEN38666,2026-09-14 15:44:57,branch
BCH002108,ACC002207,BEN72834,BEN73006,2026-09-14 15:42:42,mobile
BCH002109,ACC000285,BEN44541,BEN23245,2026-09-14 15:42:41,branch
BCH002110,ACC002086,BEN45405,BEN48581,2026-09-14 15:40:15,mobile
BCH002111,ACC003923,BEN66036,BEN21094,2026-09-14 15:40:14,branch
BCH002112,ACC004707,BEN18206,BEN29388,2026-09-14 15:43:56,branch
BCH002113,ACC003553,BEN57162,BEN38579,2026-09-14 15:43:46,mobile
BCH002114,ACC004422,BEN65652,BEN59548,2026-09-14 15:41:46,internet
BCH002115,ACC002766,BEN35750,BEN51071,2026-09-14 15:40:44,branch
BCH002116,ACC002253,BEN10364,BEN38166,2026-09-14 15:40:14,branch
BCH002117,ACC001784,BEN29607,BEN94400,2026-09-14 15:43:54,branch
BCH002118,ACC001278,BEN77543,BEN46559,2026-09-14 15:46:02,branch
BCH002119,ACC003555,BEN39017,BEN11658,2026-09-14 15:41:23,internet
BCH002120,ACC002079,BEN93844,BEN15708,2026-09-14 15:44:20,branch
BCH002121,ACC003131,BEN89650,BEN83792,2026-09-14 15:40:39,internet
BCH002122,ACC001176,BEN31052,BEN38540,2026-09-14 15:44:12,mobile
BCH002123,ACC002166,BEN37834,BEN18196,2026-09-14 15:41:39,mobile
BCH002124,ACC004905,BEN75427,BEN86291,2026-09-14 15:45:47,mobile
BCH002125,ACC004819,BEN65573,BEN82923,2026-09-14 15:45:34,branch
BCH002126,ACC002303,BEN17102,BEN61525,2026-09-14 15:43:14,internet
BCH002127,ACC003556,BEN23978,BEN16216,2026-09-14 15:45:14,internet
BCH002128,ACC000830,BEN77793,BEN36520,2026-09-14 15:43:37,internet
BCH002129,ACC000063,BEN28804,BEN51583,2026-09-14 15:40:40,internet
BCH002130,ACC001118,BEN86277,BEN71892,2026-09-14 15:44:39,mobile
BCH002131,ACC003867,BEN73742,BEN14399,2026-09-14 15:43:22,internet
BCH002132,ACC000204,BEN84722,BEN55007,2026-09-14 15:43:03,internet
BCH002133,ACC003370,BEN71901,BEN99033,2026-09-14 15:45:50,branch
BCH002134,ACC002640,BEN98174,BEN16775,2026-09-14 15:42:31,internet
BCH002135,ACC004993,BEN41938,BEN81766,2026-09-14 15:40:22,internet
BCH002136,ACC002585,BEN86257,BEN17895,2026-09-14 15:45:35,internet
BCH002137,ACC004963,BEN28997,BEN74326,2026-09-14 15:44:54,internet
BCH002138,ACC003554,BEN59662,BEN75701,2026-09-14 15:44:36,mobile
BCH002139,ACC003816,BEN97954,BEN28597,2026-09-14 15:45:19,internet
BCH002140,ACC001178,BEN17612,BEN33960,2026-09-14 15:42:12,mobile
BCH002141,ACC003494,BEN99365,BEN18777,2026-09-14 15:42:05,internet
BCH002142,ACC000193,BEN74787,BEN98776,2026-09-14 15:41:10,mobile
BCH002143,ACC001029,BEN19966,BEN55984,2026-09-14 15:42:49,branch
BCH002144,ACC000487,BEN71294,BEN97438,2026-09-14 15:41:03,branch
BCH002145,ACC004435,BEN30752,BEN75130,2026-09-14 15:45:39,internet
BCH002146,ACC003558,BEN68790,BEN95626,2026-09-14 15:44:31,mobile
BCH002147,ACC002567,BEN76765,BEN90752,2026-09-14 15:42:19,internet
BCH002148,ACC003272,BEN54484,BEN25337,2026-09-14 15:43:52,internet
BCH002149,ACC003003,BEN75482,BEN58329,2026-09-14 15:43:15,branch
BCH002150,ACC004154,BEN15459,BEN99499,2026-09-14 15:40:09,branch
BCH002151,ACC001443,BEN49045,BEN80208,2026-09-14 15:43:37,internet
BCH002152,ACC004060,BEN43591,BEN68502,2026-09-14 15:41:03,internet
BCH002153,ACC004519,BEN25865,BEN19128,2026-09-14 15:42:07,branch
BCH002154,ACC003370,BEN44318,BEN29164,2026-09-14 15:44:33,branch
BCH002155,ACC000537,BEN80530,BEN14096,2026-09-14 15:42:38,branch
BCH002156,ACC004613,BEN15993,BEN33004,2026-09-14 15:45:47,mobile
BCH002157,ACC000227,BEN29411,BEN92141,2026-09-14 15:40:45,internet
BCH002158,ACC000934,BEN20174,BEN42538,2026-09-14 15:42:25,internet
BCH002159,ACC001961,BEN58642,BEN29097,2026-09-14 15:45:52,internet
BCH002160,ACC003963,BEN65977,BEN57636,2026-09-14 15:44:09,mobile
BCH002161,ACC000893,BEN66317,BEN93143,2026-09-14 15:43:46,internet
BCH002162,ACC004060,BEN42876,BEN27274,2026-09-14 15:41:04,branch
BCH002163,ACC001939,BEN30379,BEN61942,2026-09-14 15:42:43,branch
BCH002164,ACC002179,BEN12332,BEN26315,2026-09-14 15:45:26,mobile
BCH002165,ACC003525,BEN78276,BEN78208,2026-09-14 15:44:33,mobile
BCH002166,ACC000381,BEN99044,BEN87214,2026-09-14 15:43:48,branch
BCH002167,ACC001155,BEN32875,BEN48968,2026-09-14 15:44:29,internet
BCH002168,ACC000560,BEN93831,BEN25269,2026-09-14 15:42:24,branch
BCH002169,ACC001060,BEN74701,BEN26447,2026-09-14 15:41:16,mobile
BCH002170,ACC000892,BEN83381,BEN79519,2026-09-14 15:41:41,branch
BCH002171,ACC000589,BEN70734,BEN81665,2026-09-14 15:41:12,internet
BCH002172,ACC000004,BEN14755,BEN13698,2026-09-14 15:43:49,mobile
BCH002173,ACC003627,BEN54905,BEN29961,2026-09-14 15:44:02,internet
BCH002174,ACC004471,BEN73400,BEN45045,2026-09-14 15:40:56,mobile
BCH002175,ACC002856,BEN94979,BEN22891,2026-09-14 15:42:35,internet
BCH002176,ACC000632,BEN86376,BEN32561,2026-09-14 15:40:16,branch
BCH002177,ACC002896,BEN45474,BEN50902,2026-09-14 15:42:31,internet
BCH002178,ACC001275,BEN61204,BEN58561,2026-09-14 15:44:41,branch
BCH002179,ACC001385,BEN63153,BEN78841,2026-09-14 15:41:06,branch
BCH002180,ACC004451,BEN71547,BEN13004,2026-09-14 15:40:41,mobile
BCH002181,ACC003478,BEN16869,BEN16331,2026-09-14 15:44:14,branch
BCH002182,ACC004688,BEN68720,BEN37491,2026-09-14 15:45:11,internet
BCH002183,ACC004032,BEN92022,BEN78678,2026-09-14 15:42:03,branch
BCH002184,ACC002299,BEN30065,BEN53147,2026-09-14 15:42:53,internet
BCH002185,ACC001852,BEN59352,BEN39673,2026-09-14 15:45:16,mobile
BCH002186,ACC001142,BEN79360,BEN22584,2026-09-14 15:45:05,mobile
BCH002187,ACC003972,BEN92276,BEN19516,2026-09-14 15:41:49,branch
BCH002188,ACC002410,BEN27975,BEN36702,2026-09-14 15:40:59,branch
BCH002189,ACC003186,BEN62046,BEN68291,2026-09-14 15:44:13,internet
BCH002190,ACC002046,BEN46994,BEN47581,2026-09-14 15:43:12,mobile
BCH002191,ACC002755,BEN95329,BEN45684,2026-09-14 15:44:29,mobile
BCH002192,ACC000237,BEN95969,BEN79523,2026-09-14 15:41:30,branch
BCH002193,ACC002287,BEN57398,BEN34029,2026-09-14 15:45:33,internet
BCH002194,ACC002757,BEN33866,BEN48834,2026-09-14 15:40:18,branch
BCH002195,ACC004173,BEN23526,BEN91297,2026-09-14 15:42:16,internet
BCH002196,ACC004090,BEN78916,BEN47235,2026-09-14 15:43:12,branch
BCH002197,ACC000488,BEN25269,BEN74818,2026-09-14 15:44:08,mobile
BCH002198,ACC004015,BEN90377,BEN39362,2026-09-14 15:45:14,internet
BCH002199,ACC001932,BEN86938,BEN18255,2026-09-14 15:41:01,mobile
BCH002200,ACC000100,BEN99125,BEN92656,2026-09-14 15:44:27,mobile
BCH002201,ACC001187,BEN63965,BEN35272,2026-09-14 15:43:12,branch
BCH002202,ACC004041,BEN42871,BEN62615,2026-09-14 15:42:08,internet
BCH002203,ACC001027,BEN13186,BEN71884,2026-09-14 15:40:41,mobile
BCH002204,ACC000190,BEN73679,BEN81991,2026-09-14 15:45:51,branch
BCH002205,ACC000217,BEN63242,BEN27162,2026-09-14 15:40:27,branch
BCH002206,ACC004236,BEN67556,BEN25594,2026-09-14 15:43:42,branch
BCH002207,ACC003930,BEN98993,BEN94980,2026-09-14 15:44:46,branch
BCH002208,ACC003232,BEN68019,BEN83455,2026-09-14 15:42:11,internet
BCH002209,ACC000203,BEN96023,BEN26053,2026-09-14 15:41:46,internet
BCH002210,ACC002381,BEN15266,BEN18047,2026-09-14 15:44:17,branch
BCH002211,ACC001451,BEN88270,BEN92641,2026-09-14 15:42:52,internet
BCH002212,ACC001330,BEN35556,BEN25494,2026-09-14 15:40:04,internet
BCH002213,ACC002426,BEN96611,BEN71765,2026-09-14 15:40:24,branch
BCH002214,ACC002590,BEN25199,BEN29494,2026-09-14 15:45:32,branch
BCH002215,ACC004216,BEN53065,BEN65792,2026-09-14 15:45:21,internet
BCH002216,ACC001343,BEN65492,BEN44865,2026-09-14 15:41:08,internet
BCH002217,ACC003590,BEN99655,BEN22960,2026-09-14 15:42:14,branch
BCH002218,ACC004803,BEN30950,BEN27618,2026-09-14 15:41:36,mobile
BCH002219,ACC004115,BEN34608,BEN19442,2026-09-14 15:41:15,mobile
BCH002220,ACC000992,BEN12454,BEN52789,2026-09-14 15:42:08,mobile
BCH002221,ACC004026,BEN96967,BEN91126,2026-09-14 15:40:24,branch
BCH002222,ACC002568,BEN32115,BEN33853,2026-09-14 15:42:44,mobile
BCH002223,ACC004231,BEN77912,BEN80360,2026-09-14 15:42:14,branch
BCH002224,ACC002261,BEN86282,BEN52431,2026-09-14 15:40:36,internet
BCH002225,ACC003639,BEN33066,BEN80477,2026-09-14 15:44:06,internet
BCH002226,ACC003836,BEN66596,BEN83498,2026-09-14 15:41:35,mobile
BCH002227,ACC002620,BEN94617,BEN16870,2026-09-14 15:40:14,mobile
BCH002228,ACC002086,BEN21392,BEN65034,2026-09-14 15:45:56,mobile
BCH002229,ACC003390,BEN27737,BEN50757,2026-09-14 15:45:07,mobile
BCH002230,ACC004725,BEN92322,BEN71995,2026-09-14 15:42:39,branch
BCH002231,ACC002293,BEN44185,BEN25740,2026-09-14 15:44:44,branch
BCH002232,ACC001159,BEN56229,BEN77711,2026-09-14 15:43:01,internet
BCH002233,ACC001962,BEN80076,BEN56682,2026-09-14 15:41:11,mobile
BCH002234,ACC002922,BEN70403,BEN99462,2026-09-14 15:45:52,internet
BCH002235,ACC000371,BEN67896,BEN18126,2026-09-14 15:45:05,branch
BCH002236,ACC000754,BEN52210,BEN32553,2026-09-14 15:40:31,branch
BCH002237,ACC004627,BEN49681,BEN54725,2026-09-14 15:42:43,mobile
BCH002238,ACC001488,BEN71112,BEN98238,2026-09-14 15:41:16,branch
BCH002239,ACC002878,BEN29191,BEN48052,2026-09-14 15:41:22,internet
BCH002240,ACC001742,BEN10063,BEN22606,2026-09-14 15:43:06,branch
BCH002241,ACC003034,BEN64887,BEN73928,2026-09-14 15:42:24,branch
BCH002242,ACC000903,BEN35176,BEN22211,2026-09-14 15:45:43,branch
BCH002243,ACC001318,BEN64437,BEN79590,2026-09-14 15:42:14,mobile
BCH002244,ACC001710,BEN94141,BEN90727,2026-09-14 15:43:21,mobile
BCH002245,ACC001852,BEN44057,BEN39566,2026-09-14 15:43:06,internet
BCH002246,ACC000828,BEN25799,BEN43166,2026-09-14 15:45:23,internet
BCH002247,ACC002524,BEN39739,BEN54168,2026-09-14 15:41:48,internet
BCH002248,ACC004040,BEN71464,BEN91416,2026-09-14 15:40:46,internet
BCH002249,ACC001532,BEN57734,BEN25985,2026-09-14 15:41:38,mobile
BCH002250,ACC002375,BEN61864,BEN37240,2026-09-14 15:40:35,branch
BCH002251,ACC003984,BEN83328,BEN87896,2026-09-14 15:40:35,internet
BCH002252,ACC003274,BEN45095,BEN48675,2026-09-14 15:45:48,mobile
BCH002253,ACC003741,BEN60383,BEN16860,2026-09-14 15:42:49,internet
BCH002254,ACC004899,BEN15534,BEN19970,2026-09-14 15:42:16,mobile
BCH002255,ACC003051,BEN36222,BEN51569,2026-09-14 15:45:02,branch
BCH002256,ACC004721,BEN47970,BEN92482,2026-09-14 15:42:30,internet
BCH002257,ACC000799,BEN42262,BEN51244,2026-09-14 15:40:58,internet
BCH002258,ACC001928,BEN30589,BEN39447,2026-09-14 15:43:03,mobile
BCH002259,ACC002437,BEN44689,BEN25003,2026-09-14 15:45:01,mobile
BCH002260,ACC002523,BEN51654,BEN45239,2026-09-14 15:40:44,internet
BCH002261,ACC000400,BEN46969,BEN78292,2026-09-14 15:42:52,internet
BCH002262,ACC001507,BEN46668,BEN48941,2026-09-14 15:41:43,internet
BCH002263,ACC003221,BEN18118,BEN16196,2026-09-14 15:43:50,mobile
BCH002264,ACC002657,BEN48755,BEN51664,2026-09-14 15:44:57,internet
BCH002265,ACC001390,BEN83055,BEN23525,2026-09-14 15:43:45,internet
BCH002266,ACC004369,BEN58082,BEN50158,2026-09-14 15:41:55,branch
BCH002267,ACC002644,BEN92698,BEN69432,2026-09-14 15:42:23,internet
BCH002268,ACC001666,BEN33632,BEN96718,2026-09-14 15:45:21,branch
BCH002269,ACC004242,BEN93768,BEN56658,2026-09-14 15:43:17,mobile
BCH002270,ACC004171,BEN15864,BEN32723,2026-09-14 15:45:19,mobile
BCH002271,ACC004947,BEN41072,BEN77644,2026-09-14 15:44:36,branch
BCH002272,ACC003228,BEN67822,BEN88955,2026-09-14 15:40:06,mobile
BCH002273,ACC000497,BEN65978,BEN41885,2026-09-14 15:42:24,internet
BCH002274,ACC000199,BEN37921,BEN27590,2026-09-14 15:44:21,mobile
BCH002275,ACC002677,BEN89056,BEN82513,2026-09-14 15:42:40,mobile
BCH002276,ACC002559,BEN97517,BEN31738,2026-09-14 15:41:18,mobile
BCH002277,ACC001836,BEN99359,BEN94833,2026-09-14 15:43:45,mobile
BCH002278,ACC001882,BEN55935,BEN45552,2026-09-14 15:41:58,mobile
BCH002279,ACC004115,BEN76989,BEN46538,2026-09-14 15:45:54,mobile
BCH002280,ACC001296,BEN81227,BEN90298,2026-09-14 15:45:45,internet
BCH002281,ACC004427,BEN50361,BEN46567,2026-09-14 15:44:59,internet
BCH002282,ACC002255,BEN88608,BEN71092,2026-09-14 15:44:57,branch
BCH002283,ACC002405,BEN30135,BEN84571,2026-09-14 15:44:46,mobile
BCH002284,ACC000258,BEN45321,BEN99601,2026-09-14 15:41:26,mobile
BCH002285,ACC001631,BEN89810,BEN42371,2026-09-14 15:45:40,mobile
BCH002286,ACC002643,BEN94162,BEN24472,2026-09-14 15:43:21,mobile
BCH002287,ACC001421,BEN91500,BEN93985,2026-09-14 15:43:45,mobile
BCH002288,ACC004169,BEN61086,BEN65152,2026-09-14 15:46:01,mobile
BCH002289,ACC003496,BEN80656,BEN68027,2026-09-14 15:45:03,internet
BCH002290,ACC002942,BEN15533,BEN91602,2026-09-14 15:42:00,branch
BCH002291,ACC002192,BEN91389,BEN61371,2026-09-14 15:45:37,branch
BCH002292,ACC002369,BEN26022,BEN49763,2026-09-14 15:43:41,mobile
BCH002293,ACC003589,BEN92831,BEN49019,2026-09-14 15:43:19,branch
BCH002294,ACC000752,BEN17042,BEN39309,2026-09-14 15:41:57,internet
BCH002295,ACC000474,BEN19016,BEN52063,2026-09-14 15:40:36,branch
BCH002296,ACC003823,BEN75927,BEN14948,2026-09-14 15:43:31,internet
BCH002297,ACC001214,BEN43494,BEN31519,2026-09-14 15:42:12,internet
BCH002298,ACC000765,BEN81135,BEN75591,2026-09-14 15:45:17,mobile
BCH002299,ACC004080,BEN37823,BEN33069,2026-09-14 15:42:13,branch
BCH002300,ACC001513,BEN32612,BEN41768,2026-09-14 15:41:14,branch
BCH002301,ACC003518,BEN45287,BEN31267,2026-09-14 15:44:18,branch
BCH002302,ACC000619,BEN14168,BEN89367,2026-09-14 15:40:14,branch
BCH002303,ACC001538,BEN52509,BEN96925,2026-09-14 15:41:14,mobile
BCH002304,ACC003501,BEN26319,BEN73627,2026-09-14 15:44:20,branch
BCH002305,ACC001072,BEN49406,BEN21722,2026-09-14 15:41:36,internet
BCH002306,ACC004230,BEN50726,BEN77787,2026-09-14 15:41:29,internet
BCH002307,ACC000233,BEN74283,BEN18027,2026-09-14 15:40:19,mobile
BCH002308,ACC002778,BEN88124,BEN44749,2026-09-14 15:41:11,mobile
BCH002309,ACC003901,BEN48049,BEN23430,2026-09-14 15:43:49,branch
BCH002310,ACC004989,BEN45630,BEN37055,2026-09-14 15:45:33,branch
BCH002311,ACC003884,BEN34852,BEN14853,2026-09-14 15:42:34,mobile
BCH002312,ACC004834,BEN52099,BEN18875,2026-09-14 15:40:44,branch
BCH002313,ACC000186,BEN33507,BEN60085,2026-09-14 15:45:32,branch
BCH002314,ACC003854,BEN60428,BEN39501,2026-09-14 15:44:48,mobile
BCH002315,ACC002568,BEN67154,BEN63434,2026-09-14 15:45:26,mobile
BCH002316,ACC003753,BEN78698,BEN44064,2026-09-14 15:45:30,branch
BCH002317,ACC002429,BEN77289,BEN89486,2026-09-14 15:45:27,mobile
BCH002318,ACC004253,BEN76646,BEN44373,2026-09-14 15:40:27,internet
BCH002319,ACC000091,BEN19498,BEN10759,2026-09-14 15:44:12,mobile
BCH002320,ACC001796,BEN98422,BEN49617,2026-09-14 15:41:22,internet
BCH002321,ACC004557,BEN47169,BEN66333,2026-09-14 15:43:55,internet
BCH002322,ACC003520,BEN78193,BEN43339,2026-09-14 15:43:22,branch
BCH002323,ACC004467,BEN48541,BEN73002,2026-09-14 15:40:44,branch
BCH002324,ACC003461,BEN36752,BEN79590,2026-09-14 15:45:23,branch
BCH002325,ACC000614,BEN81015,BEN93566,2026-09-14 15:40:39,internet
BCH002326,ACC004389,BEN95609,BEN55566,2026-09-14 15:44:59,internet
BCH002327,ACC001304,BEN67135,BEN55670,2026-09-14 15:45:07,mobile
BCH002328,ACC003158,BEN10958,BEN72392,2026-09-14 15:43:09,branch
BCH002329,ACC000339,BEN28343,BEN33592,2026-09-14 15:41:03,mobile
BCH002330,ACC001411,BEN96596,BEN36124,2026-09-14 15:41:29,branch
BCH002331,ACC001764,BEN22384,BEN69513,2026-09-14 15:40:47,internet
BCH002332,ACC004913,BEN78575,BEN96525,2026-09-14 15:42:44,internet
BCH002333,ACC000416,BEN32330,BEN31650,2026-09-14 15:40:33,mobile
BCH002334,ACC000547,BEN48476,BEN44989,2026-09-14 15:44:03,branch
BCH002335,ACC002834,BEN68010,BEN23778,2026-09-14 15:41:40,mobile
BCH002336,ACC000021,BEN94652,BEN91398,2026-09-14 15:44:16,mobile
BCH002337,ACC003286,BEN36000,BEN49126,2026-09-14 15:42:07,mobile
BCH002338,ACC004319,BEN46470,BEN75753,2026-09-14 15:44:47,branch
BCH002339,ACC004756,BEN11635,BEN26605,2026-09-14 15:45:08,internet
BCH002340,ACC002205,BEN32829,BEN67671,2026-09-14 15:43:54,mobile
BCH002341,ACC003713,BEN48971,BEN48492,2026-09-14 15:41:11,internet
BCH002342,ACC000314,BEN38660,BEN59691,2026-09-14 15:40:27,mobile
BCH002343,ACC001567,BEN37035,BEN10197,2026-09-14 15:41:42,branch
BCH002344,ACC000191,BEN82597,BEN87751,2026-09-14 15:40:04,branch
BCH002345,ACC001205,BEN21216,BEN63141,2026-09-14 15:40:25,internet
BCH002346,ACC001195,BEN55547,BEN27492,2026-09-14 15:41:03,mobile
BCH002347,ACC003196,BEN40855,BEN57098,2026-09-14 15:42:16,mobile
BCH002348,ACC004644,BEN30650,BEN84899,2026-09-14 15:40:34,internet
BCH002349,ACC002745,BEN18746,BEN76041,2026-09-14 15:42:23,branch
BCH002350,ACC000149,BEN37516,BEN59006,2026-09-14 15:40:20,internet
BCH002351,ACC000740,BEN89121,BEN26785,2026-09-14 15:45:38,internet
BCH002352,ACC003183,BEN63415,BEN36390,2026-09-14 15:46:00,mobile
BCH002353,ACC001297,BEN16362,BEN25150,2026-09-14 15:42:34,mobile
BCH002354,ACC002340,BEN96849,BEN79943,2026-09-14 15:40:36,internet
BCH002355,ACC004809,BEN23697,BEN33088,2026-09-14 15:44:02,mobile
BCH002356,ACC001327,BEN61330,BEN35658,2026-09-14 15:43:11,internet
BCH002357,ACC000244,BEN41638,BEN97568,2026-09-14 15:42:33,branch
BCH002358,ACC003025,BEN87812,BEN49686,2026-09-14 15:43:24,branch
BCH002359,ACC004871,BEN57437,BEN86578,2026-09-14 15:42:52,branch
BCH002360,ACC000038,BEN17881,BEN70273,2026-09-14 15:42:57,internet
BCH002361,ACC004224,BEN49075,BEN34841,2026-09-14 15:45:15,mobile
BCH002362,ACC000395,BEN55466,BEN55495,2026-09-14 15:44:05,internet
BCH002363,ACC003566,BEN33311,BEN94266,2026-09-14 15:40:30,branch
BCH002364,ACC000250,BEN46638,BEN38498,2026-09-14 15:42:19,branch
BCH002365,ACC004073,BEN54644,BEN67351,2026-09-14 15:40:36,internet
BCH002366,ACC001434,BEN13018,BEN25830,2026-09-14 15:40:09,internet
BCH002367,ACC004421,BEN82654,BEN52971,2026-09-14 15:40:07,mobile
BCH002368,ACC003305,BEN95557,BEN56060,2026-09-14 15:45:58,branch
BCH002369,ACC003262,BEN29297,BEN90934,2026-09-14 15:44:29,branch
BCH002370,ACC000813,BEN96960,BEN86829,2026-09-14 15:40:20,branch
BCH002371,ACC003325,BEN57429,BEN33063,2026-09-14 15:43:22,internet
BCH002372,ACC001944,BEN31708,BEN11368,2026-09-14 15:40:05,internet
BCH002373,ACC000171,BEN44102,BEN97644,2026-09-14 15:42:01,internet
BCH002374,ACC002217,BEN50585,BEN74605,2026-09-14 15:42:43,branch
BCH002375,ACC003265,BEN41578,BEN67646,2026-09-14 15:42:04,branch
BCH002376,ACC004054,BEN52176,BEN65619,2026-09-14 15:41:34,mobile
BCH002377,ACC003136,BEN65154,BEN95518,2026-09-14 15:43:57,mobile
BCH002378,ACC003971,BEN86018,BEN83800,2026-09-14 15:41:06,internet
BCH002379,ACC004754,BEN93545,BEN93978,2026-09-14 15:44:24,mobile
BCH002380,ACC001641,BEN70791,BEN45261,2026-09-14 15:40:29,mobile
BCH002381,ACC001913,BEN14662,BEN54803,2026-09-14 15:45:43,branch
BCH002382,ACC001909,BEN33346,BEN16619,2026-09-14 15:41:58,branch
BCH002383,ACC002927,BEN98814,BEN13919,2026-09-14 15:40:26,branch
BCH002384,ACC002771,BEN81840,BEN33865,2026-09-14 15:41:35,branch
BCH002385,ACC002550,BEN11890,BEN69274,2026-09-14 15:40:13,branch
BCH002386,ACC001459,BEN69932,BEN90847,2026-09-14 15:44:30,mobile
BCH002387,ACC002750,BEN33905,BEN39007,2026-09-14 15:41:38,mobile
BCH002388,ACC001150,BEN23907,BEN70908,2026-09-14 15:44:57,internet
BCH002389,ACC003532,BEN95375,BEN48243,2026-09-14 15:41:16,internet
BCH002390,ACC002643,BEN86723,BEN94858,2026-09-14 15:44:54,internet
BCH002391,ACC000774,BEN30690,BEN60534,2026-09-14 15:41:47,mobile
BCH002392,ACC004234,BEN47892,BEN91024,2026-09-14 15:43:50,mobile
BCH002393,ACC004632,BEN91249,BEN34384,2026-09-14 15:41:49,mobile
BCH002394,ACC003122,BEN50695,BEN17379,2026-09-14 15:43:19,branch
BCH002395,ACC003361,BEN82460,BEN36792,2026-09-14 15:43:27,internet
BCH002396,ACC000182,BEN24355,BEN78369,2026-09-14 15:45:39,internet
BCH002397,ACC003131,BEN47609,BEN54129,2026-09-14 15:40:23,internet
BCH002398,ACC000837,BEN27188,BEN63083,2026-09-14 15:42:21,internet
BCH002399,ACC002255,BEN50332,BEN66127,2026-09-14 15:43:55,branch
BCH002400,ACC003951,BEN77528,BEN44388,2026-09-14 15:40:31,mobile
BCH002401,ACC000846,BEN19032,BEN77847,2026-09-14 15:45:33,mobile
BCH002402,ACC004137,BEN86315,BEN38795,2026-09-14 15:40:25,mobile
BCH002403,ACC003359,BEN66910,BEN39179,2026-09-14 15:41:37,branch
BCH002404,ACC004571,BEN52193,BEN89789,2026-09-14 15:40:04,branch
BCH002405,ACC004280,BEN13011,BEN59965,2026-09-14 15:43:24,mobile
BCH002406,ACC003915,BEN24789,BEN82872,2026-09-14 15:44:32,branch
BCH002407,ACC002087,BEN61540,BEN51464,2026-09-14 15:45:45,branch
BCH002408,ACC004208,BEN60526,BEN59785,2026-09-14 15:42:00,internet
BCH002409,ACC003088,BEN77052,BEN54462,2026-09-14 15:44:11,mobile
BCH002410,ACC003620,BEN67851,BEN80629,2026-09-14 15:41:58,mobile
BCH002411,ACC002387,BEN70825,BEN53491,2026-09-14 15:41:53,branch
BCH002412,ACC003364,BEN58296,BEN98426,2026-09-14 15:44:55,branch
BCH002413,ACC004535,BEN43641,BEN51501,2026-09-14 15:42:58,mobile
BCH002414,ACC000030,BEN25202,BEN39247,2026-09-14 15:42:35,internet
BCH002415,ACC002743,BEN74236,BEN56277,2026-09-14 15:40:20,branch
BCH002416,ACC001107,BEN24376,BEN15426,2026-09-14 15:45:13,mobile
BCH002417,ACC004615,BEN92542,BEN65799,2026-09-14 15:45:34,mobile
BCH002418,ACC000548,BEN18608,BEN70643,2026-09-14 15:42:38,mobile
BCH002419,ACC004558,BEN47359,BEN24736,2026-09-14 15:45:23,mobile
BCH002420,ACC000395,BEN73818,BEN79832,2026-09-14 15:41:56,branch
BCH002421,ACC000874,BEN98766,BEN98832,2026-09-14 15:44:53,internet
BCH002422,ACC004761,BEN15612,BEN15887,2026-09-14 15:45:53,internet
BCH002423,ACC000123,BEN59340,BEN67685,2026-09-14 15:42:44,branch
BCH002424,ACC004997,BEN22408,BEN11019,2026-09-14 15:45:45,mobile
BCH002425,ACC004721,BEN79812,BEN27697,2026-09-14 15:41:18,internet
BCH002426,ACC002136,BEN58169,BEN24487,2026-09-14 15:45:45,internet
BCH002427,ACC003141,BEN38245,BEN47509,2026-09-14 15:41:25,internet
BCH002428,ACC003959,BEN70932,BEN17877,2026-09-14 15:41:04,internet
BCH002429,ACC004589,BEN86387,BEN58312,2026-09-14 15:43:42,internet
BCH002430,ACC002758,BEN84904,BEN52795,2026-09-14 15:44:34,branch
BCH002431,ACC003161,BEN18266,BEN22029,2026-09-14 15:40:56,internet
BCH002432,ACC000974,BEN79210,BEN69617,2026-09-14 15:44:18,mobile
BCH002433,ACC002485,BEN64170,BEN43311,2026-09-14 15:42:13,branch
BCH002434,ACC003882,BEN64644,BEN35652,2026-09-14 15:45:25,mobile
BCH002435,ACC000156,BEN28435,BEN12546,2026-09-14 15:44:27,mobile
BCH002436,ACC003971,BEN71313,BEN98401,2026-09-14 15:41:37,branch
BCH002437,ACC000156,BEN14370,BEN97393,2026-09-14 15:45:15,internet
BCH002438,ACC002733,BEN54887,BEN46377,2026-09-14 15:44:28,mobile
BCH002439,ACC000806,BEN26824,BEN86817,2026-09-14 15:43:12,internet
BCH002440,ACC000359,BEN55176,BEN45805,2026-09-14 15:45:42,mobile
BCH002441,ACC003534,BEN39705,BEN87875,2026-09-14 15:42:10,branch
BCH002442,ACC001234,BEN28730,BEN13683,2026-09-14 15:43:55,mobile
BCH002443,ACC004834,BEN18252,BEN43447,2026-09-14 15:41:27,internet
BCH002444,ACC002097,BEN17022,BEN18112,2026-09-14 15:41:57,internet
BCH002445,ACC000477,BEN38064,BEN61977,2026-09-14 15:45:17,internet
BCH002446,ACC001013,BEN22863,BEN35892,2026-09-14 15:41:45,mobile
BCH002447,ACC000151,BEN59022,BEN26330,2026-09-14 15:42:42,internet
BCH002448,ACC003212,BEN30776,BEN37802,2026-09-14 15:41:42,branch
BCH002449,ACC000999,BEN17696,BEN95729,2026-09-14 15:42:16,mobile
BCH002450,ACC002948,BEN46652,BEN27610,2026-09-14 15:44:08,mobile
BCH002451,ACC000569,BEN27540,BEN54581,2026-09-14 15:40:35,branch
BCH002452,ACC003528,BEN84487,BEN10101,2026-09-14 15:45:33,branch
BCH002453,ACC004868,BEN28211,BEN96858,2026-09-14 15:41:19,internet
BCH002454,ACC004963,BEN61800,BEN47950,2026-09-14 15:40:11,internet
BCH002455,ACC002452,BEN89198,BEN85989,2026-09-14 15:40:31,branch
BCH002456,ACC001569,BEN97992,BEN92861,2026-09-14 15:40:22,internet
BCH002457,ACC002254,BEN62798,BEN43742,2026-09-14 15:42:33,branch
BCH002458,ACC003297,BEN90636,BEN27815,2026-09-14 15:44:03,internet
BCH002459,ACC001730,BEN99556,BEN52708,2026-09-14 15:41:59,mobile
BCH002460,ACC002075,BEN92933,BEN52245,2026-09-14 15:42:05,branch
BCH002461,ACC001559,BEN48255,BEN73984,2026-09-14 15:44:29,mobile
BCH002462,ACC002849,BEN73119,BEN25331,2026-09-14 15:43:00,internet
BCH002463,ACC001058,BEN78582,BEN30743,2026-09-14 15:43:19,branch
BCH002464,ACC003597,BEN90610,BEN11597,2026-09-14 15:45:37,mobile
BCH002465,ACC001882,BEN44642,BEN43189,2026-09-14 15:41:54,branch
BCH002466,ACC003543,BEN44309,BEN27608,2026-09-14 15:42:29,mobile
BCH002467,ACC001861,BEN55198,BEN56767,2026-09-14 15:41:59,internet
BCH002468,ACC001675,BEN78169,BEN31243,2026-09-14 15:45:46,mobile
BCH002469,ACC002266,BEN33990,BEN34941,2026-09-14 15:41:40,mobile
BCH002470,ACC004619,BEN80377,BEN62913,2026-09-14 15:42:20,branch
BCH002471,ACC000572,BEN93507,BEN81583,2026-09-14 15:44:05,mobile
BCH002472,ACC003909,BEN86390,BEN75690,2026-09-14 15:43:17,internet
BCH002473,ACC000641,BEN71392,BEN12210,2026-09-14 15:41:34,internet
BCH002474,ACC000386,BEN38661,BEN40288,2026-09-14 15:40:30,mobile
BCH002475,ACC001888,BEN18645,BEN69541,2026-09-14 15:44:50,mobile
BCH002476,ACC003773,BEN76607,BEN53233,2026-09-14 15:44:41,internet
BCH002477,ACC003383,BEN10908,BEN84694,2026-09-14 15:44:26,internet
BCH002478,ACC002968,BEN21223,BEN18687,2026-09-14 15:41:04,branch
BCH002479,ACC002906,BEN47546,BEN49903,2026-09-14 15:44:54,branch
BCH002480,ACC000793,BEN11665,BEN25435,2026-09-14 15:44:59,mobile
BCH002481,ACC004352,BEN79071,BEN45544,2026-09-14 15:41:51,internet
BCH002482,ACC004126,BEN97553,BEN47233,2026-09-14 15:43:21,mobile
BCH002483,ACC004208,BEN45730,BEN97065,2026-09-14 15:45:03,mobile
BCH002484,ACC001125,BEN25769,BEN36067,2026-09-14 15:43:13,internet
BCH002485,ACC000856,BEN34557,BEN82239,2026-09-14 15:44:29,branch
BCH002486,ACC004529,BEN16257,BEN27303,2026-09-14 15:42:28,mobile
BCH002487,ACC002317,BEN22643,BEN22633,2026-09-14 15:44:48,internet
BCH002488,ACC004733,BEN90629,BEN85005,2026-09-14 15:42:13,branch
BCH002489,ACC002611,BEN57771,BEN36527,2026-09-14 15:44:20,internet
BCH002490,ACC000063,BEN97026,BEN47747,2026-09-14 15:44:11,branch
BCH002491,ACC003687,BEN33421,BEN74707,2026-09-14 15:42:41,mobile
BCH002492,ACC004713,BEN29484,BEN78021,2026-09-14 15:41:53,mobile
BCH002493,ACC001045,BEN41553,BEN27773,2026-09-14 15:44:03,mobile
BCH002494,ACC004639,BEN93823,BEN63455,2026-09-14 15:45:10,internet
BCH002495,ACC004293,BEN26637,BEN83740,2026-09-14 15:45:22,internet
BCH002496,ACC000699,BEN95178,BEN25312,2026-09-14 15:44:43,internet
BCH002497,ACC000208,BEN16074,BEN71097,2026-09-14 15:45:21,branch
BCH002498,ACC003715,BEN18172,BEN32096,2026-09-14 15:45:02,internet
BCH002499,ACC003226,BEN16189,BEN82000,2026-09-14 15:45:37,branch
BCH002500,ACC000955,BEN72718,BEN71389,2026-09-14 15:45:39,internet
BCH002501,ACC001593,BEN98548,BEN73642,2026-09-14 15:41:08,branch
BCH002502,ACC000884,BEN50340,BEN25490,2026-09-14 15:45:05,branch
BCH002503,ACC002847,BEN23965,BEN56235,2026-09-14 15:45:45,mobile
BCH002504,ACC000703,BEN83659,BEN19279,2026-09-14 15:42:41,mobile
BCH002505,ACC004947,BEN69841,BEN23762,2026-09-14 15:44:39,branch
BCH002506,ACC001454,BEN86109,BEN66541,2026-09-14 15:40:59,internet
BCH002507,ACC000592,BEN89255,BEN53796,2026-09-14 15:43:47,branch
BCH002508,ACC004195,BEN73173,BEN20158,2026-09-14 15:44:33,mobile
BCH002509,ACC001712,BEN45306,BEN31585,2026-09-14 15:41:05,branch
BCH002510,ACC002344,BEN84070,BEN87391,2026-09-14 15:46:02,internet
BCH002511,ACC003601,BEN70688,BEN57800,2026-09-14 15:45:51,branch
BCH002512,ACC003340,BEN60183,BEN97626,2026-09-14 15:43:24,mobile
BCH002513,ACC004594,BEN85256,BEN60312,2026-09-14 15:41:11,branch
BCH002514,ACC003113,BEN11965,BEN85046,2026-09-14 15:40:46,internet
BCH002515,ACC002118,BEN56724,BEN28334,2026-09-14 15:45:09,mobile
BCH002516,ACC001316,BEN27050,BEN19290,2026-09-14 15:42:03,mobile
BCH002517,ACC002731,BEN22606,BEN45604,2026-09-14 15:44:02,mobile
BCH002518,ACC002218,BEN45888,BEN13677,2026-09-14 15:42:03,branch
BCH002519,ACC003913,BEN46347,BEN18876,2026-09-14 15:44:59,mobile
BCH002520,ACC004979,BEN71376,BEN83035,2026-09-14 15:45:34,branch
BCH002521,ACC002477,BEN27775,BEN45853,2026-09-14 15:44:13,branch
BCH002522,ACC000491,BEN64630,BEN62979,2026-09-14 15:44:46,internet
BCH002523,ACC003132,BEN16556,BEN68475,2026-09-14 15:40:47,branch
BCH002524,ACC004469,BEN54011,BEN95938,2026-09-14 15:41:10,internet
BCH002525,ACC002087,BEN80502,BEN91458,2026-09-14 15:40:05,branch
BCH002526,ACC004135,BEN28032,BEN44886,2026-09-14 15:41:14,internet
BCH002527,ACC004223,BEN82699,BEN10500,2026-09-14 15:40:48,mobile
BCH002528,ACC004356,BEN36208,BEN17428,2026-09-14 15:44:08,internet
BCH002529,ACC003296,BEN57056,BEN30911,2026-09-14 15:44:04,mobile
BCH002530,ACC001657,BEN77442,BEN28811,2026-09-14 15:44:36,mobile
BCH002531,ACC003108,BEN45457,BEN84033,2026-09-14 15:40:30,internet
BCH002532,ACC000546,BEN14156,BEN52609,2026-09-14 15:42:22,branch
BCH002533,ACC001525,BEN11489,BEN86480,2026-09-14 15:43:59,internet
BCH002534,ACC003404,BEN42922,BEN10735,2026-09-14 15:43:34,internet
BCH002535,ACC004524,BEN25756,BEN28256,2026-09-14 15:44:08,branch
BCH002536,ACC002044,BEN16846,BEN27987,2026-09-14 15:43:42,internet
BCH002537,ACC001343,BEN53360,BEN19415,2026-09-14 15:41:36,mobile
BCH002538,ACC003685,BEN39302,BEN62762,2026-09-14 15:45:37,branch
BCH002539,ACC003667,BEN70025,BEN33027,2026-09-14 15:44:57,internet
BCH002540,ACC004187,BEN63018,BEN37309,2026-09-14 15:43:07,mobile
BCH002541,ACC003013,BEN50902,BEN93411,2026-09-14 15:42:39,mobile
BCH002542,ACC002145,BEN89923,BEN19011,2026-09-14 15:40:44,mobile
BCH002543,ACC003001,BEN58107,BEN28227,2026-09-14 15:44:30,mobile
BCH002544,ACC004209,BEN20774,BEN19498,2026-09-14 15:42:34,branch
BCH002545,ACC001885,BEN30026,BEN33980,2026-09-14 15:40:24,mobile
BCH002546,ACC001560,BEN18770,BEN98269,2026-09-14 15:43:25,branch
BCH002547,ACC002370,BEN92566,BEN52935,2026-09-14 15:40:55,branch
BCH002548,ACC001569,BEN24560,BEN82868,2026-09-14 15:42:09,mobile
BCH002549,ACC004177,BEN90731,BEN88822,2026-09-14 15:45:09,branch
BCH002550,ACC002266,BEN49686,BEN69413,2026-09-14 15:41:26,branch
BCH002551,ACC004345,BEN11800,BEN19930,2026-09-14 15:44:21,internet
BCH002552,ACC004932,BEN95963,BEN52916,2026-09-14 15:43:59,branch
BCH002553,ACC003057,BEN32579,BEN68803,2026-09-14 15:42:51,mobile
BCH002554,ACC003538,BEN30930,BEN72639,2026-09-14 15:41:12,mobile
BCH002555,ACC003741,BEN73704,BEN60248,2026-09-14 15:43:55,branch
BCH002556,ACC003906,BEN74442,BEN89050,2026-09-14 15:41:01,internet
BCH002557,ACC004623,BEN42080,BEN32861,2026-09-14 15:42:23,internet
BCH002558,ACC004996,BEN37715,BEN58217,2026-09-14 15:40:55,branch
BCH002559,ACC001074,BEN46875,BEN52681,2026-09-14 15:44:00,mobile
BCH002560,ACC003339,BEN27158,BEN46931,2026-09-14 15:40:51,internet
BCH002561,ACC002066,BEN83045,BEN73535,2026-09-14 15:43:36,internet
BCH002562,ACC001688,BEN72516,BEN66026,2026-09-14 15:42:16,branch
BCH002563,ACC004858,BEN58264,BEN96095,2026-09-14 15:40:59,mobile
BCH002564,ACC004602,BEN29883,BEN99886,2026-09-14 15:40:38,branch
BCH002565,ACC001783,BEN42652,BEN68226,2026-09-14 15:40:05,internet
BCH002566,ACC004575,BEN80439,BEN30889,2026-09-14 15:42:36,internet
BCH002567,ACC003785,BEN31219,BEN65778,2026-09-14 15:41:09,mobile
BCH002568,ACC000085,BEN82072,BEN51377,2026-09-14 15:42:36,branch
BCH002569,ACC003510,BEN58383,BEN57377,2026-09-14 15:40:33,mobile
BCH002570,ACC000559,BEN61702,BEN14989,2026-09-14 15:43:38,mobile
BCH002571,ACC000809,BEN68803,BEN76843,2026-09-14 15:45:15,internet
BCH002572,ACC000339,BEN56082,BEN15205,2026-09-14 15:41:44,internet
BCH002573,ACC004884,BEN82099,BEN76951,2026-09-14 15:41:54,mobile
BCH002574,ACC004335,BEN22454,BEN95789,2026-09-14 15:41:51,branch
BCH002575,ACC003913,BEN27935,BEN69764,2026-09-14 15:43:11,internet
BCH002576,ACC000162,BEN75942,BEN95506,2026-09-14 15:45:29,mobile
BCH002577,ACC004611,BEN71872,BEN43393,2026-09-14 15:45:20,branch
BCH002578,ACC001926,BEN84008,BEN31963,2026-09-14 15:45:16,mobile
BCH002579,ACC003895,BEN22251,BEN19532,2026-09-14 15:41:53,branch
BCH002580,ACC000670,BEN12587,BEN25135,2026-09-14 15:42:43,branch
BCH002581,ACC001242,BEN43734,BEN70914,2026-09-14 15:40:18,mobile
BCH002582,ACC002955,BEN41072,BEN27972,2026-09-14 15:45:01,mobile
BCH002583,ACC000112,BEN71040,BEN12355,2026-09-14 15:41:17,mobile
BCH002584,ACC004462,BEN47929,BEN43040,2026-09-14 15:42:36,internet
BCH002585,ACC002172,BEN93991,BEN56426,2026-09-14 15:42:10,branch
BCH002586,ACC003497,BEN90757,BEN53115,2026-09-14 15:42:48,internet
BCH002587,ACC003564,BEN29445,BEN91505,2026-09-14 15:40:23,branch
BCH002588,ACC000692,BEN49985,BEN20212,2026-09-14 15:41:37,mobile
BCH002589,ACC002224,BEN42849,BEN35768,2026-09-14 15:45:13,branch
BCH002590,ACC004516,BEN36567,BEN55140,2026-09-14 15:45:11,mobile
BCH002591,ACC002730,BEN11145,BEN36006,2026-09-14 15:42:29,branch
BCH002592,ACC002397,BEN58823,BEN88802,2026-09-14 15:40:14,internet
BCH002593,ACC004870,BEN90807,BEN92996,2026-09-14 15:40:35,internet
BCH002594,ACC002916,BEN36441,BEN65837,2026-09-14 15:43:43,branch
BCH002595,ACC003294,BEN72279,BEN85321,2026-09-14 15:44:05,mobile
BCH002596,ACC001111,BEN81136,BEN62565,2026-09-14 15:45:12,branch
BCH002597,ACC000008,BEN94785,BEN29534,2026-09-14 15:42:02,mobile
BCH002598,ACC002716,BEN99857,BEN20744,2026-09-14 15:45:26,branch
BCH002599,ACC003608,BEN65545,BEN44871,2026-09-14 15:40:44,mobile
BCH002600,ACC001962,BEN19988,BEN55965,2026-09-14 15:45:42,mobile
BCH002601,ACC002840,BEN43686,BEN77176,2026-09-14 15:43:06,internet
BCH002602,ACC002657,BEN30562,BEN34019,2026-09-14 15:45:36,branch
BCH002603,ACC004780,BEN50269,BEN53241,2026-09-14 15:43:03,branch
BCH002604,ACC002606,BEN89419,BEN28567,2026-09-14 15:42:07,mobile
BCH002605,ACC003957,BEN70167,BEN88812,2026-09-14 15:44:43,internet
BCH002606,ACC002344,BEN20654,BEN53344,2026-09-14 15:43:30,mobile
BCH002607,ACC002670,BEN44132,BEN36368,2026-09-14 15:45:20,branch
BCH002608,ACC002708,BEN57331,BEN11273,2026-09-14 15:43:43,internet
BCH002609,ACC003679,BEN91096,BEN12220,2026-09-14 15:41:11,mobile
BCH002610,ACC000728,BEN89883,BEN13657,2026-09-14 15:41:34,mobile
BCH002611,ACC000259,BEN88668,BEN33103,2026-09-14 15:44:40,mobile
BCH002612,ACC004878,BEN39401,BEN77262,2026-09-14 15:43:35,branch
BCH002613,ACC001813,BEN12659,BEN15025,2026-09-14 15:43:47,internet
BCH002614,ACC003556,BEN85743,BEN16035,2026-09-14 15:45:45,internet
BCH002615,ACC004627,BEN37925,BEN57708,2026-09-14 15:41:42,mobile
BCH002616,ACC001281,BEN57428,BEN58100,2026-09-14 15:43:00,internet
BCH002617,ACC002468,BEN58147,BEN60817,2026-09-14 15:41:53,mobile
BCH002618,ACC002223,BEN64524,BEN60779,2026-09-14 15:45:39,branch
BCH002619,ACC001234,BEN83465,BEN42358,2026-09-14 15:44:03,branch
BCH002620,ACC000898,BEN16774,BEN90297,2026-09-14 15:45:01,branch
BCH002621,ACC000080,BEN42943,BEN15493,2026-09-14 15:45:55,internet
BCH002622,ACC000716,BEN77871,BEN63913,2026-09-14 15:41:45,branch
BCH002623,ACC000520,BEN93304,BEN35674,2026-09-14 15:40:27,internet
BCH002624,ACC000139,BEN77429,BEN51151,2026-09-14 15:46:00,branch
BCH002625,ACC003321,BEN15176,BEN26488,2026-09-14 15:45:08,mobile
BCH002626,ACC004642,BEN14528,BEN45931,2026-09-14 15:45:55,mobile
BCH002627,ACC000714,BEN38744,BEN90927,2026-09-14 15:42:33,mobile
BCH002628,ACC001255,BEN22764,BEN47200,2026-09-14 15:45:27,mobile
BCH002629,ACC000281,BEN77497,BEN88745,2026-09-14 15:44:26,internet
BCH002630,ACC004247,BEN44380,BEN28863,2026-09-14 15:44:11,mobile
BCH002631,ACC002813,BEN82471,BEN37142,2026-09-14 15:44:15,internet
BCH002632,ACC000751,BEN43396,BEN27238,2026-09-14 15:44:31,branch
BCH002633,ACC002381,BEN49438,BEN71894,2026-09-14 15:40:27,branch
BCH002634,ACC001178,BEN27720,BEN60862,2026-09-14 15:45:52,internet
BCH002635,ACC003644,BEN97462,BEN83833,2026-09-14 15:44:18,branch
BCH002636,ACC002148,BEN61512,BEN49152,2026-09-14 15:45:57,mobile
BCH002637,ACC000997,BEN55242,BEN15465,2026-09-14 15:41:01,internet
BCH002638,ACC004833,BEN16671,BEN36747,2026-09-14 15:42:35,internet
BCH002639,ACC004740,BEN34284,BEN23799,2026-09-14 15:41:57,internet
BCH002640,ACC001259,BEN41623,BEN19838,2026-09-14 15:45:19,mobile
BCH002641,ACC003089,BEN30659,BEN82472,2026-09-14 15:40:59,branch
BCH002642,ACC001762,BEN51035,BEN45288,2026-09-14 15:44:54,internet
BCH002643,ACC000270,BEN42076,BEN13346,2026-09-14 15:43:11,mobile
BCH002644,ACC001259,BEN65509,BEN96175,2026-09-14 15:46:03,internet
BCH002645,ACC001943,BEN57809,BEN72154,2026-09-14 15:41:13,mobile
BCH002646,ACC002082,BEN49973,BEN89556,2026-09-14 15:42:40,internet
BCH002647,ACC002008,BEN58626,BEN71776,2026-09-14 15:44:29,mobile
BCH002648,ACC003108,BEN57222,BEN37713,2026-09-14 15:41:43,internet
BCH002649,ACC004343,BEN73078,BEN86839,2026-09-14 15:43:56,internet
BCH002650,ACC001949,BEN33643,BEN21175,2026-09-14 15:41:32,internet
BCH002651,ACC004454,BEN24592,BEN99335,2026-09-14 15:41:25,internet
BCH002652,ACC000436,BEN16930,BEN83373,2026-09-14 15:43:59,mobile
BCH002653,ACC004809,BEN77623,BEN20620,2026-09-14 15:44:56,branch
BCH002654,ACC002273,BEN90553,BEN26851,2026-09-14 15:44:29,branch
BCH002655,ACC004543,BEN24071,BEN43657,2026-09-14 15:44:17,internet
BCH002656,ACC004342,BEN69206,BEN48247,2026-09-14 15:45:07,mobile
BCH002657,ACC003821,BEN55446,BEN44385,2026-09-14 15:43:12,internet
BCH002658,ACC003797,BEN87862,BEN68531,2026-09-14 15:42:29,branch
BCH002659,ACC004985,BEN38437,BEN92775,2026-09-14 15:44:04,internet
BCH002660,ACC001054,BEN73476,BEN13661,2026-09-14 15:43:25,internet
BCH002661,ACC000959,BEN12595,BEN36602,2026-09-14 15:41:38,branch
BCH002662,ACC001166,BEN94099,BEN80530,2026-09-14 15:44:55,mobile
BCH002663,ACC001307,BEN46383,BEN83404,2026-09-14 15:43:51,internet
BCH002664,ACC002601,BEN18696,BEN51027,2026-09-14 15:43:33,internet
BCH002665,ACC002382,BEN51202,BEN27650,2026-09-14 15:42:44,internet
BCH002666,ACC002374,BEN79899,BEN43938,2026-09-14 15:43:06,internet
BCH002667,ACC000681,BEN12133,BEN95898,2026-09-14 15:45:44,internet
BCH002668,ACC002711,BEN86172,BEN18400,2026-09-14 15:44:12,internet
BCH002669,ACC000427,BEN99293,BEN27712,2026-09-14 15:45:40,branch
BCH002670,ACC004605,BEN72630,BEN15428,2026-09-14 15:42:42,branch
BCH002671,ACC000094,BEN28739,BEN54681,2026-09-14 15:45:17,branch
BCH002672,ACC001289,BEN78472,BEN57197,2026-09-14 15:43:55,mobile
BCH002673,ACC001926,BEN83215,BEN76996,2026-09-14 15:45:54,internet
BCH002674,ACC000454,BEN38428,BEN46800,2026-09-14 15:40:57,internet
BCH002675,ACC002013,BEN23761,BEN75392,2026-09-14 15:44:55,internet
BCH002676,ACC003870,BEN30912,BEN12402,2026-09-14 15:45:15,branch
BCH002677,ACC003294,BEN13058,BEN93544,2026-09-14 15:45:02,branch
BCH002678,ACC001053,BEN42800,BEN19248,2026-09-14 15:42:03,branch
BCH002679,ACC002839,BEN75372,BEN97649,2026-09-14 15:44:04,internet
BCH002680,ACC002665,BEN83549,BEN53708,2026-09-14 15:40:10,internet
BCH002681,ACC001496,BEN41743,BEN24033,2026-09-14 15:41:09,branch
BCH002682,ACC003755,BEN98088,BEN84542,2026-09-14 15:45:00,internet
BCH002683,ACC001194,BEN79984,BEN15343,2026-09-14 15:40:12,mobile
BCH002684,ACC000824,BEN57654,BEN35080,2026-09-14 15:45:12,mobile
BCH002685,ACC000088,BEN90724,BEN53162,2026-09-14 15:44:17,internet
BCH002686,ACC004526,BEN55902,BEN52306,2026-09-14 15:40:38,internet
BCH002687,ACC001157,BEN54692,BEN24861,2026-09-14 15:45:39,branch
BCH002688,ACC004288,BEN91881,BEN29957,2026-09-14 15:43:13,mobile
BCH002689,ACC000780,BEN40041,BEN85647,2026-09-14 15:41:49,internet
BCH002690,ACC004840,BEN65538,BEN15158,2026-09-14 15:40:55,internet
BCH002691,ACC002534,BEN34023,BEN67666,2026-09-14 15:42:17,internet
BCH002692,ACC002169,BEN92560,BEN97529,2026-09-14 15:42:27,mobile
BCH002693,ACC001668,BEN99073,BEN67670,2026-09-14 15:44:53,internet
BCH002694,ACC000369,BEN84044,BEN83975,2026-09-14 15:46:00,internet
BCH002695,ACC002986,BEN79136,BEN82380,2026-09-14 15:44:10,branch
BCH002696,ACC001261,BEN60320,BEN52892,2026-09-14 15:46:03,mobile
BCH002697,ACC004080,BEN55407,BEN10156,2026-09-14 15:45:28,mobile
BCH002698,ACC001364,BEN11989,BEN31124,2026-09-14 15:42:45,branch
BCH002699,ACC000098,BEN83949,BEN81938,2026-09-14 15:41:31,internet
BCH002700,ACC002609,BEN71924,BEN97346,2026-09-14 15:44:20,mobile
BCH002701,ACC003859,BEN85116,BEN52829,2026-09-14 15:44:18,mobile
BCH002702,ACC002897,BEN14487,BEN44082,2026-09-14 15:41:11,mobile
BCH002703,ACC002456,BEN13603,BEN71963,2026-09-14 15:45:30,internet
BCH002704,ACC000866,BEN89674,BEN40745,2026-09-14 15:45:56,mobile
BCH002705,ACC002958,BEN38924,BEN32442,2026-09-14 15:41:07,mobile
BCH002706,ACC000611,BEN78216,BEN23275,2026-09-14 15:41:34,branch
BCH002707,ACC002423,BEN61656,BEN33464,2026-09-14 15:45:29,branch
BCH002708,ACC003088,BEN65689,BEN91243,2026-09-14 15:45:06,mobile
BCH002709,ACC001739,BEN58755,BEN84403,2026-09-14 15:42:45,internet
BCH002710,ACC004094,BEN44667,BEN54736,2026-09-14 15:40:18,mobile
BCH002711,ACC001449,BEN66705,BEN48112,2026-09-14 15:42:52,branch
BCH002712,ACC002125,BEN28846,BEN60241,2026-09-14 15:43:02,mobile
BCH002713,ACC002828,BEN44411,BEN94789,2026-09-14 15:45:41,branch
BCH002714,ACC002350,BEN65915,BEN17889,2026-09-14 15:42:40,mobile
BCH002715,ACC000076,BEN83497,BEN75365,2026-09-14 15:40:33,internet
BCH002716,ACC003243,BEN49459,BEN34197,2026-09-14 15:45:51,internet
BCH002717,ACC001461,BEN21966,BEN74261,2026-09-14 15:41:55,branch
BCH002718,ACC002674,BEN50146,BEN91977,2026-09-14 15:44:12,internet
BCH002719,ACC004253,BEN54236,BEN65142,2026-09-14 15:43:30,internet
BCH002720,ACC002574,BEN78532,BEN62606,2026-09-14 15:41:15,branch
BCH002721,ACC001375,BEN54859,BEN72513,2026-09-14 15:40:47,internet
BCH002722,ACC000707,BEN30250,BEN47144,2026-09-14 15:42:16,internet
BCH002723,ACC004201,BEN54171,BEN24794,2026-09-14 15:41:08,mobile
BCH002724,ACC002687,BEN34320,BEN97826,2026-09-14 15:40:56,internet
BCH002725,ACC003494,BEN87487,BEN82814,2026-09-14 15:41:07,internet
BCH002726,ACC003675,BEN74827,BEN44249,2026-09-14 15:40:15,mobile
BCH002727,ACC003978,BEN13164,BEN40874,2026-09-14 15:41:47,mobile
BCH002728,ACC004903,BEN63936,BEN64730,2026-09-14 15:41:42,internet
BCH002729,ACC003401,BEN48840,BEN19079,2026-09-14 15:40:22,mobile
BCH002730,ACC000930,BEN92901,BEN18646,2026-09-14 15:41:53,branch
BCH002731,ACC004366,BEN48172,BEN88089,2026-09-14 15:42:38,internet
BCH002732,ACC000574,BEN37757,BEN18397,2026-09-14 15:40:55,branch
BCH002733,ACC001135,BEN45250,BEN94948,2026-09-14 15:42:11,branch
BCH002734,ACC001719,BEN26801,BEN19389,2026-09-14 15:40:09,branch
BCH002735,ACC003210,BEN62957,BEN45452,2026-09-14 15:44:12,branch
BCH002736,ACC001928,BEN16276,BEN19837,2026-09-14 15:45:06,internet
BCH002737,ACC001250,BEN68519,BEN74411,2026-09-14 15:44:28,mobile
BCH002738,ACC001851,BEN45694,BEN21714,2026-09-14 15:40:15,mobile
BCH002739,ACC002288,BEN35235,BEN11689,2026-09-14 15:44:22,branch
BCH002740,ACC002092,BEN91538,BEN11617,2026-09-14 15:43:55,branch
BCH002741,ACC003362,BEN59707,BEN16603,2026-09-14 15:45:08,branch
BCH002742,ACC004070,BEN64696,BEN14103,2026-09-14 15:40:35,branch
BCH002743,ACC004582,BEN26489,BEN25287,2026-09-14 15:44:10,mobile
BCH002744,ACC004974,BEN11520,BEN22396,2026-09-14 15:43:12,mobile
BCH002745,ACC004102,BEN41844,BEN38967,2026-09-14 15:44:46,mobile
BCH002746,ACC003774,BEN77580,BEN57872,2026-09-14 15:46:04,branch
BCH002747,ACC003292,BEN34214,BEN59177,2026-09-14 15:44:25,internet
BCH002748,ACC003539,BEN38583,BEN28688,2026-09-14 15:42:28,branch
BCH002749,ACC002367,BEN36117,BEN60901,2026-09-14 15:43:51,mobile
BCH002750,ACC001211,BEN65640,BEN65890,2026-09-14 15:42:03,branch
BCH002751,ACC003075,BEN83860,BEN87797,2026-09-14 15:40:32,branch
BCH002752,ACC002098,BEN17662,BEN29642,2026-09-14 15:41:41,internet
BCH002753,ACC000454,BEN61248,BEN26236,2026-09-14 15:40:16,internet
BCH002754,ACC002835,BEN35643,BEN98802,2026-09-14 15:42:42,branch
BCH002755,ACC003091,BEN26668,BEN35828,2026-09-14 15:44:46,branch
BCH002756,ACC003120,BEN88661,BEN40482,2026-09-14 15:43:11,mobile
BCH002757,ACC001563,BEN14146,BEN70416,2026-09-14 15:44:53,branch
BCH002758,ACC002340,BEN23727,BEN15183,2026-09-14 15:42:21,mobile
BCH002759,ACC000394,BEN36153,BEN78660,2026-09-14 15:42:00,branch
BCH002760,ACC003181,BEN35620,BEN66459,2026-09-14 15:44:00,internet
BCH002761,ACC001073,BEN58659,BEN72209,2026-09-14 15:42:45,branch
BCH002762,ACC000018,BEN43331,BEN89773,2026-09-14 15:42:50,mobile
BCH002763,ACC004106,BEN94823,BEN79710,2026-09-14 15:41:47,internet
BCH002764,ACC001555,BEN12801,BEN97964,2026-09-14 15:44:00,internet
BCH002765,ACC003970,BEN75977,BEN98022,2026-09-14 15:45:31,branch
BCH002766,ACC004654,BEN85084,BEN71497,2026-09-14 15:41:59,internet
BCH002767,ACC004641,BEN17321,BEN37022,2026-09-14 15:43:29,mobile
BCH002768,ACC001856,BEN91251,BEN63335,2026-09-14 15:40:50,internet
BCH002769,ACC003179,BEN22846,BEN73557,2026-09-14 15:45:40,branch
BCH002770,ACC000468,BEN12315,BEN27096,2026-09-14 15:42:39,mobile
BCH002771,ACC003757,BEN59176,BEN65634,2026-09-14 15:40:15,mobile
BCH002772,ACC001855,BEN47686,BEN26695,2026-09-14 15:42:40,branch
BCH002773,ACC002210,BEN88634,BEN53044,2026-09-14 15:41:07,internet
BCH002774,ACC001504,BEN17560,BEN68654,2026-09-14 15:42:50,branch
BCH002775,ACC000039,BEN25343,BEN79467,2026-09-14 15:40:59,branch
BCH002776,ACC000274,BEN27406,BEN91703,2026-09-14 15:42:39,branch
BCH002777,ACC003344,BEN47131,BEN30372,2026-09-14 15:45:33,branch
BCH002778,ACC002076,BEN99710,BEN74050,2026-09-14 15:45:42,branch
BCH002779,ACC000694,BEN85702,BEN34455,2026-09-14 15:44:56,mobile
BCH002780,ACC000742,BEN29785,BEN20810,2026-09-14 15:45:38,branch
BCH002781,ACC002548,BEN71903,BEN61872,2026-09-14 15:40:52,internet
BCH002782,ACC004633,BEN12972,BEN88199,2026-09-14 15:43:55,branch
BCH002783,ACC000110,BEN48055,BEN96727,2026-09-14 15:44:08,branch
BCH002784,ACC003662,BEN23866,BEN64445,2026-09-14 15:44:31,internet
BCH002785,ACC003291,BEN98294,BEN27817,2026-09-14 15:45:37,mobile
BCH002786,ACC000603,BEN12145,BEN93116,2026-09-14 15:44:57,internet
BCH002787,ACC004341,BEN90751,BEN62244,2026-09-14 15:41:45,branch
BCH002788,ACC004350,BEN44476,BEN47135,2026-09-14 15:41:29,internet
BCH002789,ACC003803,BEN69486,BEN89450,2026-09-14 15:40:50,branch
BCH002790,ACC002324,BEN43696,BEN63588,2026-09-14 15:43:54,internet
BCH002791,ACC002189,BEN71858,BEN55938,2026-09-14 15:44:10,branch
BCH002792,ACC002719,BEN23022,BEN37723,2026-09-14 15:42:48,internet
BCH002793,ACC001586,BEN61977,BEN16005,2026-09-14 15:41:42,mobile
BCH002794,ACC001110,BEN48526,BEN25908,2026-09-14 15:43:30,mobile
BCH002795,ACC003395,BEN51362,BEN54669,2026-09-14 15:41:10,branch
BCH002796,ACC002512,BEN19064,BEN61626,2026-09-14 15:41:41,mobile
BCH002797,ACC004382,BEN16903,BEN44108,2026-09-14 15:41:29,internet
BCH002798,ACC004710,BEN34718,BEN22511,2026-09-14 15:45:25,internet
BCH002799,ACC004949,BEN56389,BEN63868,2026-09-14 15:43:20,mobile
BCH002800,ACC001667,BEN32845,BEN75559,2026-09-14 15:43:49,internet
BCH002801,ACC001434,BEN92188,BEN34608,2026-09-14 15:40:32,branch
BCH002802,ACC004215,BEN35492,BEN38986,2026-09-14 15:44:41,internet
BCH002803,ACC002007,BEN98871,BEN91040,2026-09-14 15:44:36,internet
BCH002804,ACC000685,BEN41375,BEN10902,2026-09-14 15:43:02,branch
BCH002805,ACC001668,BEN10473,BEN95011,2026-09-14 15:45:39,internet
BCH002806,ACC003194,BEN33890,BEN47912,2026-09-14 15:44:15,mobile
BCH002807,ACC003561,BEN94117,BEN45971,2026-09-14 15:40:17,branch
BCH002808,ACC004929,BEN88965,BEN34939,2026-09-14 15:43:44,branch
BCH002809,ACC003467,BEN18268,BEN67870,2026-09-14 15:44:36,branch
BCH002810,ACC000420,BEN89647,BEN79391,2026-09-14 15:44:41,internet
BCH002811,ACC002242,BEN89269,BEN62889,2026-09-14 15:44:20,branch
BCH002812,ACC002743,BEN65810,BEN70325,2026-09-14 15:43:45,mobile
BCH002813,ACC004417,BEN36268,BEN40810,2026-09-14 15:42:58,mobile
BCH002814,ACC003177,BEN38584,BEN65864,2026-09-14 15:42:33,internet
BCH002815,ACC002057,BEN90790,BEN59850,2026-09-14 15:46:03,branch
BCH002816,ACC004516,BEN85858,BEN55619,2026-09-14 15:43:44,mobile
BCH002817,ACC001575,BEN93626,BEN46664,2026-09-14 15:44:13,internet
BCH002818,ACC000225,BEN57820,BEN70402,2026-09-14 15:41:21,mobile
BCH002819,ACC003927,BEN91142,BEN63538,2026-09-14 15:42:11,internet
BCH002820,ACC001075,BEN13780,BEN79525,2026-09-14 15:41:32,branch
BCH002821,ACC000028,BEN68678,BEN15633,2026-09-14 15:40:41,mobile
BCH002822,ACC000376,BEN63911,BEN70380,2026-09-14 15:42:03,branch
BCH002823,ACC004852,BEN80044,BEN91498,2026-09-14 15:42:50,branch
BCH002824,ACC001085,BEN11264,BEN74086,2026-09-14 15:41:50,branch
BCH002825,ACC000945,BEN28910,BEN39029,2026-09-14 15:44:50,branch
BCH002826,ACC004076,BEN13140,BEN98937,2026-09-14 15:41:46,internet
BCH002827,ACC004129,BEN88585,BEN38551,2026-09-14 15:41:40,mobile
BCH002828,ACC002063,BEN33456,BEN46204,2026-09-14 15:41:36,mobile
BCH002829,ACC002660,BEN36807,BEN23905,2026-09-14 15:40:10,internet
BCH002830,ACC001049,BEN50756,BEN59320,2026-09-14 15:43:59,mobile
BCH002831,ACC003925,BEN24549,BEN19678,2026-09-14 15:41:54,mobile
BCH002832,ACC001819,BEN54767,BEN42334,2026-09-14 15:46:04,internet
BCH002833,ACC000297,BEN71376,BEN83739,2026-09-14 15:44:30,internet
BCH002834,ACC000678,BEN86179,BEN28414,2026-09-14 15:40:13,internet
BCH002835,ACC000069,BEN22023,BEN37651,2026-09-14 15:40:33,internet
BCH002836,ACC002592,BEN78564,BEN98001,2026-09-14 15:44:44,internet
BCH002837,ACC003149,BEN91759,BEN39163,2026-09-14 15:44:59,branch
BCH002838,ACC001147,BEN48780,BEN98129,2026-09-14 15:42:37,internet
BCH002839,ACC004429,BEN87686,BEN10399,2026-09-14 15:43:11,internet
BCH002840,ACC003895,BEN43106,BEN48633,2026-09-14 15:43:54,branch
BCH002841,ACC000362,BEN39661,BEN49725,2026-09-14 15:43:32,internet
BCH002842,ACC003051,BEN58220,BEN18075,2026-09-14 15:41:20,mobile
BCH002843,ACC002046,BEN63772,BEN70231,2026-09-14 15:45:01,internet
BCH002844,ACC001967,BEN62460,BEN97874,2026-09-14 15:42:24,mobile
BCH002845,ACC000304,BEN92629,BEN16212,2026-09-14 15:41:06,internet
BCH002846,ACC002121,BEN97322,BEN71794,2026-09-14 15:40:58,internet
BCH002847,ACC001374,BEN26405,BEN19972,2026-09-14 15:41:12,mobile
BCH002848,ACC000635,BEN26444,BEN66950,2026-09-14 15:45:09,branch
BCH002849,ACC004078,BEN64071,BEN99851,2026-09-14 15:41:35,mobile
BCH002850,ACC002511,BEN45769,BEN82822,2026-09-14 15:43:28,internet
BCH002851,ACC000257,BEN77565,BEN71839,2026-09-14 15:43:33,internet
BCH002852,ACC004074,BEN66227,BEN27574,2026-09-14 15:40:46,branch
BCH002853,ACC004664,BEN32949,BEN25454,2026-09-14 15:40:56,internet
BCH002854,ACC003318,BEN75660,BEN89433,2026-09-14 15:42:57,internet
BCH002855,ACC002522,BEN43752,BEN42515,2026-09-14 15:41:23,mobile
BCH002856,ACC004167,BEN28860,BEN98629,2026-09-14 15:43:04,internet
BCH002857,ACC004613,BEN13911,BEN57819,2026-09-14 15:43:03,internet
BCH002858,ACC004807,BEN64634,BEN75119,2026-09-14 15:45:04,internet
BCH002859,ACC000675,BEN81860,BEN63417,2026-09-14 15:45:59,internet
BCH002860,ACC000745,BEN15630,BEN76689,2026-09-14 15:40:45,internet
BCH002861,ACC002126,BEN19446,BEN78284,2026-09-14 15:45:19,branch
BCH002862,ACC001645,BEN12097,BEN79449,2026-09-14 15:42:05,internet
BCH002863,ACC001691,BEN20580,BEN16132,2026-09-14 15:43:11,internet
BCH002864,ACC003770,BEN60688,BEN50640,2026-09-14 15:45:21,branch
BCH002865,ACC003702,BEN72620,BEN75837,2026-09-14 15:41:24,internet
BCH002866,ACC001999,BEN78341,BEN51769,2026-09-14 15:40:27,internet
BCH002867,ACC002367,BEN58161,BEN76187,2026-09-14 15:42:12,mobile
BCH002868,ACC002915,BEN19205,BEN32246,2026-09-14 15:43:56,internet
BCH002869,ACC002574,BEN92795,BEN49274,2026-09-14 15:43:06,mobile
BCH002870,ACC002322,BEN29149,BEN37624,2026-09-14 15:45:26,internet
BCH002871,ACC004144,BEN38761,BEN75574,2026-09-14 15:45:38,branch
BCH002872,ACC002021,BEN78633,BEN93240,2026-09-14 15:42:29,mobile
BCH002873,ACC001304,BEN53670,BEN43058,2026-09-14 15:44:17,mobile
BCH002874,ACC003749,BEN45483,BEN29626,2026-09-14 15:41:52,internet
BCH002875,ACC000232,BEN35623,BEN14818,2026-09-14 15:40:28,mobile
BCH002876,ACC004136,BEN18850,BEN43947,2026-09-14 15:41:52,branch
BCH002877,ACC003720,BEN95863,BEN21495,2026-09-14 15:43:36,internet
BCH002878,ACC002617,BEN39347,BEN17335,2026-09-14 15:44:09,internet
BCH002879,ACC004087,BEN64970,BEN74668,2026-09-14 15:45:17,branch
BCH002880,ACC002812,BEN91426,BEN23951,2026-09-14 15:42:30,internet
BCH002881,ACC001287,BEN67355,BEN17647,2026-09-14 15:42:11,mobile
BCH002882,ACC004973,BEN91505,BEN72658,2026-09-14 15:43:27,branch
BCH002883,ACC002180,BEN83471,BEN68038,2026-09-14 15:44:08,mobile
BCH002884,ACC001070,BEN35890,BEN60430,2026-09-14 15:43:07,internet
BCH002885,ACC000048,BEN18392,BEN51679,2026-09-14 15:43:56,branch
BCH002886,ACC003561,BEN81203,BEN89884,2026-09-14 15:42:32,mobile
BCH002887,ACC003538,BEN43650,BEN42676,2026-09-14 15:41:45,mobile
BCH002888,ACC004706,BEN72663,BEN47073,2026-09-14 15:43:19,mobile
BCH002889,ACC004304,BEN43745,BEN46196,2026-09-14 15:43:25,branch
BCH002890,ACC002346,BEN47776,BEN64366,2026-09-14 15:43:59,branch
BCH002891,ACC003464,BEN47319,BEN98772,2026-09-14 15:44:37,branch
BCH002892,ACC004974,BEN52177,BEN74519,2026-09-14 15:40:14,internet
BCH002893,ACC003356,BEN81879,BEN79736,2026-09-14 15:41:02,branch
BCH002894,ACC001521,BEN67807,BEN75289,2026-09-14 15:41:08,mobile
BCH002895,ACC003295,BEN63817,BEN92273,2026-09-14 15:42:49,branch
BCH002896,ACC004174,BEN49043,BEN62871,2026-09-14 15:42:06,internet
BCH002897,ACC001319,BEN88958,BEN74283,2026-09-14 15:40:53,internet
BCH002898,ACC001175,BEN28471,BEN10314,2026-09-14 15:44:45,branch
BCH002899,ACC004854,BEN25829,BEN55164,2026-09-14 15:44:36,branch
BCH002900,ACC004190,BEN72353,BEN32202,2026-09-14 15:44:55,mobile
BCH002901,ACC003974,BEN49944,BEN80498,2026-09-14 15:42:17,internet
BCH002902,ACC003825,BEN47253,BEN34295,2026-09-14 15:43:53,internet
BCH002903,ACC001641,BEN27813,BEN80080,2026-09-14 15:41:36,mobile
BCH002904,ACC003702,BEN91597,BEN87152,2026-09-14 15:43:34,internet
BCH002905,ACC004516,BEN90598,BEN76355,2026-09-14 15:40:51,mobile
BCH002906,ACC004124,BEN68954,BEN89617,2026-09-14 15:40:35,branch
BCH002907,ACC000403,BEN94490,BEN70712,2026-09-14 15:40:33,internet
BCH002908,ACC003546,BEN16988,BEN48105,2026-09-14 15:42:14,mobile
BCH002909,ACC004200,BEN86492,BEN62344,2026-09-14 15:40:52,internet
BCH002910,ACC000159,BEN61224,BEN35899,2026-09-14 15:46:01,branch
BCH002911,ACC000581,BEN52767,BEN38512,2026-09-14 15:45:47,branch
BCH002912,ACC003746,BEN22956,BEN98849,2026-09-14 15:41:54,internet
BCH002913,ACC004156,BEN61777,BEN17728,2026-09-14 15:43:25,mobile
BCH002914,ACC004977,BEN96692,BEN26821,2026-09-14 15:42:38,internet
BCH002915,ACC000609,BEN17183,BEN65479,2026-09-14 15:44:01,branch
BCH002916,ACC002446,BEN35026,BEN53257,2026-09-14 15:42:52,branch
BCH002917,ACC003452,BEN72934,BEN36755,2026-09-14 15:41:11,branch
BCH002918,ACC003065,BEN75856,BEN41564,2026-09-14 15:41:15,internet
BCH002919,ACC003279,BEN77061,BEN10607,2026-09-14 15:44:14,internet
BCH002920,ACC000329,BEN97079,BEN11003,2026-09-14 15:43:13,internet
BCH002921,ACC002539,BEN78596,BEN23441,2026-09-14 15:42:04,internet
BCH002922,ACC004997,BEN55620,BEN14817,2026-09-14 15:45:47,internet
BCH002923,ACC001640,BEN59424,BEN48083,2026-09-14 15:45:10,internet
BCH002924,ACC003435,BEN91029,BEN63330,2026-09-14 15:43:45,branch
BCH002925,ACC002307,BEN72008,BEN29931,2026-09-14 15:42:21,mobile
BCH002926,ACC000101,BEN78819,BEN10543,2026-09-14 15:40:10,branch
BCH002927,ACC003466,BEN21301,BEN78552,2026-09-14 15:43:04,branch
BCH002928,ACC000923,BEN39703,BEN72105,2026-09-14 15:43:46,branch
BCH002929,ACC001771,BEN98696,BEN10172,2026-09-14 15:44:26,internet
BCH002930,ACC000372,BEN66730,BEN36727,2026-09-14 15:43:07,internet
BCH002931,ACC000197,BEN30451,BEN86749,2026-09-14 15:42:58,mobile
BCH002932,ACC002881,BEN14060,BEN64327,2026-09-14 15:45:13,internet
BCH002933,ACC004778,BEN55886,BEN16238,2026-09-14 15:44:17,mobile
BCH002934,ACC002436,BEN87136,BEN85072,2026-09-14 15:45:34,mobile
BCH002935,ACC002857,BEN38054,BEN63342,2026-09-14 15:42:34,mobile
BCH002936,ACC002580,BEN28784,BEN56238,2026-09-14 15:45:11,mobile
BCH002937,ACC002850,BEN35710,BEN94800,2026-09-14 15:41:45,internet
BCH002938,ACC004205,BEN64356,BEN27328,2026-09-14 15:40:58,branch
BCH002939,ACC004049,BEN75209,BEN14811,2026-09-14 15:43:03,internet
BCH002940,ACC002963,BEN47242,BEN53165,2026-09-14 15:45:56,branch
BCH002941,ACC001503,BEN68930,BEN48707,2026-09-14 15:40:24,internet
BCH002942,ACC001460,BEN86355,BEN77812,2026-09-14 15:42:03,branch
BCH002943,ACC002204,BEN63724,BEN57479,2026-09-14 15:42:33,internet
BCH002944,ACC003299,BEN27391,BEN34753,2026-09-14 15:45:51,mobile
BCH002945,ACC000980,BEN73090,BEN15968,2026-09-14 15:42:34,internet
BCH002946,ACC004776,BEN89322,BEN38993,2026-09-14 15:42:55,branch
BCH002947,ACC001396,BEN88110,BEN89878,2026-09-14 15:40:14,branch
BCH002948,ACC002966,BEN62647,BEN87543,2026-09-14 15:46:02,mobile
BCH002949,ACC002830,BEN68919,BEN26887,2026-09-14 15:44:06,mobile
BCH002950,ACC000223,BEN52605,BEN56460,2026-09-14 15:44:11,internet
BCH002951,ACC004098,BEN71117,BEN36837,2026-09-14 15:43:27,branch
BCH002952,ACC003754,BEN96298,BEN26501,2026-09-14 15:41:45,branch
BCH002953,ACC003709,BEN91161,BEN91295,2026-09-14 15:44:02,mobile
BCH002954,ACC000879,BEN71480,BEN39235,2026-09-14 15:44:31,mobile
BCH002955,ACC003585,BEN53296,BEN64507,2026-09-14 15:43:23,internet
BCH002956,ACC004694,BEN87501,BEN22513,2026-09-14 15:40:23,branch
BCH002957,ACC002878,BEN62046,BEN74028,2026-09-14 15:40:41,internet
BCH002958,ACC004325,BEN83325,BEN34187,2026-09-14 15:44:21,branch
BCH002959,ACC000055,BEN68441,BEN55857,2026-09-14 15:42:26,mobile
BCH002960,ACC000221,BEN36341,BEN85840,2026-09-14 15:45:08,internet
BCH002961,ACC002310,BEN43411,BEN26045,2026-09-14 15:44:57,internet
BCH002962,ACC004993,BEN92055,BEN49664,2026-09-14 15:44:24,branch
BCH002963,ACC004838,BEN99741,BEN53682,2026-09-14 15:44:20,internet
BCH002964,ACC002079,BEN62562,BEN13697,2026-09-14 15:43:31,branch
BCH002965,ACC000154,BEN82119,BEN92352,2026-09-14 15:40:58,mobile
BCH002966,ACC001105,BEN93748,BEN48326,2026-09-14 15:40:04,branch
BCH002967,ACC004483,BEN84691,BEN74523,2026-09-14 15:45:25,internet
BCH002968,ACC002974,BEN19092,BEN61201,2026-09-14 15:42:24,mobile
BCH002969,ACC000028,BEN50609,BEN70892,2026-09-14 15:43:55,mobile
BCH002970,ACC004000,BEN27290,BEN93506,2026-09-14 15:41:08,mobile
BCH002971,ACC000689,BEN55481,BEN87333,2026-09-14 15:44:28,mobile
BCH002972,ACC003160,BEN53892,BEN36638,2026-09-14 15:43:21,internet
BCH002973,ACC003261,BEN71131,BEN13513,2026-09-14 15:40:09,mobile
BCH002974,ACC001048,BEN11292,BEN98611,2026-09-14 15:40:07,mobile
BCH002975,ACC004318,BEN97160,BEN32112,2026-09-14 15:45:15,branch
BCH002976,ACC002568,BEN41065,BEN67779,2026-09-14 15:45:02,mobile
BCH002977,ACC002677,BEN44713,BEN76103,2026-09-14 15:44:51,internet
BCH002978,ACC000721,BEN87260,BEN64814,2026-09-14 15:40:31,branch
BCH002979,ACC003400,BEN46635,BEN91719,2026-09-14 15:40:25,mobile
BCH002980,ACC004589,BEN78090,BEN27975,2026-09-14 15:45:50,mobile
BCH002981,ACC001115,BEN61462,BEN71468,2026-09-14 15:44:30,internet
BCH002982,ACC001391,BEN18554,BEN45419,2026-09-14 15:45:36,internet
BCH002983,ACC004966,BEN63549,BEN46462,2026-09-14 15:43:46,mobile
BCH002984,ACC000838,BEN20073,BEN84212,2026-09-14 15:41:53,branch
BCH002985,ACC002253,BEN22688,BEN80779,2026-09-14 15:43:28,mobile
BCH002986,ACC003292,BEN31270,BEN49726,2026-09-14 15:41:59,internet
BCH002987,ACC000060,BEN97738,BEN76425,2026-09-14 15:43:04,mobile
BCH002988,ACC004433,BEN66518,BEN81626,2026-09-14 15:43:34,internet
BCH002989,ACC000666,BEN13536,BEN57257,2026-09-14 15:40:26,mobile
BCH002990,ACC004567,BEN65157,BEN97733,2026-09-14 15:41:44,branch
BCH002991,ACC004935,BEN95102,BEN85162,2026-09-14 15:45:27,mobile
BCH002992,ACC001235,BEN47399,BEN28829,2026-09-14 15:46:02,branch
BCH002993,ACC004661,BEN64667,BEN42387,2026-09-14 15:43:11,mobile
BCH002994,ACC003539,BEN43346,BEN24476,2026-09-14 15:43:02,branch
BCH002995,ACC004553,BEN96499,BEN71956,2026-09-14 15:40:27,mobile
BCH002996,ACC003973,BEN59169,BEN28918,2026-09-14 15:42:46,branch
BCH002997,ACC004807,BEN94951,BEN15984,2026-09-14 15:41:12,mobile
BCH002998,ACC000156,BEN49565,BEN14547,2026-09-14 15:43:10,mobile
BCH002999,ACC001052,BEN81035,BEN34745,2026-09-14 15:40:40,internet
BCH003000,ACC004235,BEN78946,BEN60626,2026-09-14 15:45:31,branch
BCH003001,ACC003189,BEN84417,BEN34316,2026-09-14 15:41:25,branch
BCH003002,ACC004591,BEN81373,BEN64178,2026-09-14 15:41:37,mobile
BCH003003,ACC002713,BEN49630,BEN28067,2026-09-14 15:41:52,branch
BCH003004,ACC004101,BEN42227,BEN68117,2026-09-14 15:45:43,internet
BCH003005,ACC003236,BEN77132,BEN52430,2026-09-14 15:43:35,internet
BCH003006,ACC004491,BEN85165,BEN64465,2026-09-14 15:44:57,branch
BCH003007,ACC003473,BEN57044,BEN60708,2026-09-14 15:43:55,internet
BCH003008,ACC003733,BEN83218,BEN18310,2026-09-14 15:42:36,internet
BCH003009,ACC003632,BEN23655,BEN77804,2026-09-14 15:45:07,internet
BCH003010,ACC004778,BEN99943,BEN73239,2026-09-14 15:41:28,branch
BCH003011,ACC004402,BEN78504,BEN27118,2026-09-14 15:43:30,mobile
BCH003012,ACC004426,BEN91848,BEN34826,2026-09-14 15:44:55,mobile
BCH003013,ACC004297,BEN54656,BEN93473,2026-09-14 15:44:28,branch
BCH003014,ACC003201,BEN55398,BEN36673,2026-09-14 15:43:52,internet
BCH003015,ACC003125,BEN83571,BEN47517,2026-09-14 15:45:23,internet
BCH003016,ACC004288,BEN91144,BEN57837,2026-09-14 15:42:50,mobile
BCH003017,ACC002828,BEN82363,BEN37595,2026-09-14 15:46:04,mobile
BCH003018,ACC002957,BEN48988,BEN29482,2026-09-14 15:41:41,mobile
BCH003019,ACC001290,BEN11151,BEN84879,2026-09-14 15:43:26,mobile
BCH003020,ACC002955,BEN51480,BEN84066,2026-09-14 15:40:26,branch
BCH003021,ACC002238,BEN25262,BEN20470,2026-09-14 15:44:22,internet
BCH003022,ACC001852,BEN63774,BEN25975,2026-09-14 15:40:35,mobile
BCH003023,ACC002014,BEN15458,BEN43747,2026-09-14 15:45:32,mobile
BCH003024,ACC000727,BEN51688,BEN16844,2026-09-14 15:42:35,branch
BCH003025,ACC004554,BEN16927,BEN68894,2026-09-14 15:45:25,branch
BCH003026,ACC000096,BEN11996,BEN11573,2026-09-14 15:44:28,mobile
BCH003027,ACC003731,BEN61509,BEN96416,2026-09-14 15:40:59,branch
BCH003028,ACC002798,BEN71014,BEN19969,2026-09-14 15:45:55,mobile
BCH003029,ACC000797,BEN84701,BEN68798,2026-09-14 15:45:52,branch
BCH003030,ACC004005,BEN19600,BEN92228,2026-09-14 15:42:48,branch
BCH003031,ACC004522,BEN82845,BEN81660,2026-09-14 15:43:46,mobile
BCH003032,ACC004991,BEN56945,BEN21338,2026-09-14 15:44:29,internet
BCH003033,ACC001733,BEN45556,BEN74850,2026-09-14 15:44:54,mobile
BCH003034,ACC004367,BEN82867,BEN49878,2026-09-14 15:41:34,branch
BCH003035,ACC000843,BEN34758,BEN61367,2026-09-14 15:40:36,internet
BCH003036,ACC003480,BEN50585,BEN84787,2026-09-14 15:43:29,branch
BCH003037,ACC000030,BEN78149,BEN33778,2026-09-14 15:43:28,branch
BCH003038,ACC004998,BEN81654,BEN90483,2026-09-14 15:44:27,branch
BCH003039,ACC001873,BEN90216,BEN52456,2026-09-14 15:45:25,mobile
BCH003040,ACC002492,BEN58466,BEN52624,2026-09-14 15:44:42,internet
BCH003041,ACC000707,BEN43711,BEN48699,2026-09-14 15:42:40,internet
BCH003042,ACC003855,BEN60247,BEN17116,2026-09-14 15:44:58,internet
BCH003043,ACC002563,BEN52631,BEN88492,2026-09-14 15:41:06,mobile
BCH003044,ACC003226,BEN32631,BEN15820,2026-09-14 15:42:11,internet
BCH003045,ACC000040,BEN78242,BEN70684,2026-09-14 15:40:30,internet
BCH003046,ACC000886,BEN36990,BEN88133,2026-09-14 15:42:26,mobile
BCH003047,ACC002167,BEN35323,BEN26722,2026-09-14 15:40:27,mobile
BCH003048,ACC002408,BEN31149,BEN20821,2026-09-14 15:42:45,mobile
BCH003049,ACC004647,BEN97971,BEN59929,2026-09-14 15:45:13,mobile
BCH003050,ACC004548,BEN89002,BEN88673,2026-09-14 15:42:58,mobile
BCH003051,ACC001238,BEN70071,BEN54036,2026-09-14 15:43:12,mobile
BCH003052,ACC000382,BEN37985,BEN64466,2026-09-14 15:43:48,internet
BCH003053,ACC004448,BEN99467,BEN51450,2026-09-14 15:40:48,mobile
BCH003054,ACC000538,BEN29361,BEN30358,2026-09-14 15:42:01,branch
BCH003055,ACC004169,BEN67290,BEN33913,2026-09-14 15:42:09,mobile
BCH003056,ACC003853,BEN44844,BEN26909,2026-09-14 15:43:02,internet
BCH003057,ACC003431,BEN66684,BEN50340,2026-09-14 15:40:21,internet
BCH003058,ACC003093,BEN44336,BEN83433,2026-09-14 15:42:01,mobile
BCH003059,ACC000954,BEN92493,BEN71841,2026-09-14 15:45:15,branch
BCH003060,ACC003404,BEN63291,BEN40417,2026-09-14 15:42:18,internet
BCH003061,ACC003128,BEN71606,BEN98695,2026-09-14 15:42:22,branch
BCH003062,ACC000392,BEN38104,BEN53172,2026-09-14 15:43:53,internet
BCH003063,ACC004652,BEN15639,BEN89011,2026-09-14 15:41:30,internet
BCH003064,ACC004834,BEN60712,BEN82709,2026-09-14 15:45:19,branch
BCH003065,ACC003559,BEN63318,BEN42402,2026-09-14 15:43:45,mobile
BCH003066,ACC004339,BEN19604,BEN34244,2026-09-14 15:41:27,branch
BCH003067,ACC000960,BEN59166,BEN43553,2026-09-14 15:41:17,mobile
BCH003068,ACC004799,BEN19174,BEN35754,2026-09-14 15:41:51,branch
BCH003069,ACC003195,BEN33863,BEN56435,2026-09-14 15:44:57,internet
BCH003070,ACC001613,BEN50352,BEN92264,2026-09-14 15:41:16,branch
BCH003071,ACC001903,BEN16458,BEN70702,2026-09-14 15:46:04,branch
BCH003072,ACC000003,BEN72507,BEN65446,2026-09-14 15:41:38,internet
BCH003073,ACC003694,BEN95142,BEN29211,2026-09-14 15:42:48,branch
BCH003074,ACC004055,BEN63221,BEN83950,2026-09-14 15:44:02,branch
BCH003075,ACC001211,BEN57455,BEN64381,2026-09-14 15:43:03,branch
BCH003076,ACC001980,BEN25922,BEN95250,2026-09-14 15:42:19,internet
BCH003077,ACC003482,BEN12197,BEN91582,2026-09-14 15:44:37,mobile
BCH003078,ACC002901,BEN81922,BEN86169,2026-09-14 15:45:32,internet
BCH003079,ACC000875,BEN92523,BEN79731,2026-09-14 15:43:04,branch
BCH003080,ACC000007,BEN45718,BEN58659,2026-09-14 15:40:55,mobile
BCH003081,ACC003489,BEN12454,BEN55845,2026-09-14 15:45:29,branch
BCH003082,ACC003913,BEN46537,BEN32170,2026-09-14 15:45:07,mobile
BCH003083,ACC002396,BEN33249,BEN52609,2026-09-14 15:44:45,branch
BCH003084,ACC001207,BEN98067,BEN82900,2026-09-14 15:44:13,mobile
BCH003085,ACC000946,BEN80909,BEN33989,2026-09-14 15:45:16,branch
BCH003086,ACC001819,BEN94699,BEN88544,2026-09-14 15:43:56,internet
BCH003087,ACC000837,BEN51637,BEN83539,2026-09-14 15:40:50,branch
BCH003088,ACC004358,BEN61266,BEN20879,2026-09-14 15:42:45,branch
BCH003089,ACC002070,BEN22198,BEN15771,2026-09-14 15:43:42,mobile
BCH003090,ACC000459,BEN82844,BEN71996,2026-09-14 15:41:43,branch
BCH003091,ACC003640,BEN95890,BEN77775,2026-09-14 15:45:24,branch
BCH003092,ACC003673,BEN71463,BEN67746,2026-09-14 15:43:17,internet
BCH003093,ACC003796,BEN10799,BEN63426,2026-09-14 15:45:19,internet
BCH003094,ACC001450,BEN12839,BEN55413,2026-09-14 15:40:25,branch
BCH003095,ACC003761,BEN28543,BEN14322,2026-09-14 15:46:00,branch
BCH003096,ACC003537,BEN50619,BEN25908,2026-09-14 15:40:29,branch
BCH003097,ACC000479,BEN78134,BEN70025,2026-09-14 15:41:04,internet
BCH003098,ACC004186,BEN55178,BEN81510,2026-09-14 15:42:49,branch
BCH003099,ACC001988,BEN96719,BEN13457,2026-09-14 15:41:45,mobile
BCH003100,ACC003150,BEN16494,BEN85737,2026-09-14 15:45:05,internet
BCH003101,ACC002325,BEN22203,BEN15328,2026-09-14 15:43:48,internet
BCH003102,ACC000869,BEN85703,BEN85444,2026-09-14 15:42:25,internet
BCH003103,ACC000050,BEN91029,BEN12575,2026-09-14 15:41:45,internet
BCH003104,ACC004413,BEN20146,BEN52919,2026-09-14 15:43:51,internet
BCH003105,ACC003560,BEN42781,BEN90116,2026-09-14 15:42:41,branch
BCH003106,ACC000940,BEN67913,BEN76737,2026-09-14 15:45:17,internet
BCH003107,ACC000764,BEN28219,BEN68694,2026-09-14 15:40:13,branch
BCH003108,ACC002106,BEN45102,BEN14613,2026-09-14 15:45:44,branch
BCH003109,ACC002817,BEN82628,BEN36455,2026-09-14 15:40:13,branch
BCH003110,ACC003538,BEN35752,BEN50150,2026-09-14 15:41:46,internet
BCH003111,ACC004776,BEN17287,BEN77927,2026-09-14 15:45:41,branch
BCH003112,ACC002398,BEN30847,BEN74667,2026-09-14 15:43:05,internet
BCH003113,ACC001191,BEN95146,BEN52098,2026-09-14 15:42:36,mobile
BCH003114,ACC000243,BEN46923,BEN47182,2026-09-14 15:43:02,internet
BCH003115,ACC003128,BEN75506,BEN65742,2026-09-14 15:42:33,internet
BCH003116,ACC000617,BEN21442,BEN17720,2026-09-14 15:43:53,mobile
BCH003117,ACC002563,BEN52348,BEN56476,2026-09-14 15:45:18,internet
BCH003118,ACC001201,BEN41707,BEN12515,2026-09-14 15:45:15,mobile
BCH003119,ACC001405,BEN66375,BEN44963,2026-09-14 15:45:04,internet
BCH003120,ACC001369,BEN69296,BEN94495,2026-09-14 15:41:09,mobile
BCH003121,ACC002718,BEN56213,BEN98318,2026-09-14 15:44:25,internet
BCH003122,ACC001080,BEN24625,BEN23923,2026-09-14 15:46:03,mobile
BCH003123,ACC001457,BEN67879,BEN48193,2026-09-14 15:41:15,branch
BCH003124,ACC004357,BEN73753,BEN42652,2026-09-14 15:45:23,branch
BCH003125,ACC002874,BEN20091,BEN87947,2026-09-14 15:42:09,branch
BCH003126,ACC001596,BEN85529,BEN39276,2026-09-14 15:43:15,internet
BCH003127,ACC002751,BEN41967,BEN32830,2026-09-14 15:41:30,internet
BCH003128,ACC001538,BEN62143,BEN51289,2026-09-14 15:44:00,branch
BCH003129,ACC003556,BEN46480,BEN64034,2026-09-14 15:45:38,internet
BCH003130,ACC000213,BEN39040,BEN85662,2026-09-14 15:42:11,mobile
BCH003131,ACC004189,BEN18212,BEN76432,2026-09-14 15:41:18,internet
BCH003132,ACC000199,BEN45891,BEN67144,2026-09-14 15:43:20,internet
BCH003133,ACC000674,BEN20916,BEN48791,2026-09-14 15:43:05,mobile
BCH003134,ACC002648,BEN12382,BEN54766,2026-09-14 15:43:09,internet
BCH003135,ACC003182,BEN13023,BEN33298,2026-09-14 15:46:01,mobile
BCH003136,ACC004138,BEN21776,BEN94451,2026-09-14 15:41:36,branch
BCH003137,ACC003871,BEN86477,BEN31569,2026-09-14 15:41:45,mobile
BCH003138,ACC000396,BEN65391,BEN91623,2026-09-14 15:41:48,internet
BCH003139,ACC001398,BEN79285,BEN61497,2026-09-14 15:41:43,internet
BCH003140,ACC000593,BEN77158,BEN13285,2026-09-14 15:43:37,internet
BCH003141,ACC000188,BEN63642,BEN85934,2026-09-14 15:41:59,mobile
BCH003142,ACC004352,BEN12382,BEN76919,2026-09-14 15:43:58,internet
BCH003143,ACC002637,BEN39124,BEN21950,2026-09-14 15:43:51,mobile
BCH003144,ACC001219,BEN56183,BEN41680,2026-09-14 15:42:56,internet
BCH003145,ACC001528,BEN79074,BEN64829,2026-09-14 15:43:04,mobile
BCH003146,ACC002373,BEN73088,BEN50645,2026-09-14 15:45:03,branch
BCH003147,ACC001618,BEN92688,BEN12032,2026-09-14 15:41:02,mobile
BCH003148,ACC003808,BEN97784,BEN30263,2026-09-14 15:45:59,branch
BCH003149,ACC001432,BEN40027,BEN13211,2026-09-14 15:45:01,branch
BCH003150,ACC001089,BEN75267,BEN65888,2026-09-14 15:44:36,branch
BCH003151,ACC001966,BEN33223,BEN93279,2026-09-14 15:45:40,internet
BCH003152,ACC004442,BEN90209,BEN63192,2026-09-14 15:40:53,branch
BCH003153,ACC003532,BEN34933,BEN95921,2026-09-14 15:43:08,mobile
BCH003154,ACC004726,BEN69293,BEN48009,2026-09-14 15:42:41,branch
BCH003155,ACC002913,BEN12086,BEN51494,2026-09-14 15:41:40,branch
BCH003156,ACC001091,BEN35777,BEN24404,2026-09-14 15:45:53,internet
BCH003157,ACC002976,BEN60331,BEN67449,2026-09-14 15:45:20,internet
BCH003158,ACC001157,BEN70439,BEN51035,2026-09-14 15:42:06,mobile
BCH003159,ACC001235,BEN53857,BEN43831,2026-09-14 15:42:03,internet
BCH003160,ACC003338,BEN50709,BEN66971,2026-09-14 15:45:21,branch
BCH003161,ACC004984,BEN42777,BEN51703,2026-09-14 15:44:27,branch
BCH003162,ACC004512,BEN77396,BEN93365,2026-09-14 15:43:24,mobile
BCH003163,ACC002352,BEN77106,BEN33242,2026-09-14 15:44:53,mobile
BCH003164,ACC000111,BEN57069,BEN94682,2026-09-14 15:46:00,internet
BCH003165,ACC000984,BEN31137,BEN62463,2026-09-14 15:43:55,branch
BCH003166,ACC002494,BEN62789,BEN70537,2026-09-14 15:43:39,mobile
BCH003167,ACC000809,BEN82850,BEN67140,2026-09-14 15:40:59,mobile
BCH003168,ACC002165,BEN18939,BEN26044,2026-09-14 15:40:27,mobile
BCH003169,ACC004791,BEN79909,BEN91951,2026-09-14 15:42:13,branch
BCH003170,ACC000499,BEN25639,BEN65957,2026-09-14 15:45:23,internet
BCH003171,ACC004343,BEN56036,BEN23892,2026-09-14 15:41:27,mobile
BCH003172,ACC002328,BEN67202,BEN99922,2026-09-14 15:45:29,mobile
BCH003173,ACC002733,BEN86613,BEN11731,2026-09-14 15:45:54,mobile
BCH003174,ACC003256,BEN76326,BEN92884,2026-09-14 15:40:35,branch
BCH003175,ACC004536,BEN76321,BEN36574,2026-09-14 15:42:39,internet
BCH003176,ACC002892,BEN99466,BEN75460,2026-09-14 15:43:18,branch
BCH003177,ACC002341,BEN41633,BEN25775,2026-09-14 15:41:45,internet
BCH003178,ACC000997,BEN67311,BEN61141,2026-09-14 15:45:15,mobile
BCH003179,ACC003216,BEN86533,BEN32090,2026-09-14 15:43:12,internet
BCH003180,ACC001290,BEN54948,BEN24854,2026-09-14 15:45:59,mobile
BCH003181,ACC004057,BEN38040,BEN85917,2026-09-14 15:42:16,internet
BCH003182,ACC000790,BEN99396,BEN80555,2026-09-14 15:41:59,mobile
BCH003183,ACC001237,BEN85074,BEN92788,2026-09-14 15:45:13,internet
BCH003184,ACC003248,BEN81985,BEN89300,2026-09-14 15:44:05,internet
BCH003185,ACC001957,BEN57789,BEN38153,2026-09-14 15:43:44,branch
BCH003186,ACC001774,BEN30721,BEN42937,2026-09-14 15:44:57,mobile
BCH003187,ACC004814,BEN93746,BEN16318,2026-09-14 15:40:11,mobile
BCH003188,ACC000488,BEN16543,BEN91352,2026-09-14 15:43:23,branch
BCH003189,ACC002077,BEN55704,BEN90528,2026-09-14 15:45:27,mobile
BCH003190,ACC004459,BEN85734,BEN95901,2026-09-14 15:44:51,branch
BCH003191,ACC003526,BEN11332,BEN37607,2026-09-14 15:45:25,mobile
BCH003192,ACC004886,BEN25535,BEN36148,2026-09-14 15:40:42,internet
BCH003193,ACC001884,BEN62326,BEN18014,2026-09-14 15:43:32,internet
BCH003194,ACC003097,BEN19815,BEN16748,2026-09-14 15:43:24,internet
BCH003195,ACC000195,BEN47992,BEN19757,2026-09-14 15:41:55,branch
BCH003196,ACC003540,BEN85377,BEN15668,2026-09-14 15:46:00,internet
BCH003197,ACC004563,BEN72660,BEN76307,2026-09-14 15:44:50,mobile
BCH003198,ACC004277,BEN85984,BEN83610,2026-09-14 15:41:10,branch
BCH003199,ACC000140,BEN10923,BEN78590,2026-09-14 15:45:04,internet
BCH003200,ACC000472,BEN93091,BEN22761,2026-09-14 15:44:08,mobile
BCH003201,ACC000898,BEN24647,BEN49831,2026-09-14 15:41:17,mobile
BCH003202,ACC004717,BEN98167,BEN29749,2026-09-14 15:44:46,branch
BCH003203,ACC000099,BEN87649,BEN91073,2026-09-14 15:40:47,branch
BCH003204,ACC003443,BEN59097,BEN41290,2026-09-14 15:41:56,internet
BCH003205,ACC003066,BEN69815,BEN57580,2026-09-14 15:41:03,branch
BCH003206,ACC002678,BEN36528,BEN66610,2026-09-14 15:43:10,internet
BCH003207,ACC001159,BEN23334,BEN39328,2026-09-14 15:42:02,mobile
BCH003208,ACC003902,BEN72977,BEN19278,2026-09-14 15:40:47,branch
BCH003209,ACC002569,BEN66531,BEN20579,2026-09-14 15:45:03,mobile
BCH003210,ACC004171,BEN37148,BEN80662,2026-09-14 15:43:40,mobile
BCH003211,ACC001530,BEN82532,BEN54731,2026-09-14 15:41:20,mobile
BCH003212,ACC004346,BEN76951,BEN34777,2026-09-14 15:41:29,mobile
BCH003213,ACC001302,BEN77157,BEN39230,2026-09-14 15:40:56,mobile
BCH003214,ACC003874,BEN42780,BEN56199,2026-09-14 15:43:19,branch
BCH003215,ACC003563,BEN25502,BEN41547,2026-09-14 15:42:07,internet
BCH003216,ACC002232,BEN64184,BEN82553,2026-09-14 15:41:16,mobile
BCH003217,ACC003847,BEN82820,BEN62686,2026-09-14 15:42:37,branch
BCH003218,ACC002196,BEN85162,BEN95116,2026-09-14 15:44:50,branch
BCH003219,ACC004466,BEN60382,BEN96526,2026-09-14 15:45:40,branch
BCH003220,ACC000815,BEN47897,BEN18184,2026-09-14 15:42:14,mobile
BCH003221,ACC000711,BEN25146,BEN66146,2026-09-14 15:45:12,mobile
BCH003222,ACC001091,BEN55712,BEN62183,2026-09-14 15:42:29,branch
BCH003223,ACC002191,BEN20937,BEN61582,2026-09-14 15:42:32,internet
BCH003224,ACC002057,BEN90071,BEN66368,2026-09-14 15:42:36,internet
BCH003225,ACC000830,BEN90461,BEN76181,2026-09-14 15:41:13,mobile
BCH003226,ACC004307,BEN87221,BEN79993,2026-09-14 15:42:35,branch
BCH003227,ACC002941,BEN73213,BEN23822,2026-09-14 15:45:08,internet
BCH003228,ACC003330,BEN48627,BEN53877,2026-09-14 15:45:16,branch
BCH003229,ACC001904,BEN51519,BEN51030,2026-09-14 15:45:25,internet
BCH003230,ACC004787,BEN73309,BEN99129,2026-09-14 15:45:08,mobile
BCH003231,ACC001722,BEN63701,BEN27915,2026-09-14 15:45:38,internet
BCH003232,ACC002785,BEN40277,BEN24723,2026-09-14 15:44:20,branch
BCH003233,ACC003219,BEN59415,BEN47444,2026-09-14 15:44:24,mobile
BCH003234,ACC004200,BEN18107,BEN88960,2026-09-14 15:41:07,mobile
BCH003235,ACC002702,BEN42891,BEN86642,2026-09-14 15:41:47,internet
BCH003236,ACC003888,BEN57624,BEN88052,2026-09-14 15:43:14,mobile
BCH003237,ACC000459,BEN80171,BEN84717,2026-09-14 15:44:26,branch
BCH003238,ACC004610,BEN78714,BEN26314,2026-09-14 15:44:19,internet
BCH003239,ACC000604,BEN32111,BEN80779,2026-09-14 15:42:38,branch
BCH003240,ACC002355,BEN89701,BEN38568,2026-09-14 15:41:57,mobile
BCH003241,ACC001181,BEN91932,BEN17162,2026-09-14 15:41:28,internet
BCH003242,ACC004358,BEN10191,BEN49669,2026-09-14 15:43:08,internet
BCH003243,ACC003571,BEN90509,BEN65933,2026-09-14 15:42:29,mobile
BCH003244,ACC001065,BEN11849,BEN77558,2026-09-14 15:41:34,mobile
BCH003245,ACC004031,BEN20639,BEN62884,2026-09-14 15:43:50,internet
BCH003246,ACC004751,BEN87818,BEN24531,2026-09-14 15:44:52,internet
BCH003247,ACC002487,BEN36214,BEN88737,2026-09-14 15:43:51,internet
BCH003248,ACC004081,BEN75707,BEN32988,2026-09-14 15:45:55,mobile
BCH003249,ACC001772,BEN57102,BEN11575,2026-09-14 15:43:46,internet
BCH003250,ACC001762,BEN55432,BEN56692,2026-09-14 15:42:33,branch
BCH003251,ACC000612,BEN49506,BEN88735,2026-09-14 15:41:19,mobile
BCH003252,ACC000734,BEN35486,BEN61264,2026-09-14 15:41:54,internet
BCH003253,ACC001207,BEN30289,BEN45362,2026-09-14 15:43:01,mobile
BCH003254,ACC002801,BEN57718,BEN75905,2026-09-14 15:44:38,internet
BCH003255,ACC000956,BEN20464,BEN52078,2026-09-14 15:45:08,branch
BCH003256,ACC003743,BEN19857,BEN49509,2026-09-14 15:42:43,internet
BCH003257,ACC002914,BEN73657,BEN14996,2026-09-14 15:43:34,mobile
BCH003258,ACC004277,BEN86659,BEN22540,2026-09-14 15:43:47,branch
BCH003259,ACC000344,BEN42168,BEN57655,2026-09-14 15:44:31,mobile
BCH003260,ACC002409,BEN28637,BEN12023,2026-09-14 15:45:43,mobile
BCH003261,ACC004363,BEN75076,BEN60345,2026-09-14 15:41:55,mobile
BCH003262,ACC001174,BEN37018,BEN40351,2026-09-14 15:40:17,internet
BCH003263,ACC003162,BEN59010,BEN32103,2026-09-14 15:43:35,mobile
BCH003264,ACC001700,BEN69886,BEN29645,2026-09-14 15:45:21,mobile
BCH003265,ACC003495,BEN27030,BEN31662,2026-09-14 15:40:12,internet
BCH003266,ACC000569,BEN91348,BEN55404,2026-09-14 15:45:28,internet
BCH003267,ACC000510,BEN28543,BEN99369,2026-09-14 15:42:17,branch
BCH003268,ACC002370,BEN64080,BEN20303,2026-09-14 15:44:23,internet
BCH003269,ACC004051,BEN96045,BEN63406,2026-09-14 15:43:19,mobile
BCH003270,ACC004110,BEN49053,BEN48065,2026-09-14 15:44:50,internet
BCH003271,ACC002015,BEN73609,BEN92303,2026-09-14 15:41:26,mobile
BCH003272,ACC003636,BEN37195,BEN24482,2026-09-14 15:45:18,mobile
BCH003273,ACC002556,BEN73441,BEN19751,2026-09-14 15:43:53,internet
BCH003274,ACC000948,BEN57891,BEN56646,2026-09-14 15:44:46,mobile
BCH003275,ACC001646,BEN27586,BEN98312,2026-09-14 15:43:01,branch
BCH003276,ACC000239,BEN24095,BEN26321,2026-09-14 15:44:40,mobile
BCH003277,ACC001789,BEN19037,BEN83318,2026-09-14 15:42:25,internet
BCH003278,ACC003393,BEN97615,BEN24669,2026-09-14 15:41:05,branch
BCH003279,ACC002847,BEN29004,BEN65616,2026-09-14 15:44:05,mobile
BCH003280,ACC004983,BEN52662,BEN50094,2026-09-14 15:43:37,internet
BCH003281,ACC002295,BEN60469,BEN65317,2026-09-14 15:45:03,mobile
BCH003282,ACC003200,BEN92065,BEN64759,2026-09-14 15:41:05,branch
BCH003283,ACC001388,BEN64976,BEN13718,2026-09-14 15:42:25,branch
BCH003284,ACC003780,BEN49982,BEN81380,2026-09-14 15:46:03,branch
BCH003285,ACC002048,BEN10458,BEN47713,2026-09-14 15:41:12,branch
BCH003286,ACC000791,BEN36084,BEN20822,2026-09-14 15:43:43,branch
BCH003287,ACC004817,BEN37079,BEN21742,2026-09-14 15:42:12,mobile
BCH003288,ACC003500,BEN69099,BEN97951,2026-09-14 15:43:32,mobile
BCH003289,ACC001884,BEN34267,BEN11569,2026-09-14 15:42:16,mobile
BCH003290,ACC003449,BEN22296,BEN62040,2026-09-14 15:43:59,branch
BCH003291,ACC002261,BEN67691,BEN13123,2026-09-14 15:42:40,branch
BCH003292,ACC000612,BEN12728,BEN66174,2026-09-14 15:45:27,branch
BCH003293,ACC000971,BEN96469,BEN25531,2026-09-14 15:45:30,mobile
BCH003294,ACC004801,BEN86516,BEN68428,2026-09-14 15:45:22,branch
BCH003295,ACC002192,BEN42592,BEN15391,2026-09-14 15:40:21,internet
BCH003296,ACC004797,BEN37445,BEN50460,2026-09-14 15:40:17,branch
BCH003297,ACC000945,BEN44829,BEN57776,2026-09-14 15:44:45,internet
BCH003298,ACC002884,BEN83140,BEN63820,2026-09-14 15:41:37,branch
BCH003299,ACC003811,BEN55962,BEN25697,2026-09-14 15:44:16,branch
BCH003300,ACC004846,BEN83934,BEN93263,2026-09-14 15:44:42,branch
BCH003301,ACC002209,BEN32779,BEN42034,2026-09-14 15:43:50,internet
BCH003302,ACC000545,BEN71754,BEN93888,2026-09-14 15:45:42,internet
BCH003303,ACC000823,BEN50935,BEN21679,2026-09-14 15:40:30,branch
BCH003304,ACC004932,BEN27760,BEN71527,2026-09-14 15:43:32,internet
BCH003305,ACC000441,BEN24141,BEN16025,2026-09-14 15:40:32,mobile
BCH003306,ACC000253,BEN17918,BEN30257,2026-09-14 15:43:39,internet
BCH003307,ACC001341,BEN85530,BEN22437,2026-09-14 15:40:19,mobile
BCH003308,ACC004547,BEN62634,BEN65642,2026-09-14 15:41:11,branch
BCH003309,ACC003644,BEN85116,BEN68293,2026-09-14 15:45:16,internet
BCH003310,ACC003496,BEN61272,BEN80064,2026-09-14 15:45:41,internet
BCH003311,ACC003508,BEN49113,BEN18659,2026-09-14 15:41:46,branch
BCH003312,ACC002550,BEN11041,BEN64755,2026-09-14 15:42:09,mobile
BCH003313,ACC003683,BEN27082,BEN20368,2026-09-14 15:42:58,branch
BCH003314,ACC002176,BEN91181,BEN35897,2026-09-14 15:43:04,mobile
BCH003315,ACC002734,BEN53532,BEN79775,2026-09-14 15:45:31,branch
BCH003316,ACC003030,BEN55336,BEN52794,2026-09-14 15:42:35,mobile
BCH003317,ACC000743,BEN56972,BEN88143,2026-09-14 15:43:08,branch
BCH003318,ACC002164,BEN52694,BEN65133,2026-09-14 15:44:57,branch
BCH003319,ACC002645,BEN80511,BEN33094,2026-09-14 15:43:33,branch
BCH003320,ACC004457,BEN80728,BEN47322,2026-09-14 15:42:27,mobile
BCH003321,ACC004114,BEN11952,BEN20467,2026-09-14 15:44:38,mobile
BCH003322,ACC000631,BEN53805,BEN54718,2026-09-14 15:40:28,internet
BCH003323,ACC000130,BEN45104,BEN66370,2026-09-14 15:43:27,branch
BCH003324,ACC004357,BEN52068,BEN53215,2026-09-14 15:42:38,mobile
BCH003325,ACC003817,BEN59987,BEN38927,2026-09-14 15:41:51,mobile
BCH003326,ACC001211,BEN36729,BEN63632,2026-09-14 15:45:13,branch
BCH003327,ACC002000,BEN92246,BEN70132,2026-09-14 15:44:24,mobile
BCH003328,ACC004072,BEN67420,BEN15836,2026-09-14 15:40:12,internet
BCH003329,ACC001747,BEN31454,BEN49945,2026-09-14 15:43:46,branch
BCH003330,ACC000320,BEN80673,BEN30993,2026-09-14 15:41:06,internet
BCH003331,ACC001587,BEN81696,BEN67805,2026-09-14 15:42:53,mobile
BCH003332,ACC000434,BEN94994,BEN20385,2026-09-14 15:44:43,branch
BCH003333,ACC002208,BEN75219,BEN88343,2026-09-14 15:45:10,internet
BCH003334,ACC002601,BEN70279,BEN37104,2026-09-14 15:41:30,internet
BCH003335,ACC004615,BEN15981,BEN45423,2026-09-14 15:45:25,internet
BCH003336,ACC000167,BEN12471,BEN11175,2026-09-14 15:43:08,internet
BCH003337,ACC003197,BEN52734,BEN93450,2026-09-14 15:43:12,internet
BCH003338,ACC004781,BEN19152,BEN72404,2026-09-14 15:41:42,mobile
BCH003339,ACC000293,BEN22832,BEN67686,2026-09-14 15:40:34,mobile
BCH003340,ACC000503,BEN36059,BEN18384,2026-09-14 15:43:40,mobile
BCH003341,ACC003031,BEN26132,BEN31317,2026-09-14 15:45:15,internet
BCH003342,ACC003863,BEN12359,BEN32263,2026-09-14 15:44:42,branch
BCH003343,ACC001379,BEN53384,BEN53673,2026-09-14 15:41:21,mobile
BCH003344,ACC001151,BEN68948,BEN27084,2026-09-14 15:45:02,internet
BCH003345,ACC002179,BEN15109,BEN21843,2026-09-14 15:45:07,mobile
BCH003346,ACC000336,BEN49735,BEN28012,2026-09-14 15:42:03,mobile
BCH003347,ACC001908,BEN31135,BEN43121,2026-09-14 15:40:54,internet
BCH003348,ACC002104,BEN29973,BEN28843,2026-09-14 15:42:28,internet
BCH003349,ACC000679,BEN68741,BEN10000,2026-09-14 15:43:19,mobile
BCH003350,ACC002167,BEN59895,BEN18462,2026-09-14 15:43:22,internet
BCH003351,ACC000293,BEN93075,BEN11479,2026-09-14 15:45:31,mobile
BCH003352,ACC000623,BEN65190,BEN26903,2026-09-14 15:43:22,internet
BCH003353,ACC000321,BEN80233,BEN12581,2026-09-14 15:40:53,mobile
BCH003354,ACC002818,BEN45995,BEN57124,2026-09-14 15:45:05,internet
BCH003355,ACC002255,BEN49163,BEN47846,2026-09-14 15:44:38,branch
BCH003356,ACC002335,BEN24362,BEN67920,2026-09-14 15:45:34,internet
BCH003357,ACC003426,BEN85394,BEN33621,2026-09-14 15:41:43,branch
BCH003358,ACC002442,BEN47682,BEN92689,2026-09-14 15:45:21,mobile
BCH003359,ACC004110,BEN24469,BEN65506,2026-09-14 15:41:22,branch
BCH003360,ACC003491,BEN75789,BEN62461,2026-09-14 15:42:34,internet
BCH003361,ACC000221,BEN35975,BEN70835,2026-09-14 15:41:13,internet
BCH003362,ACC004113,BEN85541,BEN15762,2026-09-14 15:45:20,branch
BCH003363,ACC000881,BEN45954,BEN33650,2026-09-14 15:43:11,internet
BCH003364,ACC004092,BEN28071,BEN24834,2026-09-14 15:45:59,internet
BCH003365,ACC001356,BEN17962,BEN49736,2026-09-14 15:41:15,mobile
BCH003366,ACC002174,BEN67468,BEN18223,2026-09-14 15:44:03,internet
BCH003367,ACC003022,BEN33820,BEN19760,2026-09-14 15:44:27,mobile
BCH003368,ACC003934,BEN15224,BEN69535,2026-09-14 15:42:11,mobile
BCH003369,ACC004838,BEN66203,BEN32994,2026-09-14 15:41:54,branch
BCH003370,ACC003804,BEN98219,BEN27819,2026-09-14 15:45:44,branch
BCH003371,ACC003027,BEN60220,BEN30997,2026-09-14 15:43:48,mobile
BCH003372,ACC002296,BEN24943,BEN79618,2026-09-14 15:43:28,mobile
BCH003373,ACC002996,BEN77495,BEN73893,2026-09-14 15:40:05,branch
BCH003374,ACC003309,BEN68772,BEN12496,2026-09-14 15:43:05,branch
BCH003375,ACC001049,BEN10099,BEN68029,2026-09-14 15:44:28,branch
BCH003376,ACC004358,BEN88949,BEN95472,2026-09-14 15:43:59,internet
BCH003377,ACC001240,BEN74946,BEN58780,2026-09-14 15:40:20,branch
BCH003378,ACC000051,BEN66360,BEN70842,2026-09-14 15:41:37,internet
BCH003379,ACC003930,BEN93202,BEN46866,2026-09-14 15:44:40,internet
BCH003380,ACC004841,BEN98203,BEN17566,2026-09-14 15:43:48,mobile
BCH003381,ACC003265,BEN36977,BEN64826,2026-09-14 15:42:42,branch
BCH003382,ACC002938,BEN78933,BEN83245,2026-09-14 15:43:40,internet
BCH003383,ACC001822,BEN46810,BEN70066,2026-09-14 15:42:18,mobile
BCH003384,ACC000279,BEN47536,BEN77009,2026-09-14 15:43:46,mobile
BCH003385,ACC004976,BEN46379,BEN21211,2026-09-14 15:45:32,internet
BCH003386,ACC004382,BEN91994,BEN68819,2026-09-14 15:44:49,internet
BCH003387,ACC001149,BEN34159,BEN16974,2026-09-14 15:43:49,mobile
BCH003388,ACC001422,BEN97279,BEN45263,2026-09-14 15:43:27,internet
BCH003389,ACC001640,BEN33510,BEN61454,2026-09-14 15:43:16,branch
BCH003390,ACC004697,BEN60741,BEN51733,2026-09-14 15:42:53,mobile
BCH003391,ACC003928,BEN77740,BEN36649,2026-09-14 15:42:05,mobile
BCH003392,ACC003534,BEN30313,BEN73749,2026-09-14 15:45:44,branch
BCH003393,ACC000813,BEN40642,BEN80797,2026-09-14 15:43:32,internet
BCH003394,ACC004190,BEN94210,BEN38118,2026-09-14 15:43:24,branch
BCH003395,ACC004682,BEN18398,BEN17229,2026-09-14 15:42:43,internet
BCH003396,ACC003980,BEN34047,BEN65843,2026-09-14 15:44:39,internet
BCH003397,ACC003606,BEN91320,BEN95380,2026-09-14 15:42:03,branch
BCH003398,ACC003403,BEN39768,BEN41909,2026-09-14 15:44:58,branch
BCH003399,ACC003977,BEN75466,BEN98452,2026-09-14 15:45:21,mobile
BCH003400,ACC000407,BEN96544,BEN27579,2026-09-14 15:41:12,mobile
BCH003401,ACC004372,BEN17691,BEN89282,2026-09-14 15:45:45,internet
BCH003402,ACC002884,BEN41568,BEN91502,2026-09-14 15:41:30,branch
BCH003403,ACC001001,BEN96808,BEN74395,2026-09-14 15:44:52,internet
BCH003404,ACC002263,BEN65730,BEN52733,2026-09-14 15:44:42,branch
BCH003405,ACC001565,BEN27967,BEN30529,2026-09-14 15:42:19,branch
BCH003406,ACC000230,BEN69529,BEN96423,2026-09-14 15:40:33,internet
BCH003407,ACC004782,BEN51409,BEN17182,2026-09-14 15:41:51,internet
BCH003408,ACC000685,BEN84017,BEN53008,2026-09-14 15:42:19,branch
BCH003409,ACC001348,BEN18411,BEN70215,2026-09-14 15:41:11,branch
BCH003410,ACC004219,BEN97639,BEN98724,2026-09-14 15:45:52,internet
BCH003411,ACC002642,BEN63794,BEN63095,2026-09-14 15:40:12,mobile
BCH003412,ACC002456,BEN73973,BEN91337,2026-09-14 15:44:23,mobile
BCH003413,ACC003325,BEN83461,BEN76655,2026-09-14 15:41:19,branch
BCH003414,ACC004682,BEN57778,BEN87179,2026-09-14 15:41:39,internet
BCH003415,ACC002251,BEN73538,BEN20679,2026-09-14 15:40:45,mobile
BCH003416,ACC001569,BEN15444,BEN31170,2026-09-14 15:44:05,internet
BCH003417,ACC001211,BEN62707,BEN47845,2026-09-14 15:45:41,mobile
BCH003418,ACC001250,BEN98905,BEN87531,2026-09-14 15:40:08,mobile
BCH003419,ACC001694,BEN97731,BEN22067,2026-09-14 15:44:15,branch
BCH003420,ACC004391,BEN91230,BEN45421,2026-09-14 15:41:07,branch
BCH003421,ACC001012,BEN73695,BEN49012,2026-09-14 15:44:32,mobile
BCH003422,ACC000057,BEN81660,BEN34608,2026-09-14 15:43:20,mobile
BCH003423,ACC000661,BEN58566,BEN37166,2026-09-14 15:41:09,internet
BCH003424,ACC002809,BEN65283,BEN30671,2026-09-14 15:43:13,mobile
BCH003425,ACC003735,BEN68423,BEN29803,2026-09-14 15:45:27,branch
BCH003426,ACC000423,BEN38444,BEN97056,2026-09-14 15:41:43,mobile
BCH003427,ACC004710,BEN14587,BEN78938,2026-09-14 15:40:47,mobile
BCH003428,ACC001218,BEN37231,BEN70877,2026-09-14 15:45:31,mobile
BCH003429,ACC001259,BEN96117,BEN39544,2026-09-14 15:45:30,internet
BCH003430,ACC002106,BEN57992,BEN62744,2026-09-14 15:45:26,internet
BCH003431,ACC002730,BEN99910,BEN36882,2026-09-14 15:41:26,internet
BCH003432,ACC002011,BEN22150,BEN78337,2026-09-14 15:42:50,branch
BCH003433,ACC003579,BEN88865,BEN96816,2026-09-14 15:44:22,internet
BCH003434,ACC001850,BEN47048,BEN51993,2026-09-14 15:40:06,internet
BCH003435,ACC000434,BEN97075,BEN75683,2026-09-14 15:44:32,branch
BCH003436,ACC003410,BEN51130,BEN30933,2026-09-14 15:43:51,branch
BCH003437,ACC000580,BEN54145,BEN79309,2026-09-14 15:42:18,branch
BCH003438,ACC004131,BEN48897,BEN37305,2026-09-14 15:45:30,branch
BCH003439,ACC004075,BEN56680,BEN29510,2026-09-14 15:43:04,mobile
BCH003440,ACC002117,BEN19387,BEN37447,2026-09-14 15:40:59,branch
BCH003441,ACC004804,BEN49158,BEN16695,2026-09-14 15:45:58,internet
BCH003442,ACC004673,BEN20768,BEN30117,2026-09-14 15:41:09,internet
BCH003443,ACC004044,BEN10277,BEN88256,2026-09-14 15:40:30,branch
BCH003444,ACC001991,BEN36750,BEN77643,2026-09-14 15:42:00,mobile
BCH003445,ACC001500,BEN71616,BEN38976,2026-09-14 15:41:49,mobile
BCH003446,ACC003737,BEN11931,BEN52456,2026-09-14 15:44:14,mobile
BCH003447,ACC004431,BEN62269,BEN58119,2026-09-14 15:42:09,mobile
BCH003448,ACC004406,BEN57641,BEN65948,2026-09-14 15:42:01,mobile
BCH003449,ACC001337,BEN34422,BEN26839,2026-09-14 15:41:21,internet
BCH003450,ACC002750,BEN57780,BEN72821,2026-09-14 15:43:12,mobile
BCH003451,ACC002406,BEN44239,BEN19489,2026-09-14 15:43:16,branch
BCH003452,ACC000730,BEN64227,BEN53693,2026-09-14 15:45:08,mobile
BCH003453,ACC000718,BEN94817,BEN92691,2026-09-14 15:41:48,mobile
BCH003454,ACC000528,BEN53127,BEN44575,2026-09-14 15:45:40,branch
BCH003455,ACC000635,BEN22581,BEN12516,2026-09-14 15:41:15,mobile
BCH003456,ACC002634,BEN32802,BEN31753,2026-09-14 15:43:40,internet
BCH003457,ACC003425,BEN54916,BEN56200,2026-09-14 15:40:21,branch
BCH003458,ACC003997,BEN11190,BEN32297,2026-09-14 15:45:23,internet
BCH003459,ACC001774,BEN73085,BEN78604,2026-09-14 15:40:39,internet
BCH003460,ACC001618,BEN61671,BEN94087,2026-09-14 15:45:22,internet
BCH003461,ACC002917,BEN76135,BEN15648,2026-09-14 15:43:19,mobile
BCH003462,ACC003895,BEN59462,BEN98087,2026-09-14 15:44:26,branch
BCH003463,ACC004748,BEN86404,BEN70615,2026-09-14 15:41:44,branch
BCH003464,ACC004482,BEN84050,BEN56626,2026-09-14 15:40:20,mobile
BCH003465,ACC000545,BEN76399,BEN39624,2026-09-14 15:40:13,mobile
BCH003466,ACC004099,BEN12035,BEN26545,2026-09-14 15:40:07,internet
BCH003467,ACC004904,BEN59940,BEN86278,2026-09-14 15:40:43,mobile
BCH003468,ACC001473,BEN71766,BEN12385,2026-09-14 15:45:24,internet
BCH003469,ACC001026,BEN12316,BEN19669,2026-09-14 15:44:35,mobile
BCH003470,ACC004077,BEN54452,BEN87034,2026-09-14 15:40:16,mobile
BCH003471,ACC003058,BEN36842,BEN85666,2026-09-14 15:43:08,mobile
BCH003472,ACC003347,BEN49209,BEN62444,2026-09-14 15:44:03,branch
BCH003473,ACC003799,BEN50003,BEN77979,2026-09-14 15:42:44,branch
BCH003474,ACC000033,BEN11761,BEN40088,2026-09-14 15:44:46,branch
BCH003475,ACC002906,BEN49758,BEN95289,2026-09-14 15:42:25,branch
BCH003476,ACC004588,BEN91618,BEN57480,2026-09-14 15:45:30,internet
BCH003477,ACC000013,BEN81140,BEN99986,2026-09-14 15:43:23,internet
BCH003478,ACC001494,BEN34949,BEN86485,2026-09-14 15:43:40,internet
BCH003479,ACC001059,BEN56827,BEN35132,2026-09-14 15:41:18,internet
BCH003480,ACC001482,BEN44437,BEN31611,2026-09-14 15:41:50,internet
BCH003481,ACC004858,BEN96594,BEN32861,2026-09-14 15:42:25,branch
BCH003482,ACC002405,BEN84252,BEN93462,2026-09-14 15:46:02,branch
BCH003483,ACC004473,BEN19247,BEN13965,2026-09-14 15:41:44,internet
BCH003484,ACC003134,BEN40300,BEN88399,2026-09-14 15:41:11,branch
BCH003485,ACC004431,BEN54154,BEN30057,2026-09-14 15:42:06,branch
BCH003486,ACC003121,BEN27553,BEN78200,2026-09-14 15:45:08,mobile
BCH003487,ACC002368,BEN83857,BEN94835,2026-09-14 15:43:49,mobile
BCH003488,ACC002502,BEN49742,BEN55984,2026-09-14 15:41:33,branch
BCH003489,ACC003057,BEN96645,BEN33992,2026-09-14 15:45:19,mobile
BCH003490,ACC004171,BEN29098,BEN46967,2026-09-14 15:42:38,branch
BCH003491,ACC003062,BEN71872,BEN68251,2026-09-14 15:40:54,internet
BCH003492,ACC001490,BEN65407,BEN64447,2026-09-14 15:42:12,mobile
BCH003493,ACC002929,BEN94103,BEN34436,2026-09-14 15:44:53,branch
BCH003494,ACC004149,BEN99772,BEN67282,2026-09-14 15:46:01,branch
BCH003495,ACC000631,BEN73647,BEN38240,2026-09-14 15:43:07,internet
BCH003496,ACC000351,BEN50236,BEN70015,2026-09-14 15:43:32,mobile
BCH003497,ACC003416,BEN83731,BEN15060,2026-09-14 15:45:52,mobile
BCH003498,ACC002957,BEN97128,BEN97043,2026-09-14 15:44:59,branch
BCH003499,ACC000908,BEN69140,BEN83935,2026-09-14 15:45:48,branch
BCH003500,ACC002718,BEN68738,BEN78779,2026-09-14 15:45:23,mobile
BCH003501,ACC004584,BEN65170,BEN62890,2026-09-14 15:43:39,mobile
BCH003502,ACC004481,BEN79015,BEN42820,2026-09-14 15:41:18,internet
BCH003503,ACC004492,BEN41754,BEN14694,2026-09-14 15:46:03,branch
BCH003504,ACC003260,BEN46210,BEN37627,2026-09-14 15:43:35,internet
BCH003505,ACC003158,BEN99207,BEN83322,2026-09-14 15:40:34,mobile
BCH003506,ACC000912,BEN21020,BEN18127,2026-09-14 15:41:38,branch
BCH003507,ACC002597,BEN41245,BEN49464,2026-09-14 15:40:32,branch
BCH003508,ACC000057,BEN26869,BEN13051,2026-09-14 15:40:20,branch
BCH003509,ACC000422,BEN70524,BEN80817,2026-09-14 15:43:42,internet
BCH003510,ACC001930,BEN16671,BEN37385,2026-09-14 15:44:00,mobile
BCH003511,ACC001520,BEN89639,BEN94761,2026-09-14 15:44:12,branch
BCH003512,ACC003825,BEN36655,BEN37468,2026-09-14 15:40:54,internet
BCH003513,ACC004690,BEN62149,BEN24787,2026-09-14 15:41:40,mobile
BCH003514,ACC001942,BEN25309,BEN59811,2026-09-14 15:45:57,mobile
BCH003515,ACC003832,BEN52076,BEN10172,2026-09-14 15:41:56,mobile
BCH003516,ACC001402,BEN33626,BEN45187,2026-09-14 15:40:31,branch
BCH003517,ACC000980,BEN27003,BEN93067,2026-09-14 15:44:28,mobile
BCH003518,ACC003018,BEN69002,BEN16998,2026-09-14 15:44:09,internet
BCH003519,ACC000799,BEN61876,BEN29057,2026-09-14 15:40:12,internet
BCH003520,ACC001582,BEN44756,BEN73869,2026-09-14 15:42:19,branch
BCH003521,ACC004417,BEN47606,BEN43748,2026-09-14 15:42:24,branch
BCH003522,ACC000672,BEN20312,BEN55743,2026-09-14 15:45:43,internet
BCH003523,ACC001394,BEN87781,BEN70737,2026-09-14 15:40:26,branch
BCH003524,ACC003868,BEN15089,BEN11523,2026-09-14 15:42:26,branch
BCH003525,ACC003358,BEN20653,BEN90857,2026-09-14 15:40:28,branch
BCH003526,ACC004033,BEN25454,BEN35504,2026-09-14 15:42:05,mobile
BCH003527,ACC002913,BEN88466,BEN59637,2026-09-14 15:45:11,mobile
BCH003528,ACC001262,BEN61404,BEN22439,2026-09-14 15:41:55,internet
BCH003529,ACC004240,BEN70909,BEN62861,2026-09-14 15:43:58,mobile
BCH003530,ACC001271,BEN30717,BEN98156,2026-09-14 15:40:24,mobile
BCH003531,ACC003444,BEN83282,BEN47072,2026-09-14 15:45:34,branch
BCH003532,ACC004269,BEN50105,BEN83162,2026-09-14 15:44:39,branch
BCH003533,ACC002208,BEN38835,BEN91626,2026-09-14 15:43:12,mobile
BCH003534,ACC004689,BEN32104,BEN72503,2026-09-14 15:43:50,internet
BCH003535,ACC000538,BEN63354,BEN26486,2026-09-14 15:43:50,internet
BCH003536,ACC000903,BEN13344,BEN73998,2026-09-14 15:45:37,branch
BCH003537,ACC001725,BEN89944,BEN73323,2026-09-14 15:44:20,branch
BCH003538,ACC003880,BEN10724,BEN77534,2026-09-14 15:41:05,branch
BCH003539,ACC001089,BEN46832,BEN79259,2026-09-14 15:44:33,internet
BCH003540,ACC003614,BEN68172,BEN31612,2026-09-14 15:42:35,internet
BCH003541,ACC001531,BEN80068,BEN90915,2026-09-14 15:40:19,branch
BCH003542,ACC000416,BEN39356,BEN67354,2026-09-14 15:41:51,mobile
BCH003543,ACC003476,BEN69608,BEN89350,2026-09-14 15:41:23,internet
BCH003544,ACC002259,BEN49420,BEN18613,2026-09-14 15:41:30,internet
BCH003545,ACC001692,BEN64134,BEN36271,2026-09-14 15:41:49,mobile
BCH003546,ACC003930,BEN32134,BEN86149,2026-09-14 15:40:54,branch
BCH003547,ACC003513,BEN81290,BEN64539,2026-09-14 15:44:32,mobile
BCH003548,ACC004598,BEN84646,BEN67051,2026-09-14 15:43:48,mobile
BCH003549,ACC000549,BEN75754,BEN19310,2026-09-14 15:44:36,mobile
BCH003550,ACC004744,BEN19971,BEN95175,2026-09-14 15:46:03,mobile
BCH003551,ACC004292,BEN20994,BEN30434,2026-09-14 15:43:42,internet
BCH003552,ACC003563,BEN87256,BEN47621,2026-09-14 15:42:19,mobile
BCH003553,ACC001388,BEN37146,BEN39213,2026-09-14 15:42:02,branch
BCH003554,ACC004096,BEN74544,BEN48155,2026-09-14 15:42:08,internet
BCH003555,ACC003689,BEN49504,BEN21396,2026-09-14 15:44:06,mobile
BCH003556,ACC003153,BEN21005,BEN10268,2026-09-14 15:40:48,branch
BCH003557,ACC003245,BEN91373,BEN96471,2026-09-14 15:41:46,branch
BCH003558,ACC002508,BEN62297,BEN75966,2026-09-14 15:40:46,internet
BCH003559,ACC000355,BEN32379,BEN19582,2026-09-14 15:45:49,internet
BCH003560,ACC001171,BEN96688,BEN50025,2026-09-14 15:43:14,mobile
BCH003561,ACC003348,BEN74524,BEN88917,2026-09-14 15:43:13,mobile
BCH003562,ACC001103,BEN14769,BEN18090,2026-09-14 15:41:06,internet
BCH003563,ACC003840,BEN24401,BEN19385,2026-09-14 15:41:17,branch
BCH003564,ACC003931,BEN86564,BEN84391,2026-09-14 15:44:13,internet
BCH003565,ACC000854,BEN19155,BEN88082,2026-09-14 15:42:44,mobile
BCH003566,ACC002596,BEN13461,BEN32649,2026-09-14 15:40:31,branch
BCH003567,ACC002517,BEN75945,BEN88898,2026-09-14 15:40:15,branch
BCH003568,ACC004306,BEN41338,BEN17421,2026-09-14 15:45:11,branch
BCH003569,ACC001386,BEN95371,BEN41935,2026-09-14 15:41:48,mobile
BCH003570,ACC003423,BEN86888,BEN77919,2026-09-14 15:42:21,mobile
BCH003571,ACC000247,BEN62462,BEN83025,2026-09-14 15:42:17,internet
BCH003572,ACC003591,BEN96013,BEN68308,2026-09-14 15:45:44,branch
BCH003573,ACC003460,BEN47133,BEN57518,2026-09-14 15:45:32,mobile
BCH003574,ACC002439,BEN72304,BEN44809,2026-09-14 15:41:07,mobile
BCH003575,ACC000261,BEN80370,BEN44443,2026-09-14 15:40:46,branch
BCH003576,ACC002892,BEN72965,BEN42125,2026-09-14 15:44:47,mobile
BCH003577,ACC002138,BEN39267,BEN11863,2026-09-14 15:43:46,internet
BCH003578,ACC000768,BEN36231,BEN68289,2026-09-14 15:43:32,internet
BCH003579,ACC004957,BEN13938,BEN49804,2026-09-14 15:43:28,mobile
BCH003580,ACC003537,BEN47152,BEN38207,2026-09-14 15:40:21,mobile
BCH003581,ACC004711,BEN49063,BEN27665,2026-09-14 15:44:20,branch
BCH003582,ACC000766,BEN19165,BEN80164,2026-09-14 15:44:24,branch
BCH003583,ACC001955,BEN70950,BEN55692,2026-09-14 15:40:26,branch
BCH003584,ACC004566,BEN65517,BEN64385,2026-09-14 15:43:38,mobile
BCH003585,ACC003008,BEN24237,BEN24251,2026-09-14 15:42:37,mobile
BCH003586,ACC001831,BEN22090,BEN26673,2026-09-14 15:42:20,branch
BCH003587,ACC003644,BEN82763,BEN38861,2026-09-14 15:45:44,internet
BCH003588,ACC002902,BEN20229,BEN37194,2026-09-14 15:45:50,branch
BCH003589,ACC003649,BEN42402,BEN19552,2026-09-14 15:43:34,mobile
BCH003590,ACC004048,BEN12524,BEN96953,2026-09-14 15:40:36,mobile
BCH003591,ACC001637,BEN30551,BEN84691,2026-09-14 15:41:56,mobile
BCH003592,ACC001850,BEN58413,BEN88433,2026-09-14 15:42:12,mobile
BCH003593,ACC001482,BEN59791,BEN13689,2026-09-14 15:42:59,branch
BCH003594,ACC004552,BEN78530,BEN67828,2026-09-14 15:44:36,branch
BCH003595,ACC003518,BEN27236,BEN94509,2026-09-14 15:45:18,internet
BCH003596,ACC004214,BEN17874,BEN89010,2026-09-14 15:40:57,internet
BCH003597,ACC000667,BEN47623,BEN53599,2026-09-14 15:43:04,branch
BCH003598,ACC000379,BEN51759,BEN87929,2026-09-14 15:42:21,internet
BCH003599,ACC000123,BEN98425,BEN13318,2026-09-14 15:43:34,branch
BCH003600,ACC004699,BEN23721,BEN45252,2026-09-14 15:43:40,internet
BCH003601,ACC003918,BEN51465,BEN16544,2026-09-14 15:44:07,internet
BCH003602,ACC002066,BEN20429,BEN86401,2026-09-14 15:40:57,branch
BCH003603,ACC003846,BEN51173,BEN49063,2026-09-14 15:40:29,mobile
BCH003604,ACC001980,BEN86453,BEN30275,2026-09-14 15:40:09,internet
BCH003605,ACC003583,BEN77819,BEN92358,2026-09-14 15:44:25,branch
BCH003606,ACC000847,BEN92464,BEN40561,2026-09-14 15:42:29,branch
BCH003607,ACC003238,BEN28346,BEN54883,2026-09-14 15:42:16,internet
BCH003608,ACC004578,BEN30839,BEN51178,2026-09-14 15:45:59,branch
BCH003609,ACC003155,BEN32791,BEN76688,2026-09-14 15:43:57,internet
BCH003610,ACC002484,BEN39981,BEN50650,2026-09-14 15:45:02,internet
BCH003611,ACC004247,BEN74690,BEN48546,2026-09-14 15:41:03,branch
BCH003612,ACC002830,BEN39105,BEN38727,2026-09-14 15:40:53,branch
BCH003613,ACC002790,BEN66225,BEN43140,2026-09-14 15:40:37,mobile
BCH003614,ACC003231,BEN91871,BEN40448,2026-09-14 15:42:01,internet
BCH003615,ACC001359,BEN45547,BEN52814,2026-09-14 15:45:12,branch
BCH003616,ACC004547,BEN40977,BEN39178,2026-09-14 15:43:49,internet
BCH003617,ACC003614,BEN33811,BEN84704,2026-09-14 15:42:18,branch
BCH003618,ACC003346,BEN80423,BEN84091,2026-09-14 15:41:38,branch
BCH003619,ACC002633,BEN60212,BEN29403,2026-09-14 15:44:12,branch
BCH003620,ACC000453,BEN46788,BEN16547,2026-09-14 15:44:06,mobile
BCH003621,ACC002805,BEN19126,BEN52788,2026-09-14 15:41:58,internet
BCH003622,ACC001309,BEN50994,BEN93612,2026-09-14 15:43:59,mobile
BCH003623,ACC002533,BEN53736,BEN42087,2026-09-14 15:40:27,branch
BCH003624,ACC002745,BEN98662,BEN57002,2026-09-14 15:44:47,mobile
BCH003625,ACC002861,BEN20395,BEN49432,2026-09-14 15:45:21,mobile
BCH003626,ACC000693,BEN59795,BEN26473,2026-09-14 15:45:35,branch
BCH003627,ACC001813,BEN76417,BEN47280,2026-09-14 15:43:32,mobile
BCH003628,ACC000093,BEN31052,BEN12992,2026-09-14 15:40:32,mobile
BCH003629,ACC000737,BEN18459,BEN69078,2026-09-14 15:40:50,mobile
BCH003630,ACC003591,BEN77942,BEN11127,2026-09-14 15:45:07,branch
BCH003631,ACC000479,BEN54463,BEN10702,2026-09-14 15:41:09,branch
BCH003632,ACC002308,BEN25907,BEN11985,2026-09-14 15:42:11,mobile
BCH003633,ACC004381,BEN61317,BEN34417,2026-09-14 15:45:42,internet
BCH003634,ACC004770,BEN57041,BEN48722,2026-09-14 15:41:16,mobile
BCH003635,ACC004470,BEN11051,BEN93738,2026-09-14 15:45:31,internet
BCH003636,ACC004473,BEN74409,BEN93743,2026-09-14 15:40:09,mobile
BCH003637,ACC001925,BEN91664,BEN82876,2026-09-14 15:40:29,mobile
BCH003638,ACC004153,BEN70301,BEN84411,2026-09-14 15:42:17,internet
BCH003639,ACC000867,BEN86924,BEN74732,2026-09-14 15:43:38,mobile
BCH003640,ACC000028,BEN82921,BEN11918,2026-09-14 15:41:40,mobile
BCH003641,ACC004169,BEN40684,BEN61553,2026-09-14 15:45:41,mobile
BCH003642,ACC000203,BEN39736,BEN56573,2026-09-14 15:41:35,branch
BCH003643,ACC003595,BEN59776,BEN58039,2026-09-14 15:44:20,branch
BCH003644,ACC000056,BEN75625,BEN47175,2026-09-14 15:45:14,branch
BCH003645,ACC000083,BEN75507,BEN30072,2026-09-14 15:45:46,branch
BCH003646,ACC004146,BEN66234,BEN13448,2026-09-14 15:44:34,mobile
BCH003647,ACC001501,BEN13965,BEN12097,2026-09-14 15:42:26,mobile
BCH003648,ACC000168,BEN78563,BEN72016,2026-09-14 15:44:31,mobile
BCH003649,ACC001756,BEN42854,BEN92231,2026-09-14 15:42:43,branch
BCH003650,ACC000929,BEN90516,BEN21584,2026-09-14 15:44:20,branch
BCH003651,ACC002513,BEN28833,BEN44142,2026-09-14 15:45:20,internet
BCH003652,ACC000111,BEN23345,BEN46612,2026-09-14 15:42:44,branch
BCH003653,ACC002490,BEN78952,BEN21146,2026-09-14 15:43:58,mobile
BCH003654,ACC001788,BEN74043,BEN57811,2026-09-14 15:42:53,mobile
BCH003655,ACC000023,BEN75944,BEN50883,2026-09-14 15:40:13,branch
BCH003656,ACC002119,BEN16256,BEN76902,2026-09-14 15:41:53,mobile
BCH003657,ACC001883,BEN40729,BEN60758,2026-09-14 15:45:45,internet
BCH003658,ACC000147,BEN93665,BEN70773,2026-09-14 15:40:07,branch
BCH003659,ACC003612,BEN26467,BEN78114,2026-09-14 15:43:49,branch
BCH003660,ACC004889,BEN80376,BEN29233,2026-09-14 15:41:13,mobile
BCH003661,ACC000299,BEN22600,BEN94048,2026-09-14 15:45:14,mobile
BCH003662,ACC000458,BEN12635,BEN69285,2026-09-14 15:45:44,internet
BCH003663,ACC001312,BEN72948,BEN86352,2026-09-14 15:43:53,internet
BCH003664,ACC000692,BEN70665,BEN52294,2026-09-14 15:42:34,branch
BCH003665,ACC003110,BEN88728,BEN73878,2026-09-14 15:43:20,mobile
BCH003666,ACC003131,BEN98523,BEN75544,2026-09-14 15:40:36,branch
BCH003667,ACC000171,BEN16228,BEN49416,2026-09-14 15:42:52,internet
BCH003668,ACC003948,BEN70798,BEN42758,2026-09-14 15:45:54,mobile
BCH003669,ACC000460,BEN75080,BEN96103,2026-09-14 15:44:39,mobile
BCH003670,ACC004942,BEN84793,BEN45523,2026-09-14 15:40:35,branch
BCH003671,ACC000308,BEN11197,BEN52572,2026-09-14 15:41:54,branch
BCH003672,ACC003117,BEN98171,BEN43841,2026-09-14 15:43:10,branch
BCH003673,ACC004456,BEN85511,BEN69799,2026-09-14 15:40:18,branch
BCH003674,ACC000045,BEN99613,BEN98323,2026-09-14 15:41:49,internet
BCH003675,ACC000842,BEN15745,BEN91302,2026-09-14 15:45:29,internet
BCH003676,ACC001519,BEN18912,BEN53814,2026-09-14 15:41:36,mobile
BCH003677,ACC003923,BEN20928,BEN60232,2026-09-14 15:42:10,internet
BCH003678,ACC004235,BEN25121,BEN12521,2026-09-14 15:41:58,branch
BCH003679,ACC001261,BEN67716,BEN88388,2026-09-14 15:45:55,mobile
BCH003680,ACC004974,BEN74398,BEN75694,2026-09-14 15:42:36,branch
BCH003681,ACC002421,BEN49457,BEN35122,2026-09-14 15:43:43,mobile
BCH003682,ACC000767,BEN11025,BEN33543,2026-09-14 15:46:04,mobile
BCH003683,ACC002102,BEN77036,BEN76860,2026-09-14 15:42:54,mobile
BCH003684,ACC003466,BEN76583,BEN16817,2026-09-14 15:45:28,mobile
BCH003685,ACC001970,BEN76012,BEN17977,2026-09-14 15:45:24,mobile
BCH003686,ACC001503,BEN67113,BEN61433,2026-09-14 15:42:31,internet
BCH003687,ACC003805,BEN22143,BEN84264,2026-09-14 15:44:06,internet
BCH003688,ACC002572,BEN81396,BEN66589,2026-09-14 15:40:12,branch
BCH003689,ACC003187,BEN89652,BEN75830,2026-09-14 15:42:47,mobile
BCH003690,ACC004732,BEN69319,BEN77055,2026-09-14 15:40:41,mobile
BCH003691,ACC004417,BEN57171,BEN87272,2026-09-14 15:45:07,mobile
BCH003692,ACC002566,BEN84014,BEN61553,2026-09-14 15:44:22,branch
BCH003693,ACC001362,BEN84243,BEN73872,2026-09-14 15:42:03,mobile
BCH003694,ACC002888,BEN92721,BEN29761,2026-09-14 15:44:26,branch
BCH003695,ACC001744,BEN41256,BEN62732,2026-09-14 15:43:56,mobile
BCH003696,ACC004463,BEN27581,BEN56145,2026-09-14 15:43:29,internet
BCH003697,ACC000970,BEN92283,BEN50540,2026-09-14 15:40:43,internet
BCH003698,ACC001899,BEN61966,BEN34482,2026-09-14 15:45:53,internet
BCH003699,ACC000694,BEN20148,BEN22445,2026-09-14 15:44:28,internet
BCH003700,ACC001995,BEN91958,BEN86471,2026-09-14 15:41:04,internet
BCH003701,ACC002765,BEN94863,BEN59984,2026-09-14 15:40:13,branch
BCH003702,ACC003248,BEN81499,BEN37280,2026-09-14 15:42:07,mobile
BCH003703,ACC004464,BEN53635,BEN47647,2026-09-14 15:43:05,mobile
BCH003704,ACC000229,BEN58257,BEN78111,2026-09-14 15:43:07,internet
BCH003705,ACC002118,BEN45346,BEN95872,2026-09-14 15:41:03,branch
BCH003706,ACC004719,BEN28273,BEN24252,2026-09-14 15:45:29,branch
BCH003707,ACC000407,BEN47541,BEN56214,2026-09-14 15:42:35,internet
BCH003708,ACC003528,BEN90849,BEN90934,2026-09-14 15:44:01,mobile
BCH003709,ACC003830,BEN51051,BEN21107,2026-09-14 15:45:07,branch
BCH003710,ACC002102,BEN52248,BEN26381,2026-09-14 15:45:46,branch
BCH003711,ACC002606,BEN84560,BEN58253,2026-09-14 15:45:13,mobile
BCH003712,ACC003537,BEN82231,BEN30805,2026-09-14 15:40:40,mobile
BCH003713,ACC003861,BEN27127,BEN38362,2026-09-14 15:41:02,internet
BCH003714,ACC003879,BEN72902,BEN60135,2026-09-14 15:44:34,mobile
BCH003715,ACC004839,BEN47995,BEN63160,2026-09-14 15:45:55,internet
BCH003716,ACC003093,BEN11805,BEN86188,2026-09-14 15:44:05,mobile
BCH003717,ACC003754,BEN12288,BEN15217,2026-09-14 15:45:15,mobile
BCH003718,ACC002618,BEN33901,BEN21222,2026-09-14 15:43:43,mobile
BCH003719,ACC004479,BEN45660,BEN53178,2026-09-14 15:44:48,internet
BCH003720,ACC000156,BEN20576,BEN88767,2026-09-14 15:44:39,mobile
BCH003721,ACC004172,BEN24070,BEN92012,2026-09-14 15:45:36,internet
BCH003722,ACC003161,BEN54392,BEN25992,2026-09-14 15:42:35,mobile
BCH003723,ACC003335,BEN96190,BEN72050,2026-09-14 15:41:27,mobile
BCH003724,ACC000113,BEN15599,BEN37051,2026-09-14 15:40:10,mobile
BCH003725,ACC003543,BEN11126,BEN14099,2026-09-14 15:44:14,internet
BCH003726,ACC001826,BEN44250,BEN35633,2026-09-14 15:41:37,internet
BCH003727,ACC004274,BEN71230,BEN71787,2026-09-14 15:44:28,mobile
BCH003728,ACC003598,BEN45106,BEN15788,2026-09-14 15:45:38,internet
BCH003729,ACC000604,BEN56173,BEN67609,2026-09-14 15:45:12,mobile
BCH003730,ACC000720,BEN78948,BEN69731,2026-09-14 15:40:52,internet
BCH003731,ACC000392,BEN33607,BEN36524,2026-09-14 15:43:02,mobile
BCH003732,ACC004027,BEN19388,BEN85908,2026-09-14 15:41:21,mobile
BCH003733,ACC003796,BEN64782,BEN92735,2026-09-14 15:42:23,internet
BCH003734,ACC001801,BEN22964,BEN52121,2026-09-14 15:40:10,internet
BCH003735,ACC002705,BEN11743,BEN17978,2026-09-14 15:40:27,branch
BCH003736,ACC000202,BEN85934,BEN61800,2026-09-14 15:42:20,internet
BCH003737,ACC000967,BEN63625,BEN49684,2026-09-14 15:40:26,mobile
BCH003738,ACC002561,BEN58061,BEN79201,2026-09-14 15:43:04,internet
BCH003739,ACC004703,BEN45886,BEN21500,2026-09-14 15:41:11,internet
BCH003740,ACC004814,BEN94651,BEN71563,2026-09-14 15:45:32,mobile
BCH003741,ACC000896,BEN51253,BEN73585,2026-09-14 15:42:13,internet
BCH003742,ACC002973,BEN19858,BEN46279,2026-09-14 15:40:15,branch
BCH003743,ACC001606,BEN33032,BEN98627,2026-09-14 15:40:51,mobile
BCH003744,ACC002756,BEN97499,BEN83979,2026-09-14 15:44:11,internet
BCH003745,ACC002016,BEN90205,BEN56991,2026-09-14 15:42:06,mobile
BCH003746,ACC003750,BEN74210,BEN32280,2026-09-14 15:40:15,internet
BCH003747,ACC001380,BEN30382,BEN53708,2026-09-14 15:43:53,internet
BCH003748,ACC004504,BEN35587,BEN85924,2026-09-14 15:45:25,internet
BCH003749,ACC004996,BEN41031,BEN76465,2026-09-14 15:42:55,branch
BCH003750,ACC003978,BEN52410,BEN95964,2026-09-14 15:42:16,internet
BCH003751,ACC003736,BEN92850,BEN79636,2026-09-14 15:44:32,branch
BCH003752,ACC001686,BEN24070,BEN99583,2026-09-14 15:41:05,internet
BCH003753,ACC001191,BEN68285,BEN51921,2026-09-14 15:40:43,internet
BCH003754,ACC004113,BEN50714,BEN43537,2026-09-14 15:44:09,internet
BCH003755,ACC002249,BEN11273,BEN63896,2026-09-14 15:41:16,branch
BCH003756,ACC003546,BEN98457,BEN72977,2026-09-14 15:41:51,internet
BCH003757,ACC001026,BEN31956,BEN45168,2026-09-14 15:42:58,internet
BCH003758,ACC004942,BEN33198,BEN42840,2026-09-14 15:45:38,mobile
BCH003759,ACC002751,BEN56099,BEN89017,2026-09-14 15:43:51,mobile
BCH003760,ACC002215,BEN59186,BEN45672,2026-09-14 15:45:08,mobile
BCH003761,ACC001470,BEN64848,BEN65455,2026-09-14 15:44:37,internet
BCH003762,ACC002274,BEN46038,BEN54862,2026-09-14 15:44:25,internet
BCH003763,ACC001067,BEN19594,BEN93979,2026-09-14 15:44:47,mobile
BCH003764,ACC004282,BEN42955,BEN31732,2026-09-14 15:45:42,internet
BCH003765,ACC000959,BEN32154,BEN49404,2026-09-14 15:41:13,mobile
BCH003766,ACC002283,BEN36287,BEN14346,2026-09-14 15:42:06,branch
BCH003767,ACC003409,BEN19735,BEN22077,2026-09-14 15:43:43,internet
BCH003768,ACC002122,BEN70108,BEN84365,2026-09-14 15:45:22,internet
BCH003769,ACC000725,BEN54432,BEN97610,2026-09-14 15:44:24,mobile
BCH003770,ACC001370,BEN93694,BEN29593,2026-09-14 15:41:17,internet
BCH003771,ACC000291,BEN64122,BEN29928,2026-09-14 15:43:36,mobile
BCH003772,ACC002410,BEN82684,BEN11774,2026-09-14 15:40:33,mobile
BCH003773,ACC004287,BEN36541,BEN97838,2026-09-14 15:40:37,internet
BCH003774,ACC004392,BEN69367,BEN88528,2026-09-14 15:42:31,mobile
BCH003775,ACC001899,BEN20250,BEN78181,2026-09-14 15:44:42,internet
BCH003776,ACC001465,BEN96188,BEN70639,2026-09-14 15:45:07,branch
BCH003777,ACC000083,BEN29527,BEN42042,2026-09-14 15:43:26,mobile
BCH003778,ACC000048,BEN78009,BEN32944,2026-09-14 15:43:26,mobile
BCH003779,ACC001068,BEN26363,BEN32037,2026-09-14 15:41:28,internet
BCH003780,ACC002358,BEN95557,BEN99801,2026-09-14 15:43:19,branch
BCH003781,ACC000825,BEN49852,BEN30033,2026-09-14 15:40:28,branch
BCH003782,ACC003001,BEN22174,BEN63840,2026-09-14 15:41:14,internet
BCH003783,ACC004503,BEN79844,BEN75500,2026-09-14 15:43:39,internet
BCH003784,ACC001413,BEN79523,BEN32725,2026-09-14 15:44:19,internet
BCH003785,ACC001028,BEN62345,BEN11357,2026-09-14 15:41:15,mobile
BCH003786,ACC001185,BEN80534,BEN74231,2026-09-14 15:43:07,mobile
BCH003787,ACC003631,BEN23308,BEN61457,2026-09-14 15:44:05,branch
BCH003788,ACC003788,BEN11675,BEN86827,2026-09-14 15:45:49,branch
BCH003789,ACC002569,BEN73333,BEN75742,2026-09-14 15:40:16,internet
BCH003790,ACC000517,BEN14277,BEN57737,2026-09-14 15:41:37,branch
BCH003791,ACC003231,BEN45991,BEN43623,2026-09-14 15:43:38,internet
BCH003792,ACC001184,BEN75494,BEN72599,2026-09-14 15:41:13,mobile
BCH003793,ACC004133,BEN59810,BEN86372,2026-09-14 15:40:26,internet
BCH003794,ACC003980,BEN75804,BEN26563,2026-09-14 15:43:48,mobile
BCH003795,ACC000129,BEN84597,BEN25526,2026-09-14 15:42:42,branch
BCH003796,ACC004946,BEN49696,BEN11774,2026-09-14 15:45:51,branch
BCH003797,ACC004331,BEN36249,BEN14742,2026-09-14 15:43:26,internet
BCH003798,ACC001889,BEN45845,BEN30288,2026-09-14 15:40:30,mobile
BCH003799,ACC003711,BEN63433,BEN47782,2026-09-14 15:40:57,internet
BCH003800,ACC003417,BEN18278,BEN18756,2026-09-14 15:43:49,internet
BCH003801,ACC002577,BEN51237,BEN54313,2026-09-14 15:44:03,internet
BCH003802,ACC000318,BEN65612,BEN98666,2026-09-14 15:40:30,mobile
BCH003803,ACC002408,BEN54595,BEN80695,2026-09-14 15:42:29,internet
BCH003804,ACC002138,BEN57824,BEN22801,2026-09-14 15:44:06,internet
BCH003805,ACC000915,BEN95956,BEN91509,2026-09-14 15:44:49,branch
BCH003806,ACC004523,BEN52640,BEN15613,2026-09-14 15:44:30,internet
BCH003807,ACC000006,BEN56451,BEN60923,2026-09-14 15:40:38,branch
BCH003808,ACC004997,BEN48435,BEN34268,2026-09-14 15:44:52,internet
BCH003809,ACC004695,BEN43004,BEN43407,2026-09-14 15:42:51,branch
BCH003810,ACC001343,BEN82863,BEN46583,2026-09-14 15:43:02,mobile
BCH003811,ACC001756,BEN19433,BEN21602,2026-09-14 15:45:50,branch
BCH003812,ACC000105,BEN31709,BEN52775,2026-09-14 15:45:26,branch
BCH003813,ACC003537,BEN14677,BEN12929,2026-09-14 15:42:39,branch
BCH003814,ACC004686,BEN65151,BEN89955,2026-09-14 15:43:40,mobile
BCH003815,ACC004772,BEN98566,BEN42660,2026-09-14 15:44:12,branch
BCH003816,ACC002975,BEN98327,BEN16739,2026-09-14 15:40:16,branch
BCH003817,ACC000819,BEN26297,BEN44263,2026-09-14 15:45:04,mobile
BCH003818,ACC001583,BEN15209,BEN28646,2026-09-14 15:40:59,internet
BCH003819,ACC002857,BEN38382,BEN37618,2026-09-14 15:41:38,internet
BCH003820,ACC002649,BEN52776,BEN50368,2026-09-14 15:45:48,internet
BCH003821,ACC000169,BEN73875,BEN46759,2026-09-14 15:43:14,internet
BCH003822,ACC002989,BEN90285,BEN84190,2026-09-14 15:44:20,mobile
BCH003823,ACC002864,BEN24330,BEN21470,2026-09-14 15:40:15,mobile
BCH003824,ACC003152,BEN75957,BEN36169,2026-09-14 15:45:22,branch
BCH003825,ACC001948,BEN90429,BEN94396,2026-09-14 15:40:15,internet
BCH003826,ACC001367,BEN18128,BEN12953,2026-09-14 15:43:04,mobile
BCH003827,ACC001282,BEN48205,BEN63168,2026-09-14 15:44:07,internet
BCH003828,ACC001580,BEN56532,BEN64654,2026-09-14 15:43:14,internet
BCH003829,ACC001645,BEN69687,BEN53488,2026-09-14 15:40:09,mobile
BCH003830,ACC001100,BEN85819,BEN27723,2026-09-14 15:41:53,internet
BCH003831,ACC004503,BEN43768,BEN73396,2026-09-14 15:43:51,mobile
BCH003832,ACC001714,BEN18879,BEN18187,2026-09-14 15:43:43,branch
BCH003833,ACC000291,BEN80281,BEN29087,2026-09-14 15:42:17,internet
BCH003834,ACC004387,BEN33617,BEN93583,2026-09-14 15:42:16,internet
BCH003835,ACC004033,BEN73365,BEN30915,2026-09-14 15:44:25,branch
BCH003836,ACC004888,BEN46034,BEN22364,2026-09-14 15:42:01,branch
BCH003837,ACC001331,BEN32808,BEN73285,2026-09-14 15:45:53,internet
BCH003838,ACC002197,BEN52056,BEN97501,2026-09-14 15:44:07,branch
BCH003839,ACC004621,BEN33337,BEN56125,2026-09-14 15:43:36,internet
BCH003840,ACC003726,BEN19124,BEN15883,2026-09-14 15:40:52,internet
BCH003841,ACC000832,BEN40701,BEN18167,2026-09-14 15:42:31,mobile
BCH003842,ACC002013,BEN92535,BEN68512,2026-09-14 15:41:25,mobile
BCH003843,ACC003553,BEN13681,BEN14472,2026-09-14 15:45:34,mobile
BCH003844,ACC001649,BEN49905,BEN67736,2026-09-14 15:46:03,branch
BCH003845,ACC002583,BEN98723,BEN29906,2026-09-14 15:43:26,mobile
BCH003846,ACC000179,BEN76803,BEN83480,2026-09-14 15:44:22,internet
BCH003847,ACC004880,BEN83748,BEN29357,2026-09-14 15:43:52,mobile
BCH003848,ACC004170,BEN20605,BEN64014,2026-09-14 15:40:06,mobile
BCH003849,ACC001710,BEN75904,BEN50598,2026-09-14 15:40:23,branch
BCH003850,ACC004324,BEN90986,BEN81113,2026-09-14 15:44:13,branch
BCH003851,ACC001533,BEN73236,BEN40223,2026-09-14 15:42:31,mobile
BCH003852,ACC004642,BEN34765,BEN67617,2026-09-14 15:41:52,internet
BCH003853,ACC004610,BEN67899,BEN74490,2026-09-14 15:41:33,branch
BCH003854,ACC001356,BEN40248,BEN54336,2026-09-14 15:43:15,branch
BCH003855,ACC000550,BEN85354,BEN56693,2026-09-14 15:40:05,internet
BCH003856,ACC003759,BEN36717,BEN20593,2026-09-14 15:41:19,branch
BCH003857,ACC004987,BEN77227,BEN63816,2026-09-14 15:45:07,mobile
BCH003858,ACC000389,BEN63189,BEN25383,2026-09-14 15:45:31,branch
BCH003859,ACC004257,BEN72224,BEN76107,2026-09-14 15:40:07,mobile
BCH003860,ACC002957,BEN77501,BEN68358,2026-09-14 15:42:44,branch
BCH003861,ACC001266,BEN31747,BEN73628,2026-09-14 15:45:48,internet
BCH003862,ACC000935,BEN71147,BEN79586,2026-09-14 15:42:32,branch
BCH003863,ACC000109,BEN18048,BEN85523,2026-09-14 15:44:23,internet
BCH003864,ACC001433,BEN20893,BEN31267,2026-09-14 15:44:31,internet
BCH003865,ACC003437,BEN55026,BEN95695,2026-09-14 15:45:30,mobile
BCH003866,ACC002333,BEN81102,BEN93175,2026-09-14 15:41:50,internet
BCH003867,ACC004157,BEN45712,BEN87842,2026-09-14 15:43:02,branch
BCH003868,ACC000438,BEN96333,BEN19934,2026-09-14 15:41:48,mobile
BCH003869,ACC002411,BEN46463,BEN50184,2026-09-14 15:43:20,branch
BCH003870,ACC002339,BEN30129,BEN43411,2026-09-14 15:40:25,internet
BCH003871,ACC002636,BEN57253,BEN15942,2026-09-14 15:43:13,mobile
BCH003872,ACC004547,BEN46178,BEN11292,2026-09-14 15:42:30,mobile
BCH003873,ACC003281,BEN71453,BEN85715,2026-09-14 15:45:00,branch
BCH003874,ACC000737,BEN76581,BEN45687,2026-09-14 15:45:59,branch
BCH003875,ACC003470,BEN91887,BEN85571,2026-09-14 15:45:38,branch
BCH003876,ACC002447,BEN43251,BEN59966,2026-09-14 15:41:07,branch
BCH003877,ACC003678,BEN64675,BEN42935,2026-09-14 15:43:19,internet
BCH003878,ACC000345,BEN30804,BEN23184,2026-09-14 15:45:20,internet
BCH003879,ACC002318,BEN27258,BEN79563,2026-09-14 15:40:05,internet
BCH003880,ACC004455,BEN84891,BEN46967,2026-09-14 15:45:38,mobile
BCH003881,ACC004547,BEN83613,BEN46045,2026-09-14 15:43:18,branch
BCH003882,ACC000996,BEN36704,BEN34759,2026-09-14 15:40:39,internet
BCH003883,ACC002109,BEN24968,BEN77481,2026-09-14 15:45:39,branch
BCH003884,ACC000031,BEN60167,BEN76783,2026-09-14 15:41:39,branch
BCH003885,ACC002271,BEN57667,BEN23771,2026-09-14 15:45:24,mobile
BCH003886,ACC000536,BEN71332,BEN82170,2026-09-14 15:41:54,branch
BCH003887,ACC001385,BEN87766,BEN89059,2026-09-14 15:40:08,mobile
BCH003888,ACC000578,BEN62211,BEN34795,2026-09-14 15:41:36,internet
BCH003889,ACC001578,BEN53719,BEN60447,2026-09-14 15:40:17,branch
BCH003890,ACC003450,BEN69977,BEN35030,2026-09-14 15:45:20,internet
BCH003891,ACC002094,BEN81196,BEN20794,2026-09-14 15:44:36,mobile
BCH003892,ACC002272,BEN37438,BEN29062,2026-09-14 15:42:31,branch
BCH003893,ACC002643,BEN13372,BEN62987,2026-09-14 15:42:34,branch
BCH003894,ACC001542,BEN37593,BEN16721,2026-09-14 15:42:31,internet
BCH003895,ACC004171,BEN29670,BEN98829,2026-09-14 15:41:06,internet
BCH003896,ACC002165,BEN45693,BEN11452,2026-09-14 15:42:33,internet
BCH003897,ACC001897,BEN13737,BEN25174,2026-09-14 15:40:14,mobile
BCH003898,ACC001937,BEN35554,BEN88309,2026-09-14 15:40:29,branch
BCH003899,ACC002792,BEN90211,BEN21735,2026-09-14 15:41:20,mobile
BCH003900,ACC000049,BEN52171,BEN56560,2026-09-14 15:42:26,branch
BCH003901,ACC003261,BEN48269,BEN77203,2026-09-14 15:45:30,internet
BCH003902,ACC004092,BEN34846,BEN14540,2026-09-14 15:42:15,mobile
BCH003903,ACC004491,BEN43440,BEN88101,2026-09-14 15:45:00,internet
BCH003904,ACC001764,BEN48270,BEN29823,2026-09-14 15:44:53,mobile
BCH003905,ACC003117,BEN68450,BEN55757,2026-09-14 15:45:44,mobile
BCH003906,ACC003550,BEN97814,BEN39835,2026-09-14 15:44:04,mobile
BCH003907,ACC001752,BEN19739,BEN59676,2026-09-14 15:44:51,branch
BCH003908,ACC001514,BEN93240,BEN88123,2026-09-14 15:43:57,internet
BCH003909,ACC003942,BEN69154,BEN33157,2026-09-14 15:42:46,internet
BCH003910,ACC004112,BEN51249,BEN98058,2026-09-14 15:44:47,mobile
BCH003911,ACC003207,BEN40629,BEN54636,2026-09-14 15:45:48,branch
BCH003912,ACC004711,BEN16582,BEN45031,2026-09-14 15:45:19,internet
BCH003913,ACC000093,BEN63542,BEN14823,2026-09-14 15:43:26,mobile
BCH003914,ACC002442,BEN67305,BEN83301,2026-09-14 15:45:22,branch
BCH003915,ACC002964,BEN15666,BEN39884,2026-09-14 15:42:13,internet
BCH003916,ACC002336,BEN47750,BEN79671,2026-09-14 15:42:19,internet
BCH003917,ACC004916,BEN97245,BEN29105,2026-09-14 15:44:14,branch
BCH003918,ACC002785,BEN69573,BEN90383,2026-09-14 15:43:14,internet
BCH003919,ACC002276,BEN67179,BEN94196,2026-09-14 15:41:00,branch
BCH003920,ACC004994,BEN90468,BEN52966,2026-09-14 15:40:43,internet
BCH003921,ACC002230,BEN34281,BEN47302,2026-09-14 15:44:54,mobile
BCH003922,ACC003874,BEN56243,BEN19017,2026-09-14 15:43:38,internet
BCH003923,ACC001784,BEN17814,BEN32825,2026-09-14 15:43:57,internet
BCH003924,ACC004694,BEN42795,BEN37540,2026-09-14 15:44:57,internet
BCH003925,ACC001434,BEN73492,BEN44246,2026-09-14 15:42:01,internet
BCH003926,ACC001332,BEN57206,BEN25873,2026-09-14 15:45:00,branch
BCH003927,ACC002186,BEN33467,BEN73218,2026-09-14 15:44:25,branch
BCH003928,ACC003988,BEN19789,BEN29051,2026-09-14 15:44:31,internet
BCH003929,ACC003835,BEN58986,BEN75416,2026-09-14 15:44:05,internet
BCH003930,ACC003128,BEN69239,BEN76221,2026-09-14 15:45:03,internet
BCH003931,ACC001404,BEN77207,BEN21198,2026-09-14 15:41:28,mobile
BCH003932,ACC003339,BEN15595,BEN70524,2026-09-14 15:41:52,internet
BCH003933,ACC002915,BEN44183,BEN36760,2026-09-14 15:41:57,branch
BCH003934,ACC003480,BEN63563,BEN44843,2026-09-14 15:43:09,branch
BCH003935,ACC003634,BEN89657,BEN68188,2026-09-14 15:40:27,branch
BCH003936,ACC003912,BEN75603,BEN98519,2026-09-14 15:44:19,branch
BCH003937,ACC001175,BEN45176,BEN15765,2026-09-14 15:44:01,internet
BCH003938,ACC003818,BEN23971,BEN38274,2026-09-14 15:43:28,mobile
BCH003939,ACC003019,BEN98551,BEN99963,2026-09-14 15:43:25,branch
BCH003940,ACC000493,BEN32944,BEN48808,2026-09-14 15:44:00,branch
BCH003941,ACC000545,BEN55992,BEN92279,2026-09-14 15:43:16,mobile
BCH003942,ACC001124,BEN82247,BEN55220,2026-09-14 15:40:32,internet
BCH003943,ACC004356,BEN49000,BEN82242,2026-09-14 15:40:37,internet
BCH003944,ACC000825,BEN32087,BEN14860,2026-09-14 15:45:34,branch
BCH003945,ACC001818,BEN30723,BEN69775,2026-09-14 15:44:19,branch
BCH003946,ACC003237,BEN15661,BEN45113,2026-09-14 15:43:51,branch
BCH003947,ACC004474,BEN91326,BEN69446,2026-09-14 15:44:38,internet
BCH003948,ACC004724,BEN19983,BEN74213,2026-09-14 15:43:00,branch
BCH003949,ACC003070,BEN82094,BEN24939,2026-09-14 15:41:32,mobile
BCH003950,ACC001728,BEN68552,BEN83214,2026-09-14 15:40:33,mobile
BCH003951,ACC000331,BEN88684,BEN56867,2026-09-14 15:40:22,internet
BCH003952,ACC003022,BEN65253,BEN75586,2026-09-14 15:41:26,mobile
BCH003953,ACC002946,BEN25451,BEN57865,2026-09-14 15:41:15,internet
BCH003954,ACC001799,BEN63020,BEN52010,2026-09-14 15:45:21,mobile
BCH003955,ACC003282,BEN66183,BEN23328,2026-09-14 15:44:34,mobile
BCH003956,ACC003509,BEN16393,BEN42227,2026-09-14 15:41:55,internet
BCH003957,ACC001178,BEN17983,BEN79630,2026-09-14 15:41:39,mobile
BCH003958,ACC003636,BEN18920,BEN64249,2026-09-14 15:41:59,mobile
BCH003959,ACC001629,BEN51570,BEN17386,2026-09-14 15:41:42,branch
BCH003960,ACC001240,BEN26786,BEN41464,2026-09-14 15:44:12,branch
BCH003961,ACC004956,BEN98304,BEN58466,2026-09-14 15:45:51,branch
BCH003962,ACC002008,BEN89170,BEN62278,2026-09-14 15:42:21,mobile
BCH003963,ACC002011,BEN20005,BEN52364,2026-09-14 15:41:56,branch
BCH003964,ACC002513,BEN39516,BEN69284,2026-09-14 15:44:24,internet
BCH003965,ACC004587,BEN56600,BEN91239,2026-09-14 15:41:10,mobile
BCH003966,ACC001133,BEN50599,BEN82611,2026-09-14 15:42:24,internet
BCH003967,ACC001942,BEN76115,BEN75736,2026-09-14 15:45:44,mobile
BCH003968,ACC000934,BEN97541,BEN87792,2026-09-14 15:42:33,mobile
BCH003969,ACC001186,BEN92722,BEN29940,2026-09-14 15:45:24,internet
BCH003970,ACC000838,BEN77249,BEN83275,2026-09-14 15:44:12,mobile
BCH003971,ACC001132,BEN59707,BEN72684,2026-09-14 15:42:44,branch
BCH003972,ACC004015,BEN49253,BEN62440,2026-09-14 15:41:29,mobile
BCH003973,ACC001639,BEN26796,BEN21657,2026-09-14 15:45:33,mobile
BCH003974,ACC000024,BEN94996,BEN71101,2026-09-14 15:42:46,internet
BCH003975,ACC003793,BEN51165,BEN16647,2026-09-14 15:42:36,branch
BCH003976,ACC003805,BEN91657,BEN66006,2026-09-14 15:44:04,internet
BCH003977,ACC003993,BEN55429,BEN66112,2026-09-14 15:40:28,branch
BCH003978,ACC002401,BEN45087,BEN35184,2026-09-14 15:44:57,internet
BCH003979,ACC001719,BEN90580,BEN84856,2026-09-14 15:41:32,branch
BCH003980,ACC000313,BEN20341,BEN65974,2026-09-14 15:45:42,branch
BCH003981,ACC002632,BEN10278,BEN34339,2026-09-14 15:41:12,branch
BCH003982,ACC002781,BEN34201,BEN56802,2026-09-14 15:46:03,branch
BCH003983,ACC002776,BEN76080,BEN20153,2026-09-14 15:45:25,mobile
BCH003984,ACC000679,BEN78720,BEN11288,2026-09-14 15:45:46,mobile
BCH003985,ACC002374,BEN34885,BEN23858,2026-09-14 15:45:16,mobile
BCH003986,ACC004769,BEN86837,BEN35252,2026-09-14 15:40:23,branch
BCH003987,ACC002161,BEN84117,BEN73096,2026-09-14 15:45:10,mobile
BCH003988,ACC002761,BEN93011,BEN54015,2026-09-14 15:42:40,mobile
BCH003989,ACC000569,BEN61380,BEN49737,2026-09-14 15:42:19,internet
BCH003990,ACC001464,BEN57359,BEN81962,2026-09-14 15:40:05,branch
BCH003991,ACC000992,BEN89253,BEN44920,2026-09-14 15:42:13,branch
BCH003992,ACC000517,BEN70988,BEN75328,2026-09-14 15:44:51,mobile
BCH003993,ACC001236,BEN62969,BEN74255,2026-09-14 15:43:06,mobile
BCH003994,ACC002623,BEN33464,BEN45680,2026-09-14 15:44:15,branch
BCH003995,ACC003368,BEN95263,BEN68676,2026-09-14 15:43:03,mobile
BCH003996,ACC004992,BEN94176,BEN50345,2026-09-14 15:42:30,branch
BCH003997,ACC000788,BEN88513,BEN46719,2026-09-14 15:41:58,internet
BCH003998,ACC003031,BEN93693,BEN27103,2026-09-14 15:41:36,branch
BCH003999,ACC001503,BEN29886,BEN26903,2026-09-14 15:44:01,mobile
BCH004000,ACC004162,BEN26645,BEN23776,2026-09-14 15:43:47,internet
BCH004001,ACC003099,BEN99616,BEN46796,2026-09-14 15:42:08,branch
BCH004002,ACC002766,BEN81009,BEN70226,2026-09-14 15:41:02,internet
BCH004003,ACC000378,BEN79025,BEN57752,2026-09-14 15:43:06,mobile
BCH004004,ACC001772,BEN12825,BEN60409,2026-09-14 15:41:50,branch
BCH004005,ACC000498,BEN36907,BEN30216,2026-09-14 15:40:06,mobile
BCH004006,ACC004969,BEN15957,BEN66588,2026-09-14 15:44:00,branch
BCH004007,ACC001382,BEN12553,BEN44018,2026-09-14 15:45:14,branch
BCH004008,ACC000150,BEN59249,BEN28017,2026-09-14 15:45:45,mobile
BCH004009,ACC003613,BEN93381,BEN98556,2026-09-14 15:42:33,branch
BCH004010,ACC004398,BEN19138,BEN56778,2026-09-14 15:41:51,internet
BCH004011,ACC003877,BEN95121,BEN71065,2026-09-14 15:40:43,internet
BCH004012,ACC002505,BEN58007,BEN32814,2026-09-14 15:45:58,branch
BCH004013,ACC004278,BEN99121,BEN47571,2026-09-14 15:45:36,mobile
BCH004014,ACC001316,BEN15000,BEN94299,2026-09-14 15:44:58,branch
BCH004015,ACC003163,BEN16261,BEN38227,2026-09-14 15:43:11,internet
BCH004016,ACC001036,BEN55819,BEN89940,2026-09-14 15:40:37,internet
BCH004017,ACC002425,BEN20226,BEN33379,2026-09-14 15:42:02,branch
BCH004018,ACC003794,BEN96977,BEN46932,2026-09-14 15:42:26,mobile
BCH004019,ACC001676,BEN87259,BEN62804,2026-09-14 15:44:31,mobile
BCH004020,ACC000221,BEN90592,BEN82027,2026-09-14 15:46:00,internet
BCH004021,ACC003026,BEN20025,BEN74766,2026-09-14 15:41:15,internet
BCH004022,ACC004673,BEN15976,BEN39370,2026-09-14 15:44:11,mobile
BCH004023,ACC004513,BEN72940,BEN39633,2026-09-14 15:41:34,branch
BCH004024,ACC004156,BEN98407,BEN95432,2026-09-14 15:42:32,branch
BCH004025,ACC002219,BEN43455,BEN93493,2026-09-14 15:44:51,internet
BCH004026,ACC001743,BEN42398,BEN25151,2026-09-14 15:43:56,branch
BCH004027,ACC004750,BEN22070,BEN20071,2026-09-14 15:45:28,branch
BCH004028,ACC002481,BEN65490,BEN95363,2026-09-14 15:41:43,branch
BCH004029,ACC002802,BEN63045,BEN46502,2026-09-14 15:43:55,mobile
BCH004030,ACC002099,BEN67867,BEN78850,2026-09-14 15:44:18,internet
BCH004031,ACC003680,BEN57063,BEN97557,2026-09-14 15:42:54,branch
BCH004032,ACC000476,BEN50914,BEN58161,2026-09-14 15:41:45,mobile
BCH004033,ACC004168,BEN58053,BEN45014,2026-09-14 15:45:52,internet
BCH004034,ACC002132,BEN98467,BEN86145,2026-09-14 15:43:43,mobile
BCH004035,ACC003366,BEN79018,BEN64218,2026-09-14 15:44:26,branch
BCH004036,ACC002504,BEN75923,BEN96721,2026-09-14 15:42:16,mobile
BCH004037,ACC004310,BEN66785,BEN89931,2026-09-14 15:41:48,mobile
BCH004038,ACC004265,BEN65856,BEN42180,2026-09-14 15:43:01,branch
BCH004039,ACC001510,BEN97185,BEN94220,2026-09-14 15:45:44,branch
BCH004040,ACC004539,BEN34406,BEN77573,2026-09-14 15:43:33,internet
BCH004041,ACC000162,BEN41546,BEN19346,2026-09-14 15:40:27,branch
BCH004042,ACC000294,BEN43553,BEN16132,2026-09-14 15:44:26,mobile
BCH004043,ACC001872,BEN88198,BEN38233,2026-09-14 15:43:34,mobile
BCH004044,ACC000780,BEN14595,BEN99809,2026-09-14 15:44:45,mobile
BCH004045,ACC002900,BEN18742,BEN11468,2026-09-14 15:44:20,internet
BCH004046,ACC002068,BEN17978,BEN87722,2026-09-14 15:41:27,branch
BCH004047,ACC000951,BEN15821,BEN37270,2026-09-14 15:40:38,mobile
BCH004048,ACC000669,BEN14845,BEN36443,2026-09-14 15:40:21,branch
BCH004049,ACC002203,BEN93639,BEN50078,2026-09-14 15:42:54,internet
BCH004050,ACC000089,BEN20517,BEN89209,2026-09-14 15:45:57,branch
BCH004051,ACC001942,BEN24738,BEN86292,2026-09-14 15:42:45,branch
BCH004052,ACC000940,BEN23074,BEN55607,2026-09-14 15:45:55,branch
BCH004053,ACC001491,BEN40467,BEN45820,2026-09-14 15:42:10,branch
BCH004054,ACC004231,BEN67354,BEN38748,2026-09-14 15:45:39,mobile
BCH004055,ACC002462,BEN68370,BEN71022,2026-09-14 15:44:27,branch
BCH004056,ACC004467,BEN25477,BEN89453,2026-09-14 15:43:34,mobile
BCH004057,ACC003391,BEN28625,BEN90976,2026-09-14 15:40:23,mobile
BCH004058,ACC001901,BEN31233,BEN51820,2026-09-14 15:40:12,internet
BCH004059,ACC004035,BEN88365,BEN53316,2026-09-14 15:46:00,internet
BCH004060,ACC004751,BEN35221,BEN72553,2026-09-14 15:43:01,mobile
BCH004061,ACC003472,BEN55218,BEN22403,2026-09-14 15:44:31,branch
BCH004062,ACC003081,BEN42567,BEN48333,2026-09-14 15:45:56,branch
BCH004063,ACC000614,BEN44948,BEN87682,2026-09-14 15:43:11,mobile
BCH004064,ACC004260,BEN56111,BEN91315,2026-09-14 15:40:35,mobile
BCH004065,ACC003959,BEN75545,BEN49994,2026-09-14 15:40:43,branch
BCH004066,ACC000951,BEN40319,BEN87797,2026-09-14 15:42:16,mobile
BCH004067,ACC001212,BEN68791,BEN60640,2026-09-14 15:43:16,branch
BCH004068,ACC003273,BEN36133,BEN46129,2026-09-14 15:43:59,mobile
BCH004069,ACC000153,BEN39079,BEN64483,2026-09-14 15:41:55,branch
BCH004070,ACC000837,BEN70485,BEN63019,2026-09-14 15:43:29,internet
BCH004071,ACC001101,BEN22228,BEN37081,2026-09-14 15:42:13,internet
BCH004072,ACC000461,BEN64946,BEN73406,2026-09-14 15:42:21,branch
BCH004073,ACC004121,BEN86651,BEN72784,2026-09-14 15:43:16,mobile
BCH004074,ACC000673,BEN88407,BEN90475,2026-09-14 15:40:46,branch
BCH004075,ACC002771,BEN78324,BEN10941,2026-09-14 15:44:03,internet
BCH004076,ACC004274,BEN80056,BEN54319,2026-09-14 15:41:39,branch
BCH004077,ACC000988,BEN18839,BEN16955,2026-09-14 15:45:54,branch
BCH004078,ACC000370,BEN62445,BEN71960,2026-09-14 15:40:31,branch
BCH004079,ACC003321,BEN93054,BEN62323,2026-09-14 15:45:02,internet
BCH004080,ACC004880,BEN68360,BEN76213,2026-09-14 15:44:17,mobile
BCH004081,ACC003407,BEN19480,BEN59958,2026-09-14 15:40:16,internet
BCH004082,ACC004232,BEN24738,BEN89874,2026-09-14 15:44:24,branch
BCH004083,ACC004227,BEN82755,BEN30307,2026-09-14 15:45:08,mobile
BCH004084,ACC000482,BEN62141,BEN43008,2026-09-14 15:40:21,branch
BCH004085,ACC003843,BEN49346,BEN96454,2026-09-14 15:44:44,branch
BCH004086,ACC004207,BEN64998,BEN66762,2026-09-14 15:41:21,branch
BCH004087,ACC003111,BEN32548,BEN89732,2026-09-14 15:42:53,internet
BCH004088,ACC001349,BEN49924,BEN13086,2026-09-14 15:40:54,branch
BCH004089,ACC002968,BEN83292,BEN33284,2026-09-14 15:42:29,branch
BCH004090,ACC000054,BEN91719,BEN76150,2026-09-14 15:45:20,internet
BCH004091,ACC004682,BEN73265,BEN67407,2026-09-14 15:41:01,branch
BCH004092,ACC000817,BEN44307,BEN54912,2026-09-14 15:40:26,internet
BCH004093,ACC004557,BEN49737,BEN77465,2026-09-14 15:42:13,mobile
BCH004094,ACC002609,BEN15930,BEN50585,2026-09-14 15:40:13,internet
BCH004095,ACC002618,BEN12593,BEN47984,2026-09-14 15:40:37,mobile
BCH004096,ACC004464,BEN43770,BEN80229,2026-09-14 15:42:10,mobile
BCH004097,ACC004236,BEN51155,BEN61147,2026-09-14 15:45:43,internet
BCH004098,ACC002668,BEN39033,BEN69088,2026-09-14 15:43:57,branch
BCH004099,ACC003645,BEN86265,BEN47667,2026-09-14 15:42:55,mobile
BCH004100,ACC002417,BEN41973,BEN27498,2026-09-14 15:44:02,mobile
BCH004101,ACC000905,BEN89976,BEN18953,2026-09-14 15:40:47,mobile
BCH004102,ACC000731,BEN32506,BEN90155,2026-09-14 15:40:10,mobile
BCH004103,ACC002790,BEN50396,BEN32698,2026-09-14 15:44:12,branch
BCH004104,ACC000762,BEN83209,BEN89749,2026-09-14 15:41:51,internet
BCH004105,ACC004448,BEN65136,BEN51623,2026-09-14 15:42:19,branch
BCH004106,ACC001393,BEN42861,BEN80197,2026-09-14 15:45:41,branch
BCH004107,ACC003271,BEN27700,BEN23882,2026-09-14 15:41:39,mobile
BCH004108,ACC000616,BEN47227,BEN40358,2026-09-14 15:44:25,internet
BCH004109,ACC003989,BEN51520,BEN52023,2026-09-14 15:43:29,internet
BCH004110,ACC003666,BEN76890,BEN88946,2026-09-14 15:42:35,mobile
BCH004111,ACC004296,BEN16613,BEN18283,2026-09-14 15:43:46,internet
BCH004112,ACC003843,BEN25330,BEN48712,2026-09-14 15:45:16,branch
BCH004113,ACC002955,BEN21383,BEN12925,2026-09-14 15:42:39,mobile
BCH004114,ACC000986,BEN93597,BEN71861,2026-09-14 15:44:13,mobile
BCH004115,ACC000886,BEN57412,BEN62103,2026-09-14 15:40:23,branch
BCH004116,ACC004251,BEN27396,BEN33668,2026-09-14 15:44:42,mobile
BCH004117,ACC002277,BEN65737,BEN37052,2026-09-14 15:43:02,branch
BCH004118,ACC002407,BEN19928,BEN94011,2026-09-14 15:45:49,mobile
BCH004119,ACC002513,BEN25953,BEN97271,2026-09-14 15:42:36,branch
BCH004120,ACC004824,BEN30445,BEN83535,2026-09-14 15:40:49,branch
BCH004121,ACC003719,BEN68731,BEN15822,2026-09-14 15:42:03,branch
BCH004122,ACC000356,BEN84352,BEN37375,2026-09-14 15:42:14,branch
BCH004123,ACC003242,BEN12357,BEN85337,2026-09-14 15:45:06,internet
BCH004124,ACC004747,BEN95124,BEN13518,2026-09-14 15:44:53,branch
BCH004125,ACC003933,BEN75278,BEN61130,2026-09-14 15:45:36,branch
BCH004126,ACC002535,BEN98949,BEN77435,2026-09-14 15:42:51,mobile
BCH004127,ACC000977,BEN30883,BEN29710,2026-09-14 15:40:29,mobile
BCH004128,ACC002802,BEN76628,BEN38459,2026-09-14 15:42:29,internet
BCH004129,ACC000039,BEN97500,BEN81705,2026-09-14 15:43:37,internet
BCH004130,ACC003401,BEN73139,BEN42630,2026-09-14 15:43:30,mobile
BCH004131,ACC002540,BEN43094,BEN99000,2026-09-14 15:41:34,branch
BCH004132,ACC003261,BEN91218,BEN88781,2026-09-14 15:40:21,branch
BCH004133,ACC003266,BEN61368,BEN44304,2026-09-14 15:42:00,internet
BCH004134,ACC001038,BEN71976,BEN47397,2026-09-14 15:43:23,internet
BCH004135,ACC001122,BEN83147,BEN99783,2026-09-14 15:45:55,mobile
BCH004136,ACC004654,BEN48433,BEN41220,2026-09-14 15:45:15,branch
BCH004137,ACC003949,BEN21027,BEN10797,2026-09-14 15:40:30,branch
BCH004138,ACC002063,BEN41928,BEN80902,2026-09-14 15:44:16,internet
BCH004139,ACC001470,BEN17307,BEN98048,2026-09-14 15:44:16,internet
BCH004140,ACC004082,BEN58858,BEN34941,2026-09-14 15:42:35,mobile
BCH004141,ACC002485,BEN13755,BEN17571,2026-09-14 15:43:43,branch
BCH004142,ACC003592,BEN19030,BEN11712,2026-09-14 15:43:36,branch
BCH004143,ACC000651,BEN10286,BEN92241,2026-09-14 15:43:19,mobile
BCH004144,ACC004208,BEN36132,BEN91192,2026-09-14 15:44:37,mobile
BCH004145,ACC001013,BEN34132,BEN30960,2026-09-14 15:41:58,internet
BCH004146,ACC004900,BEN19966,BEN64422,2026-09-14 15:44:33,branch
BCH004147,ACC003760,BEN81892,BEN10141,2026-09-14 15:44:56,branch
BCH004148,ACC002345,BEN19849,BEN61116,2026-09-14 15:40:36,mobile
BCH004149,ACC002233,BEN94084,BEN85461,2026-09-14 15:43:24,mobile
BCH004150,ACC000087,BEN27928,BEN61449,2026-09-14 15:42:33,branch
BCH004151,ACC003195,BEN88261,BEN90188,2026-09-14 15:43:39,mobile
BCH004152,ACC001332,BEN10578,BEN48704,2026-09-14 15:41:46,branch
BCH004153,ACC002393,BEN21053,BEN22888,2026-09-14 15:44:11,mobile
BCH004154,ACC003808,BEN12083,BEN69547,2026-09-14 15:41:28,internet
BCH004155,ACC000006,BEN96207,BEN42568,2026-09-14 15:44:12,mobile
BCH004156,ACC004207,BEN24804,BEN22248,2026-09-14 15:45:18,branch
BCH004157,ACC000433,BEN96238,BEN86526,2026-09-14 15:43:06,mobile
BCH004158,ACC001219,BEN52854,BEN41335,2026-09-14 15:45:32,branch
BCH004159,ACC000373,BEN53197,BEN75446,2026-09-14 15:42:24,mobile
BCH004160,ACC004340,BEN21579,BEN83364,2026-09-14 15:44:58,mobile
BCH004161,ACC002158,BEN17441,BEN11422,2026-09-14 15:42:02,branch
BCH004162,ACC004476,BEN10780,BEN49650,2026-09-14 15:40:36,mobile
BCH004163,ACC001177,BEN54617,BEN61861,2026-09-14 15:40:52,internet
BCH004164,ACC003251,BEN97390,BEN71521,2026-09-14 15:41:18,branch
BCH004165,ACC001638,BEN68858,BEN26001,2026-09-14 15:44:36,mobile
BCH004166,ACC001687,BEN46485,BEN29697,2026-09-14 15:46:03,branch
BCH004167,ACC003451,BEN27898,BEN60238,2026-09-14 15:43:51,branch
BCH004168,ACC003243,BEN35246,BEN79835,2026-09-14 15:45:41,branch
BCH004169,ACC002633,BEN51342,BEN93870,2026-09-14 15:43:14,branch
BCH004170,ACC002200,BEN18085,BEN52911,2026-09-14 15:40:07,internet
BCH004171,ACC003910,BEN83222,BEN43487,2026-09-14 15:43:56,branch
BCH004172,ACC004089,BEN48822,BEN25565,2026-09-14 15:43:28,internet
BCH004173,ACC001082,BEN91343,BEN69451,2026-09-14 15:41:43,internet
BCH004174,ACC003251,BEN87188,BEN18860,2026-09-14 15:42:07,internet
BCH004175,ACC002079,BEN44109,BEN20612,2026-09-14 15:45:17,internet
BCH004176,ACC001208,BEN41041,BEN87231,2026-09-14 15:43:26,mobile
BCH004177,ACC003337,BEN31391,BEN82814,2026-09-14 15:44:24,mobile
BCH004178,ACC004890,BEN32478,BEN24739,2026-09-14 15:45:22,internet
BCH004179,ACC003866,BEN84721,BEN60363,2026-09-14 15:41:37,internet
BCH004180,ACC003093,BEN23464,BEN73173,2026-09-14 15:42:34,internet
BCH004181,ACC002443,BEN55114,BEN74058,2026-09-14 15:43:41,branch
BCH004182,ACC002106,BEN54460,BEN46046,2026-09-14 15:44:22,mobile
BCH004183,ACC004936,BEN24098,BEN62841,2026-09-14 15:43:23,branch
BCH004184,ACC002364,BEN36698,BEN75437,2026-09-14 15:41:48,branch
BCH004185,ACC001571,BEN95704,BEN76554,2026-09-14 15:41:53,mobile
BCH004186,ACC003198,BEN13599,BEN91347,2026-09-14 15:41:30,mobile
BCH004187,ACC002274,BEN39840,BEN37457,2026-09-14 15:45:51,internet
BCH004188,ACC002579,BEN87241,BEN76424,2026-09-14 15:40:40,branch
BCH004189,ACC000028,BEN64986,BEN13908,2026-09-14 15:45:32,branch
BCH004190,ACC000905,BEN95221,BEN46333,2026-09-14 15:41:57,internet
BCH004191,ACC004566,BEN69103,BEN68120,2026-09-14 15:43:48,branch
BCH004192,ACC003008,BEN17670,BEN59805,2026-09-14 15:44:29,branch
BCH004193,ACC002618,BEN13581,BEN80813,2026-09-14 15:41:49,branch
BCH004194,ACC004706,BEN94993,BEN54399,2026-09-14 15:42:01,mobile
BCH004195,ACC004886,BEN41100,BEN65498,2026-09-14 15:42:18,branch
BCH004196,ACC004990,BEN46118,BEN72472,2026-09-14 15:42:19,mobile
BCH004197,ACC000588,BEN61507,BEN31813,2026-09-14 15:41:51,mobile
BCH004198,ACC002665,BEN97453,BEN97914,2026-09-14 15:45:38,mobile
BCH004199,ACC003792,BEN48922,BEN65989,2026-09-14 15:43:21,mobile
BCH004200,ACC003919,BEN20849,BEN49967,2026-09-14 15:41:42,branch
BCH004201,ACC001087,BEN52906,BEN31978,2026-09-14 15:42:25,internet
BCH004202,ACC004901,BEN73491,BEN59773,2026-09-14 15:43:06,internet
BCH004203,ACC001985,BEN54369,BEN59882,2026-09-14 15:43:54,internet
BCH004204,ACC003485,BEN68248,BEN49235,2026-09-14 15:44:57,branch
BCH004205,ACC004240,BEN66777,BEN74088,2026-09-14 15:43:13,branch
BCH004206,ACC003384,BEN42838,BEN85948,2026-09-14 15:42:04,internet
BCH004207,ACC004180,BEN23295,BEN97752,2026-09-14 15:40:43,mobile
BCH004208,ACC001396,BEN89139,BEN98505,2026-09-14 15:41:56,branch
BCH004209,ACC003773,BEN88956,BEN19214,2026-09-14 15:45:19,internet
BCH004210,ACC001056,BEN99044,BEN70066,2026-09-14 15:42:57,internet
BCH004211,ACC003836,BEN77428,BEN71780,2026-09-14 15:45:22,branch
BCH004212,ACC003943,BEN72859,BEN32392,2026-09-14 15:42:17,mobile
BCH004213,ACC001346,BEN84756,BEN74926,2026-09-14 15:44:22,internet
BCH004214,ACC000488,BEN62958,BEN83877,2026-09-14 15:43:59,internet
BCH004215,ACC003501,BEN68220,BEN26111,2026-09-14 15:41:56,mobile
BCH004216,ACC003706,BEN29195,BEN46729,2026-09-14 15:40:30,branch
BCH004217,ACC002958,BEN51082,BEN48223,2026-09-14 15:41:52,mobile
BCH004218,ACC001222,BEN15931,BEN39908,2026-09-14 15:45:34,mobile
BCH004219,ACC000961,BEN76335,BEN64840,2026-09-14 15:43:31,branch
BCH004220,ACC002934,BEN52120,BEN77031,2026-09-14 15:41:00,mobile
BCH004221,ACC002100,BEN52902,BEN37817,2026-09-14 15:41:53,branch
BCH004222,ACC000645,BEN78490,BEN47084,2026-09-14 15:40:49,mobile
BCH004223,ACC002662,BEN87096,BEN89871,2026-09-14 15:43:42,branch
BCH004224,ACC003547,BEN32175,BEN55310,2026-09-14 15:45:09,internet
BCH004225,ACC004566,BEN90288,BEN18570,2026-09-14 15:44:53,internet
BCH004226,ACC000320,BEN24839,BEN26942,2026-09-14 15:41:21,mobile
BCH004227,ACC001320,BEN79965,BEN72601,2026-09-14 15:45:10,mobile
BCH004228,ACC004317,BEN22036,BEN94177,2026-09-14 15:45:47,mobile
BCH004229,ACC004915,BEN31942,BEN23882,2026-09-14 15:40:52,mobile
BCH004230,ACC001045,BEN19852,BEN44954,2026-09-14 15:45:49,branch
BCH004231,ACC003814,BEN21642,BEN20502,2026-09-14 15:43:39,internet
BCH004232,ACC000957,BEN33506,BEN91714,2026-09-14 15:45:12,mobile
BCH004233,ACC002606,BEN45910,BEN41605,2026-09-14 15:42:37,internet
BCH004234,ACC000925,BEN66163,BEN21388,2026-09-14 15:43:34,branch
BCH004235,ACC001212,BEN46437,BEN93170,2026-09-14 15:43:34,branch
BCH004236,ACC001772,BEN76605,BEN24157,2026-09-14 15:41:32,branch
BCH004237,ACC003997,BEN29425,BEN52639,2026-09-14 15:46:02,branch
BCH004238,ACC004644,BEN71422,BEN48683,2026-09-14 15:44:24,internet
BCH004239,ACC001562,BEN22396,BEN22773,2026-09-14 15:40:46,branch
BCH004240,ACC000604,BEN83342,BEN64352,2026-09-14 15:44:30,branch
BCH004241,ACC000424,BEN95555,BEN67514,2026-09-14 15:45:47,mobile
BCH004242,ACC002512,BEN27865,BEN16598,2026-09-14 15:43:41,internet
BCH004243,ACC004578,BEN87275,BEN81516,2026-09-14 15:42:26,branch
BCH004244,ACC000151,BEN24255,BEN68234,2026-09-14 15:45:31,branch
BCH004245,ACC000791,BEN82839,BEN54145,2026-09-14 15:42:19,mobile
BCH004246,ACC002591,BEN81783,BEN89994,2026-09-14 15:44:25,internet
BCH004247,ACC000036,BEN76538,BEN75451,2026-09-14 15:43:34,branch
BCH004248,ACC001964,BEN99271,BEN37033,2026-09-14 15:45:14,mobile
BCH004249,ACC001793,BEN33044,BEN19196,2026-09-14 15:44:54,mobile
BCH004250,ACC004178,BEN77508,BEN40075,2026-09-14 15:45:07,mobile
BCH004251,ACC001273,BEN98991,BEN67585,2026-09-14 15:42:12,branch
BCH004252,ACC002676,BEN10016,BEN39645,2026-09-14 15:41:53,internet
BCH004253,ACC003044,BEN55121,BEN69506,2026-09-14 15:43:18,mobile
BCH004254,ACC004587,BEN27541,BEN43947,2026-09-14 15:41:36,internet
BCH004255,ACC004154,BEN41516,BEN87422,2026-09-14 15:43:34,mobile
BCH004256,ACC000106,BEN67929,BEN18529,2026-09-14 15:44:54,branch
BCH004257,ACC000201,BEN62810,BEN52150,2026-09-14 15:45:20,mobile
BCH004258,ACC000137,BEN33085,BEN75505,2026-09-14 15:44:14,branch
BCH004259,ACC000121,BEN39349,BEN56715,2026-09-14 15:41:19,mobile
BCH004260,ACC001643,BEN56608,BEN32508,2026-09-14 15:42:57,branch
BCH004261,ACC000994,BEN88298,BEN62150,2026-09-14 15:43:19,internet
BCH004262,ACC004293,BEN83326,BEN11930,2026-09-14 15:44:26,mobile
BCH004263,ACC003917,BEN80502,BEN95094,2026-09-14 15:44:05,internet
BCH004264,ACC004354,BEN50114,BEN64210,2026-09-14 15:44:33,internet
BCH004265,ACC001659,BEN41450,BEN78197,2026-09-14 15:43:24,mobile
BCH004266,ACC003541,BEN58210,BEN77718,2026-09-14 15:45:14,branch
BCH004267,ACC003643,BEN19215,BEN31821,2026-09-14 15:41:40,branch
BCH004268,ACC003740,BEN26013,BEN91124,2026-09-14 15:45:21,branch
BCH004269,ACC000076,BEN10251,BEN48806,2026-09-14 15:45:53,internet
BCH004270,ACC000835,BEN79402,BEN68825,2026-09-14 15:45:58,internet
BCH004271,ACC002100,BEN62964,BEN79063,2026-09-14 15:44:55,internet
BCH004272,ACC004499,BEN55557,BEN69795,2026-09-14 15:43:49,branch
BCH004273,ACC000372,BEN53184,BEN43783,2026-09-14 15:45:59,mobile
BCH004274,ACC000942,BEN34829,BEN94454,2026-09-14 15:44:47,mobile
BCH004275,ACC002138,BEN88736,BEN94311,2026-09-14 15:45:40,mobile
BCH004276,ACC001823,BEN64776,BEN16863,2026-09-14 15:42:56,internet
BCH004277,ACC004102,BEN20198,BEN94332,2026-09-14 15:41:54,internet
BCH004278,ACC001844,BEN57248,BEN92283,2026-09-14 15:41:15,mobile
BCH004279,ACC001235,BEN63685,BEN77864,2026-09-14 15:43:35,internet
BCH004280,ACC001561,BEN83190,BEN52027,2026-09-14 15:41:02,internet
BCH004281,ACC003363,BEN59559,BEN95154,2026-09-14 15:45:22,mobile
BCH004282,ACC002436,BEN11421,BEN78363,2026-09-14 15:46:02,branch
BCH004283,ACC004917,BEN14555,BEN52253,2026-09-14 15:42:49,branch
BCH004284,ACC001587,BEN90066,BEN36407,2026-09-14 15:42:49,internet
BCH004285,ACC001448,BEN55078,BEN71953,2026-09-14 15:41:04,branch
BCH004286,ACC001807,BEN72433,BEN91379,2026-09-14 15:43:33,branch
BCH004287,ACC001358,BEN22356,BEN42549,2026-09-14 15:44:42,branch
BCH004288,ACC001901,BEN71687,BEN13176,2026-09-14 15:42:57,branch
BCH004289,ACC000293,BEN69865,BEN94276,2026-09-14 15:41:20,branch
BCH004290,ACC003213,BEN38996,BEN11019,2026-09-14 15:44:54,branch
BCH004291,ACC004080,BEN76519,BEN26258,2026-09-14 15:43:36,internet
BCH004292,ACC001190,BEN40259,BEN51282,2026-09-14 15:43:10,internet
BCH004293,ACC004790,BEN90904,BEN93475,2026-09-14 15:41:47,mobile
BCH004294,ACC001058,BEN93188,BEN70238,2026-09-14 15:43:26,branch
BCH004295,ACC001718,BEN20394,BEN28397,2026-09-14 15:42:53,mobile
BCH004296,ACC000433,BEN11123,BEN39494,2026-09-14 15:41:33,internet
BCH004297,ACC000697,BEN76035,BEN61811,2026-09-14 15:41:26,mobile
BCH004298,ACC001819,BEN31267,BEN66344,2026-09-14 15:42:13,mobile
BCH004299,ACC002206,BEN22902,BEN32997,2026-09-14 15:41:45,mobile
BCH004300,ACC004455,BEN33715,BEN83716,2026-09-14 15:44:34,mobile
BCH004301,ACC003608,BEN87405,BEN26494,2026-09-14 15:45:47,internet
BCH004302,ACC003279,BEN29866,BEN30415,2026-09-14 15:42:38,branch
BCH004303,ACC004635,BEN17171,BEN75304,2026-09-14 15:43:04,branch
BCH004304,ACC002723,BEN54445,BEN99358,2026-09-14 15:43:34,branch
BCH004305,ACC001083,BEN91334,BEN57365,2026-09-14 15:44:21,branch
BCH004306,ACC002919,BEN37068,BEN78337,2026-09-14 15:41:17,mobile
BCH004307,ACC000346,BEN72247,BEN32771,2026-09-14 15:43:05,branch
BCH004308,ACC003843,BEN91608,BEN82800,2026-09-14 15:43:18,mobile
BCH004309,ACC003121,BEN54140,BEN64864,2026-09-14 15:46:03,branch
BCH004310,ACC003052,BEN10561,BEN36893,2026-09-14 15:43:31,internet
BCH004311,ACC001932,BEN20984,BEN18530,2026-09-14 15:45:39,branch
BCH004312,ACC003117,BEN72512,BEN18383,2026-09-14 15:42:54,branch
BCH004313,ACC003094,BEN79015,BEN17867,2026-09-14 15:43:16,mobile
BCH004314,ACC000963,BEN15672,BEN35058,2026-09-14 15:43:46,internet
BCH004315,ACC004028,BEN90985,BEN13043,2026-09-14 15:44:44,branch
BCH004316,ACC001698,BEN74248,BEN90717,2026-09-14 15:44:50,mobile
BCH004317,ACC000590,BEN85306,BEN69330,2026-09-14 15:45:05,branch
BCH004318,ACC000653,BEN97577,BEN14194,2026-09-14 15:41:25,branch
BCH004319,ACC004899,BEN60378,BEN53884,2026-09-14 15:40:50,branch
BCH004320,ACC003130,BEN65273,BEN36106,2026-09-14 15:40:45,mobile
BCH004321,ACC001021,BEN71576,BEN69486,2026-09-14 15:43:39,internet
BCH004322,ACC002179,BEN59201,BEN55109,2026-09-14 15:42:44,mobile
BCH004323,ACC000864,BEN72179,BEN92712,2026-09-14 15:40:41,internet
BCH004324,ACC001520,BEN76663,BEN33995,2026-09-14 15:43:08,mobile
BCH004325,ACC004961,BEN66007,BEN84073,2026-09-14 15:42:13,branch
BCH004326,ACC003587,BEN27356,BEN67820,2026-09-14 15:40:13,branch
BCH004327,ACC002406,BEN39575,BEN17593,2026-09-14 15:44:58,mobile
BCH004328,ACC002271,BEN56005,BEN72856,2026-09-14 15:44:02,mobile
BCH004329,ACC000119,BEN69270,BEN69180,2026-09-14 15:44:31,internet
BCH004330,ACC001988,BEN39761,BEN16425,2026-09-14 15:42:09,mobile
BCH004331,ACC000882,BEN61939,BEN94685,2026-09-14 15:44:12,branch
BCH004332,ACC000615,BEN80791,BEN36987,2026-09-14 15:45:47,mobile
BCH004333,ACC004439,BEN60078,BEN58542,2026-09-14 15:40:32,branch
BCH004334,ACC001906,BEN79823,BEN43951,2026-09-14 15:44:57,mobile
BCH004335,ACC002460,BEN38475,BEN77086,2026-09-14 15:44:56,branch
BCH004336,ACC002588,BEN95773,BEN32627,2026-09-14 15:40:07,mobile
BCH004337,ACC004481,BEN19983,BEN25863,2026-09-14 15:44:08,branch
BCH004338,ACC001393,BEN13238,BEN22547,2026-09-14 15:40:12,internet
BCH004339,ACC004302,BEN24658,BEN37821,2026-09-14 15:41:13,mobile
BCH004340,ACC003043,BEN72373,BEN27377,2026-09-14 15:44:36,mobile
BCH004341,ACC004822,BEN31395,BEN95498,2026-09-14 15:40:31,mobile
BCH004342,ACC001292,BEN69241,BEN57405,2026-09-14 15:41:49,mobile
BCH004343,ACC001433,BEN59565,BEN19114,2026-09-14 15:40:34,mobile
BCH004344,ACC000629,BEN98036,BEN50503,2026-09-14 15:43:06,branch
BCH004345,ACC002133,BEN27152,BEN56349,2026-09-14 15:41:05,internet
BCH004346,ACC002670,BEN63806,BEN76651,2026-09-14 15:41:36,mobile
BCH004347,ACC000781,BEN34887,BEN70583,2026-09-14 15:44:39,branch
BCH004348,ACC003496,BEN24132,BEN93779,2026-09-14 15:42:53,mobile
BCH004349,ACC002686,BEN72262,BEN47786,2026-09-14 15:42:15,branch
BCH004350,ACC002046,BEN73649,BEN83143,2026-09-14 15:43:18,internet
BCH004351,ACC003241,BEN56391,BEN48642,2026-09-14 15:44:22,branch
BCH004352,ACC002725,BEN57647,BEN23091,2026-09-14 15:41:41,mobile
BCH004353,ACC002427,BEN78319,BEN75119,2026-09-14 15:40:46,mobile
BCH004354,ACC000447,BEN98101,BEN99444,2026-09-14 15:43:59,internet
BCH004355,ACC002409,BEN88929,BEN79523,2026-09-14 15:42:42,mobile
BCH004356,ACC002856,BEN42781,BEN93107,2026-09-14 15:42:58,mobile
BCH004357,ACC001992,BEN53366,BEN50352,2026-09-14 15:43:59,internet
BCH004358,ACC002843,BEN85852,BEN25016,2026-09-14 15:40:55,branch
BCH004359,ACC003686,BEN61799,BEN70857,2026-09-14 15:41:05,mobile
BCH004360,ACC001836,BEN53337,BEN84624,2026-09-14 15:45:15,internet
BCH004361,ACC002759,BEN22463,BEN12685,2026-09-14 15:41:57,mobile
BCH004362,ACC004401,BEN41526,BEN54921,2026-09-14 15:43:52,mobile
BCH004363,ACC001793,BEN89079,BEN71987,2026-09-14 15:43:37,internet
BCH004364,ACC004510,BEN32296,BEN11354,2026-09-14 15:44:44,branch
BCH004365,ACC004017,BEN54353,BEN75253,2026-09-14 15:44:54,branch
BCH004366,ACC003034,BEN34860,BEN67711,2026-09-14 15:40:06,mobile
BCH004367,ACC002396,BEN63523,BEN59009,2026-09-14 15:43:48,branch
BCH004368,ACC003544,BEN65851,BEN84543,2026-09-14 15:40:10,branch
BCH004369,ACC000151,BEN20673,BEN92325,2026-09-14 15:42:44,mobile
BCH004370,ACC004865,BEN45174,BEN53537,2026-09-14 15:43:04,mobile
BCH004371,ACC004257,BEN98728,BEN30445,2026-09-14 15:43:43,mobile
BCH004372,ACC001419,BEN62203,BEN95243,2026-09-14 15:42:32,branch
BCH004373,ACC003903,BEN13189,BEN81402,2026-09-14 15:41:47,branch
BCH004374,ACC003929,BEN92705,BEN95078,2026-09-14 15:41:51,internet
BCH004375,ACC004711,BEN95013,BEN63032,2026-09-14 15:41:21,branch
BCH004376,ACC000555,BEN73931,BEN80407,2026-09-14 15:40:18,internet
BCH004377,ACC000953,BEN98228,BEN70155,2026-09-14 15:43:52,mobile
BCH004378,ACC004946,BEN45281,BEN19110,2026-09-14 15:42:50,mobile
BCH004379,ACC001054,BEN43275,BEN50210,2026-09-14 15:44:00,internet
BCH004380,ACC000797,BEN93876,BEN68029,2026-09-14 15:40:36,internet
BCH004381,ACC004101,BEN68977,BEN44471,2026-09-14 15:41:11,branch
BCH004382,ACC003754,BEN30909,BEN69037,2026-09-14 15:45:10,internet
BCH004383,ACC001986,BEN76625,BEN67051,2026-09-14 15:44:39,branch
BCH004384,ACC003757,BEN47371,BEN57989,2026-09-14 15:43:56,mobile
BCH004385,ACC003026,BEN66662,BEN28471,2026-09-14 15:40:14,internet
BCH004386,ACC003610,BEN72080,BEN27560,2026-09-14 15:42:47,mobile
BCH004387,ACC002889,BEN28448,BEN59661,2026-09-14 15:43:30,branch
BCH004388,ACC004120,BEN42492,BEN15137,2026-09-14 15:40:53,internet
BCH004389,ACC000747,BEN52171,BEN42365,2026-09-14 15:46:03,branch
BCH004390,ACC002070,BEN21117,BEN97078,2026-09-14 15:43:28,mobile
BCH004391,ACC004374,BEN68839,BEN91117,2026-09-14 15:40:22,branch
BCH004392,ACC002217,BEN34802,BEN80754,2026-09-14 15:44:15,mobile
BCH004393,ACC004599,BEN56220,BEN57047,2026-09-14 15:42:49,internet
BCH004394,ACC000388,BEN94566,BEN78178,2026-09-14 15:43:50,internet
BCH004395,ACC000728,BEN24381,BEN14217,2026-09-14 15:43:03,branch
BCH004396,ACC000427,BEN89791,BEN17451,2026-09-14 15:44:31,internet
BCH004397,ACC001722,BEN87164,BEN55260,2026-09-14 15:44:58,branch
BCH004398,ACC000424,BEN32828,BEN32452,2026-09-14 15:45:11,branch
BCH004399,ACC002751,BEN59000,BEN65800,2026-09-14 15:42:39,internet
BCH004400,ACC001372,BEN44315,BEN97176,2026-09-14 15:46:05,branch
BCH004401,ACC004012,BEN35338,BEN57675,2026-09-14 15:42:59,mobile
BCH004402,ACC003290,BEN99641,BEN28791,2026-09-14 15:45:13,mobile
BCH004403,ACC000833,BEN21825,BEN79879,2026-09-14 15:41:36,internet
BCH004404,ACC000429,BEN12569,BEN61962,2026-09-14 15:44:54,internet
BCH004405,ACC002790,BEN24219,BEN94370,2026-09-14 15:46:04,branch
BCH004406,ACC001716,BEN62744,BEN59843,2026-09-14 15:40:53,internet
BCH004407,ACC001160,BEN18548,BEN69731,2026-09-14 15:45:36,branch
BCH004408,ACC000100,BEN64237,BEN52916,2026-09-14 15:40:38,mobile
BCH004409,ACC000562,BEN99002,BEN70173,2026-09-14 15:43:30,branch
BCH004410,ACC001180,BEN74905,BEN76688,2026-09-14 15:41:16,internet
BCH004411,ACC002114,BEN98932,BEN56147,2026-09-14 15:41:22,mobile
BCH004412,ACC000413,BEN94796,BEN78912,2026-09-14 15:45:50,branch
BCH004413,ACC004426,BEN55682,BEN86739,2026-09-14 15:40:39,mobile
BCH004414,ACC004140,BEN16433,BEN32985,2026-09-14 15:40:44,mobile
BCH004415,ACC000065,BEN44959,BEN42281,2026-09-14 15:42:51,branch
BCH004416,ACC000898,BEN86953,BEN83333,2026-09-14 15:40:13,branch
BCH004417,ACC000867,BEN55204,BEN71652,2026-09-14 15:42:01,branch
BCH004418,ACC002574,BEN94547,BEN10073,2026-09-14 15:45:30,mobile
BCH004419,ACC000484,BEN47583,BEN67293,2026-09-14 15:43:25,branch
BCH004420,ACC004796,BEN28447,BEN43398,2026-09-14 15:40:33,mobile
BCH004421,ACC000151,BEN85019,BEN67771,2026-09-14 15:42:06,branch
BCH004422,ACC003361,BEN64876,BEN74018,2026-09-14 15:41:36,internet
BCH004423,ACC003483,BEN65044,BEN92908,2026-09-14 15:45:25,internet
BCH004424,ACC004116,BEN30995,BEN42477,2026-09-14 15:43:26,internet
BCH004425,ACC004831,BEN34585,BEN95433,2026-09-14 15:46:04,branch
BCH004426,ACC003075,BEN73296,BEN95678,2026-09-14 15:45:35,internet
BCH004427,ACC000589,BEN84891,BEN55931,2026-09-14 15:41:27,mobile
BCH004428,ACC004608,BEN42724,BEN62324,2026-09-14 15:40:15,branch
BCH004429,ACC004714,BEN70675,BEN93044,2026-09-14 15:40:22,mobile
BCH004430,ACC000315,BEN49034,BEN45205,2026-09-14 15:40:42,branch
BCH004431,ACC001847,BEN43990,BEN56529,2026-09-14 15:44:32,branch
BCH004432,ACC000728,BEN43157,BEN65282,2026-09-14 15:42:55,internet
BCH004433,ACC004632,BEN52847,BEN63402,2026-09-14 15:45:45,mobile
BCH004434,ACC003451,BEN58931,BEN38127,2026-09-14 15:41:06,internet
BCH004435,ACC004323,BEN95016,BEN39671,2026-09-14 15:41:22,mobile
BCH004436,ACC003820,BEN78183,BEN15115,2026-09-14 15:40:28,mobile
BCH004437,ACC003671,BEN80929,BEN31969,2026-09-14 15:44:25,internet
BCH004438,ACC002489,BEN47498,BEN96092,2026-09-14 15:45:01,branch
BCH004439,ACC000217,BEN62895,BEN17280,2026-09-14 15:44:40,branch
BCH004440,ACC004456,BEN71820,BEN14882,2026-09-14 15:41:40,internet
BCH004441,ACC000793,BEN10664,BEN57410,2026-09-14 15:44:01,internet
BCH004442,ACC003731,BEN64379,BEN98161,2026-09-14 15:46:02,mobile
BCH004443,ACC002539,BEN12142,BEN67327,2026-09-14 15:44:46,branch
BCH004444,ACC002522,BEN90437,BEN73799,2026-09-14 15:43:08,mobile
BCH004445,ACC004635,BEN61498,BEN69349,2026-09-14 15:42:41,branch
BCH004446,ACC003149,BEN47962,BEN57694,2026-09-14 15:41:04,internet
BCH004447,ACC001107,BEN22314,BEN75897,2026-09-14 15:40:49,internet
BCH004448,ACC003701,BEN20455,BEN53479,2026-09-14 15:42:55,mobile
BCH004449,ACC001194,BEN81254,BEN36618,2026-09-14 15:43:29,mobile
BCH004450,ACC002813,BEN72205,BEN22290,2026-09-14 15:45:23,branch
BCH004451,ACC001247,BEN28718,BEN38267,2026-09-14 15:40:42,branch
BCH004452,ACC003005,BEN18146,BEN78046,2026-09-14 15:44:01,branch
BCH004453,ACC002108,BEN15395,BEN50015,2026-09-14 15:43:11,mobile
BCH004454,ACC000606,BEN94503,BEN96234,2026-09-14 15:42:13,mobile
BCH004455,ACC000351,BEN71410,BEN30667,2026-09-14 15:46:02,branch
BCH004456,ACC004526,BEN76288,BEN17622,2026-09-14 15:45:10,internet
BCH004457,ACC001061,BEN48370,BEN99663,2026-09-14 15:42:54,internet
BCH004458,ACC002742,BEN10709,BEN69324,2026-09-14 15:43:01,mobile
BCH004459,ACC001522,BEN69568,BEN19286,2026-09-14 15:43:22,branch
BCH004460,ACC004653,BEN63736,BEN77181,2026-09-14 15:40:31,internet
BCH004461,ACC000193,BEN38130,BEN63417,2026-09-14 15:41:47,mobile
BCH004462,ACC001658,BEN11810,BEN10977,2026-09-14 15:41:09,mobile
BCH004463,ACC004546,BEN58430,BEN48953,2026-09-14 15:41:02,branch
BCH004464,ACC002175,BEN91328,BEN47773,2026-09-14 15:44:20,mobile
BCH004465,ACC003345,BEN65493,BEN95287,2026-09-14 15:41:27,branch
BCH004466,ACC000438,BEN92912,BEN54192,2026-09-14 15:44:28,internet
BCH004467,ACC003832,BEN77032,BEN39688,2026-09-14 15:44:18,branch
BCH004468,ACC004153,BEN43853,BEN24401,2026-09-14 15:42:45,mobile
BCH004469,ACC003037,BEN31634,BEN17776,2026-09-14 15:45:16,branch
BCH004470,ACC000230,BEN89138,BEN54325,2026-09-14 15:42:20,mobile
BCH004471,ACC004531,BEN60974,BEN96437,2026-09-14 15:41:10,internet
BCH004472,ACC003234,BEN21699,BEN33702,2026-09-14 15:42:16,mobile
BCH004473,ACC000707,BEN54234,BEN23345,2026-09-14 15:43:40,internet
BCH004474,ACC004618,BEN73093,BEN28846,2026-09-14 15:43:04,branch
BCH004475,ACC000507,BEN80869,BEN17247,2026-09-14 15:44:04,branch
BCH004476,ACC003754,BEN80250,BEN62309,2026-09-14 15:45:57,internet
BCH004477,ACC002461,BEN76631,BEN47777,2026-09-14 15:40:05,branch
BCH004478,ACC003368,BEN29869,BEN16943,2026-09-14 15:45:49,mobile
BCH004479,ACC000453,BEN13272,BEN52902,2026-09-14 15:40:41,internet
BCH004480,ACC002234,BEN40303,BEN11371,2026-09-14 15:40:22,internet
BCH004481,ACC001310,BEN67902,BEN54909,2026-09-14 15:40:21,mobile
BCH004482,ACC000136,BEN62253,BEN25117,2026-09-14 15:45:55,internet
BCH004483,ACC003037,BEN50476,BEN17782,2026-09-14 15:45:08,internet
BCH004484,ACC002748,BEN55374,BEN80132,2026-09-14 15:40:34,internet
BCH004485,ACC004941,BEN53460,BEN17695,2026-09-14 15:45:30,branch
BCH004486,ACC004813,BEN24971,BEN62061,2026-09-14 15:44:22,internet
BCH004487,ACC002335,BEN33928,BEN27692,2026-09-14 15:40:08,internet
BCH004488,ACC003766,BEN49467,BEN68088,2026-09-14 15:41:16,branch
BCH004489,ACC001669,BEN99526,BEN11517,2026-09-14 15:40:31,mobile
BCH004490,ACC004692,BEN67943,BEN36789,2026-09-14 15:42:31,mobile
BCH004491,ACC000686,BEN70649,BEN74349,2026-09-14 15:41:42,mobile
BCH004492,ACC002034,BEN67157,BEN84758,2026-09-14 15:45:52,mobile
BCH004493,ACC001216,BEN79883,BEN42762,2026-09-14 15:44:58,mobile
BCH004494,ACC003386,BEN40514,BEN40885,2026-09-14 15:45:15,internet
BCH004495,ACC002650,BEN71443,BEN90565,2026-09-14 15:41:43,mobile
BCH004496,ACC001580,BEN93703,BEN38424,2026-09-14 15:40:51,mobile
BCH004497,ACC002354,BEN39848,BEN47044,2026-09-14 15:40:52,internet
BCH004498,ACC000508,BEN38591,BEN67780,2026-09-14 15:45:14,internet
BCH004499,ACC001149,BEN52863,BEN79477,2026-09-14 15:42:06,branch
BCH004500,ACC003429,BEN44340,BEN17035,2026-09-14 15:40:07,mobile
BCH004501,ACC004156,BEN71738,BEN45920,2026-09-14 15:43:58,branch
BCH004502,ACC002533,BEN97822,BEN97415,2026-09-14 15:43:48,branch
BCH004503,ACC004339,BEN20453,BEN33735,2026-09-14 15:43:32,mobile
BCH004504,ACC002620,BEN85128,BEN24935,2026-09-14 15:43:12,mobile
BCH004505,ACC002158,BEN92787,BEN82744,2026-09-14 15:45:50,branch
BCH004506,ACC004244,BEN25668,BEN38750,2026-09-14 15:44:18,internet
BCH004507,ACC002395,BEN62055,BEN67387,2026-09-14 15:40:56,internet
BCH004508,ACC004275,BEN63819,BEN91954,2026-09-14 15:46:00,mobile
BCH004509,ACC000491,BEN79455,BEN69194,2026-09-14 15:45:26,internet
BCH004510,ACC002608,BEN89132,BEN94202,2026-09-14 15:43:45,branch
BCH004511,ACC001249,BEN51701,BEN68363,2026-09-14 15:40:55,branch
BCH004512,ACC001415,BEN81464,BEN70099,2026-09-14 15:40:11,branch
BCH004513,ACC004551,BEN53728,BEN87243,2026-09-14 15:44:09,branch
BCH004514,ACC004962,BEN72018,BEN10316,2026-09-14 15:41:42,branch
BCH004515,ACC003430,BEN86296,BEN95869,2026-09-14 15:41:05,internet
BCH004516,ACC004749,BEN89262,BEN38915,2026-09-14 15:40:38,internet
BCH004517,ACC001603,BEN20837,BEN36442,2026-09-14 15:41:11,branch
BCH004518,ACC003664,BEN82512,BEN70199,2026-09-14 15:42:56,internet
BCH004519,ACC003839,BEN85088,BEN91168,2026-09-14 15:43:23,mobile
BCH004520,ACC003995,BEN61370,BEN25612,2026-09-14 15:42:37,internet
BCH004521,ACC004983,BEN87797,BEN93361,2026-09-14 15:45:34,internet
BCH004522,ACC004739,BEN39119,BEN37481,2026-09-14 15:40:29,internet
BCH004523,ACC000252,BEN26902,BEN81806,2026-09-14 15:42:22,mobile
BCH004524,ACC002120,BEN47858,BEN54717,2026-09-14 15:40:36,internet
BCH004525,ACC003257,BEN97555,BEN12034,2026-09-14 15:45:18,branch
BCH004526,ACC000560,BEN68614,BEN17352,2026-09-14 15:44:19,internet
BCH004527,ACC003397,BEN89516,BEN75620,2026-09-14 15:44:48,internet
BCH004528,ACC002119,BEN83383,BEN96232,2026-09-14 15:43:55,mobile
BCH004529,ACC002498,BEN84163,BEN47316,2026-09-14 15:44:04,internet
BCH004530,ACC001225,BEN89057,BEN78424,2026-09-14 15:45:45,mobile
BCH004531,ACC002893,BEN52657,BEN42140,2026-09-14 15:45:29,internet
BCH004532,ACC004127,BEN38006,BEN99242,2026-09-14 15:41:58,mobile
BCH004533,ACC000950,BEN20822,BEN95784,2026-09-14 15:44:43,mobile
BCH004534,ACC002095,BEN85423,BEN83123,2026-09-14 15:40:14,internet
BCH004535,ACC002794,BEN47164,BEN44606,2026-09-14 15:43:37,mobile
BCH004536,ACC003769,BEN46862,BEN49226,2026-09-14 15:42:19,mobile
BCH004537,ACC004312,BEN84014,BEN27498,2026-09-14 15:44:16,mobile
BCH004538,ACC002846,BEN34599,BEN32624,2026-09-14 15:44:57,internet
BCH004539,ACC003691,BEN40131,BEN19082,2026-09-14 15:44:07,internet
BCH004540,ACC001484,BEN59459,BEN43489,2026-09-14 15:41:46,internet
BCH004541,ACC001416,BEN98239,BEN55645,2026-09-14 15:42:03,mobile
BCH004542,ACC000561,BEN42834,BEN23311,2026-09-14 15:41:34,internet
BCH004543,ACC004585,BEN42757,BEN19230,2026-09-14 15:43:58,internet
BCH004544,ACC002227,BEN33458,BEN20365,2026-09-14 15:44:02,mobile
BCH004545,ACC000760,BEN91275,BEN46476,2026-09-14 15:45:59,internet
BCH004546,ACC000979,BEN79557,BEN18781,2026-09-14 15:41:09,branch
BCH004547,ACC000661,BEN59290,BEN84438,2026-09-14 15:45:41,internet
BCH004548,ACC004749,BEN15490,BEN58494,2026-09-14 15:45:58,mobile
BCH004549,ACC001576,BEN91269,BEN75973,2026-09-14 15:45:36,branch
BCH004550,ACC000219,BEN78012,BEN24575,2026-09-14 15:41:24,internet
BCH004551,ACC000461,BEN14330,BEN97487,2026-09-14 15:44:42,internet
BCH004552,ACC000462,BEN72055,BEN95941,2026-09-14 15:40:57,branch
BCH004553,ACC000982,BEN89168,BEN98683,2026-09-14 15:45:16,mobile
BCH004554,ACC001079,BEN31129,BEN86979,2026-09-14 15:42:28,internet
BCH004555,ACC003107,BEN46832,BEN97783,2026-09-14 15:45:15,internet
BCH004556,ACC004180,BEN77479,BEN62809,2026-09-14 15:43:28,mobile
BCH004557,ACC004441,BEN89513,BEN30218,2026-09-14 15:40:23,internet
BCH004558,ACC002417,BEN51890,BEN91870,2026-09-14 15:41:37,branch
BCH004559,ACC002176,BEN52442,BEN13947,2026-09-14 15:41:51,internet
BCH004560,ACC004074,BEN92409,BEN20425,2026-09-14 15:45:27,mobile
BCH004561,ACC004120,BEN94433,BEN57931,2026-09-14 15:41:41,branch
BCH004562,ACC002537,BEN39960,BEN13294,2026-09-14 15:43:21,mobile
BCH004563,ACC004260,BEN80597,BEN92423,2026-09-14 15:45:29,branch
BCH004564,ACC001984,BEN89590,BEN81044,2026-09-14 15:43:25,branch
BCH004565,ACC002917,BEN75361,BEN97219,2026-09-14 15:45:28,mobile
BCH004566,ACC000655,BEN92274,BEN62735,2026-09-14 15:40:35,internet
BCH004567,ACC000272,BEN35415,BEN99496,2026-09-14 15:45:21,internet
BCH004568,ACC002740,BEN57616,BEN67517,2026-09-14 15:45:47,branch
BCH004569,ACC004883,BEN40827,BEN87641,2026-09-14 15:45:54,internet
BCH004570,ACC004640,BEN17170,BEN81576,2026-09-14 15:42:27,branch
BCH004571,ACC004527,BEN29075,BEN86344,2026-09-14 15:43:23,mobile
BCH004572,ACC003525,BEN85502,BEN34494,2026-09-14 15:43:56,mobile
BCH004573,ACC001270,BEN55848,BEN15111,2026-09-14 15:43:21,mobile
BCH004574,ACC001761,BEN24513,BEN24131,2026-09-14 15:41:43,internet
BCH004575,ACC000726,BEN85980,BEN82836,2026-09-14 15:45:19,mobile
BCH004576,ACC002029,BEN55663,BEN58952,2026-09-14 15:41:25,internet
BCH004577,ACC002507,BEN99690,BEN60545,2026-09-14 15:45:14,branch
BCH004578,ACC000651,BEN57138,BEN55915,2026-09-14 15:43:57,internet
BCH004579,ACC004611,BEN29370,BEN66066,2026-09-14 15:41:08,mobile
BCH004580,ACC003933,BEN21533,BEN46522,2026-09-14 15:40:53,internet
BCH004581,ACC003611,BEN93636,BEN15121,2026-09-14 15:46:01,branch
BCH004582,ACC004226,BEN51243,BEN43006,2026-09-14 15:45:27,internet
BCH004583,ACC004934,BEN54140,BEN74291,2026-09-14 15:41:19,branch
BCH004584,ACC001463,BEN86843,BEN34293,2026-09-14 15:44:07,branch
BCH004585,ACC001420,BEN11789,BEN97403,2026-09-14 15:40:05,branch
BCH004586,ACC003046,BEN42215,BEN58406,2026-09-14 15:40:17,mobile
BCH004587,ACC004410,BEN65771,BEN59694,2026-09-14 15:42:05,mobile
BCH004588,ACC002715,BEN97358,BEN35150,2026-09-14 15:45:19,internet
BCH004589,ACC000660,BEN50852,BEN43925,2026-09-14 15:45:50,mobile
BCH004590,ACC002136,BEN99037,BEN20578,2026-09-14 15:44:04,branch
BCH004591,ACC000682,BEN91957,BEN11487,2026-09-14 15:42:27,branch
BCH004592,ACC000326,BEN17146,BEN36432,2026-09-14 15:45:13,mobile
BCH004593,ACC002959,BEN65362,BEN48634,2026-09-14 15:45:41,branch
BCH004594,ACC002042,BEN53765,BEN72063,2026-09-14 15:41:32,mobile
BCH004595,ACC004370,BEN12456,BEN49103,2026-09-14 15:41:47,internet
BCH004596,ACC002406,BEN68309,BEN72827,2026-09-14 15:44:31,internet
BCH004597,ACC002107,BEN61561,BEN35997,2026-09-14 15:44:42,mobile
BCH004598,ACC000265,BEN64953,BEN99031,2026-09-14 15:43:29,branch
BCH004599,ACC004278,BEN52148,BEN25194,2026-09-14 15:42:55,branch
BCH004600,ACC002718,BEN54492,BEN22260,2026-09-14 15:41:27,branch
BCH004601,ACC000443,BEN56487,BEN19488,2026-09-14 15:45:58,branch
BCH004602,ACC001781,BEN27271,BEN36931,2026-09-14 15:41:36,branch
BCH004603,ACC003232,BEN64355,BEN69297,2026-09-14 15:42:49,internet
BCH004604,ACC000557,BEN58817,BEN44281,2026-09-14 15:41:42,internet
BCH004605,ACC004710,BEN77886,BEN21361,2026-09-14 15:44:42,internet
BCH004606,ACC003463,BEN55742,BEN78848,2026-09-14 15:40:21,mobile
BCH004607,ACC002595,BEN37198,BEN33198,2026-09-14 15:44:12,mobile
BCH004608,ACC001750,BEN56298,BEN46901,2026-09-14 15:40:12,mobile
BCH004609,ACC003882,BEN20080,BEN16272,2026-09-14 15:40:57,branch
BCH004610,ACC004074,BEN23430,BEN40708,2026-09-14 15:40:58,branch
BCH004611,ACC004592,BEN41195,BEN64797,2026-09-14 15:43:03,branch
BCH004612,ACC003701,BEN47496,BEN71723,2026-09-14 15:45:44,mobile
BCH004613,ACC004268,BEN78159,BEN37448,2026-09-14 15:40:21,internet
BCH004614,ACC002617,BEN33733,BEN79220,2026-09-14 15:43:40,mobile
BCH004615,ACC003881,BEN30168,BEN87186,2026-09-14 15:43:03,internet
BCH004616,ACC004233,BEN74984,BEN61712,2026-09-14 15:43:06,internet
BCH004617,ACC003537,BEN74038,BEN80342,2026-09-14 15:45:33,internet
BCH004618,ACC000260,BEN81774,BEN92547,2026-09-14 15:44:44,branch
BCH004619,ACC002135,BEN40233,BEN98319,2026-09-14 15:44:24,branch
BCH004620,ACC002879,BEN87790,BEN58368,2026-09-14 15:41:02,branch
BCH004621,ACC003596,BEN79333,BEN95730,2026-09-14 15:42:08,branch
BCH004622,ACC003025,BEN62082,BEN74742,2026-09-14 15:40:39,internet
BCH004623,ACC002601,BEN56945,BEN39431,2026-09-14 15:43:58,internet
BCH004624,ACC000422,BEN32149,BEN66974,2026-09-14 15:44:46,mobile
BCH004625,ACC000743,BEN73615,BEN79695,2026-09-14 15:44:40,mobile
BCH004626,ACC000034,BEN18174,BEN85708,2026-09-14 15:43:22,mobile
BCH004627,ACC000569,BEN19790,BEN33490,2026-09-14 15:45:20,mobile
BCH004628,ACC001029,BEN29226,BEN85865,2026-09-14 15:41:05,mobile
BCH004629,ACC001669,BEN73990,BEN50240,2026-09-14 15:43:54,mobile
BCH004630,ACC001961,BEN25327,BEN31551,2026-09-14 15:45:09,mobile
BCH004631,ACC003378,BEN89606,BEN99798,2026-09-14 15:46:00,internet
BCH004632,ACC000299,BEN71091,BEN94125,2026-09-14 15:44:31,mobile
BCH004633,ACC001305,BEN94662,BEN57893,2026-09-14 15:45:43,mobile
BCH004634,ACC003870,BEN36683,BEN14131,2026-09-14 15:40:57,mobile
BCH004635,ACC003833,BEN63003,BEN23129,2026-09-14 15:41:02,mobile
BCH004636,ACC001204,BEN28756,BEN13947,2026-09-14 15:40:12,internet
BCH004637,ACC003401,BEN20693,BEN92862,2026-09-14 15:43:30,mobile
BCH004638,ACC002151,BEN14331,BEN79027,2026-09-14 15:40:28,mobile
BCH004639,ACC000463,BEN76148,BEN79409,2026-09-14 15:44:47,mobile
BCH004640,ACC000703,BEN89835,BEN38914,2026-09-14 15:42:22,mobile
BCH004641,ACC000899,BEN41239,BEN51182,2026-09-14 15:45:58,branch
BCH004642,ACC000810,BEN89212,BEN33806,2026-09-14 15:46:02,mobile
BCH004643,ACC003955,BEN50372,BEN79021,2026-09-14 15:42:53,internet
BCH004644,ACC004368,BEN28451,BEN42843,2026-09-14 15:41:00,mobile
BCH004645,ACC004371,BEN73466,BEN90499,2026-09-14 15:43:27,branch
BCH004646,ACC000496,BEN48777,BEN14705,2026-09-14 15:44:23,mobile
BCH004647,ACC002850,BEN71226,BEN50466,2026-09-14 15:41:47,branch
BCH004648,ACC002731,BEN88549,BEN90917,2026-09-14 15:45:18,internet
BCH004649,ACC001771,BEN19759,BEN38305,2026-09-14 15:41:14,branch
BCH004650,ACC002832,BEN49018,BEN60990,2026-09-14 15:41:08,internet
BCH004651,ACC003176,BEN95287,BEN35887,2026-09-14 15:45:05,branch
BCH004652,ACC002996,BEN29927,BEN29008,2026-09-14 15:41:24,mobile
BCH004653,ACC002470,BEN95735,BEN15511,2026-09-14 15:43:26,mobile
BCH004654,ACC003714,BEN76012,BEN46635,2026-09-14 15:46:00,mobile
BCH004655,ACC003160,BEN93476,BEN90317,2026-09-14 15:44:00,branch
BCH004656,ACC000989,BEN77378,BEN64244,2026-09-14 15:40:42,branch
BCH004657,ACC001327,BEN14037,BEN67886,2026-09-14 15:42:42,mobile
BCH004658,ACC000252,BEN40215,BEN86683,2026-09-14 15:45:09,mobile
BCH004659,ACC001414,BEN24117,BEN90395,2026-09-14 15:43:43,internet
BCH004660,ACC004926,BEN53657,BEN59292,2026-09-14 15:43:20,branch
BCH004661,ACC002245,BEN35950,BEN49605,2026-09-14 15:40:10,mobile
BCH004662,ACC000982,BEN90158,BEN68080,2026-09-14 15:40:57,mobile
BCH004663,ACC000681,BEN61596,BEN23709,2026-09-14 15:44:28,branch
BCH004664,ACC000009,BEN53507,BEN26800,2026-09-14 15:43:09,branch
BCH004665,ACC003201,BEN69356,BEN86610,2026-09-14 15:44:48,internet
BCH004666,ACC002810,BEN54019,BEN41315,2026-09-14 15:46:05,internet
BCH004667,ACC001168,BEN57134,BEN58053,2026-09-14 15:41:58,internet
BCH004668,ACC000365,BEN61762,BEN55060,2026-09-14 15:43:14,internet
BCH004669,ACC001449,BEN43078,BEN83545,2026-09-14 15:44:34,mobile
BCH004670,ACC001269,BEN61268,BEN83315,2026-09-14 15:40:12,internet
BCH004671,ACC004640,BEN49286,BEN10955,2026-09-14 15:40:36,mobile
BCH004672,ACC001267,BEN35717,BEN90143,2026-09-14 15:44:57,mobile
BCH004673,ACC002867,BEN63791,BEN71016,2026-09-14 15:45:00,internet
BCH004674,ACC000251,BEN33451,BEN90995,2026-09-14 15:44:01,branch
BCH004675,ACC000220,BEN92334,BEN37898,2026-09-14 15:45:29,mobile
BCH004676,ACC000413,BEN80482,BEN47954,2026-09-14 15:40:58,branch
BCH004677,ACC004733,BEN53949,BEN20309,2026-09-14 15:43:19,branch
BCH004678,ACC000680,BEN90323,BEN53054,2026-09-14 15:40:09,mobile
BCH004679,ACC002203,BEN31626,BEN20044,2026-09-14 15:41:18,mobile
BCH004680,ACC003519,BEN52619,BEN62062,2026-09-14 15:45:01,branch
BCH004681,ACC004790,BEN55633,BEN37532,2026-09-14 15:44:20,mobile
BCH004682,ACC000839,BEN86468,BEN52386,2026-09-14 15:43:35,mobile
BCH004683,ACC004026,BEN22758,BEN13805,2026-09-14 15:40:38,branch
BCH004684,ACC000510,BEN23675,BEN41256,2026-09-14 15:40:33,mobile
BCH004685,ACC002076,BEN15662,BEN89955,2026-09-14 15:43:09,internet
BCH004686,ACC004764,BEN53876,BEN41493,2026-09-14 15:43:50,mobile
BCH004687,ACC003352,BEN26365,BEN64025,2026-09-14 15:41:46,branch
BCH004688,ACC001702,BEN94258,BEN48470,2026-09-14 15:42:38,mobile
BCH004689,ACC001668,BEN85442,BEN44647,2026-09-14 15:45:16,branch
BCH004690,ACC003443,BEN34998,BEN85618,2026-09-14 15:43:51,branch
BCH004691,ACC002824,BEN12774,BEN46752,2026-09-14 15:43:03,mobile
BCH004692,ACC004496,BEN94609,BEN91503,2026-09-14 15:42:55,branch
BCH004693,ACC001675,BEN51666,BEN11519,2026-09-14 15:41:24,branch
BCH004694,ACC002031,BEN44262,BEN97602,2026-09-14 15:40:15,internet
BCH004695,ACC004049,BEN39328,BEN85543,2026-09-14 15:44:57,internet
BCH004696,ACC004332,BEN25466,BEN85461,2026-09-14 15:41:59,branch
BCH004697,ACC001774,BEN75722,BEN76861,2026-09-14 15:40:19,mobile
BCH004698,ACC003718,BEN87858,BEN63304,2026-09-14 15:46:01,mobile
BCH004699,ACC002357,BEN83568,BEN10776,2026-09-14 15:41:10,mobile
BCH004700,ACC003411,BEN16308,BEN17478,2026-09-14 15:43:18,branch
BCH004701,ACC003064,BEN90916,BEN52343,2026-09-14 15:42:25,mobile
BCH004702,ACC003952,BEN15517,BEN97248,2026-09-14 15:40:58,branch
BCH004703,ACC002996,BEN48116,BEN81791,2026-09-14 15:42:47,mobile
BCH004704,ACC000459,BEN69941,BEN14097,2026-09-14 15:43:25,mobile
BCH004705,ACC002994,BEN74465,BEN92437,2026-09-14 15:40:17,mobile
BCH004706,ACC000080,BEN26176,BEN59118,2026-09-14 15:45:28,branch
BCH004707,ACC000376,BEN36107,BEN14768,2026-09-14 15:44:19,branch
BCH004708,ACC004981,BEN92006,BEN15779,2026-09-14 15:42:18,branch
BCH004709,ACC002734,BEN40097,BEN95843,2026-09-14 15:45:18,mobile
BCH004710,ACC002607,BEN17079,BEN91176,2026-09-14 15:45:38,branch
BCH004711,ACC000945,BEN85202,BEN28852,2026-09-14 15:40:17,internet
BCH004712,ACC002894,BEN88257,BEN53911,2026-09-14 15:46:05,branch
BCH004713,ACC003951,BEN45218,BEN28872,2026-09-14 15:44:31,branch
BCH004714,ACC004000,BEN97195,BEN28508,2026-09-14 15:44:09,internet
BCH004715,ACC002919,BEN92746,BEN12754,2026-09-14 15:40:10,internet
BCH004716,ACC001870,BEN75764,BEN23009,2026-09-14 15:44:27,mobile
BCH004717,ACC001875,BEN59365,BEN60786,2026-09-14 15:45:25,mobile
BCH004718,ACC000048,BEN46347,BEN67892,2026-09-14 15:44:03,mobile
BCH004719,ACC002963,BEN34988,BEN87179,2026-09-14 15:45:22,internet
BCH004720,ACC000883,BEN69496,BEN63078,2026-09-14 15:41:32,mobile
BCH004721,ACC002197,BEN82437,BEN95110,2026-09-14 15:45:06,mobile
BCH004722,ACC004300,BEN62159,BEN30072,2026-09-14 15:40:13,internet
BCH004723,ACC001118,BEN43369,BEN86709,2026-09-14 15:45:18,branch
BCH004724,ACC000539,BEN83664,BEN40936,2026-09-14 15:43:14,branch
BCH004725,ACC003948,BEN99821,BEN93338,2026-09-14 15:41:35,internet
BCH004726,ACC002484,BEN20354,BEN40474,2026-09-14 15:44:56,branch
BCH004727,ACC000040,BEN29750,BEN39317,2026-09-14 15:40:24,mobile
BCH004728,ACC003957,BEN69358,BEN92714,2026-09-14 15:40:25,mobile
BCH004729,ACC004960,BEN49976,BEN42021,2026-09-14 15:43:29,branch
BCH004730,ACC001352,BEN31990,BEN67712,2026-09-14 15:42:24,internet
BCH004731,ACC002899,BEN87029,BEN12812,2026-09-14 15:40:06,mobile
BCH004732,ACC002285,BEN28099,BEN92773,2026-09-14 15:42:27,internet
BCH004733,ACC001189,BEN13702,BEN24606,2026-09-14 15:44:58,branch
BCH004734,ACC000891,BEN13552,BEN79607,2026-09-14 15:44:39,internet
BCH004735,ACC004323,BEN62819,BEN76696,2026-09-14 15:41:26,mobile
BCH004736,ACC004063,BEN97529,BEN80433,2026-09-14 15:40:58,branch
BCH004737,ACC001929,BEN12250,BEN35622,2026-09-14 15:45:52,mobile
BCH004738,ACC000311,BEN35915,BEN90942,2026-09-14 15:42:50,internet
BCH004739,ACC002234,BEN18059,BEN62914,2026-09-14 15:42:16,internet
BCH004740,ACC001625,BEN63655,BEN14171,2026-09-14 15:44:15,mobile
BCH004741,ACC002875,BEN22798,BEN75856,2026-09-14 15:41:27,branch
BCH004742,ACC003820,BEN18061,BEN34126,2026-09-14 15:44:56,branch
BCH004743,ACC000511,BEN97723,BEN13795,2026-09-14 15:43:45,mobile
BCH004744,ACC002977,BEN86324,BEN40357,2026-09-14 15:44:13,branch
BCH004745,ACC004899,BEN23431,BEN65943,2026-09-14 15:44:48,mobile
BCH004746,ACC004356,BEN34814,BEN46243,2026-09-14 15:45:23,branch
BCH004747,ACC004379,BEN18143,BEN66246,2026-09-14 15:42:11,mobile
BCH004748,ACC000121,BEN76600,BEN25974,2026-09-14 15:45:34,mobile
BCH004749,ACC004146,BEN42923,BEN56932,2026-09-14 15:41:56,branch
BCH004750,ACC004017,BEN19454,BEN32380,2026-09-14 15:45:43,mobile
BCH004751,ACC000536,BEN55489,BEN31632,2026-09-14 15:41:19,internet
BCH004752,ACC003462,BEN64656,BEN67186,2026-09-14 15:44:01,branch
BCH004753,ACC001332,BEN14048,BEN33085,2026-09-14 15:43:40,internet
BCH004754,ACC002485,BEN58698,BEN39768,2026-09-14 15:44:53,branch
BCH004755,ACC004264,BEN59793,BEN15775,2026-09-14 15:45:45,branch
BCH004756,ACC003119,BEN25699,BEN13921,2026-09-14 15:42:30,internet
BCH004757,ACC001183,BEN37578,BEN14925,2026-09-14 15:40:18,branch
BCH004758,ACC002533,BEN74047,BEN22649,2026-09-14 15:45:01,internet
BCH004759,ACC004855,BEN70720,BEN32607,2026-09-14 15:41:57,branch
BCH004760,ACC000198,BEN24850,BEN61877,2026-09-14 15:42:02,internet
BCH004761,ACC003334,BEN86543,BEN21269,2026-09-14 15:40:29,branch
BCH004762,ACC004351,BEN56786,BEN44715,2026-09-14 15:42:30,mobile
BCH004763,ACC003030,BEN98943,BEN37239,2026-09-14 15:46:04,internet
BCH004764,ACC000162,BEN72280,BEN40113,2026-09-14 15:44:29,branch
BCH004765,ACC001796,BEN66297,BEN58889,2026-09-14 15:45:14,branch
BCH004766,ACC002483,BEN22650,BEN29069,2026-09-14 15:42:50,mobile
BCH004767,ACC002704,BEN77467,BEN50956,2026-09-14 15:40:19,internet
BCH004768,ACC002128,BEN70307,BEN31498,2026-09-14 15:42:56,mobile
BCH004769,ACC003729,BEN87548,BEN66798,2026-09-14 15:44:37,branch
BCH004770,ACC000583,BEN73132,BEN66642,2026-09-14 15:43:23,internet
BCH004771,ACC002845,BEN45164,BEN79967,2026-09-14 15:43:50,branch
BCH004772,ACC001281,BEN58050,BEN50508,2026-09-14 15:40:29,branch
BCH004773,ACC004846,BEN42239,BEN70280,2026-09-14 15:41:52,mobile
BCH004774,ACC004237,BEN34667,BEN20991,2026-09-14 15:42:58,branch
BCH004775,ACC004409,BEN31874,BEN95411,2026-09-14 15:40:29,branch
BCH004776,ACC000090,BEN84460,BEN33255,2026-09-14 15:41:18,internet
BCH004777,ACC002269,BEN65968,BEN29518,2026-09-14 15:45:05,internet
BCH004778,ACC002480,BEN66324,BEN72233,2026-09-14 15:44:28,branch
BCH004779,ACC001990,BEN94895,BEN79069,2026-09-14 15:41:51,internet
BCH004780,ACC003397,BEN59281,BEN84936,2026-09-14 15:41:46,branch
BCH004781,ACC002846,BEN40369,BEN35962,2026-09-14 15:40:17,internet
BCH004782,ACC001214,BEN70198,BEN80923,2026-09-14 15:44:25,mobile
BCH004783,ACC002638,BEN83374,BEN43674,2026-09-14 15:41:39,internet
BCH004784,ACC002367,BEN73069,BEN67931,2026-09-14 15:43:00,branch
BCH004785,ACC002909,BEN63134,BEN88536,2026-09-14 15:43:48,branch
BCH004786,ACC003815,BEN66242,BEN33571,2026-09-14 15:40:56,branch
BCH004787,ACC000080,BEN27151,BEN12724,2026-09-14 15:45:16,branch
BCH004788,ACC002891,BEN32930,BEN81352,2026-09-14 15:45:44,internet
BCH004789,ACC002324,BEN90815,BEN61885,2026-09-14 15:42:37,mobile
BCH004790,ACC002047,BEN98476,BEN49635,2026-09-14 15:41:41,mobile
BCH004791,ACC004639,BEN50531,BEN78088,2026-09-14 15:43:13,mobile
BCH004792,ACC002989,BEN51657,BEN70658,2026-09-14 15:45:45,mobile
BCH004793,ACC001818,BEN30306,BEN41967,2026-09-14 15:42:36,branch
BCH004794,ACC003515,BEN36979,BEN67470,2026-09-14 15:43:10,branch
BCH004795,ACC002403,BEN55471,BEN17225,2026-09-14 15:41:54,mobile
BCH004796,ACC003739,BEN51094,BEN33910,2026-09-14 15:44:45,branch
BCH004797,ACC001292,BEN73387,BEN37567,2026-09-14 15:43:17,branch
BCH004798,ACC004606,BEN26050,BEN27346,2026-09-14 15:40:18,mobile
BCH004799,ACC000873,BEN54715,BEN70099,2026-09-14 15:42:26,branch
BCH004800,ACC003749,BEN18334,BEN94222,2026-09-14 15:41:27,mobile
BCH004801,ACC000319,BEN64099,BEN75304,2026-09-14 15:41:56,mobile
BCH004802,ACC002932,BEN64288,BEN95896,2026-09-14 15:44:34,internet
BCH004803,ACC003445,BEN10866,BEN64120,2026-09-14 15:44:47,internet
BCH004804,ACC003701,BEN48230,BEN28699,2026-09-14 15:45:11,mobile
BCH004805,ACC003434,BEN12370,BEN56677,2026-09-14 15:43:10,branch
BCH004806,ACC003571,BEN70373,BEN50368,2026-09-14 15:41:40,branch
BCH004807,ACC002329,BEN51633,BEN34969,2026-09-14 15:44:14,branch
BCH004808,ACC000537,BEN75363,BEN98438,2026-09-14 15:45:23,branch
BCH004809,ACC000098,BEN18614,BEN24902,2026-09-14 15:40:08,internet
BCH004810,ACC000799,BEN52613,BEN52664,2026-09-14 15:45:46,mobile
BCH004811,ACC000187,BEN85771,BEN33131,2026-09-14 15:40:35,mobile
BCH004812,ACC004701,BEN20765,BEN27489,2026-09-14 15:44:37,branch
BCH004813,ACC004368,BEN72788,BEN53623,2026-09-14 15:41:05,branch
BCH004814,ACC002426,BEN55937,BEN22589,2026-09-14 15:45:31,internet
BCH004815,ACC001651,BEN55210,BEN11227,2026-09-14 15:45:39,internet
BCH004816,ACC000586,BEN21567,BEN14713,2026-09-14 15:40:05,branch
BCH004817,ACC003518,BEN18668,BEN26295,2026-09-14 15:43:12,branch
BCH004818,ACC000768,BEN68051,BEN30941,2026-09-14 15:45:27,branch
BCH004819,ACC003328,BEN17892,BEN49521,2026-09-14 15:44:30,branch
BCH004820,ACC003490,BEN88170,BEN40380,2026-09-14 15:42:31,internet
BCH004821,ACC004082,BEN20590,BEN22372,2026-09-14 15:40:27,internet
BCH004822,ACC000865,BEN90637,BEN35582,2026-09-14 15:45:52,mobile
BCH004823,ACC001088,BEN59684,BEN88661,2026-09-14 15:44:07,branch
BCH004824,ACC001979,BEN12463,BEN28938,2026-09-14 15:42:45,mobile
BCH004825,ACC002589,BEN19245,BEN70301,2026-09-14 15:44:40,mobile
BCH004826,ACC000207,BEN61866,BEN80178,2026-09-14 15:45:05,internet
BCH004827,ACC002987,BEN36350,BEN33607,2026-09-14 15:44:03,branch
BCH004828,ACC000000,BEN76026,BEN36327,2026-09-14 15:45:30,branch
BCH004829,ACC003705,BEN75730,BEN73108,2026-09-14 15:45:07,branch
BCH004830,ACC002245,BEN58980,BEN74521,2026-09-14 15:44:52,internet
BCH004831,ACC001736,BEN96680,BEN61168,2026-09-14 15:45:32,mobile
BCH004832,ACC001555,BEN95344,BEN32772,2026-09-14 15:40:55,mobile
BCH004833,ACC002876,BEN55772,BEN89596,2026-09-14 15:40:20,internet
BCH004834,ACC004386,BEN13246,BEN15130,2026-09-14 15:42:24,internet
BCH004835,ACC003084,BEN49972,BEN33025,2026-09-14 15:44:37,internet
BCH004836,ACC004190,BEN95512,BEN13605,2026-09-14 15:41:12,internet
BCH004837,ACC004060,BEN89323,BEN88623,2026-09-14 15:43:11,mobile
BCH004838,ACC001129,BEN64952,BEN50058,2026-09-14 15:41:48,mobile
BCH004839,ACC003710,BEN54815,BEN56984,2026-09-14 15:42:33,branch
BCH004840,ACC000812,BEN58865,BEN26582,2026-09-14 15:42:06,branch
BCH004841,ACC002003,BEN69296,BEN66512,2026-09-14 15:41:17,internet
BCH004842,ACC001143,BEN62266,BEN55213,2026-09-14 15:40:16,mobile
BCH004843,ACC000498,BEN54626,BEN93082,2026-09-14 15:45:15,internet
BCH004844,ACC000191,BEN63250,BEN54847,2026-09-14 15:43:17,mobile
BCH004845,ACC003538,BEN93922,BEN69494,2026-09-14 15:42:59,mobile
BCH004846,ACC001774,BEN93508,BEN83355,2026-09-14 15:42:48,branch
BCH004847,ACC003612,BEN42308,BEN18587,2026-09-14 15:41:30,internet
BCH004848,ACC001622,BEN15718,BEN62182,2026-09-14 15:45:35,internet
BCH004849,ACC003705,BEN84786,BEN34461,2026-09-14 15:43:41,internet
BCH004850,ACC000753,BEN17074,BEN69907,2026-09-14 15:44:39,internet
BCH004851,ACC004752,BEN18532,BEN38952,2026-09-14 15:45:18,mobile
BCH004852,ACC002219,BEN83914,BEN71396,2026-09-14 15:40:46,branch
BCH004853,ACC004970,BEN59975,BEN24327,2026-09-14 15:44:51,internet
BCH004854,ACC000687,BEN24749,BEN31214,2026-09-14 15:41:16,mobile
BCH004855,ACC000619,BEN17934,BEN30510,2026-09-14 15:44:19,internet
BCH004856,ACC003221,BEN94851,BEN12290,2026-09-14 15:41:35,internet
BCH004857,ACC004658,BEN85044,BEN83682,2026-09-14 15:42:24,branch
BCH004858,ACC003479,BEN82590,BEN18673,2026-09-14 15:45:24,branch
BCH004859,ACC003295,BEN60384,BEN72835,2026-09-14 15:43:34,mobile
BCH004860,ACC002605,BEN21600,BEN38992,2026-09-14 15:46:05,internet
BCH004861,ACC003655,BEN66899,BEN15535,2026-09-14 15:42:54,internet
BCH004862,ACC004753,BEN97929,BEN22601,2026-09-14 15:41:56,internet
BCH004863,ACC002153,BEN88938,BEN77461,2026-09-14 15:40:16,internet
BCH004864,ACC000857,BEN69150,BEN86091,2026-09-14 15:43:32,mobile
BCH004865,ACC004353,BEN55895,BEN50742,2026-09-14 15:43:15,internet
BCH004866,ACC003566,BEN85412,BEN97981,2026-09-14 15:41:54,mobile
BCH004867,ACC004365,BEN68566,BEN65286,2026-09-14 15:42:08,mobile
BCH004868,ACC001613,BEN85820,BEN80642,2026-09-14 15:44:26,internet
BCH004869,ACC002416,BEN37120,BEN77304,2026-09-14 15:43:19,internet
BCH004870,ACC001785,BEN76046,BEN69272,2026-09-14 15:43:45,mobile
BCH004871,ACC004802,BEN22263,BEN83023,2026-09-14 15:43:40,internet
BCH004872,ACC004648,BEN19750,BEN35604,2026-09-14 15:40:23,branch
BCH004873,ACC001288,BEN25162,BEN44454,2026-09-14 15:44:52,mobile
BCH004874,ACC002090,BEN99312,BEN50298,2026-09-14 15:46:00,branch
BCH004875,ACC000524,BEN80424,BEN17868,2026-09-14 15:41:48,branch
BCH004876,ACC003281,BEN11134,BEN39725,2026-09-14 15:43:12,mobile
BCH004877,ACC001169,BEN55221,BEN88413,2026-09-14 15:43:00,branch
BCH004878,ACC002293,BEN34791,BEN54311,2026-09-14 15:43:55,mobile
BCH004879,ACC002590,BEN85692,BEN72588,2026-09-14 15:44:35,branch
BCH004880,ACC001556,BEN19231,BEN27408,2026-09-14 15:41:25,internet
BCH004881,ACC001044,BEN96004,BEN58689,2026-09-14 15:40:37,branch
BCH004882,ACC004961,BEN31385,BEN41810,2026-09-14 15:40:24,branch
BCH004883,ACC000747,BEN92431,BEN80168,2026-09-14 15:40:15,mobile
BCH004884,ACC003139,BEN68527,BEN26435,2026-09-14 15:45:16,branch
BCH004885,ACC000814,BEN79506,BEN50892,2026-09-14 15:42:22,internet
BCH004886,ACC000193,BEN73171,BEN20620,2026-09-14 15:43:33,internet
BCH004887,ACC000798,BEN51298,BEN96136,2026-09-14 15:40:52,internet
BCH004888,ACC001756,BEN57156,BEN29680,2026-09-14 15:41:45,mobile
BCH004889,ACC001797,BEN51387,BEN71500,2026-09-14 15:40:19,branch
BCH004890,ACC001724,BEN13787,BEN25163,2026-09-14 15:42:45,internet
BCH004891,ACC003628,BEN74834,BEN41967,2026-09-14 15:43:15,mobile
BCH004892,ACC001831,BEN90864,BEN57595,2026-09-14 15:41:40,mobile
BCH004893,ACC004790,BEN59606,BEN67036,2026-09-14 15:43:06,internet
BCH004894,ACC004892,BEN77271,BEN45525,2026-09-14 15:43:27,mobile
BCH004895,ACC000663,BEN18267,BEN89458,2026-09-14 15:43:07,internet
BCH004896,ACC001535,BEN41492,BEN32997,2026-09-14 15:44:02,mobile
BCH004897,ACC002531,BEN97350,BEN95351,2026-09-14 15:43:34,internet
BCH004898,ACC000074,BEN60800,BEN87712,2026-09-14 15:41:00,branch
BCH004899,ACC000900,BEN70675,BEN71097,2026-09-14 15:45:27,branch
BCH004900,ACC002881,BEN42908,BEN44046,2026-09-14 15:43:56,mobile
BCH004901,ACC002752,BEN18124,BEN66467,2026-09-14 15:44:33,internet
BCH004902,ACC003468,BEN83183,BEN73781,2026-09-14 15:40:46,mobile
BCH004903,ACC002986,BEN62553,BEN10641,2026-09-14 15:41:27,internet
BCH004904,ACC003638,BEN78463,BEN25659,2026-09-14 15:44:38,mobile
BCH004905,ACC004015,BEN77429,BEN42304,2026-09-14 15:42:44,mobile
BCH004906,ACC003979,BEN78898,BEN15335,2026-09-14 15:44:31,mobile
BCH004907,ACC002222,BEN13934,BEN95154,2026-09-14 15:44:13,branch
BCH004908,ACC003885,BEN84468,BEN48543,2026-09-14 15:40:53,internet
BCH004909,ACC002783,BEN87186,BEN32378,2026-09-14 15:42:13,mobile
BCH004910,ACC001555,BEN19855,BEN86537,2026-09-14 15:41:35,mobile
BCH004911,ACC003861,BEN28246,BEN79359,2026-09-14 15:43:51,branch
BCH004912,ACC004742,BEN19573,BEN42044,2026-09-14 15:45:03,internet
BCH004913,ACC002946,BEN90486,BEN46150,2026-09-14 15:46:01,branch
BCH004914,ACC003968,BEN64018,BEN92660,2026-09-14 15:41:42,internet
BCH004915,ACC001825,BEN36497,BEN15332,2026-09-14 15:43:20,internet
BCH004916,ACC002303,BEN46576,BEN90017,2026-09-14 15:42:19,mobile
BCH004917,ACC001382,BEN81625,BEN20663,2026-09-14 15:44:30,branch
BCH004918,ACC000381,BEN30532,BEN55376,2026-09-14 15:45:09,internet
BCH004919,ACC002176,BEN22486,BEN73425,2026-09-14 15:42:34,internet
BCH004920,ACC003320,BEN46139,BEN23655,2026-09-14 15:44:00,branch
BCH004921,ACC001166,BEN85297,BEN91160,2026-09-14 15:42:05,internet
BCH004922,ACC002270,BEN14196,BEN99882,2026-09-14 15:45:35,internet
BCH004923,ACC002438,BEN12219,BEN16482,2026-09-14 15:43:07,branch
BCH004924,ACC004381,BEN97317,BEN51177,2026-09-14 15:41:24,branch
BCH004925,ACC003274,BEN66006,BEN37063,2026-09-14 15:45:06,mobile
BCH004926,ACC004345,BEN91097,BEN84232,2026-09-14 15:43:43,internet
BCH004927,ACC001366,BEN21275,BEN80316,2026-09-14 15:45:25,mobile
BCH004928,ACC000637,BEN93130,BEN90073,2026-09-14 15:41:20,branch
BCH004929,ACC000428,BEN18566,BEN14431,2026-09-14 15:41:47,mobile
BCH004930,ACC002300,BEN14199,BEN28893,2026-09-14 15:40:54,branch
BCH004931,ACC003709,BEN92785,BEN31885,2026-09-14 15:41:26,branch
BCH004932,ACC002438,BEN34844,BEN70976,2026-09-14 15:42:45,internet
BCH004933,ACC002561,BEN11496,BEN45078,2026-09-14 15:45:12,branch
BCH004934,ACC001659,BEN37052,BEN52858,2026-09-14 15:45:01,mobile
BCH004935,ACC001141,BEN66488,BEN27051,2026-09-14 15:44:35,mobile
BCH004936,ACC003526,BEN89560,BEN44361,2026-09-14 15:44:59,branch
BCH004937,ACC002386,BEN45474,BEN82349,2026-09-14 15:46:02,mobile
BCH004938,ACC001728,BEN87200,BEN88476,2026-09-14 15:45:46,internet
BCH004939,ACC001197,BEN64371,BEN36781,2026-09-14 15:45:03,branch
BCH004940,ACC000226,BEN81022,BEN87062,2026-09-14 15:43:24,branch
BCH004941,ACC001573,BEN66122,BEN45922,2026-09-14 15:43:41,internet
BCH004942,ACC000374,BEN64245,BEN45137,2026-09-14 15:42:09,mobile
BCH004943,ACC001589,BEN82494,BEN81570,2026-09-14 15:45:02,branch
BCH004944,ACC001353,BEN20323,BEN17121,2026-09-14 15:42:49,branch
BCH004945,ACC002739,BEN86087,BEN86072,2026-09-14 15:41:47,branch
BCH004946,ACC000711,BEN74394,BEN80187,2026-09-14 15:42:53,internet
BCH004947,ACC000958,BEN48108,BEN65151,2026-09-14 15:43:03,internet
BCH004948,ACC001007,BEN43317,BEN41952,2026-09-14 15:43:41,internet
BCH004949,ACC000832,BEN37594,BEN83867,2026-09-14 15:43:27,mobile
BCH004950,ACC002350,BEN49936,BEN70325,2026-09-14 15:42:18,mobile
BCH004951,ACC001925,BEN32586,BEN71417,2026-09-14 15:41:16,mobile
BCH004952,ACC003559,BEN55753,BEN75815,2026-09-14 15:44:07,internet
BCH004953,ACC004316,BEN95345,BEN72983,2026-09-14 15:40:43,internet
BCH004954,ACC001390,BEN38319,BEN18512,2026-09-14 15:42:24,branch
BCH004955,ACC000376,BEN18724,BEN24726,2026-09-14 15:41:00,internet
BCH004956,ACC004190,BEN37586,BEN34780,2026-09-14 15:41:26,internet
BCH004957,ACC002747,BEN85410,BEN10746,2026-09-14 15:45:04,branch
BCH004958,ACC002905,BEN72738,BEN24856,2026-09-14 15:41:26,internet
BCH004959,ACC001234,BEN23866,BEN52831,2026-09-14 15:44:40,branch
BCH004960,ACC003118,BEN83369,BEN47567,2026-09-14 15:42:30,branch
BCH004961,ACC001823,BEN19667,BEN27887,2026-09-14 15:43:19,mobile
BCH004962,ACC002339,BEN59072,BEN44053,2026-09-14 15:45:30,internet
BCH004963,ACC001443,BEN11662,BEN40375,2026-09-14 15:44:00,mobile
BCH004964,ACC004402,BEN89112,BEN32260,2026-09-14 15:40:55,internet
BCH004965,ACC004428,BEN99559,BEN68052,2026-09-14 15:41:50,internet
BCH004966,ACC002763,BEN95813,BEN99363,2026-09-14 15:41:35,internet
BCH004967,ACC002611,BEN91398,BEN12374,2026-09-14 15:45:01,mobile
BCH004968,ACC004284,BEN72326,BEN11885,2026-09-14 15:42:33,mobile
BCH004969,ACC004121,BEN63046,BEN59987,2026-09-14 15:42:21,branch
BCH004970,ACC001820,BEN87265,BEN97663,2026-09-14 15:43:18,mobile
BCH004971,ACC004250,BEN69118,BEN87400,2026-09-14 15:41:05,branch
BCH004972,ACC000172,BEN54429,BEN28228,2026-09-14 15:40:37,mobile
BCH004973,ACC004881,BEN83891,BEN28440,2026-09-14 15:41:01,mobile
BCH004974,ACC004829,BEN43514,BEN43434,2026-09-14 15:44:47,mobile
BCH004975,ACC004790,BEN57297,BEN86927,2026-09-14 15:45:35,internet
BCH004976,ACC004416,BEN83571,BEN32501,2026-09-14 15:43:09,internet
BCH004977,ACC003383,BEN45939,BEN30209,2026-09-14 15:43:38,branch
BCH004978,ACC003009,BEN11556,BEN61130,2026-09-14 15:41:24,mobile
BCH004979,ACC001138,BEN60308,BEN11843,2026-09-14 15:41:00,mobile
BCH004980,ACC004244,BEN81103,BEN19787,2026-09-14 15:41:36,branch
BCH004981,ACC004305,BEN76150,BEN42727,2026-09-14 15:40:37,branch
BCH004982,ACC000988,BEN90654,BEN54229,2026-09-14 15:40:51,internet
BCH004983,ACC000305,BEN61090,BEN75069,2026-09-14 15:45:46,branch
BCH004984,ACC004159,BEN21653,BEN88152,2026-09-14 15:44:55,mobile
BCH004985,ACC001547,BEN77986,BEN27062,2026-09-14 15:41:44,mobile
BCH004986,ACC001692,BEN27611,BEN77440,2026-09-14 15:43:34,branch
BCH004987,ACC004582,BEN23630,BEN24431,2026-09-14 15:46:01,mobile
BCH004988,ACC001340,BEN88588,BEN49089,2026-09-14 15:45:27,internet
BCH004989,ACC002316,BEN54180,BEN54636,2026-09-14 15:40:09,internet
BCH004990,ACC004482,BEN25420,BEN51808,2026-09-14 15:44:06,internet
BCH004991,ACC000066,BEN98956,BEN55371,2026-09-14 15:42:11,mobile
BCH004992,ACC001381,BEN37259,BEN75331,2026-09-14 15:40:08,branch
BCH004993,ACC003119,BEN12391,BEN63987,2026-09-14 15:45:39,internet
BCH004994,ACC002315,BEN98079,BEN98285,2026-09-14 15:45:09,internet
BCH004995,ACC002102,BEN21845,BEN76560,2026-09-14 15:43:05,mobile
BCH004996,ACC002019,BEN74173,BEN10166,2026-09-14 15:40:29,internet
BCH004997,ACC003783,BEN99207,BEN44069,2026-09-14 15:43:31,internet
BCH004998,ACC000427,BEN48681,BEN77157,2026-09-14 15:45:42,branch
BCH004999,ACC002511,BEN14837,BEN51492,2026-09-14 15:45:41,internet
BCH005000,ACC000599,BEN18575,BEN38535,2026-09-14 15:42:14,mobile
BCH005001,ACC002722,BEN34031,BEN45234,2026-09-14 15:42:25,branch
BCH005002,ACC000756,BEN83842,BEN13747,2026-09-14 15:44:11,internet
BCH005003,ACC000282,BEN87416,BEN54313,2026-09-14 15:45:35,internet
BCH005004,ACC000035,BEN28291,BEN48569,2026-09-14 15:40:50,internet
BCH005005,ACC004543,BEN31166,BEN80462,2026-09-14 15:42:00,branch
BCH005006,ACC002870,BEN68360,BEN21977,2026-09-14 15:41:37,internet
BCH005007,ACC004812,BEN38757,BEN46784,2026-09-14 15:42:19,branch
BCH005008,ACC000798,BEN76452,BEN28108,2026-09-14 15:42:25,branch
BCH005009,ACC004328,BEN38997,BEN43522,2026-09-14 15:43:21,branch
BCH005010,ACC003991,BEN66453,BEN75295,2026-09-14 15:44:53,branch
BCH005011,ACC001999,BEN29678,BEN79491,2026-09-14 15:42:47,branch
BCH005012,ACC003023,BEN46598,BEN93672,2026-09-14 15:45:55,internet
BCH005013,ACC001649,BEN11659,BEN56084,2026-09-14 15:42:47,mobile
BCH005014,ACC000266,BEN40428,BEN96434,2026-09-14 15:44:41,mobile
BCH005015,ACC003692,BEN96014,BEN41632,2026-09-14 15:42:21,branch
BCH005016,ACC001171,BEN63970,BEN24315,2026-09-14 15:41:27,mobile
BCH005017,ACC002755,BEN63332,BEN82983,2026-09-14 15:44:03,internet
BCH005018,ACC001703,BEN10036,BEN18368,2026-09-14 15:44:08,mobile
BCH005019,ACC003302,BEN34522,BEN19568,2026-09-14 15:42:05,branch
BCH005020,ACC002985,BEN47712,BEN51376,2026-09-14 15:44:20,internet
BCH005021,ACC001013,BEN19369,BEN80489,2026-09-14 15:43:01,mobile
BCH005022,ACC004649,BEN14582,BEN90498,2026-09-14 15:43:34,mobile
BCH005023,ACC000217,BEN48012,BEN88312,2026-09-14 15:42:49,internet
BCH005024,ACC001847,BEN52499,BEN20992,2026-09-14 15:44:02,mobile
BCH005025,ACC004434,BEN82030,BEN32323,2026-09-14 15:44:54,internet
BCH005026,ACC003847,BEN32429,BEN34854,2026-09-14 15:41:36,branch
BCH005027,ACC002313,BEN94845,BEN98310,2026-09-14 15:41:58,internet
BCH005028,ACC000082,BEN25117,BEN42093,2026-09-14 15:44:07,mobile
BCH005029,ACC004122,BEN73884,BEN90243,2026-09-14 15:40:08,branch
BCH005030,ACC000191,BEN94386,BEN15167,2026-09-14 15:46:03,internet
BCH005031,ACC003269,BEN57557,BEN48463,2026-09-14 15:42:03,branch
BCH005032,ACC002176,BEN54590,BEN90312,2026-09-14 15:40:38,mobile
BCH005033,ACC003741,BEN53853,BEN45573,2026-09-14 15:42:52,internet
BCH005034,ACC001689,BEN87696,BEN93377,2026-09-14 15:42:06,internet
BCH005035,ACC000151,BEN19804,BEN55119,2026-09-14 15:42:54,mobile
BCH005036,ACC002035,BEN19259,BEN10445,2026-09-14 15:44:11,internet
BCH005037,ACC002633,BEN13278,BEN94896,2026-09-14 15:42:33,internet
BCH005038,ACC000422,BEN69633,BEN26644,2026-09-14 15:40:09,internet
BCH005039,ACC003078,BEN12077,BEN65327,2026-09-14 15:40:55,mobile
BCH005040,ACC001148,BEN68814,BEN20732,2026-09-14 15:45:52,mobile
BCH005041,ACC000223,BEN76041,BEN13237,2026-09-14 15:43:06,internet
BCH005042,ACC002793,BEN64450,BEN84639,2026-09-14 15:42:26,branch
BCH005043,ACC003833,BEN38974,BEN60732,2026-09-14 15:45:22,internet
BCH005044,ACC001194,BEN89782,BEN61947,2026-09-14 15:42:24,mobile
BCH005045,ACC003496,BEN68566,BEN80334,2026-09-14 15:40:09,branch
BCH005046,ACC001925,BEN58136,BEN79891,2026-09-14 15:40:53,internet
BCH005047,ACC000270,BEN93836,BEN77403,2026-09-14 15:43:33,branch
BCH005048,ACC000676,BEN84385,BEN50282,2026-09-14 15:43:14,mobile
BCH005049,ACC004929,BEN30102,BEN59027,2026-09-14 15:42:23,internet
BCH005050,ACC001364,BEN43193,BEN39502,2026-09-14 15:45:41,mobile
BCH005051,ACC001695,BEN47164,BEN83379,2026-09-14 15:45:06,branch
BCH005052,ACC004744,BEN96770,BEN26835,2026-09-14 15:42:13,internet
BCH005053,ACC003974,BEN44603,BEN86096,2026-09-14 15:40:06,mobile
BCH005054,ACC000519,BEN44315,BEN58260,2026-09-14 15:44:09,mobile
BCH005055,ACC003551,BEN97352,BEN35772,2026-09-14 15:44:33,mobile
BCH005056,ACC003279,BEN68022,BEN70967,2026-09-14 15:41:32,branch
BCH005057,ACC000911,BEN76720,BEN21750,2026-09-14 15:43:28,mobile
BCH005058,ACC004573,BEN41861,BEN16231,2026-09-14 15:40:30,internet
BCH005059,ACC004886,BEN94122,BEN72547,2026-09-14 15:44:30,branch
BCH005060,ACC000249,BEN37386,BEN26238,2026-09-14 15:42:14,internet
BCH005061,ACC002139,BEN92362,BEN85793,2026-09-14 15:40:27,internet
BCH005062,ACC001883,BEN26903,BEN50195,2026-09-14 15:40:33,branch
BCH005063,ACC004568,BEN85089,BEN25489,2026-09-14 15:44:27,mobile
BCH005064,ACC004852,BEN74868,BEN48447,2026-09-14 15:42:17,branch
BCH005065,ACC002723,BEN65422,BEN43391,2026-09-14 15:43:33,branch
BCH005066,ACC004903,BEN69333,BEN18419,2026-09-14 15:41:05,internet
BCH005067,ACC004254,BEN63329,BEN72353,2026-09-14 15:42:03,mobile
BCH005068,ACC002516,BEN39480,BEN43446,2026-09-14 15:44:22,internet
BCH005069,ACC003851,BEN34033,BEN95942,2026-09-14 15:43:00,mobile
BCH005070,ACC001729,BEN66034,BEN59753,2026-09-14 15:41:54,internet
BCH005071,ACC000111,BEN30505,BEN60457,2026-09-14 15:41:59,internet
BCH005072,ACC001743,BEN85458,BEN58819,2026-09-14 15:43:24,mobile
BCH005073,ACC000214,BEN92333,BEN79560,2026-09-14 15:41:36,internet
BCH005074,ACC002821,BEN85179,BEN18638,2026-09-14 15:44:15,branch
BCH005075,ACC002818,BEN54359,BEN81682,2026-09-14 15:40:08,internet
BCH005076,ACC002787,BEN91830,BEN44426,2026-09-14 15:41:19,internet
BCH005077,ACC000112,BEN84113,BEN80903,2026-09-14 15:45:56,internet
BCH005078,ACC001159,BEN45704,BEN45241,2026-09-14 15:43:45,branch
BCH005079,ACC000289,BEN70023,BEN49901,2026-09-14 15:41:52,mobile
BCH005080,ACC003056,BEN48581,BEN54233,2026-09-14 15:45:24,internet
BCH005081,ACC000496,BEN27791,BEN17138,2026-09-14 15:40:37,branch
BCH005082,ACC001283,BEN28000,BEN43216,2026-09-14 15:44:57,mobile
BCH005083,ACC002986,BEN52226,BEN45730,2026-09-14 15:45:08,mobile
BCH005084,ACC004884,BEN55947,BEN88368,2026-09-14 15:41:31,internet
BCH005085,ACC001317,BEN28753,BEN38702,2026-09-14 15:46:00,branch
BCH005086,ACC004462,BEN39063,BEN37245,2026-09-14 15:42:42,internet
BCH005087,ACC002660,BEN78181,BEN33875,2026-09-14 15:43:50,internet
BCH005088,ACC002767,BEN88663,BEN70701,2026-09-14 15:40:18,internet
BCH005089,ACC003374,BEN24530,BEN85033,2026-09-14 15:41:17,branch
BCH005090,ACC000028,BEN25373,BEN16375,2026-09-14 15:40:33,internet
BCH005091,ACC004588,BEN46299,BEN35559,2026-09-14 15:43:01,internet
BCH005092,ACC002388,BEN76007,BEN92051,2026-09-14 15:45:39,mobile
BCH005093,ACC002532,BEN63496,BEN33866,2026-09-14 15:45:45,branch
BCH005094,ACC001132,BEN46314,BEN82358,2026-09-14 15:41:41,internet
BCH005095,ACC003321,BEN31981,BEN63373,2026-09-14 15:42:32,internet
BCH005096,ACC002666,BEN90297,BEN56375,2026-09-14 15:45:45,mobile
BCH005097,ACC001146,BEN67085,BEN48623,2026-09-14 15:42:53,branch
BCH005098,ACC001858,BEN98652,BEN21224,2026-09-14 15:41:30,branch
BCH005099,ACC002406,BEN39317,BEN27059,2026-09-14 15:41:05,branch
BCH005100,ACC002698,BEN28799,BEN31842,2026-09-14 15:40:17,branch
BCH005101,ACC002788,BEN19579,BEN28715,2026-09-14 15:40:56,branch
BCH005102,ACC002737,BEN66008,BEN23874,2026-09-14 15:43:25,branch
BCH005103,ACC000298,BEN95438,BEN47265,2026-09-14 15:41:26,internet
BCH005104,ACC000699,BEN82656,BEN39168,2026-09-14 15:44:53,internet
BCH005105,ACC004122,BEN45329,BEN25097,2026-09-14 15:40:54,internet
BCH005106,ACC000540,BEN49389,BEN49643,2026-09-14 15:42:00,mobile
BCH005107,ACC000741,BEN75524,BEN57098,2026-09-14 15:45:47,internet
BCH005108,ACC003453,BEN69772,BEN95316,2026-09-14 15:42:29,branch
BCH005109,ACC003899,BEN79179,BEN31110,2026-09-14 15:42:55,mobile
BCH005110,ACC000337,BEN58263,BEN83300,2026-09-14 15:44:06,internet
BCH005111,ACC003789,BEN72646,BEN93866,2026-09-14 15:43:58,mobile
BCH005112,ACC000357,BEN93873,BEN43194,2026-09-14 15:42:44,internet
BCH005113,ACC001188,BEN57570,BEN15994,2026-09-14 15:44:04,mobile
BCH005114,ACC000553,BEN97128,BEN92686,2026-09-14 15:44:11,branch
BCH005115,ACC000185,BEN51730,BEN83201,2026-09-14 15:43:03,mobile
BCH005116,ACC003150,BEN60666,BEN96868,2026-09-14 15:40:20,mobile
BCH005117,ACC002786,BEN12206,BEN21482,2026-09-14 15:45:23,internet
BCH005118,ACC002577,BEN91658,BEN46686,2026-09-14 15:40:33,internet
BCH005119,ACC002760,BEN14373,BEN36852,2026-09-14 15:42:43,branch
BCH005120,ACC004048,BEN46673,BEN93385,2026-09-14 15:44:38,internet
BCH005121,ACC001973,BEN38330,BEN11381,2026-09-14 15:44:39,branch
BCH005122,ACC003054,BEN77976,BEN78289,2026-09-14 15:46:02,branch
BCH005123,ACC002929,BEN48108,BEN35119,2026-09-14 15:42:11,branch
BCH005124,ACC004588,BEN93609,BEN67396,2026-09-14 15:45:49,branch
BCH005125,ACC003626,BEN24760,BEN13900,2026-09-14 15:44:54,internet
BCH005126,ACC000793,BEN71669,BEN17519,2026-09-14 15:42:37,mobile
BCH005127,ACC000529,BEN34149,BEN41930,2026-09-14 15:40:33,internet
BCH005128,ACC002647,BEN64311,BEN69792,2026-09-14 15:42:26,branch
BCH005129,ACC004854,BEN97903,BEN72429,2026-09-14 15:42:14,mobile
BCH005130,ACC002968,BEN32185,BEN44571,2026-09-14 15:43:09,mobile
BCH005131,ACC004372,BEN27197,BEN95042,2026-09-14 15:40:13,branch
BCH005132,ACC001682,BEN31453,BEN65178,2026-09-14 15:43:02,mobile
BCH005133,ACC002002,BEN81353,BEN61153,2026-09-14 15:45:17,mobile
BCH005134,ACC004157,BEN22475,BEN82366,2026-09-14 15:40:50,internet
BCH005135,ACC000814,BEN46836,BEN47336,2026-09-14 15:44:39,branch
BCH005136,ACC003279,BEN18693,BEN58280,2026-09-14 15:42:33,mobile
BCH005137,ACC002445,BEN17927,BEN83444,2026-09-14 15:43:54,internet
BCH005138,ACC000396,BEN77513,BEN18167,2026-09-14 15:43:30,branch
BCH005139,ACC000930,BEN81769,BEN16407,2026-09-14 15:45:51,mobile
BCH005140,ACC001901,BEN77236,BEN47782,2026-09-14 15:43:56,internet
BCH005141,ACC003669,BEN42267,BEN29485,2026-09-14 15:43:57,internet
BCH005142,ACC001797,BEN30566,BEN63985,2026-09-14 15:42:09,internet
BCH005143,ACC002071,BEN58543,BEN66096,2026-09-14 15:41:49,branch
BCH005144,ACC002957,BEN10149,BEN78875,2026-09-14 15:42:51,internet
BCH005145,ACC004132,BEN86947,BEN96510,2026-09-14 15:45:13,branch
BCH005146,ACC004042,BEN17455,BEN27592,2026-09-14 15:46:05,internet
BCH005147,ACC004387,BEN93281,BEN73104,2026-09-14 15:45:00,branch
BCH005148,ACC004454,BEN74482,BEN55556,2026-09-14 15:41:28,internet
BCH005149,ACC004897,BEN47942,BEN85153,2026-09-14 15:41:33,internet
BCH005150,ACC003486,BEN98732,BEN40986,2026-09-14 15:43:06,mobile
BCH005151,ACC001180,BEN65908,BEN66777,2026-09-14 15:43:06,branch
BCH005152,ACC000808,BEN80829,BEN65113,2026-09-14 15:40:38,mobile
BCH005153,ACC004622,BEN46428,BEN79585,2026-09-14 15:42:10,branch
BCH005154,ACC001014,BEN62159,BEN16547,2026-09-14 15:42:12,internet
BCH005155,ACC002936,BEN70907,BEN84900,2026-09-14 15:41:41,branch
BCH005156,ACC004988,BEN30834,BEN22235,2026-09-14 15:42:12,branch
BCH005157,ACC000293,BEN34657,BEN52319,2026-09-14 15:45:13,branch
BCH005158,ACC001621,BEN99614,BEN23678,2026-09-14 15:42:50,mobile
BCH005159,ACC004035,BEN39085,BEN85090,2026-09-14 15:40:56,internet
BCH005160,ACC000446,BEN74814,BEN82563,2026-09-14 15:44:21,mobile
BCH005161,ACC001024,BEN86868,BEN66146,2026-09-14 15:41:38,internet
BCH005162,ACC003596,BEN58936,BEN91525,2026-09-14 15:40:36,branch
BCH005163,ACC000032,BEN79663,BEN30803,2026-09-14 15:40:37,mobile
BCH005164,ACC001138,BEN67679,BEN31035,2026-09-14 15:44:09,branch
BCH005165,ACC002784,BEN35593,BEN11279,2026-09-14 15:44:14,mobile
BCH005166,ACC003284,BEN27107,BEN71769,2026-09-14 15:42:36,mobile
BCH005167,ACC004886,BEN84895,BEN93140,2026-09-14 15:40:17,branch
BCH005168,ACC003540,BEN57634,BEN30028,2026-09-14 15:45:54,branch
BCH005169,ACC000898,BEN25271,BEN26105,2026-09-14 15:44:03,mobile
BCH005170,ACC001528,BEN52648,BEN43458,2026-09-14 15:40:45,branch
BCH005171,ACC000524,BEN18331,BEN40404,2026-09-14 15:41:15,mobile
BCH005172,ACC002479,BEN95812,BEN76565,2026-09-14 15:40:39,internet
BCH005173,ACC002000,BEN42119,BEN42437,2026-09-14 15:43:52,mobile
BCH005174,ACC003989,BEN47326,BEN51526,2026-09-14 15:46:02,internet
BCH005175,ACC003934,BEN27939,BEN90146,2026-09-14 15:42:32,internet
BCH005176,ACC004259,BEN86580,BEN50281,2026-09-14 15:43:55,branch
BCH005177,ACC002207,BEN49297,BEN88529,2026-09-14 15:46:01,mobile
BCH005178,ACC003714,BEN37390,BEN16563,2026-09-14 15:46:02,mobile
BCH005179,ACC000322,BEN52408,BEN29777,2026-09-14 15:41:35,mobile
BCH005180,ACC004163,BEN64971,BEN35634,2026-09-14 15:42:27,branch
BCH005181,ACC004106,BEN49847,BEN81295,2026-09-14 15:44:47,mobile
BCH005182,ACC001768,BEN29498,BEN10086,2026-09-14 15:42:35,mobile
BCH005183,ACC002047,BEN70226,BEN75720,2026-09-14 15:42:10,internet
BCH005184,ACC001723,BEN92669,BEN69441,2026-09-14 15:45:31,internet
BCH005185,ACC003740,BEN33338,BEN99242,2026-09-14 15:40:53,branch
BCH005186,ACC002531,BEN37349,BEN73964,2026-09-14 15:45:17,branch
BCH005187,ACC000522,BEN16078,BEN71068,2026-09-14 15:45:14,mobile
BCH005188,ACC000301,BEN32342,BEN26151,2026-09-14 15:44:39,branch
BCH005189,ACC004320,BEN75871,BEN93445,2026-09-14 15:42:41,internet
BCH005190,ACC004795,BEN34868,BEN64708,2026-09-14 15:43:41,mobile
BCH005191,ACC004122,BEN80073,BEN42626,2026-09-14 15:44:23,internet
BCH005192,ACC000429,BEN55297,BEN79177,2026-09-14 15:44:30,mobile
BCH005193,ACC000319,BEN62458,BEN51592,2026-09-14 15:44:07,branch
BCH005194,ACC004538,BEN31057,BEN25652,2026-09-14 15:40:29,mobile
BCH005195,ACC003783,BEN13432,BEN67294,2026-09-14 15:41:00,branch
BCH005196,ACC000237,BEN88282,BEN90496,2026-09-14 15:40:48,internet
BCH005197,ACC000227,BEN88428,BEN16854,2026-09-14 15:45:17,branch
BCH005198,ACC000898,BEN28566,BEN24059,2026-09-14 15:41:24,mobile
BCH005199,ACC003646,BEN36700,BEN88748,2026-09-14 15:40:57,internet
BCH005200,ACC003347,BEN25196,BEN97664,2026-09-14 15:40:49,branch
BCH005201,ACC003683,BEN49080,BEN75945,2026-09-14 15:43:38,internet
BCH005202,ACC000882,BEN59881,BEN99173,2026-09-14 15:40:22,mobile
BCH005203,ACC001719,BEN24228,BEN93245,2026-09-14 15:43:01,branch
BCH005204,ACC003858,BEN30139,BEN63380,2026-09-14 15:40:49,branch
BCH005205,ACC002066,BEN58699,BEN11451,2026-09-14 15:40:53,internet
BCH005206,ACC000998,BEN86913,BEN12151,2026-09-14 15:45:18,mobile
BCH005207,ACC002406,BEN12634,BEN35198,2026-09-14 15:40:05,internet
BCH005208,ACC004994,BEN14066,BEN89614,2026-09-14 15:42:06,internet
BCH005209,ACC000863,BEN56008,BEN51396,2026-09-14 15:45:42,branch
BCH005210,ACC000740,BEN45950,BEN88977,2026-09-14 15:45:46,branch
BCH005211,ACC002289,BEN11971,BEN51845,2026-09-14 15:43:48,branch
BCH005212,ACC003398,BEN42857,BEN50328,2026-09-14 15:43:08,branch
BCH005213,ACC004638,BEN72326,BEN10284,2026-09-14 15:41:39,mobile
BCH005214,ACC001416,BEN21594,BEN79679,2026-09-14 15:43:54,internet
BCH005215,ACC000822,BEN21516,BEN48130,2026-09-14 15:45:34,mobile
BCH005216,ACC000726,BEN37525,BEN58853,2026-09-14 15:46:01,internet
BCH005217,ACC001376,BEN20487,BEN72102,2026-09-14 15:43:31,mobile
BCH005218,ACC002319,BEN13877,BEN15697,2026-09-14 15:42:46,branch
BCH005219,ACC001429,BEN59731,BEN93409,2026-09-14 15:41:50,branch
BCH005220,ACC002396,BEN36166,BEN17295,2026-09-14 15:45:37,branch
BCH005221,ACC003634,BEN55638,BEN31467,2026-09-14 15:42:35,mobile
BCH005222,ACC000026,BEN20759,BEN39865,2026-09-14 15:43:00,branch
BCH005223,ACC003973,BEN38552,BEN69466,2026-09-14 15:41:34,mobile
BCH005224,ACC000992,BEN81039,BEN43067,2026-09-14 15:40:49,branch
BCH005225,ACC004422,BEN88600,BEN31380,2026-09-14 15:45:43,internet
BCH005226,ACC001788,BEN44528,BEN80710,2026-09-14 15:44:24,internet
BCH005227,ACC001839,BEN88040,BEN92290,2026-09-14 15:40:56,branch
BCH005228,ACC001780,BEN77548,BEN33696,2026-09-14 15:44:11,mobile
BCH005229,ACC002157,BEN84212,BEN43102,2026-09-14 15:45:07,internet
BCH005230,ACC003496,BEN71242,BEN54641,2026-09-14 15:40:27,internet
BCH005231,ACC003988,BEN72018,BEN64205,2026-09-14 15:42:12,branch
BCH005232,ACC000393,BEN87346,BEN74427,2026-09-14 15:44:27,mobile
BCH005233,ACC004938,BEN74544,BEN55857,2026-09-14 15:41:36,branch
BCH005234,ACC000930,BEN65964,BEN77165,2026-09-14 15:42:49,branch
BCH005235,ACC000467,BEN24980,BEN88029,2026-09-14 15:42:50,mobile
BCH005236,ACC004914,BEN41581,BEN42609,2026-09-14 15:42:37,internet
BCH005237,ACC003899,BEN66303,BEN65924,2026-09-14 15:40:29,branch
BCH005238,ACC000809,BEN77275,BEN62980,2026-09-14 15:40:30,internet
BCH005239,ACC003153,BEN83111,BEN67955,2026-09-14 15:41:55,mobile
BCH005240,ACC004851,BEN57293,BEN63631,2026-09-14 15:41:38,mobile
BCH005241,ACC001668,BEN97641,BEN98883,2026-09-14 15:41:20,mobile
BCH005242,ACC001519,BEN82244,BEN58211,2026-09-14 15:43:44,mobile
BCH005243,ACC004404,BEN22823,BEN46493,2026-09-14 15:43:44,branch
BCH005244,ACC001003,BEN66295,BEN67679,2026-09-14 15:41:32,mobile
BCH005245,ACC004316,BEN31132,BEN27716,2026-09-14 15:42:43,mobile
BCH005246,ACC001613,BEN18504,BEN72016,2026-09-14 15:43:40,mobile
BCH005247,ACC004769,BEN57181,BEN84966,2026-09-14 15:45:18,internet
BCH005248,ACC004164,BEN37063,BEN31569,2026-09-14 15:44:04,branch
BCH005249,ACC000235,BEN94190,BEN32753,2026-09-14 15:44:34,branch
BCH005250,ACC002839,BEN87370,BEN41945,2026-09-14 15:40:53,mobile
BCH005251,ACC004752,BEN57008,BEN18695,2026-09-14 15:42:56,mobile
BCH005252,ACC004191,BEN73835,BEN97175,2026-09-14 15:45:23,mobile
BCH005253,ACC001788,BEN79117,BEN58942,2026-09-14 15:43:35,mobile
BCH005254,ACC000984,BEN61840,BEN14210,2026-09-14 15:44:50,mobile
BCH005255,ACC003254,BEN21464,BEN38577,2026-09-14 15:45:03,internet
BCH005256,ACC003621,BEN78227,BEN57262,2026-09-14 15:45:15,internet
BCH005257,ACC003406,BEN61889,BEN23062,2026-09-14 15:41:53,mobile
BCH005258,ACC001725,BEN60830,BEN59015,2026-09-14 15:43:40,internet
BCH005259,ACC003491,BEN91573,BEN17870,2026-09-14 15:42:52,mobile
BCH005260,ACC002874,BEN27333,BEN56452,2026-09-14 15:45:11,branch
BCH005261,ACC003482,BEN84565,BEN98358,2026-09-14 15:42:05,mobile
BCH005262,ACC002320,BEN79489,BEN80037,2026-09-14 15:40:14,internet
BCH005263,ACC001078,BEN28921,BEN83886,2026-09-14 15:43:32,branch
BCH005264,ACC002860,BEN51651,BEN92418,2026-09-14 15:44:48,internet
BCH005265,ACC001588,BEN59692,BEN26416,2026-09-14 15:41:11,internet
BCH005266,ACC000392,BEN39756,BEN36062,2026-09-14 15:40:51,mobile
BCH005267,ACC004512,BEN56100,BEN15718,2026-09-14 15:40:50,branch
BCH005268,ACC000625,BEN42916,BEN80516,2026-09-14 15:42:30,branch
BCH005269,ACC001779,BEN48820,BEN28791,2026-09-14 15:40:30,branch
BCH005270,ACC000335,BEN61250,BEN25513,2026-09-14 15:43:15,branch
BCH005271,ACC001292,BEN93563,BEN35016,2026-09-14 15:44:08,internet
BCH005272,ACC002766,BEN31740,BEN97372,2026-09-14 15:41:01,mobile
BCH005273,ACC004588,BEN14249,BEN91240,2026-09-14 15:41:11,mobile
BCH005274,ACC001191,BEN49555,BEN29833,2026-09-14 15:40:32,mobile
BCH005275,ACC004038,BEN10482,BEN40287,2026-09-14 15:42:40,internet
BCH005276,ACC000334,BEN20356,BEN21233,2026-09-14 15:44:36,internet
BCH005277,ACC004272,BEN11002,BEN73010,2026-09-14 15:45:53,mobile
BCH005278,ACC000529,BEN49545,BEN56401,2026-09-14 15:40:24,branch
BCH005279,ACC003531,BEN74802,BEN76945,2026-09-14 15:43:11,internet
BCH005280,ACC004683,BEN90180,BEN62514,2026-09-14 15:42:48,branch
BCH005281,ACC004668,BEN33215,BEN85977,2026-09-14 15:45:55,mobile
BCH005282,ACC001831,BEN68574,BEN86742,2026-09-14 15:45:46,internet
BCH005283,ACC004551,BEN14187,BEN14507,2026-09-14 15:45:48,mobile
BCH005284,ACC001200,BEN91711,BEN12109,2026-09-14 15:43:56,mobile
BCH005285,ACC004105,BEN70518,BEN74513,2026-09-14 15:43:04,mobile
BCH005286,ACC001225,BEN52566,BEN58680,2026-09-14 15:40:30,internet
BCH005287,ACC001336,BEN25220,BEN89142,2026-09-14 15:45:35,internet
BCH005288,ACC002403,BEN28226,BEN10434,2026-09-14 15:44:21,internet
BCH005289,ACC001863,BEN81775,BEN98712,2026-09-14 15:42:44,internet
BCH005290,ACC003114,BEN40848,BEN81076,2026-09-14 15:45:46,mobile
BCH005291,ACC002464,BEN67504,BEN58422,2026-09-14 15:45:49,branch
BCH005292,ACC003342,BEN42888,BEN51722,2026-09-14 15:45:27,branch
BCH005293,ACC003367,BEN42286,BEN91559,2026-09-14 15:44:28,internet
BCH005294,ACC000590,BEN22330,BEN23085,2026-09-14 15:40:30,branch
BCH005295,ACC001201,BEN25176,BEN94158,2026-09-14 15:44:48,mobile
BCH005296,ACC002366,BEN56669,BEN41227,2026-09-14 15:40:34,internet
BCH005297,ACC001879,BEN18254,BEN47933,2026-09-14 15:40:57,mobile
BCH005298,ACC001117,BEN29853,BEN37233,2026-09-14 15:44:47,branch
BCH005299,ACC004201,BEN83419,BEN92604,2026-09-14 15:44:17,branch
BCH005300,ACC000700,BEN12667,BEN16554,2026-09-14 15:45:54,branch
BCH005301,ACC002971,BEN85554,BEN85481,2026-09-14 15:40:22,branch
BCH005302,ACC004679,BEN65606,BEN20180,2026-09-14 15:43:46,internet
BCH005303,ACC003634,BEN11587,BEN39725,2026-09-14 15:44:48,branch
BCH005304,ACC000850,BEN98648,BEN96971,2026-09-14 15:41:13,mobile
BCH005305,ACC002338,BEN60662,BEN46060,2026-09-14 15:45:41,mobile
BCH005306,ACC000391,BEN78854,BEN15421,2026-09-14 15:40:44,branch
BCH005307,ACC002947,BEN71665,BEN31457,2026-09-14 15:43:37,mobile
BCH005308,ACC003146,BEN67016,BEN82696,2026-09-14 15:44:16,internet
BCH005309,ACC004325,BEN74137,BEN97917,2026-09-14 15:42:59,branch
BCH005310,ACC001027,BEN93084,BEN91967,2026-09-14 15:45:26,internet
BCH005311,ACC000574,BEN84113,BEN99903,2026-09-14 15:43:40,internet
BCH005312,ACC004784,BEN57091,BEN80822,2026-09-14 15:44:02,mobile
BCH005313,ACC003777,BEN74297,BEN16952,2026-09-14 15:45:31,internet
BCH005314,ACC000284,BEN43583,BEN38456,2026-09-14 15:40:50,branch
BCH005315,ACC001947,BEN41203,BEN69236,2026-09-14 15:45:23,internet
BCH005316,ACC001177,BEN44426,BEN17460,2026-09-14 15:41:27,branch
BCH005317,ACC003773,BEN30151,BEN40665,2026-09-14 15:46:00,mobile
BCH005318,ACC000857,BEN35464,BEN89667,2026-09-14 15:42:53,mobile
BCH005319,ACC000461,BEN83814,BEN36957,2026-09-14 15:40:20,internet
BCH005320,ACC003047,BEN82874,BEN76456,2026-09-14 15:41:10,mobile
BCH005321,ACC004263,BEN92944,BEN36624,2026-09-14 15:44:35,internet
BCH005322,ACC001749,BEN72706,BEN66115,2026-09-14 15:44:11,mobile
BCH005323,ACC003945,BEN21265,BEN80399,2026-09-14 15:40:25,mobile
BCH005324,ACC001717,BEN34476,BEN51935,2026-09-14 15:45:23,internet
BCH005325,ACC004005,BEN98563,BEN39717,2026-09-14 15:42:03,mobile
BCH005326,ACC000868,BEN68313,BEN30352,2026-09-14 15:41:26,branch
BCH005327,ACC002846,BEN41926,BEN55642,2026-09-14 15:41:40,internet
BCH005328,ACC003355,BEN74491,BEN69730,2026-09-14 15:43:20,internet
BCH005329,ACC004622,BEN99046,BEN62789,2026-09-14 15:42:19,branch
BCH005330,ACC000441,BEN69033,BEN42640,2026-09-14 15:41:22,internet
BCH005331,ACC001179,BEN11693,BEN57631,2026-09-14 15:42:10,branch
BCH005332,ACC001273,BEN99202,BEN19898,2026-09-14 15:41:35,internet
BCH005333,ACC004517,BEN14534,BEN44552,2026-09-14 15:42:47,internet
BCH005334,ACC002981,BEN87744,BEN73569,2026-09-14 15:42:33,mobile
BCH005335,ACC003842,BEN26875,BEN50942,2026-09-14 15:42:15,mobile
BCH005336,ACC002028,BEN37273,BEN44826,2026-09-14 15:43:02,internet
BCH005337,ACC004170,BEN36921,BEN45832,2026-09-14 15:40:25,mobile
BCH005338,ACC003994,BEN47007,BEN69962,2026-09-14 15:40:08,branch
BCH005339,ACC001730,BEN75216,BEN69107,2026-09-14 15:43:32,branch
BCH005340,ACC004217,BEN70465,BEN53175,2026-09-14 15:40:20,branch
BCH005341,ACC002028,BEN34412,BEN51904,2026-09-14 15:44:35,internet
BCH005342,ACC004413,BEN84005,BEN65846,2026-09-14 15:43:49,mobile
BCH005343,ACC004396,BEN16564,BEN92271,2026-09-14 15:44:53,branch
BCH005344,ACC003416,BEN61349,BEN58143,2026-09-14 15:45:56,mobile
BCH005345,ACC001308,BEN32279,BEN73473,2026-09-14 15:45:25,branch
BCH005346,ACC004604,BEN10050,BEN64447,2026-09-14 15:43:11,internet
BCH005347,ACC002355,BEN97323,BEN25957,2026-09-14 15:41:10,mobile
BCH005348,ACC000199,BEN86769,BEN38286,2026-09-14 15:44:46,internet
BCH005349,ACC004723,BEN33865,BEN93365,2026-09-14 15:41:47,internet
BCH005350,ACC004148,BEN98189,BEN22726,2026-09-14 15:43:20,branch
BCH005351,ACC001340,BEN89930,BEN68112,2026-09-14 15:43:20,branch
BCH005352,ACC001603,BEN73570,BEN94900,2026-09-14 15:44:15,internet
BCH005353,ACC000443,BEN91121,BEN88761,2026-09-14 15:42:50,branch
BCH005354,ACC002770,BEN62647,BEN57016,2026-09-14 15:41:12,internet
BCH005355,ACC004165,BEN96851,BEN89950,2026-09-14 15:42:02,branch
BCH005356,ACC004125,BEN26561,BEN33218,2026-09-14 15:43:17,mobile
BCH005357,ACC001062,BEN76271,BEN92313,2026-09-14 15:41:42,mobile
BCH005358,ACC001741,BEN48867,BEN21279,2026-09-14 15:40:58,branch
BCH005359,ACC000557,BEN47185,BEN56684,2026-09-14 15:45:51,internet
BCH005360,ACC004076,BEN64065,BEN47631,2026-09-14 15:42:46,mobile
BCH005361,ACC002946,BEN37580,BEN24955,2026-09-14 15:45:31,branch
BCH005362,ACC004966,BEN45371,BEN40808,2026-09-14 15:45:46,internet
BCH005363,ACC000648,BEN41742,BEN90698,2026-09-14 15:43:34,internet
BCH005364,ACC004447,BEN84219,BEN20624,2026-09-14 15:43:32,internet
BCH005365,ACC003309,BEN33437,BEN43290,2026-09-14 15:41:42,branch
BCH005366,ACC002823,BEN85947,BEN42215,2026-09-14 15:42:07,internet
BCH005367,ACC003772,BEN62296,BEN19561,2026-09-14 15:43:01,branch
BCH005368,ACC000988,BEN61904,BEN82310,2026-09-14 15:40:56,branch
BCH005369,ACC002912,BEN85519,BEN47439,2026-09-14 15:43:29,internet
BCH005370,ACC002146,BEN60104,BEN75707,2026-09-14 15:44:19,mobile
BCH005371,ACC003435,BEN40859,BEN75074,2026-09-14 15:43:17,mobile
BCH005372,ACC003539,BEN18906,BEN93338,2026-09-14 15:45:39,branch
BCH005373,ACC002863,BEN34843,BEN82943,2026-09-14 15:40:42,branch
BCH005374,ACC004828,BEN52561,BEN60242,2026-09-14 15:45:17,branch
BCH005375,ACC002928,BEN67560,BEN44436,2026-09-14 15:40:20,mobile
BCH005376,ACC004005,BEN61664,BEN66441,2026-09-14 15:41:55,mobile
BCH005377,ACC003655,BEN49563,BEN34950,2026-09-14 15:40:30,branch
BCH005378,ACC001948,BEN69829,BEN51512,2026-09-14 15:44:55,branch
BCH005379,ACC002385,BEN66471,BEN14065,2026-09-14 15:41:58,mobile
BCH005380,ACC003102,BEN85164,BEN37321,2026-09-14 15:45:54,internet
BCH005381,ACC004474,BEN72041,BEN64587,2026-09-14 15:45:26,mobile
BCH005382,ACC002867,BEN30911,BEN86800,2026-09-14 15:41:37,internet
BCH005383,ACC004809,BEN70331,BEN29435,2026-09-14 15:40:37,mobile
BCH005384,ACC002932,BEN55678,BEN68083,2026-09-14 15:43:45,internet
BCH005385,ACC001252,BEN27748,BEN72220,2026-09-14 15:41:42,branch
BCH005386,ACC001759,BEN73054,BEN27021,2026-09-14 15:43:11,internet
BCH005387,ACC004376,BEN98612,BEN16935,2026-09-14 15:41:08,internet
BCH005388,ACC002207,BEN56425,BEN17205,2026-09-14 15:42:55,branch
BCH005389,ACC004894,BEN41735,BEN81790,2026-09-14 15:43:12,mobile
BCH005390,ACC002190,BEN53583,BEN11275,2026-09-14 15:42:40,internet
BCH005391,ACC004357,BEN48084,BEN94345,2026-09-14 15:42:01,internet
BCH005392,ACC003455,BEN77347,BEN89249,2026-09-14 15:46:04,internet
BCH005393,ACC002728,BEN44364,BEN83508,2026-09-14 15:42:50,internet
BCH005394,ACC001370,BEN97038,BEN81741,2026-09-14 15:44:08,mobile
BCH005395,ACC004270,BEN51497,BEN50344,2026-09-14 15:43:21,internet
BCH005396,ACC000824,BEN36052,BEN73093,2026-09-14 15:44:35,branch
BCH005397,ACC004823,BEN62845,BEN26335,2026-09-14 15:42:36,internet
BCH005398,ACC001333,BEN25209,BEN37175,2026-09-14 15:43:30,mobile
BCH005399,ACC003186,BEN74300,BEN60770,2026-09-14 15:40:42,mobile
BCH005400,ACC003179,BEN67453,BEN51543,2026-09-14 15:41:30,branch
BCH005401,ACC001099,BEN72800,BEN13366,2026-09-14 15:43:36,mobile
BCH005402,ACC003871,BEN70049,BEN59771,2026-09-14 15:41:26,internet
BCH005403,ACC004861,BEN78287,BEN54428,2026-09-14 15:40:34,branch
BCH005404,ACC004480,BEN41566,BEN52451,2026-09-14 15:41:56,mobile
BCH005405,ACC000320,BEN33819,BEN55420,2026-09-14 15:42:19,internet
BCH005406,ACC000055,BEN43316,BEN31878,2026-09-14 15:41:54,branch
BCH005407,ACC002977,BEN17296,BEN60807,2026-09-14 15:45:33,branch
BCH005408,ACC003155,BEN14371,BEN26222,2026-09-14 15:44:34,internet
BCH005409,ACC004612,BEN49645,BEN54767,2026-09-14 15:42:01,mobile
BCH005410,ACC000328,BEN35860,BEN77619,2026-09-14 15:45:16,internet
BCH005411,ACC003366,BEN98989,BEN48873,2026-09-14 15:40:28,mobile
BCH005412,ACC004309,BEN52982,BEN57892,2026-09-14 15:40:18,mobile
BCH005413,ACC004112,BEN27333,BEN52239,2026-09-14 15:45:11,mobile
BCH005414,ACC003066,BEN27493,BEN66136,2026-09-14 15:40:44,internet
BCH005415,ACC004128,BEN75494,BEN77729,2026-09-14 15:41:50,internet
BCH005416,ACC004239,BEN27575,BEN23303,2026-09-14 15:43:41,internet
BCH005417,ACC002803,BEN42238,BEN42388,2026-09-14 15:40:14,mobile
BCH005418,ACC001287,BEN33176,BEN57637,2026-09-14 15:41:51,mobile
BCH005419,ACC001628,BEN37955,BEN41235,2026-09-14 15:42:28,branch
BCH005420,ACC003636,BEN80405,BEN90020,2026-09-14 15:41:41,branch
BCH005421,ACC003743,BEN96594,BEN92505,2026-09-14 15:42:06,branch
BCH005422,ACC002367,BEN56019,BEN98566,2026-09-14 15:40:21,internet
BCH005423,ACC000543,BEN16867,BEN51978,2026-09-14 15:40:10,branch
BCH005424,ACC004973,BEN70530,BEN86890,2026-09-14 15:42:36,branch
BCH005425,ACC003996,BEN93747,BEN62070,2026-09-14 15:42:03,branch
BCH005426,ACC004965,BEN59862,BEN30267,2026-09-14 15:42:28,mobile
BCH005427,ACC001996,BEN35273,BEN34516,2026-09-14 15:42:31,mobile
BCH005428,ACC004041,BEN23193,BEN52224,2026-09-14 15:44:46,mobile
BCH005429,ACC004867,BEN98385,BEN31020,2026-09-14 15:41:02,internet
BCH005430,ACC002691,BEN82481,BEN89815,2026-09-14 15:40:58,branch
BCH005431,ACC000626,BEN18486,BEN67981,2026-09-14 15:41:32,mobile
BCH005432,ACC003204,BEN89810,BEN70150,2026-09-14 15:43:51,branch
BCH005433,ACC001124,BEN22801,BEN25983,2026-09-14 15:43:02,mobile
BCH005434,ACC004840,BEN95475,BEN38141,2026-09-14 15:41:25,mobile
BCH005435,ACC002000,BEN92674,BEN42684,2026-09-14 15:46:02,branch
BCH005436,ACC003317,BEN34839,BEN96022,2026-09-14 15:43:07,mobile
BCH005437,ACC003308,BEN30028,BEN66405,2026-09-14 15:40:08,mobile
BCH005438,ACC001837,BEN49226,BEN42502,2026-09-14 15:42:10,internet
BCH005439,ACC003615,BEN14725,BEN43789,2026-09-14 15:44:56,mobile
BCH005440,ACC004604,BEN25884,BEN99753,2026-09-14 15:42:25,internet
BCH005441,ACC002947,BEN47266,BEN96423,2026-09-14 15:41:24,branch
BCH005442,ACC002649,BEN68140,BEN67232,2026-09-14 15:42:20,internet
BCH005443,ACC000097,BEN22986,BEN50699,2026-09-14 15:42:39,mobile
BCH005444,ACC003310,BEN14336,BEN88847,2026-09-14 15:42:57,mobile
BCH005445,ACC003428,BEN60244,BEN56637,2026-09-14 15:45:32,mobile
BCH005446,ACC004239,BEN89465,BEN46149,2026-09-14 15:46:01,branch
BCH005447,ACC004191,BEN25265,BEN33523,2026-09-14 15:41:28,branch
BCH005448,ACC000430,BEN72184,BEN89585,2026-09-14 15:42:16,internet
BCH005449,ACC004603,BEN46550,BEN54322,2026-09-14 15:43:49,internet
BCH005450,ACC003106,BEN89606,BEN66828,2026-09-14 15:41:31,mobile
BCH005451,ACC001522,BEN93627,BEN50237,2026-09-14 15:41:39,mobile
BCH005452,ACC002292,BEN11574,BEN62563,2026-09-14 15:41:23,internet
BCH005453,ACC001866,BEN55434,BEN24651,2026-09-14 15:43:57,branch
BCH005454,ACC001823,BEN90133,BEN64872,2026-09-14 15:44:07,branch
BCH005455,ACC003096,BEN58852,BEN15439,2026-09-14 15:40:42,branch
BCH005456,ACC002339,BEN56981,BEN48193,2026-09-14 15:41:47,internet
BCH005457,ACC001814,BEN93537,BEN12386,2026-09-14 15:42:30,mobile
BCH005458,ACC001029,BEN12874,BEN71521,2026-09-14 15:45:53,mobile
BCH005459,ACC004083,BEN42759,BEN13632,2026-09-14 15:44:03,mobile
BCH005460,ACC004228,BEN50208,BEN36368,2026-09-14 15:41:20,branch
BCH005461,ACC003533,BEN31507,BEN74611,2026-09-14 15:45:30,branch
BCH005462,ACC004143,BEN30267,BEN34820,2026-09-14 15:44:58,internet
BCH005463,ACC001651,BEN82420,BEN22826,2026-09-14 15:42:18,internet
BCH005464,ACC001302,BEN18291,BEN40989,2026-09-14 15:44:33,internet
BCH005465,ACC002679,BEN53987,BEN54999,2026-09-14 15:40:54,mobile
BCH005466,ACC004475,BEN22789,BEN92524,2026-09-14 15:45:11,branch
BCH005467,ACC004396,BEN10499,BEN55490,2026-09-14 15:41:47,mobile
BCH005468,ACC000761,BEN83901,BEN72800,2026-09-14 15:40:50,mobile
BCH005469,ACC001049,BEN70109,BEN87622,2026-09-14 15:41:00,internet
BCH005470,ACC001050,BEN46890,BEN50448,2026-09-14 15:41:26,mobile
BCH005471,ACC004984,BEN99558,BEN90749,2026-09-14 15:42:52,internet
BCH005472,ACC002131,BEN87188,BEN99555,2026-09-14 15:44:18,mobile
BCH005473,ACC004564,BEN28412,BEN71451,2026-09-14 15:41:42,mobile
BCH005474,ACC003394,BEN46197,BEN57638,2026-09-14 15:45:38,branch
BCH005475,ACC003903,BEN63560,BEN58591,2026-09-14 15:44:42,mobile
BCH005476,ACC002676,BEN46122,BEN73669,2026-09-14 15:42:48,branch
BCH005477,ACC000618,BEN42933,BEN98085,2026-09-14 15:42:12,mobile
BCH005478,ACC000140,BEN21935,BEN39412,2026-09-14 15:43:39,branch
BCH005479,ACC004115,BEN78825,BEN70144,2026-09-14 15:40:09,branch
BCH005480,ACC002304,BEN58971,BEN20983,2026-09-14 15:43:30,mobile
BCH005481,ACC004745,BEN93360,BEN29101,2026-09-14 15:41:07,branch
BCH005482,ACC003328,BEN75534,BEN87547,2026-09-14 15:43:14,internet
BCH005483,ACC004764,BEN12333,BEN70094,2026-09-14 15:42:16,internet
BCH005484,ACC001392,BEN49588,BEN13202,2026-09-14 15:43:11,internet
BCH005485,ACC001948,BEN37741,BEN70113,2026-09-14 15:45:55,branch
BCH005486,ACC003016,BEN18164,BEN35730,2026-09-14 15:44:28,branch
BCH005487,ACC004234,BEN81036,BEN18198,2026-09-14 15:41:35,internet
BCH005488,ACC000601,BEN87648,BEN87359,2026-09-14 15:40:27,internet
BCH005489,ACC002605,BEN14882,BEN26843,2026-09-14 15:44:50,internet
BCH005490,ACC004193,BEN78071,BEN12825,2026-09-14 15:40:57,mobile
BCH005491,ACC000434,BEN88827,BEN23608,2026-09-14 15:40:07,internet
BCH005492,ACC004685,BEN84380,BEN76021,2026-09-14 15:44:27,branch
BCH005493,ACC003090,BEN46557,BEN18157,2026-09-14 15:44:11,internet
BCH005494,ACC001333,BEN43821,BEN55316,2026-09-14 15:44:58,internet
BCH005495,ACC001178,BEN72527,BEN11488,2026-09-14 15:43:48,branch
BCH005496,ACC002504,BEN20820,BEN82953,2026-09-14 15:40:53,internet
BCH005497,ACC003782,BEN40014,BEN38819,2026-09-14 15:43:06,internet
BCH005498,ACC004964,BEN64584,BEN12504,2026-09-14 15:45:13,branch
BCH005499,ACC000913,BEN94165,BEN68111,2026-09-14 15:42:17,internet
BCH005500,ACC003211,BEN68473,BEN63273,2026-09-14 15:45:13,internet
BCH005501,ACC001935,BEN36004,BEN67927,2026-09-14 15:40:20,branch
BCH005502,ACC001269,BEN62730,BEN81621,2026-09-14 15:43:57,mobile
BCH005503,ACC001487,BEN53259,BEN21750,2026-09-14 15:42:54,internet
BCH005504,ACC001448,BEN72953,BEN65850,2026-09-14 15:41:12,mobile
BCH005505,ACC004000,BEN18380,BEN98054,2026-09-14 15:40:06,mobile
BCH005506,ACC004466,BEN52020,BEN56999,2026-09-14 15:43:50,mobile
BCH005507,ACC003233,BEN38681,BEN65229,2026-09-14 15:43:30,mobile
BCH005508,ACC001449,BEN97199,BEN83915,2026-09-14 15:43:15,internet
BCH005509,ACC004869,BEN63373,BEN76925,2026-09-14 15:41:10,branch
BCH005510,ACC003308,BEN48485,BEN25835,2026-09-14 15:44:27,mobile
BCH005511,ACC002395,BEN66722,BEN85611,2026-09-14 15:43:37,internet
BCH005512,ACC000738,BEN70808,BEN94713,2026-09-14 15:42:26,mobile
BCH005513,ACC001624,BEN48614,BEN91740,2026-09-14 15:45:16,branch
BCH005514,ACC001524,BEN68023,BEN52275,2026-09-14 15:42:18,branch
BCH005515,ACC001741,BEN18735,BEN87468,2026-09-14 15:45:20,mobile
BCH005516,ACC002053,BEN21560,BEN78703,2026-09-14 15:42:07,internet
BCH005517,ACC002596,BEN26857,BEN65582,2026-09-14 15:40:51,branch
BCH005518,ACC001458,BEN12304,BEN52788,2026-09-14 15:42:28,mobile
BCH005519,ACC003068,BEN21899,BEN61829,2026-09-14 15:40:35,internet
BCH005520,ACC002538,BEN79076,BEN96323,2026-09-14 15:45:47,branch
BCH005521,ACC002671,BEN59818,BEN81791,2026-09-14 15:45:56,mobile
BCH005522,ACC003036,BEN21455,BEN10073,2026-09-14 15:41:00,branch
BCH005523,ACC002876,BEN27323,BEN17790,2026-09-14 15:42:33,internet
BCH005524,ACC004568,BEN36874,BEN31688,2026-09-14 15:44:33,branch
BCH005525,ACC002974,BEN44533,BEN80533,2026-09-14 15:41:11,internet
BCH005526,ACC002808,BEN83625,BEN78003,2026-09-14 15:42:19,mobile
BCH005527,ACC003674,BEN12890,BEN52442,2026-09-14 15:43:01,branch
BCH005528,ACC004658,BEN42378,BEN52414,2026-09-14 15:42:40,internet
BCH005529,ACC002665,BEN63937,BEN97963,2026-09-14 15:41:41,branch
BCH005530,ACC000110,BEN76663,BEN56066,2026-09-14 15:45:32,mobile
BCH005531,ACC003167,BEN37332,BEN29187,2026-09-14 15:40:07,branch
BCH005532,ACC003483,BEN91770,BEN35355,2026-09-14 15:43:29,branch
BCH005533,ACC001823,BEN54530,BEN17301,2026-09-14 15:42:23,mobile
BCH005534,ACC000336,BEN93241,BEN85938,2026-09-14 15:40:44,branch
BCH005535,ACC000060,BEN50121,BEN57623,2026-09-14 15:42:55,branch
BCH005536,ACC001048,BEN12246,BEN22019,2026-09-14 15:41:11,internet
BCH005537,ACC002918,BEN41464,BEN80587,2026-09-14 15:41:02,branch
BCH005538,ACC001445,BEN27886,BEN19667,2026-09-14 15:42:20,mobile
BCH005539,ACC000951,BEN61712,BEN35004,2026-09-14 15:43:35,branch
BCH005540,ACC001336,BEN40535,BEN18961,2026-09-14 15:42:12,branch
BCH005541,ACC004019,BEN36543,BEN81382,2026-09-14 15:44:33,branch
BCH005542,ACC000669,BEN27279,BEN29166,2026-09-14 15:41:16,branch
BCH005543,ACC002985,BEN37244,BEN89553,2026-09-14 15:41:55,internet
BCH005544,ACC001969,BEN34953,BEN71184,2026-09-14 15:40:32,mobile
BCH005545,ACC003987,BEN17461,BEN38444,2026-09-14 15:45:41,internet
BCH005546,ACC001826,BEN41934,BEN83997,2026-09-14 15:43:58,internet
BCH005547,ACC001899,BEN82475,BEN15590,2026-09-14 15:43:33,internet
BCH005548,ACC000760,BEN72287,BEN11553,2026-09-14 15:41:23,internet
BCH005549,ACC004443,BEN47559,BEN24987,2026-09-14 15:40:48,internet
BCH005550,ACC004194,BEN36588,BEN45590,2026-09-14 15:44:58,mobile
BCH005551,ACC000882,BEN86568,BEN24960,2026-09-14 15:41:06,branch
BCH005552,ACC003342,BEN99578,BEN75999,2026-09-14 15:41:18,branch
BCH005553,ACC001204,BEN73095,BEN26701,2026-09-14 15:45:28,branch
BCH005554,ACC003779,BEN11734,BEN70596,2026-09-14 15:43:56,branch
BCH005555,ACC004506,BEN24590,BEN23941,2026-09-14 15:43:38,internet
BCH005556,ACC004014,BEN50899,BEN62488,2026-09-14 15:42:30,branch
BCH005557,ACC001752,BEN17844,BEN88876,2026-09-14 15:40:31,branch
BCH005558,ACC001469,BEN85933,BEN67730,2026-09-14 15:44:21,internet
BCH005559,ACC003055,BEN18934,BEN85341,2026-09-14 15:40:08,branch
BCH005560,ACC000485,BEN51996,BEN66917,2026-09-14 15:43:31,internet
BCH005561,ACC003641,BEN10334,BEN59436,2026-09-14 15:42:32,internet
BCH005562,ACC001005,BEN17933,BEN52907,2026-09-14 15:46:00,branch
BCH005563,ACC001351,BEN80529,BEN24769,2026-09-14 15:42:10,internet
BCH005564,ACC003520,BEN12363,BEN78914,2026-09-14 15:44:02,internet
BCH005565,ACC003232,BEN45908,BEN84479,2026-09-14 15:44:44,internet
BCH005566,ACC002448,BEN80436,BEN32422,2026-09-14 15:43:06,mobile
BCH005567,ACC002249,BEN46895,BEN61778,2026-09-14 15:42:38,branch
BCH005568,ACC003954,BEN65208,BEN84865,2026-09-14 15:45:42,mobile
BCH005569,ACC003874,BEN16566,BEN66153,2026-09-14 15:41:38,internet
BCH005570,ACC003379,BEN25171,BEN47131,2026-09-14 15:43:27,branch
BCH005571,ACC000537,BEN49872,BEN45457,2026-09-14 15:42:08,internet
BCH005572,ACC004649,BEN99140,BEN39149,2026-09-14 15:41:19,branch
BCH005573,ACC001924,BEN24112,BEN95908,2026-09-14 15:45:42,branch
BCH005574,ACC000381,BEN81234,BEN48548,2026-09-14 15:40:06,internet
BCH005575,ACC004244,BEN42358,BEN36157,2026-09-14 15:45:23,mobile
BCH005576,ACC002407,BEN48766,BEN68719,2026-09-14 15:45:22,branch
BCH005577,ACC003105,BEN57417,BEN30508,2026-09-14 15:44:09,mobile
BCH005578,ACC000806,BEN33509,BEN69824,2026-09-14 15:41:40,internet
BCH005579,ACC004707,BEN25750,BEN91767,2026-09-14 15:43:08,branch
BCH005580,ACC000308,BEN92114,BEN93871,2026-09-14 15:41:33,internet
BCH005581,ACC003315,BEN31829,BEN43307,2026-09-14 15:41:12,branch
BCH005582,ACC000906,BEN47327,BEN42449,2026-09-14 15:40:44,mobile
BCH005583,ACC000329,BEN95838,BEN15131,2026-09-14 15:43:07,internet
BCH005584,ACC004984,BEN35613,BEN28070,2026-09-14 15:45:16,mobile
BCH005585,ACC004239,BEN22379,BEN21558,2026-09-14 15:41:30,mobile
BCH005586,ACC000455,BEN56753,BEN70375,2026-09-14 15:44:55,branch
BCH005587,ACC002650,BEN49207,BEN60028,2026-09-14 15:45:43,branch
BCH005588,ACC002345,BEN57056,BEN80076,2026-09-14 15:44:45,branch
BCH005589,ACC000702,BEN57559,BEN28417,2026-09-14 15:40:42,mobile
BCH005590,ACC003508,BEN59091,BEN62838,2026-09-14 15:43:27,internet
BCH005591,ACC003207,BEN44129,BEN54129,2026-09-14 15:42:57,internet
BCH005592,ACC003061,BEN47531,BEN17510,2026-09-14 15:43:52,branch
BCH005593,ACC003154,BEN11102,BEN10137,2026-09-14 15:41:38,mobile
BCH005594,ACC001773,BEN82332,BEN77690,2026-09-14 15:44:56,branch
BCH005595,ACC002159,BEN24690,BEN63958,2026-09-14 15:45:49,internet
BCH005596,ACC004741,BEN43233,BEN35226,2026-09-14 15:45:11,mobile
BCH005597,ACC004472,BEN95396,BEN63035,2026-09-14 15:44:39,branch
BCH005598,ACC004743,BEN93394,BEN36084,2026-09-14 15:44:48,internet
BCH005599,ACC002231,BEN78836,BEN77313,2026-09-14 15:43:38,branch
BCH005600,ACC000356,BEN66199,BEN13619,2026-09-14 15:42:49,mobile
BCH005601,ACC003062,BEN29156,BEN83779,2026-09-14 15:43:27,internet
BCH005602,ACC003098,BEN32079,BEN17033,2026-09-14 15:43:39,branch
BCH005603,ACC001123,BEN61769,BEN39050,2026-09-14 15:41:25,mobile
BCH005604,ACC003678,BEN91943,BEN55219,2026-09-14 15:45:13,branch
BCH005605,ACC002949,BEN59171,BEN20755,2026-09-14 15:44:23,branch
BCH005606,ACC001755,BEN41893,BEN75225,2026-09-14 15:45:11,branch
BCH005607,ACC003129,BEN88140,BEN52716,2026-09-14 15:40:17,mobile
BCH005608,ACC002147,BEN67077,BEN72076,2026-09-14 15:40:36,mobile
BCH005609,ACC003635,BEN72349,BEN53745,2026-09-14 15:41:12,internet
BCH005610,ACC003546,BEN35410,BEN44844,2026-09-14 15:44:33,branch
BCH005611,ACC002945,BEN60620,BEN27742,2026-09-14 15:42:30,internet
BCH005612,ACC003165,BEN25605,BEN65990,2026-09-14 15:42:14,internet
BCH005613,ACC001678,BEN78650,BEN39919,2026-09-14 15:40:25,mobile
BCH005614,ACC003297,BEN27295,BEN95097,2026-09-14 15:41:31,mobile
BCH005615,ACC000694,BEN88984,BEN54091,2026-09-14 15:41:51,branch
BCH005616,ACC000722,BEN49025,BEN36983,2026-09-14 15:42:49,mobile
BCH005617,ACC002791,BEN36879,BEN63165,2026-09-14 15:41:52,mobile
BCH005618,ACC003408,BEN17743,BEN16234,2026-09-14 15:42:27,branch
BCH005619,ACC004114,BEN42106,BEN27552,2026-09-14 15:43:34,mobile
BCH005620,ACC002488,BEN23428,BEN83594,2026-09-14 15:41:05,mobile
BCH005621,ACC003319,BEN68755,BEN87316,2026-09-14 15:43:48,mobile
BCH005622,ACC003304,BEN57009,BEN42789,2026-09-14 15:43:36,mobile
BCH005623,ACC000388,BEN16044,BEN24668,2026-09-14 15:43:29,internet
BCH005624,ACC004196,BEN19720,BEN75193,2026-09-14 15:43:05,internet
BCH005625,ACC004900,BEN48831,BEN80435,2026-09-14 15:42:08,mobile
BCH005626,ACC001406,BEN65878,BEN78284,2026-09-14 15:41:15,mobile
BCH005627,ACC002126,BEN62726,BEN83874,2026-09-14 15:42:13,mobile
BCH005628,ACC002444,BEN81406,BEN64301,2026-09-14 15:42:02,branch
BCH005629,ACC001645,BEN80073,BEN78513,2026-09-14 15:43:41,mobile
BCH005630,ACC001295,BEN69577,BEN90771,2026-09-14 15:42:52,branch
BCH005631,ACC001141,BEN59435,BEN11361,2026-09-14 15:40:06,mobile
BCH005632,ACC004813,BEN61455,BEN83237,2026-09-14 15:40:33,branch
BCH005633,ACC001770,BEN72312,BEN45711,2026-09-14 15:43:08,internet
BCH005634,ACC002106,BEN17951,BEN43013,2026-09-14 15:41:30,internet
BCH005635,ACC003454,BEN46062,BEN35524,2026-09-14 15:45:21,branch
BCH005636,ACC001006,BEN25977,BEN87411,2026-09-14 15:44:01,mobile
BCH005637,ACC003889,BEN95951,BEN68181,2026-09-14 15:44:46,internet
BCH005638,ACC000705,BEN69523,BEN20305,2026-09-14 15:45:01,mobile
BCH005639,ACC003295,BEN95051,BEN27746,2026-09-14 15:41:44,mobile
BCH005640,ACC001147,BEN52413,BEN47061,2026-09-14 15:41:31,internet
BCH005641,ACC003628,BEN46950,BEN82947,2026-09-14 15:41:16,mobile
BCH005642,ACC003221,BEN38556,BEN85745,2026-09-14 15:42:17,internet
BCH005643,ACC001234,BEN64723,BEN29643,2026-09-14 15:41:02,branch
BCH005644,ACC004410,BEN99461,BEN56290,2026-09-14 15:40:42,mobile
BCH005645,ACC003598,BEN60341,BEN24938,2026-09-14 15:44:14,branch
BCH005646,ACC001403,BEN77318,BEN10506,2026-09-14 15:45:14,branch
BCH005647,ACC000442,BEN89669,BEN68529,2026-09-14 15:42:27,branch
BCH005648,ACC003360,BEN63055,BEN79290,2026-09-14 15:43:47,mobile
BCH005649,ACC002245,BEN45717,BEN76747,2026-09-14 15:42:12,internet
BCH005650,ACC001473,BEN40466,BEN41007,2026-09-14 15:41:14,internet
BCH005651,ACC004999,BEN52036,BEN13561,2026-09-14 15:40:48,branch
BCH005652,ACC003074,BEN19429,BEN99859,2026-09-14 15:44:06,branch
BCH005653,ACC002093,BEN62495,BEN39172,2026-09-14 15:42:14,mobile
BCH005654,ACC001549,BEN35623,BEN68007,2026-09-14 15:41:03,mobile
BCH005655,ACC001084,BEN59049,BEN35333,2026-09-14 15:45:02,branch
BCH005656,ACC004547,BEN45367,BEN10211,2026-09-14 15:44:52,mobile
BCH005657,ACC001125,BEN46917,BEN29680,2026-09-14 15:45:04,branch
BCH005658,ACC001675,BEN97503,BEN20124,2026-09-14 15:45:06,branch
BCH005659,ACC000587,BEN64349,BEN38749,2026-09-14 15:42:37,branch
BCH005660,ACC001098,BEN10743,BEN54710,2026-09-14 15:43:58,mobile
BCH005661,ACC002981,BEN83932,BEN88552,2026-09-14 15:40:20,branch
BCH005662,ACC001883,BEN79969,BEN79142,2026-09-14 15:45:44,branch
BCH005663,ACC000923,BEN49931,BEN68465,2026-09-14 15:44:16,branch
BCH005664,ACC000025,BEN37366,BEN12320,2026-09-14 15:45:24,mobile
BCH005665,ACC000919,BEN48574,BEN76526,2026-09-14 15:44:48,branch
BCH005666,ACC002022,BEN56250,BEN46598,2026-09-14 15:43:49,branch
BCH005667,ACC000817,BEN77300,BEN41049,2026-09-14 15:43:21,branch
BCH005668,ACC002364,BEN46000,BEN42892,2026-09-14 15:42:21,branch
BCH005669,ACC000845,BEN61244,BEN63004,2026-09-14 15:45:25,internet
BCH005670,ACC000850,BEN94346,BEN92386,2026-09-14 15:44:16,internet
BCH005671,ACC003160,BEN60423,BEN56740,2026-09-14 15:41:19,branch
BCH005672,ACC001689,BEN40967,BEN55736,2026-09-14 15:40:27,branch
BCH005673,ACC000445,BEN67053,BEN60280,2026-09-14 15:45:19,internet
BCH005674,ACC003940,BEN49776,BEN44599,2026-09-14 15:44:46,branch
BCH005675,ACC004438,BEN88923,BEN39291,2026-09-14 15:43:10,internet
BCH005676,ACC004268,BEN38290,BEN92631,2026-09-14 15:42:40,internet
BCH005677,ACC003706,BEN59971,BEN31567,2026-09-14 15:42:13,branch
BCH005678,ACC003235,BEN76869,BEN14061,2026-09-14 15:40:21,mobile
BCH005679,ACC001307,BEN92993,BEN87332,2026-09-14 15:41:21,internet
BCH005680,ACC003724,BEN77775,BEN50195,2026-09-14 15:41:28,branch
BCH005681,ACC004277,BEN24024,BEN71171,2026-09-14 15:45:11,branch
BCH005682,ACC004176,BEN28596,BEN94233,2026-09-14 15:44:12,internet
BCH005683,ACC001662,BEN50523,BEN33836,2026-09-14 15:43:28,internet
BCH005684,ACC000174,BEN22859,BEN14277,2026-09-14 15:42:34,mobile
BCH005685,ACC004173,BEN47129,BEN61980,2026-09-14 15:43:19,internet
BCH005686,ACC003526,BEN43278,BEN14364,2026-09-14 15:42:30,branch
BCH005687,ACC000458,BEN40051,BEN35951,2026-09-14 15:45:30,mobile
BCH005688,ACC002759,BEN91538,BEN44897,2026-09-14 15:43:07,internet
BCH005689,ACC002318,BEN69016,BEN62674,2026-09-14 15:44:39,internet
BCH005690,ACC003311,BEN47438,BEN30692,2026-09-14 15:42:19,internet
BCH005691,ACC001268,BEN56301,BEN32450,2026-09-14 15:45:17,branch
BCH005692,ACC003987,BEN77497,BEN64586,2026-09-14 15:41:40,branch
BCH005693,ACC004811,BEN51469,BEN99373,2026-09-14 15:41:52,mobile
BCH005694,ACC001258,BEN64944,BEN95510,2026-09-14 15:40:49,internet
BCH005695,ACC002410,BEN12910,BEN11751,2026-09-14 15:42:05,branch
BCH005696,ACC000981,BEN63192,BEN26764,2026-09-14 15:40:29,branch
BCH005697,ACC000905,BEN13698,BEN12527,2026-09-14 15:41:36,internet
BCH005698,ACC002295,BEN47918,BEN54265,2026-09-14 15:45:56,internet
BCH005699,ACC002543,BEN81559,BEN18056,2026-09-14 15:44:53,mobile
BCH005700,ACC000445,BEN30562,BEN33412,2026-09-14 15:44:43,branch
BCH005701,ACC001536,BEN50863,BEN53652,2026-09-14 15:44:18,mobile
BCH005702,ACC003149,BEN59920,BEN95041,2026-09-14 15:44:33,mobile
BCH005703,ACC004099,BEN72657,BEN90470,2026-09-14 15:41:55,mobile
BCH005704,ACC004038,BEN92544,BEN19660,2026-09-14 15:40:20,mobile
BCH005705,ACC004518,BEN27917,BEN85623,2026-09-14 15:43:33,branch
BCH005706,ACC001236,BEN45000,BEN89153,2026-09-14 15:45:00,internet
BCH005707,ACC003917,BEN10273,BEN96647,2026-09-14 15:42:29,mobile
BCH005708,ACC001871,BEN98065,BEN15833,2026-09-14 15:44:40,branch
BCH005709,ACC000577,BEN43926,BEN99240,2026-09-14 15:40:38,branch
BCH005710,ACC003773,BEN21299,BEN81728,2026-09-14 15:43:07,internet
BCH005711,ACC002574,BEN69208,BEN49999,2026-09-14 15:44:32,mobile
BCH005712,ACC001851,BEN25787,BEN90529,2026-09-14 15:41:05,internet
BCH005713,ACC003063,BEN51251,BEN85789,2026-09-14 15:44:48,internet
BCH005714,ACC003384,BEN89495,BEN67675,2026-09-14 15:43:10,mobile
BCH005715,ACC000238,BEN25226,BEN53130,2026-09-14 15:42:16,branch
BCH005716,ACC000216,BEN14550,BEN66517,2026-09-14 15:45:33,internet
BCH005717,ACC004096,BEN61207,BEN51646,2026-09-14 15:42:39,internet
BCH005718,ACC000386,BEN15716,BEN32153,2026-09-14 15:42:29,mobile
BCH005719,ACC004199,BEN43305,BEN87634,2026-09-14 15:43:12,internet
BCH005720,ACC000258,BEN96967,BEN78227,2026-09-14 15:40:16,branch
BCH005721,ACC001132,BEN56720,BEN62630,2026-09-14 15:45:12,internet
BCH005722,ACC003153,BEN30154,BEN68249,2026-09-14 15:44:15,branch
BCH005723,ACC000668,BEN32252,BEN11471,2026-09-14 15:43:18,mobile
BCH005724,ACC001436,BEN80416,BEN51142,2026-09-14 15:43:17,branch
BCH005725,ACC000379,BEN22125,BEN40184,2026-09-14 15:40:52,internet
BCH005726,ACC004574,BEN54416,BEN68741,2026-09-14 15:43:40,internet
BCH005727,ACC002932,BEN98352,BEN18392,2026-09-14 15:43:19,mobile
BCH005728,ACC001107,BEN24885,BEN71073,2026-09-14 15:41:24,branch
BCH005729,ACC003683,BEN72275,BEN11018,2026-09-14 15:45:54,internet
BCH005730,ACC004376,BEN75628,BEN97258,2026-09-14 15:45:31,branch
BCH005731,ACC003658,BEN43167,BEN19922,2026-09-14 15:42:47,internet
BCH005732,ACC001143,BEN31856,BEN95961,2026-09-14 15:40:52,internet
BCH005733,ACC004365,BEN63051,BEN58433,2026-09-14 15:45:35,branch
BCH005734,ACC000177,BEN52153,BEN29665,2026-09-14 15:45:01,internet
BCH005735,ACC003300,BEN52605,BEN53545,2026-09-14 15:40:56,branch
BCH005736,ACC004965,BEN77420,BEN49145,2026-09-14 15:45:51,mobile
BCH005737,ACC001723,BEN82724,BEN19474,2026-09-14 15:45:17,mobile
BCH005738,ACC004130,BEN29838,BEN25438,2026-09-14 15:43:07,branch
BCH005739,ACC000139,BEN14622,BEN74550,2026-09-14 15:44:56,branch
BCH005740,ACC000682,BEN49109,BEN27156,2026-09-14 15:44:44,branch
BCH005741,ACC004763,BEN79880,BEN60414,2026-09-14 15:44:14,branch
BCH005742,ACC002476,BEN92310,BEN17381,2026-09-14 15:40:55,internet
BCH005743,ACC001002,BEN25233,BEN15916,2026-09-14 15:41:48,internet
BCH005744,ACC001579,BEN36031,BEN98540,2026-09-14 15:45:05,branch
BCH005745,ACC001293,BEN54155,BEN57405,2026-09-14 15:45:41,branch
BCH005746,ACC003470,BEN26602,BEN42526,2026-09-14 15:42:47,mobile
BCH005747,ACC003733,BEN62713,BEN40965,2026-09-14 15:44:18,branch
BCH005748,ACC002864,BEN44604,BEN17227,2026-09-14 15:45:53,internet
BCH005749,ACC000324,BEN81458,BEN55816,2026-09-14 15:42:55,mobile
BCH005750,ACC002450,BEN91775,BEN84570,2026-09-14 15:45:30,internet
BCH005751,ACC003452,BEN46082,BEN74132,2026-09-14 15:40:40,internet
BCH005752,ACC000665,BEN30769,BEN13057,2026-09-14 15:40:31,mobile
BCH005753,ACC002135,BEN37550,BEN37555,2026-09-14 15:41:30,internet
BCH005754,ACC001170,BEN49150,BEN85217,2026-09-14 15:44:29,mobile
BCH005755,ACC003671,BEN73519,BEN99262,2026-09-14 15:41:59,mobile
BCH005756,ACC000310,BEN29176,BEN42862,2026-09-14 15:45:43,internet
BCH005757,ACC004589,BEN48481,BEN60445,2026-09-14 15:41:54,internet
BCH005758,ACC003624,BEN70783,BEN57110,2026-09-14 15:43:45,branch
BCH005759,ACC003453,BEN77473,BEN34006,2026-09-14 15:44:55,internet
BCH005760,ACC004313,BEN87742,BEN42481,2026-09-14 15:43:54,mobile
BCH005761,ACC002186,BEN46489,BEN99928,2026-09-14 15:41:05,branch
BCH005762,ACC003891,BEN58166,BEN53475,2026-09-14 15:45:53,internet
BCH005763,ACC000090,BEN76427,BEN46043,2026-09-14 15:42:55,internet
BCH005764,ACC002517,BEN37766,BEN12303,2026-09-14 15:45:50,internet
BCH005765,ACC002543,BEN44303,BEN29042,2026-09-14 15:41:31,mobile
BCH005766,ACC003013,BEN83218,BEN61642,2026-09-14 15:42:09,internet
BCH005767,ACC003990,BEN75153,BEN27248,2026-09-14 15:45:05,mobile
BCH005768,ACC001066,BEN20049,BEN89696,2026-09-14 15:40:52,mobile
BCH005769,ACC001208,BEN82464,BEN90741,2026-09-14 15:45:08,internet
BCH005770,ACC001260,BEN53771,BEN37549,2026-09-14 15:42:24,mobile
BCH005771,ACC000876,BEN71428,BEN78347,2026-09-14 15:45:33,internet
BCH005772,ACC002555,BEN85034,BEN10162,2026-09-14 15:43:39,internet
BCH005773,ACC002924,BEN52252,BEN58433,2026-09-14 15:40:06,mobile
BCH005774,ACC004030,BEN66789,BEN80248,2026-09-14 15:45:05,mobile
BCH005775,ACC000359,BEN25234,BEN87848,2026-09-14 15:45:22,mobile
BCH005776,ACC001385,BEN48301,BEN56795,2026-09-14 15:43:26,branch
BCH005777,ACC002624,BEN62724,BEN80069,2026-09-14 15:42:22,mobile
BCH005778,ACC000139,BEN53989,BEN70004,2026-09-14 15:42:38,branch
BCH005779,ACC004674,BEN58886,BEN94434,2026-09-14 15:41:38,internet
BCH005780,ACC000117,BEN70190,BEN84810,2026-09-14 15:40:13,mobile
BCH005781,ACC004819,BEN59218,BEN93422,2026-09-14 15:43:06,internet
BCH005782,ACC002641,BEN93141,BEN32799,2026-09-14 15:45:35,mobile
BCH005783,ACC000762,BEN94477,BEN41361,2026-09-14 15:40:33,branch
BCH005784,ACC000544,BEN54702,BEN82353,2026-09-14 15:44:47,mobile
BCH005785,ACC002707,BEN70040,BEN95879,2026-09-14 15:41:57,mobile
BCH005786,ACC001847,BEN23862,BEN69980,2026-09-14 15:41:59,mobile
BCH005787,ACC001929,BEN78740,BEN12127,2026-09-14 15:40:49,internet
BCH005788,ACC002774,BEN35428,BEN11565,2026-09-14 15:45:51,internet
BCH005789,ACC004076,BEN11258,BEN12362,2026-09-14 15:40:52,branch
BCH005790,ACC001166,BEN33695,BEN37961,2026-09-14 15:40:07,mobile
BCH005791,ACC003908,BEN38508,BEN16173,2026-09-14 15:40:53,internet
BCH005792,ACC003977,BEN90766,BEN10905,2026-09-14 15:43:14,mobile
BCH005793,ACC002965,BEN27786,BEN40720,2026-09-14 15:44:46,mobile
BCH005794,ACC002249,BEN95868,BEN67398,2026-09-14 15:40:18,branch
BCH005795,ACC004373,BEN73025,BEN78584,2026-09-14 15:43:05,mobile
BCH005796,ACC002393,BEN38726,BEN92391,2026-09-14 15:41:49,branch
BCH005797,ACC001911,BEN38660,BEN81376,2026-09-14 15:44:19,branch
BCH005798,ACC000067,BEN22169,BEN16144,2026-09-14 15:42:02,internet
BCH005799,ACC004865,BEN56665,BEN18821,2026-09-14 15:45:07,internet
BCH005800,ACC003018,BEN19565,BEN17222,2026-09-14 15:44:48,branch
BCH005801,ACC001213,BEN58305,BEN13805,2026-09-14 15:42:39,branch
BCH005802,ACC001968,BEN25595,BEN94921,2026-09-14 15:43:52,internet
BCH005803,ACC002806,BEN26792,BEN84282,2026-09-14 15:41:26,branch
BCH005804,ACC002638,BEN92929,BEN33927,2026-09-14 15:41:52,branch
BCH005805,ACC004114,BEN29741,BEN57313,2026-09-14 15:44:36,branch
BCH005806,ACC003527,BEN70305,BEN85652,2026-09-14 15:43:33,mobile
BCH005807,ACC000853,BEN38196,BEN67566,2026-09-14 15:43:41,mobile
BCH005808,ACC002629,BEN22200,BEN37031,2026-09-14 15:41:28,mobile
BCH005809,ACC000677,BEN50010,BEN74932,2026-09-14 15:44:23,internet
BCH005810,ACC002918,BEN32096,BEN42328,2026-09-14 15:42:15,internet
BCH005811,ACC004257,BEN51917,BEN90067,2026-09-14 15:41:11,branch
BCH005812,ACC004727,BEN47853,BEN21748,2026-09-14 15:44:27,mobile
BCH005813,ACC000617,BEN13717,BEN21492,2026-09-14 15:45:57,mobile
BCH005814,ACC003357,BEN73228,BEN82239,2026-09-14 15:44:43,branch
BCH005815,ACC002970,BEN55619,BEN67548,2026-09-14 15:44:09,mobile
BCH005816,ACC001740,BEN99320,BEN17604,2026-09-14 15:41:08,mobile
BCH005817,ACC001865,BEN12527,BEN51562,2026-09-14 15:43:29,internet
BCH005818,ACC000009,BEN85517,BEN16544,2026-09-14 15:45:22,mobile
BCH005819,ACC003529,BEN79045,BEN80797,2026-09-14 15:45:29,mobile
BCH005820,ACC002214,BEN67760,BEN64864,2026-09-14 15:44:40,branch
BCH005821,ACC004000,BEN69586,BEN81433,2026-09-14 15:41:55,mobile
BCH005822,ACC004252,BEN99710,BEN47419,2026-09-14 15:44:45,branch
BCH005823,ACC004621,BEN27528,BEN49012,2026-09-14 15:44:04,mobile
BCH005824,ACC002786,BEN64017,BEN13262,2026-09-14 15:41:03,branch
BCH005825,ACC000616,BEN71708,BEN64358,2026-09-14 15:40:29,internet
BCH005826,ACC001141,BEN30076,BEN19651,2026-09-14 15:42:22,internet
BCH005827,ACC004176,BEN15298,BEN97388,2026-09-14 15:41:06,mobile
BCH005828,ACC003247,BEN95600,BEN70826,2026-09-14 15:44:06,internet
BCH005829,ACC003574,BEN37816,BEN79037,2026-09-14 15:44:50,mobile
BCH005830,ACC000291,BEN95972,BEN33022,2026-09-14 15:40:58,internet
BCH005831,ACC000475,BEN61628,BEN62898,2026-09-14 15:41:16,branch
BCH005832,ACC003117,BEN40429,BEN34063,2026-09-14 15:45:46,branch
BCH005833,ACC001722,BEN45177,BEN30426,2026-09-14 15:40:42,mobile
BCH005834,ACC001465,BEN32491,BEN17376,2026-09-14 15:43:57,branch
BCH005835,ACC001677,BEN23512,BEN40177,2026-09-14 15:40:16,branch
BCH005836,ACC003637,BEN89365,BEN22304,2026-09-14 15:44:45,branch
BCH005837,ACC001195,BEN14706,BEN96256,2026-09-14 15:40:23,mobile
BCH005838,ACC001449,BEN28494,BEN98828,2026-09-14 15:41:26,internet
BCH005839,ACC000798,BEN77421,BEN82471,2026-09-14 15:40:21,branch
BCH005840,ACC003686,BEN71042,BEN66916,2026-09-14 15:44:46,branch
BCH005841,ACC004174,BEN67819,BEN67369,2026-09-14 15:40:46,branch
BCH005842,ACC004079,BEN86541,BEN46298,2026-09-14 15:43:18,mobile
BCH005843,ACC004256,BEN96005,BEN21287,2026-09-14 15:42:18,mobile
BCH005844,ACC001611,BEN21377,BEN35482,2026-09-14 15:45:06,internet
BCH005845,ACC000835,BEN11379,BEN49529,2026-09-14 15:42:13,internet
BCH005846,ACC001383,BEN50735,BEN10607,2026-09-14 15:44:32,mobile
BCH005847,ACC004645,BEN80135,BEN23384,2026-09-14 15:40:09,internet
BCH005848,ACC002310,BEN41695,BEN82430,2026-09-14 15:44:21,internet
BCH005849,ACC002519,BEN24863,BEN43077,2026-09-14 15:45:19,internet
BCH005850,ACC002295,BEN10712,BEN53720,2026-09-14 15:42:27,internet
BCH005851,ACC000038,BEN55352,BEN43038,2026-09-14 15:41:26,mobile
BCH005852,ACC004014,BEN96617,BEN11030,2026-09-14 15:42:16,mobile
BCH005853,ACC000361,BEN79239,BEN31753,2026-09-14 15:40:27,branch
BCH005854,ACC002619,BEN84112,BEN17350,2026-09-14 15:41:19,branch
BCH005855,ACC000957,BEN82707,BEN25695,2026-09-14 15:41:38,mobile
BCH005856,ACC004077,BEN57010,BEN80212,2026-09-14 15:41:15,mobile
BCH005857,ACC002882,BEN19652,BEN91613,2026-09-14 15:40:44,branch
BCH005858,ACC001066,BEN81431,BEN18446,2026-09-14 15:44:47,mobile
BCH005859,ACC003529,BEN64294,BEN31870,2026-09-14 15:42:36,mobile
BCH005860,ACC000174,BEN53901,BEN59396,2026-09-14 15:40:52,mobile
BCH005861,ACC002273,BEN65671,BEN46355,2026-09-14 15:45:36,branch
BCH005862,ACC001127,BEN19426,BEN34757,2026-09-14 15:41:24,internet
BCH005863,ACC004723,BEN88500,BEN93095,2026-09-14 15:45:21,mobile
BCH005864,ACC002880,BEN82384,BEN59385,2026-09-14 15:42:23,internet
BCH005865,ACC001613,BEN20680,BEN26088,2026-09-14 15:43:50,internet
BCH005866,ACC003302,BEN96031,BEN94358,2026-09-14 15:43:39,branch
BCH005867,ACC003845,BEN87121,BEN42237,2026-09-14 15:40:57,mobile
BCH005868,ACC002897,BEN60423,BEN93919,2026-09-14 15:42:44,internet
BCH005869,ACC003060,BEN50144,BEN47254,2026-09-14 15:42:34,internet
BCH005870,ACC000525,BEN37191,BEN17701,2026-09-14 15:40:09,mobile
BCH005871,ACC000552,BEN15718,BEN91757,2026-09-14 15:46:00,branch
BCH005872,ACC000645,BEN55290,BEN14392,2026-09-14 15:46:00,mobile
BCH005873,ACC003306,BEN40712,BEN31042,2026-09-14 15:43:17,internet
BCH005874,ACC004604,BEN67497,BEN87006,2026-09-14 15:43:05,internet
BCH005875,ACC000836,BEN47097,BEN62333,2026-09-14 15:42:29,mobile
BCH005876,ACC004294,BEN43799,BEN94886,2026-09-14 15:40:17,internet
BCH005877,ACC003344,BEN49027,BEN57831,2026-09-14 15:45:25,branch
BCH005878,ACC003639,BEN67788,BEN67184,2026-09-14 15:44:33,mobile
BCH005879,ACC001736,BEN92440,BEN42168,2026-09-14 15:41:34,branch
BCH005880,ACC000619,BEN41719,BEN95430,2026-09-14 15:44:49,branch
BCH005881,ACC000674,BEN94699,BEN58935,2026-09-14 15:41:08,internet
BCH005882,ACC000144,BEN66318,BEN25374,2026-09-14 15:42:00,branch
BCH005883,ACC001872,BEN59886,BEN26699,2026-09-14 15:40:16,mobile
BCH005884,ACC002054,BEN39031,BEN73598,2026-09-14 15:40:13,mobile
BCH005885,ACC000780,BEN16100,BEN56686,2026-09-14 15:42:08,branch
BCH005886,ACC000625,BEN16557,BEN53323,2026-09-14 15:43:35,internet
BCH005887,ACC003400,BEN29530,BEN83585,2026-09-14 15:42:23,branch
BCH005888,ACC000761,BEN96659,BEN25065,2026-09-14 15:44:48,branch
BCH005889,ACC000796,BEN83138,BEN91581,2026-09-14 15:43:22,internet
BCH005890,ACC001962,BEN79692,BEN99276,2026-09-14 15:40:35,internet
BCH005891,ACC001619,BEN78648,BEN27180,2026-09-14 15:40:37,branch
BCH005892,ACC003624,BEN23232,BEN55750,2026-09-14 15:42:27,branch
BCH005893,ACC002567,BEN27170,BEN84566,2026-09-14 15:42:54,branch
BCH005894,ACC001347,BEN91394,BEN58767,2026-09-14 15:41:14,internet
BCH005895,ACC003335,BEN10332,BEN83563,2026-09-14 15:40:12,internet
BCH005896,ACC001402,BEN99168,BEN18921,2026-09-14 15:40:19,mobile
BCH005897,ACC004218,BEN30618,BEN20559,2026-09-14 15:42:01,mobile
BCH005898,ACC003587,BEN66902,BEN46167,2026-09-14 15:45:04,internet
BCH005899,ACC001418,BEN97117,BEN99340,2026-09-14 15:40:40,branch
BCH005900,ACC004134,BEN90244,BEN84737,2026-09-14 15:44:08,mobile
BCH005901,ACC003818,BEN41210,BEN10514,2026-09-14 15:45:46,branch
BCH005902,ACC002945,BEN13870,BEN37650,2026-09-14 15:40:32,internet
BCH005903,ACC004232,BEN28183,BEN84160,2026-09-14 15:43:56,mobile
BCH005904,ACC001951,BEN19829,BEN67110,2026-09-14 15:42:08,internet
BCH005905,ACC003706,BEN12013,BEN75794,2026-09-14 15:42:12,mobile
BCH005906,ACC003414,BEN78989,BEN81101,2026-09-14 15:44:19,branch
BCH005907,ACC000287,BEN51584,BEN44516,2026-09-14 15:45:53,mobile
BCH005908,ACC002721,BEN81372,BEN85185,2026-09-14 15:43:47,mobile
BCH005909,ACC002089,BEN68820,BEN39382,2026-09-14 15:40:08,mobile
BCH005910,ACC001775,BEN12201,BEN73257,2026-09-14 15:44:07,mobile
BCH005911,ACC001358,BEN98378,BEN97758,2026-09-14 15:41:12,mobile
BCH005912,ACC004133,BEN78634,BEN21710,2026-09-14 15:43:02,internet
BCH005913,ACC001182,BEN40678,BEN18636,2026-09-14 15:41:15,branch
BCH005914,ACC001389,BEN50319,BEN43315,2026-09-14 15:45:30,internet
BCH005915,ACC001164,BEN43356,BEN90654,2026-09-14 15:43:49,mobile
BCH005916,ACC002230,BEN81925,BEN43149,2026-09-14 15:42:18,branch
BCH005917,ACC000896,BEN77909,BEN74646,2026-09-14 15:41:51,branch
BCH005918,ACC004848,BEN63569,BEN95418,2026-09-14 15:42:20,mobile
BCH005919,ACC001174,BEN56716,BEN19304,2026-09-14 15:43:02,internet
BCH005920,ACC000504,BEN56469,BEN69501,2026-09-14 15:40:21,internet
BCH005921,ACC004476,BEN29519,BEN94702,2026-09-14 15:42:47,internet
BCH005922,ACC004662,BEN12784,BEN39186,2026-09-14 15:42:06,mobile
BCH005923,ACC001688,BEN99619,BEN53005,2026-09-14 15:44:56,branch
BCH005924,ACC003774,BEN94798,BEN16802,2026-09-14 15:45:55,branch
BCH005925,ACC004925,BEN21075,BEN63055,2026-09-14 15:43:40,mobile
BCH005926,ACC004649,BEN21439,BEN49229,2026-09-14 15:43:49,internet
BCH005927,ACC003101,BEN82110,BEN87824,2026-09-14 15:43:26,internet
BCH005928,ACC001770,BEN89560,BEN78879,2026-09-14 15:40:24,internet
BCH005929,ACC001725,BEN77735,BEN34887,2026-09-14 15:42:28,branch
BCH005930,ACC002301,BEN89243,BEN82095,2026-09-14 15:43:50,mobile
BCH005931,ACC004419,BEN12011,BEN70649,2026-09-14 15:44:36,internet
BCH005932,ACC002001,BEN58954,BEN45463,2026-09-14 15:43:39,mobile
BCH005933,ACC002256,BEN61406,BEN15269,2026-09-14 15:43:19,mobile
BCH005934,ACC000171,BEN51592,BEN72714,2026-09-14 15:45:02,mobile
BCH005935,ACC000994,BEN17507,BEN20164,2026-09-14 15:45:37,mobile
BCH005936,ACC004462,BEN84302,BEN72475,2026-09-14 15:42:05,mobile
BCH005937,ACC003837,BEN99131,BEN15373,2026-09-14 15:41:28,branch
BCH005938,ACC002033,BEN68092,BEN23624,2026-09-14 15:45:49,branch
BCH005939,ACC001339,BEN92249,BEN32609,2026-09-14 15:45:53,branch
BCH005940,ACC002688,BEN59482,BEN69131,2026-09-14 15:44:07,internet
BCH005941,ACC004234,BEN78389,BEN53141,2026-09-14 15:45:38,branch
BCH005942,ACC001098,BEN33948,BEN54423,2026-09-14 15:44:05,mobile
BCH005943,ACC000976,BEN54314,BEN28318,2026-09-14 15:41:18,internet
BCH005944,ACC000791,BEN40081,BEN49470,2026-09-14 15:45:16,internet
BCH005945,ACC001062,BEN68172,BEN63139,2026-09-14 15:44:57,mobile
BCH005946,ACC002777,BEN53459,BEN41105,2026-09-14 15:41:25,internet
BCH005947,ACC004807,BEN94459,BEN31467,2026-09-14 15:44:57,internet
BCH005948,ACC002153,BEN29194,BEN77239,2026-09-14 15:42:25,mobile
BCH005949,ACC003652,BEN94587,BEN47963,2026-09-14 15:43:11,internet
BCH005950,ACC001718,BEN11012,BEN29245,2026-09-14 15:45:15,branch
BCH005951,ACC001442,BEN17793,BEN57027,2026-09-14 15:45:20,branch
BCH005952,ACC003463,BEN73153,BEN37402,2026-09-14 15:41:14,mobile
BCH005953,ACC000683,BEN44301,BEN51244,2026-09-14 15:44:53,mobile
BCH005954,ACC002450,BEN34695,BEN30802,2026-09-14 15:45:52,mobile
BCH005955,ACC001668,BEN90095,BEN78899,2026-09-14 15:45:53,branch
BCH005956,ACC001201,BEN44670,BEN32255,2026-09-14 15:45:25,mobile
BCH005957,ACC001515,BEN74534,BEN78701,2026-09-14 15:45:47,branch
BCH005958,ACC001192,BEN35542,BEN26680,2026-09-14 15:42:09,internet
BCH005959,ACC000568,BEN72189,BEN34777,2026-09-14 15:42:46,mobile
BCH005960,ACC004077,BEN86704,BEN96460,2026-09-14 15:45:02,mobile
BCH005961,ACC001461,BEN74279,BEN70819,2026-09-14 15:44:22,branch
BCH005962,ACC002450,BEN62394,BEN89877,2026-09-14 15:42:07,branch
BCH005963,ACC004622,BEN83440,BEN67625,2026-09-14 15:41:13,internet
BCH005964,ACC004517,BEN34077,BEN79610,2026-09-14 15:41:05,mobile
BCH005965,ACC001851,BEN10221,BEN50842,2026-09-14 15:44:28,internet
BCH005966,ACC002993,BEN60197,BEN96262,2026-09-14 15:41:27,internet
BCH005967,ACC004156,BEN77800,BEN34273,2026-09-14 15:41:58,internet
BCH005968,ACC001687,BEN10407,BEN95496,2026-09-14 15:40:56,branch
BCH005969,ACC000840,BEN43121,BEN22947,2026-09-14 15:44:31,branch
BCH005970,ACC002107,BEN72222,BEN88245,2026-09-14 15:40:26,mobile
BCH005971,ACC002375,BEN70748,BEN31684,2026-09-14 15:42:14,branch
BCH005972,ACC001010,BEN39596,BEN65119,2026-09-14 15:41:11,internet
BCH005973,ACC003499,BEN50086,BEN31444,2026-09-14 15:41:50,branch
BCH005974,ACC002547,BEN61611,BEN63936,2026-09-14 15:40:18,mobile
BCH005975,ACC000421,BEN30193,BEN42024,2026-09-14 15:45:58,mobile
BCH005976,ACC002325,BEN12066,BEN28559,2026-09-14 15:40:26,mobile
BCH005977,ACC003718,BEN57433,BEN58327,2026-09-14 15:45:53,mobile
BCH005978,ACC003853,BEN98726,BEN92848,2026-09-14 15:43:39,internet
BCH005979,ACC003319,BEN25484,BEN23510,2026-09-14 15:43:22,mobile
BCH005980,ACC003722,BEN55282,BEN77474,2026-09-14 15:41:30,branch
BCH005981,ACC001259,BEN19442,BEN33937,2026-09-14 15:41:46,mobile
BCH005982,ACC004646,BEN94753,BEN61135,2026-09-14 15:45:02,internet
BCH005983,ACC003540,BEN42068,BEN54680,2026-09-14 15:43:24,internet
BCH005984,ACC004958,BEN67375,BEN13567,2026-09-14 15:41:56,internet
BCH005985,ACC001711,BEN80286,BEN81815,2026-09-14 15:41:40,internet
BCH005986,ACC002484,BEN32879,BEN72859,2026-09-14 15:41:34,branch
BCH005987,ACC001818,BEN92499,BEN41808,2026-09-14 15:41:43,internet
BCH005988,ACC004659,BEN43301,BEN73364,2026-09-14 15:45:21,internet
BCH005989,ACC003755,BEN50729,BEN11791,2026-09-14 15:42:26,mobile
BCH005990,ACC000828,BEN41064,BEN84204,2026-09-14 15:46:04,branch
BCH005991,ACC000758,BEN15588,BEN32239,2026-09-14 15:44:07,branch
BCH005992,ACC001854,BEN19453,BEN67221,2026-09-14 15:41:43,internet
BCH005993,ACC003645,BEN25730,BEN71524,2026-09-14 15:43:49,branch
BCH005994,ACC004696,BEN57747,BEN86171,2026-09-14 15:44:46,branch
BCH005995,ACC004164,BEN64720,BEN95487,2026-09-14 15:45:23,mobile
BCH005996,ACC002442,BEN77727,BEN86674,2026-09-14 15:43:48,mobile
BCH005997,ACC002174,BEN55483,BEN73438,2026-09-14 15:41:34,branch
BCH005998,ACC004551,BEN25505,BEN19106,2026-09-14 15:42:09,internet
BCH005999,ACC004325,BEN28138,BEN84196,2026-09-14 15:42:07,mobile
