device_id,device_hash,os,browser,first_seen,last_seen
DEV000000,hash_2da46bc5d96688c9,Linux,Safari,2025-09-27 19:47:17,2026-09-06 08:28:38
DEV000001,hash_b2fdaa38ae5ec1fc,Android,Firefox,2026-08-06 04:11:49,2026-08-19 11:07:02
DEV000002,hash_750d456e19412cae,iOS,Firefox,2025-07-07 03:55:27,2026-09-14 10:44:10
DEV000003,hash_51ffdef6b6608a31,Android,Firefox,2025-04-24 17:25:57,2026-09-07 04:04:35
DEV000004,hash_34ecb64f7eca5b2d,Linux,Chrome,2026-01-17 20:12:53,2026-08-22 16:31:35
DEV000005,hash_ec0dd9ba0b94729c,macOS,Firefox,2026-07-20 13:44:30,2026-08-23 19:00:20
DEV000006,hash_b07bd4ede67b6ad3,Android,Safari,2026-01-24 17:32:05,2026-09-01 00:51:07
DEV000007,hash_e7867bbf01368f98,iOS,Safari,2025-08-07 19:28:31,2026-09-14 09:09:32
DEV000008,hash_2d53a810fc01c46c,macOS,Firefox,2025-12-02 04:20:34,2026-09-04 07:21:37
DEV000009,hash_eae6c3da5f2d38b8,macOS,Chrome,2026-07-05 12:54:12,2026-08-19 02:53:16
DEV000010,hash_2444727727eaf665,Linux,Firefox,2024-11-14 14:59:57,2026-08-23 12:30:33
DEV000011,hash_ab24f74a9f2be8ba,Windows,Edge,2025-06-08 01:53:22,2026-08-26 17:39:33
DEV000012,hash_920ee451ae2e69e2,Windows,Firefox,2025-05-15 15:58:31,2026-08-31 00:57:21
DEV000013,hash_e0f13db6f0b5b7b3,Windows,Edge,2026-02-03 09:17:33,2026-08-29 19:13:15
DEV000014,hash_029e435db0b645da,macOS,Edge,2026-03-19 23:41:10,2026-08-28 15:23:38
DEV000015,hash_4730b04b608bb508,iOS,Edge,2025-12-28 09:26:23,2026-09-03 20:30:17
DEV000016,hash_99a2186f40e07e0f,Android,Edge,2025-04-12 20:40:37,2026-09-06 06:06:37
DEV000017,hash_b22d2bfe0ab35cb1,macOS,Firefox,2026-05-13 18:39:26,2026-09-02 06:53:01
DEV000018,hash_b08307e1a9b7f1f5,iOS,Chrome,2026-04-18 02:01:43,2026-09-13 03:34:37
DEV000019,hash_1d480843a3398f8e,Android,Firefox,2025-10-23 19:11:28,2026-09-06 12:23:25
DEV000020,hash_ca8b6e4ce6f7b3d4,macOS,Chrome,2025-08-01 17:33:41,2026-08-23 18:42:21
DEV000021,hash_8974e16a2ef0963c,Windows,Firefox,2025-02-04 00:07:59,2026-08-16 18:40:51
DEV000022,hash_bd76bb2ff1896bad,Windows,Edge,2024-12-20 07:09:32,2026-08-27 01:07:35
DEV000023,hash_8948575448e918f9,Windows,Safari,2026-02-10 09:14:27,2026-08-27 20:57:22
DEV000024,hash_91f29ea4db029414,Windows,Chrome,2026-09-14 15:16:07,2026-08-19 13:02:53
DEV000025,hash_1e910b71c2d031ad,macOS,Firefox,2025-02-24 17:34:59,2026-08-23 18:13:51
DEV000026,hash_16251089f340e6f1,Linux,Edge,2025-07-19 13:42:44,2026-08-20 15:46:50
DEV000027,hash_208a9c4f3366da87,Linux,Chrome,2024-11-27 09:29:47,2026-08-18 18:05:22
DEV000028,hash_7a93ef0e780d90b6,Android,Chrome,2026-09-11 19:20:44,2026-09-07 15:04:03
DEV000029,hash_09bc6a803a887bed,macOS,Firefox,2025-11-14 03:47:31,2026-08-18 06:28:38
DEV000030,hash_c335e9e5156755f4,Android,Firefox,2024-10-04 15:43:25,2026-09-03 22:19:09
DEV000031,hash_9d85aa726f9a544a,Windows,Edge,2025-10-26 03:59:35,2026-08-19 16:45:38
DEV000032,hash_248bd5aabd0443f0,macOS,Chrome,2024-12-03 21:36:43,2026-08-28 09:32:42
DEV000033,hash_ef016e79a9b24a99,Linux,Firefox,2026-01-07 06:30:20,2026-08-23 04:40:25
DEV000034,hash_35ded447c4bfa424,Windows,Chrome,2024-11-18 15:55:19,2026-09-03 13:58:11
DEV000035,hash_03a3574a919cf735,iOS,Safari,2025-05-12 11:19:59,2026-08-26 18:59:06
DEV000036,hash_f34e5ba1dc07605e,Windows,Firefox,2025-03-25 08:03:05,2026-08-29 10:51:15
DEV000037,hash_7647f43f59a14829,iOS,Chrome,2025-08-24 09:21:18,2026-08-21 19:02:47
DEV000038,hash_6149ee42642d03af,iOS,Safari,2024-12-25 03:25:43,2026-09-10 05:27:55
DEV000039,hash_104b5372816ea5c2,iOS,Firefox,2026-06-27 11:21:01,2026-08-23 22:32:19
DEV000040,hash_31c034f0a091129b,Windows,Edge,2024-10-06 08:51:13,2026-08-17 08:43:28
DEV000041,hash_df0ff647067ab1d7,macOS,Chrome,2026-02-11 13:41:54,2026-09-01 23:30:58
DEV000042,hash_3eeb2f03d7ea8625,Linux,Safari,2026-07-14 10:40:59,2026-08-31 10:39:11
DEV000043,hash_293db7fa8e8ded45,iOS,Safari,2026-07-17 10:52:07,2026-09-07 18:31:35
DEV000044,hash_1c82780f0e84c070,Android,Edge,2025-09-12 01:21:49,2026-09-10 21:35:32
DEV000045,hash_88c62a79849ebfa5,Android,Firefox,2026-09-10 07:15:15,2026-08-28 21:09:06
DEV000046,hash_eecc0487b95d43d6,Windows,Safari,2025-11-14 05:52:16,2026-09-06 06:02:52
DEV000047,hash_24bb879609d68cdc,Android,Firefox,2024-12-28 02:58:13,2026-09-10 20:04:54
DEV000048,hash_6197337c0182c481,Android,Chrome,2025-01-29 16:26:53,2026-09-13 08:08:02
DEV000049,hash_6334fca6d04f0a71,Linux,Chrome,2025-12-22 08:01:22,2026-09-06 19:40:39
DEV000050,hash_397a0433db648ca7,Android,Chrome,2026-01-17 07:49:28,2026-09-12 00:51:20
DEV000051,hash_a61bdc7d05112d7f,macOS,Edge,2025-08-18 00:48:43,2026-09-10 01:38:27
DEV000052,hash_af8422cc484fda28,Linux,Edge,2026-01-24 02:43:51,2026-09-10 13:40:10
DEV000053,hash_e9058f29731da6ec,iOS,Edge,2025-05-12 16:45:05,2026-09-01 12:14:47
DEV000054,hash_4002c5eb9cd3e931,Windows,Edge,2025-09-23 06:53:03,2026-09-10 20:31:30
DEV000055,hash_eb5f89447aa83419,iOS,Edge,2025-03-09 14:13:37,2026-08-20 00:06:14
DEV000056,hash_e123433f895517ec,Windows,Firefox,2025-08-23 09:07:09,2026-08-30 14:27:30
DEV000057,hash_496fe30824f7e239,iOS,Edge,2025-06-25 06:56:29,2026-09-04 16:01:06
DEV000058,hash_41d893a5ffc7aba2,iOS,Safari,2025-04-03 23:24:01,2026-08-23 05:11:24
DEV000059,hash_055c22adbd71017f,macOS,Safari,2025-05-07 23:15:19,2026-08-16 04:03:52
DEV000060,hash_0ae4e09624dc1ee5,macOS,Edge,2024-09-14 05:58:03,2026-09-10 01:28:25
DEV000061,hash_e13ae6f4b5ef818b,Linux,Firefox,2026-06-09 12:01:37,2026-08-22 06:34:03
DEV000062,hash_66f89b87fccc1a7d,iOS,Safari,2025-06-08 06:43:32,2026-08-29 13:52:06
DEV000063,hash_f11f1e9735461a1c,macOS,Edge,2025-09-13 14:43:47,2026-09-10 15:12:05
DEV000064,hash_6af01106e23509a8,macOS,Edge,2024-09-20 15:17:17,2026-09-08 12:54:28
DEV000065,hash_f3cecaaf71a2f6c1,macOS,Edge,2026-04-23 23:16:40,2026-09-07 19:35:22
DEV000066,hash_567a25f85d12490e,Windows,Edge,2025-05-04 21:23:27,2026-08-16 02:24:22
DEV000067,hash_b92ab1b72213cdad,Linux,Firefox,2026-05-02 01:04:58,2026-09-05 13:15:34
DEV000068,hash_378aa5263efa528c,iOS,Firefox,2026-05-26 23:23:15,2026-08-29 21:02:44
DEV000069,hash_dfa4a6daf2b074a3,Linux,Safari,2025-12-21 21:12:09,2026-08-26 21:09:05
DEV000070,hash_769fce1ae67d9f00,Linux,Edge,2026-05-26 01:04:00,2026-08-16 00:10:32
DEV000071,hash_a4dd2fe15ff3fbbf,Windows,Firefox,2025-11-13 23:39:43,2026-09-02 19:05:34
DEV000072,hash_242e4cff64907a63,macOS,Chrome,2025-02-07 15:27:50,2026-09-04 15:28:23
DEV000073,hash_a6f908648af6d268,macOS,Safari,2026-07-31 08:56:20,2026-09-11 20:51:33
DEV000074,hash_d5382419e798d9bf,Linux,Edge,2025-08-19 16:29:57,2026-09-03 19:41:08
DEV000075,hash_330c84610d06d891,iOS,Safari,2025-03-27 06:38:50,2026-08-23 13:59:19
DEV000076,hash_e3d21a338d3bc1df,iOS,Edge,2026-03-23 11:39:21,2026-09-03 13:49:35
DEV000077,hash_847aefa5efe739dd,macOS,Firefox,2026-06-19 15:14:31,2026-09-03 00:35:06
DEV000078,hash_716728eef1758208,Android,Firefox,2025-03-04 12:23:13,2026-08-28 10:09:37
DEV000079,hash_9140a95d62cef959,iOS,Safari,2024-11-14 16:49:21,2026-09-05 03:42:38
DEV000080,hash_bef8004bfbcf57d7,Linux,Firefox,2026-01-12 21:06:43,2026-08-27 06:52:33
DEV000081,hash_66e1608ea4282ec4,Linux,Firefox,2025-10-20 10:33:20,2026-09-14 10:12:53
DEV000082,hash_694a48b326932d95,Windows,Edge,2026-06-03 10:32:02,2026-08-28 20:30:42
DEV000083,hash_de3738773ee61872,iOS,Edge,2025-04-23 07:00:26,2026-09-10 11:31:33
DEV000084,hash_9c406cbe50f370af,Linux,Chrome,2026-06-04 09:31:55,2026-08-28 16:57:59
DEV000085,hash_18d939ebad1abfd5,Android,Chrome,2025-07-31 21:19:56,2026-08-24 18:48:09
DEV000086,hash_02381c49057eccfa,Android,Safari,2026-07-09 02:18:15,2026-08-18 23:31:56
DEV000087,hash_1706c3cdda440dee,Windows,Safari,2025-02-02 20:33:44,2026-08-22 06:56:40
DEV000088,hash_be5b8a9233f8457c,iOS,Firefox,2025-04-27 02:41:37,2026-08-21 00:20:26
DEV000089,hash_d736b50e4ebc5f60,Android,Safari,2026-01-21 20:47:12,2026-09-06 18:16:45
DEV000090,hash_e8c451fc9f8c1c81,Windows,Edge,2026-01-06 23:33:25,2026-09-06 15:16:41
DEV000091,hash_56afd9ce799f52c0,iOS,Safari,2025-04-13 13:11:38,2026-09-08 12:58:58
DEV000092,hash_19fbded24da12b02,Linux,Firefox,2025-02-07 00:53:42,2026-08-31 05:20:35
DEV000093,hash_e16c77ace69bf25c,iOS,Firefox,2024-09-29 05:48:09,2026-08-23 01:01:58
DEV000094,hash_1e521d486a499f0b,Linux,Edge,2024-10-22 17:27:17,2026-09-10 15:03:07
DEV000095,hash_8fc93778288510d1,Linux,Edge,2024-10-01 08:47:44,2026-08-24 16:23:56
DEV000096,hash_fbb9bf21b32a3228,Windows,Firefox,2024-12-02 14:45:43,2026-08-29 08:27:12
DEV000097,hash_1d053081f9e34f60,iOS,Edge,2025-04-11 06:24:25,2026-08-21 17:26:50
DEV000098,hash_c173d1d918d98279,Android,Firefox,2026-03-23 16:27:53,2026-09-05 22:33:30
DEV000099,hash_6185e21be156df17,macOS,Edge,2026-04-01 22:30:15,2026-08-16 01:19:28
DEV000100,hash_2ba321ef7a14cf98,Android,Safari,2025-03-14 00:08:54,2026-08-20 00:51:11
DEV000101,hash_70e13734ee523a03,Linux,Firefox,2025-01-09 05:11:37,2026-08-16 08:55:18
DEV000102,hash_e4dc668072847156,Android,Edge,2025-10-02 13:14:09,2026-08-26 04:48:30
DEV000103,hash_abf89388f254a50e,Linux,Safari,2025-06-06 17:57:49,2026-09-05 01:23:05
DEV000104,hash_56fb9a22e2b6ef5d,Android,Safari,2025-05-14 04:27:23,2026-09-08 20:26:21
DEV000105,hash_2d5f4dd311a2c64d,iOS,Safari,2025-06-29 15:35:22,2026-09-07 03:59:51
DEV000106,hash_64c40063ad6853c6,iOS,Chrome,2026-03-09 12:03:08,2026-08-17 04:44:33
DEV000107,hash_ef5e0d74fe2e7c0f,iOS,Safari,2025-05-28 16:31:37,2026-08-19 13:13:58
DEV000108,hash_b61ed8af4ad76a0d,Android,Safari,2026-07-01 09:05:19,2026-08-22 17:58:14
DEV000109,hash_fbcb4db69a51ec62,macOS,Chrome,2024-10-27 16:52:35,2026-08-28 14:15:55
DEV000110,hash_e41bb3b99f325c4c,Linux,Edge,2026-05-09 15:27:51,2026-09-03 16:58:14
DEV000111,hash_2b4786c5fde02b7a,Windows,Safari,2024-11-08 14:57:11,2026-09-11 00:37:50
DEV000112,hash_836fad3831286dc8,Windows,Chrome,2025-09-14 08:25:02,2026-08-24 11:20:59
DEV000113,hash_518da4887d5704df,iOS,Chrome,2025-02-10 10:58:12,2026-08-27 19:07:47
DEV000114,hash_3d224110a63f69ea,Windows,Safari,2026-06-10 22:54:13,2026-09-03 04:20:09
DEV000115,hash_ff03f1a972ed257b,macOS,Safari,2026-06-19 11:59:00,2026-08-16 06:27:51
DEV000116,hash_45d89da60a5b4eb2,macOS,Chrome,2024-12-17 21:46:27,2026-08-27 17:49:41
DEV000117,hash_8d204cf6553a2bad,Android,Firefox,2025-07-10 01:23:55,2026-09-06 03:51:10
DEV000118,hash_fa6e8103df3e03c2,Linux,Chrome,2025-03-25 03:40:59,2026-08-17 06:48:30
DEV000119,hash_92dae5a7bc11733c,Android,Safari,2025-02-15 21:13:41,2026-09-07 00:40:38
DEV000120,hash_331bc38a6173a99e,macOS,Edge,2026-04-08 07:39:22,2026-08-20 05:14:16
DEV000121,hash_0936312c636dfeba,Windows,Edge,2025-10-23 22:59:00,2026-08-25 18:37:28
DEV000122,hash_5de6346755ec2b78,Linux,Edge,2025-09-16 10:21:11,2026-09-03 13:07:37
DEV000123,hash_b510561a683def14,Windows,Firefox,2026-02-25 11:15:05,2026-08-30 19:23:59
DEV000124,hash_58a32011f1624df9,Windows,Firefox,2026-09-11 08:33:47,2026-08-31 08:09:43
DEV000125,hash_4819a23a7d23fd9a,Windows,Chrome,2025-01-15 08:58:39,2026-08-17 16:54:58
DEV000126,hash_732af4e8e9d1c994,Android,Safari,2026-04-15 14:55:06,2026-09-11 08:04:23
DEV000127,hash_8240252ddc89e59a,Android,Chrome,2025-10-23 19:00:55,2026-08-21 14:04:16
DEV000128,hash_20e7118acf8da52b,Android,Firefox,2025-03-29 22:20:16,2026-09-08 00:26:21
DEV000129,hash_2d56e616130cd65b,Windows,Chrome,2026-01-23 03:07:18,2026-08-30 03:54:30
DEV000130,hash_92689d81276cf202,iOS,Chrome,2025-02-15 12:43:23,2026-09-02 03:41:36
DEV000131,hash_134e2bd9dd1ad072,Android,Chrome,2026-08-04 12:48:36,2026-08-18 04:27:08
DEV000132,hash_ce96a698bc8b7eb7,Windows,Chrome,2026-07-16 23:59:30,2026-08-26 05:30:28
DEV000133,hash_952f6d1127ff97ca,macOS,Safari,2024-12-10 21:23:06,2026-08-27 02:41:10
DEV000134,hash_aa3961bec93fec2c,Android,Chrome,2026-01-18 18:31:27,2026-09-05 17:36:03
DEV000135,hash_b44304e90e60ec16,iOS,Firefox,2025-05-24 05:36:57,2026-08-16 09:19:16
DEV000136,hash_befe0e22eb0230a0,Android,Firefox,2025-01-22 04:04:09,2026-08-29 01:26:45
DEV000137,hash_b7df852c1779e7d0,Android,Chrome,2025-12-12 07:47:08,2026-08-21 11:10:04
DEV000138,hash_caa5d22a6ed7149f,iOS,Firefox,2025-07-18 14:38:51,2026-08-27 10:59:08
DEV000139,hash_b78bf29d0cccb5c6,Android,Edge,2024-09-21 02:42:38,2026-08-17 16:41:30
DEV000140,hash_a01d9aeb52060f1c,Linux,Firefox,2025-12-09 12:18:24,2026-09-07 17:29:47
DEV000141,hash_d14b049b79de06cb,iOS,Edge,2026-03-02 21:04:26,2026-09-13 14:24:13
DEV000142,hash_b4ce5f319aff48af,iOS,Edge,2025-01-12 13:30:19,2026-09-02 16:28:36
DEV000143,hash_bb47d3a449be8766,Linux,Chrome,2026-05-05 20:56:37,2026-08-20 00:01:03
DEV000144,hash_2f576e777148c007,Linux,Chrome,2025-03-26 08:45:54,2026-08-23 07:29:53
DEV000145,hash_2d0490a7145deec7,iOS,Safari,2025-10-07 11:24:56,2026-08-20 02:15:23
DEV000146,hash_e0d02f5a24d6281f,Linux,Firefox,2026-02-28 23:10:51,2026-09-01 02:03:23
DEV000147,hash_1fbf23bbb33109f5,Android,Firefox,2026-09-07 04:31:30,2026-08-18 13:43:55
DEV000148,hash_d93eeb082fe26180,Windows,Firefox,2024-10-30 14:32:07,2026-09-01 21:58:27
DEV000149,hash_6508f5c429949775,Linux,Safari,2026-01-27 19:59:35,2026-08-23 03:05:38
DEV000150,hash_698b4ff499ff70c6,Linux,Safari,2026-03-12 21:57:00,2026-09-10 16:39:46
DEV000151,hash_6d30a1b937dfc571,Windows,Safari,2026-05-21 22:14:46,2026-08-20 20:53:11
DEV000152,hash_3da325e2bc4600bd,Linux,Chrome,2024-12-20 21:50:23,2026-09-08 08:08:39
DEV000153,hash_e3fb7b87a7a3bc7a,Windows,Safari,2025-03-13 21:36:56,2026-08-31 00:47:39
DEV000154,hash_29489bdac1199d43,Android,Chrome,2025-11-21 20:39:09,2026-09-01 12:25:14
DEV000155,hash_7e71bda810128b96,Windows,Chrome,2026-06-01 20:19:38,2026-09-05 22:54:38
DEV000156,hash_c172494f9eae2feb,macOS,Chrome,2026-04-06 15:52:35,2026-08-25 00:35:13
DEV000157,hash_c3b1ef08ac8d8f32,macOS,Chrome,2024-09-30 18:17:30,2026-09-02 23:53:55
DEV000158,hash_be8864abfa27a8f8,Android,Safari,2025-06-19 08:58:19,2026-08-22 04:44:25
DEV000159,hash_c5798f5d969040b0,Windows,Chrome,2025-03-27 21:33:45,2026-08-17 13:46:24
DEV000160,hash_432f174f91b72a5c,Windows,Edge,2025-09-26 02:56:00,2026-09-05 21:29:26
DEV000161,hash_be00565d5bad4331,macOS,Safari,2025-11-22 09:13:24,2026-08-29 23:08:00
DEV000162,hash_4cdcffaf7fec01d8,macOS,Safari,2025-11-09 17:32:33,2026-09-08 10:45:52
DEV000163,hash_ffc4d95b8bc135a9,iOS,Firefox,2025-02-08 13:55:26,2026-09-12 04:01:17
DEV000164,hash_2ba95b909654a5e4,Android,Safari,2025-02-06 03:13:13,2026-09-11 01:07:47
DEV000165,hash_77069f9468e438e0,macOS,Safari,2025-06-11 05:11:07,2026-08-31 08:52:53
DEV000166,hash_cbd725f2ec66f55e,macOS,Edge,2026-04-06 01:12:59,2026-09-07 09:29:07
DEV000167,hash_e62abbfede61f70d,macOS,Edge,2025-04-16 00:39:57,2026-09-13 17:16:43
DEV000168,hash_245f8b4a27165ab6,macOS,Edge,2026-08-25 11:16:37,2026-09-11 13:49:44
DEV000169,hash_06444f36f31b3888,iOS,Safari,2025-01-16 17:15:50,2026-08-19 00:00:47
DEV000170,hash_fd610d0961a73056,iOS,Edge,2025-10-31 17:21:55,2026-08-23 04:23:01
DEV000171,hash_03923cfa5d9f2c8c,macOS,Firefox,2025-08-29 05:22:29,2026-08-30 00:14:59
DEV000172,hash_97cabad126aa7809,iOS,Firefox,2026-06-12 15:18:54,2026-08-28 10:35:24
DEV000173,hash_043217e41847d750,macOS,Edge,2025-11-08 20:30:46,2026-09-02 11:29:00
DEV000174,hash_45590d60265fd5c1,Windows,Firefox,2025-09-01 20:53:30,2026-08-15 16:36:17
DEV000175,hash_7f5085e7058cdd44,macOS,Firefox,2026-05-09 20:24:15,2026-09-09 05:14:58
DEV000176,hash_d46c57764db3a044,Linux,Safari,2025-07-05 14:07:49,2026-08-24 15:55:45
DEV000177,hash_30a04e0b3a4d1f57,macOS,Edge,2026-07-31 23:17:54,2026-08-16 13:34:34
DEV000178,hash_6f6335bf6ecfaab4,iOS,Edge,2026-01-08 12:56:11,2026-09-02 07:56:40
DEV000179,hash_aa71295cf816ee8a,Android,Safari,2026-05-09 22:14:36,2026-08-27 05:58:21
DEV000180,hash_1b2391f0f620e4c0,Android,Safari,2025-05-21 06:25:02,2026-08-18 17:33:52
DEV000181,hash_7a09071cb4bdfeed,Linux,Safari,2026-02-07 11:39:00,2026-09-10 19:41:45
DEV000182,hash_3c32f2ee2437e380,Linux,Edge,2026-06-12 08:26:23,2026-09-03 11:13:32
DEV000183,hash_37663e35cdba2cac,macOS,Edge,2025-02-08 15:40:09,2026-09-10 02:21:05
DEV000184,hash_f4f48fdc0351d800,Windows,Firefox,2026-02-26 20:28:04,2026-09-08 19:27:10
DEV000185,hash_a165c37d56ad3649,Windows,Edge,2026-05-01 22:33:51,2026-09-11 10:16:21
DEV000186,hash_1f3163fa9c939245,Linux,Firefox,2025-01-11 21:27:56,2026-09-14 10:00:30
DEV000187,hash_482a68ff879645b8,Windows,Safari,2025-04-22 02:09:17,2026-08-31 07:37:20
DEV000188,hash_b0427c62ce9fb278,iOS,Safari,2025-07-29 11:33:22,2026-08-31 06:57:04
DEV000189,hash_f86e258890b950bb,macOS,Chrome,2024-12-08 23:26:48,2026-08-20 07:54:46
DEV000190,hash_7273b7af0488a0e8,Windows,Edge,2025-10-25 13:24:39,2026-08-18 21:27:13
DEV000191,hash_359ee84a3f010e25,Windows,Firefox,2024-10-18 04:18:48,2026-08-21 22:57:50
DEV000192,hash_df331eb0e8ff561f,Windows,Edge,2025-01-30 22:18:52,2026-08-17 04:12:09
DEV000193,hash_47d0e6eec96c2090,Linux,Safari,2025-02-18 03:16:20,2026-08-20 20:29:39
DEV000194,hash_cb37a85d93c4ad32,Windows,Firefox,2025-09-26 04:12:14,2026-08-24 23:00:56
DEV000195,hash_208bc725e6e005dd,Windows,Firefox,2024-11-29 21:08:47,2026-08-17 04:50:08
DEV000196,hash_97c40530b5465c93,Linux,Firefox,2025-12-01 16:41:04,2026-09-03 12:30:59
DEV000197,hash_d1d50a53d035dd19,iOS,Edge,2026-02-07 04:47:14,2026-09-08 10:33:07
DEV000198,hash_7841b3dd90344c86,Android,Safari,2025-10-27 14:16:00,2026-09-13 07:30:59
DEV000199,hash_e17766b182ce4e0c,Android,Edge,2025-03-31 23:17:10,2026-08-18 00:57:18
DEV000200,hash_25fa9f8dc00c9ab9,Linux,Safari,2025-06-25 17:34:48,2026-08-26 08:55:36
DEV000201,hash_877bfb5014d0945b,macOS,Edge,2025-12-28 20:02:25,2026-08-19 02:20:24
DEV000202,hash_e6829d8f9a43fa95,Windows,Chrome,2024-09-24 08:11:19,2026-08-25 18:57:49
DEV000203,hash_63bb48b6731171a7,iOS,Safari,2026-02-05 12:18:00,2026-09-08 12:17:42
DEV000204,hash_24a11c7fb63f93f6,Windows,Chrome,2026-09-05 06:56:44,2026-08-19 12:55:21
DEV000205,hash_3f203c2279477aa8,iOS,Chrome,2025-09-12 17:30:03,2026-08-18 14:29:13
DEV000206,hash_5b2de07e53c45254,Linux,Edge,2025-06-21 12:23:43,2026-09-11 17:54:23
DEV000207,hash_2568221b8fd73af9,Windows,Safari,2026-04-14 15:40:12,2026-09-04 20:23:12
DEV000208,hash_fc3b9c087c152622,Windows,Firefox,2026-06-14 15:55:51,2026-09-02 13:45:44
DEV000209,hash_cf8be8bdd2fa9b0a,iOS,Chrome,2026-05-24 02:07:52,2026-08-18 11:41:26
DEV000210,hash_bbc1686b4badb973,Android,Firefox,2026-06-15 22:03:49,2026-09-14 14:32:43
DEV000211,hash_cc8155da86043d41,Linux,Safari,2025-04-08 15:24:31,2026-09-10 08:07:12
DEV000212,hash_ca6beccd3f8bc509,macOS,Edge,2024-10-15 18:04:32,2026-08-19 01:46:27
DEV000213,hash_d18ee31bb35d8adb,Android,Safari,2026-06-24 07:38:33,2026-08-30 09:50:26
DEV000214,hash_3449131842d01a0b,iOS,Safari,2024-11-13 17:04:00,2026-08-26 03:18:28
DEV000215,hash_0760d4080678fe13,macOS,Chrome,2025-10-22 16:09:12,2026-08-20 08:55:05
DEV000216,hash_770646025e5ea4cd,iOS,Edge,2024-12-01 19:13:08,2026-08-26 20:55:17
DEV000217,hash_61cc06e5a03a5196,Linux,Firefox,2025-11-01 03:07:35,2026-09-03 08:42:33
DEV000218,hash_71b31c9198063af9,Windows,Chrome,2025-02-08 08:02:39,2026-08-25 00:45:59
DEV000219,hash_460781e5efd8dfa9,macOS,Safari,2025-10-27 21:10:34,2026-08-27 17:35:45
DEV000220,hash_b4cfdcd732a1c14d,Linux,Edge,2025-11-30 22:19:55,2026-08-24 08:11:50
DEV000221,hash_29b3e2d348e636b5,Linux,Firefox,2025-11-21 22:00:51,2026-09-11 18:02:53
DEV000222,hash_f4c3559b52a343b8,Android,Chrome,2025-08-02 15:50:52,2026-08-20 18:41:56
DEV000223,hash_de240ec50d6ba019,Windows,Edge,2026-05-02 08:48:15,2026-09-12 15:30:41
DEV000224,hash_2449ea0f5e6b1e56,Windows,Edge,2025-06-19 05:10:00,2026-09-06 22:12:51
DEV000225,hash_0684e4388cd5219a,macOS,Safari,2026-03-13 20:44:06,2026-09-05 09:20:40
DEV000226,hash_2d914e296541f574,Windows,Chrome,2026-07-31 21:16:43,2026-08-20 17:03:15
DEV000227,hash_486cb80ba4c45829,Windows,Chrome,2025-01-21 17:47:49,2026-08-24 09:56:35
DEV000228,hash_82ff51e0e21d4d53,Android,Firefox,2025-11-15 08:20:43,2026-09-04 03:36:50
DEV000229,hash_105a4d407f2632df,Android,Firefox,2025-10-11 04:24:05,2026-09-01 00:59:49
DEV000230,hash_1a2d445326cd4979,Linux,Firefox,2026-02-06 21:31:43,2026-08-23 08:03:18
DEV000231,hash_b6bf1f51f0abe316,iOS,Chrome,2025-11-02 20:52:20,2026-09-13 18:43:06
DEV000232,hash_5c3dbae4c1315e84,Windows,Safari,2025-08-24 06:35:29,2026-09-01 18:15:12
DEV000233,hash_69a2e46614c6d16d,Windows,Chrome,2026-08-16 03:47:07,2026-08-30 22:56:53
DEV000234,hash_668b179f7e1193ab,Linux,Chrome,2025-11-15 10:30:19,2026-08-31 10:00:56
DEV000235,hash_6a961ac0865162a6,macOS,Firefox,2026-07-02 09:27:59,2026-09-02 16:51:02
DEV000236,hash_d2a608538c501e6e,Android,Firefox,2025-07-31 10:52:55,2026-09-05 13:26:15
DEV000237,hash_28b82fa172d0c649,Android,Safari,2026-06-17 20:53:27,2026-08-31 08:36:49
DEV000238,hash_3d407ee03a36a26d,Android,Chrome,2025-12-30 17:53:36,2026-08-27 08:13:41
DEV000239,hash_a495430e0d6f885a,iOS,Edge,2025-11-25 14:01:27,2026-09-11 03:28:00
DEV000240,hash_0acc09da0ada634b,iOS,Firefox,2025-02-27 08:09:20,2026-09-02 20:44:46
DEV000241,hash_2712cefef330f931,iOS,Safari,2026-05-01 22:04:54,2026-09-11 08:50:26
DEV000242,hash_6334db0652acde30,macOS,Chrome,2026-09-03 12:52:33,2026-08-27 23:48:05
DEV000243,hash_c3fa363d829f8b39,Windows,Edge,2025-06-20 19:17:30,2026-09-06 14:51:15
DEV000244,hash_ab6da9ab0604f4e7,macOS,Chrome,2025-08-27 18:14:48,2026-09-03 22:24:36
DEV000245,hash_333b5a5d0a45f604,Linux,Chrome,2024-09-14 07:53:34,2026-08-17 08:09:04
DEV000246,hash_3ac0e784357650f9,Linux,Edge,2025-04-23 03:22:41,2026-09-13 13:52:48
DEV000247,hash_5971116a01d4bcf6,Android,Safari,2024-09-26 20:08:44,2026-09-09 18:49:29
DEV000248,hash_e609456a8257909d,iOS,Edge,2024-12-28 02:25:34,2026-08-30 07:26:13
DEV000249,hash_26fa3d5c3678a41a,Linux,Chrome,2024-09-19 06:41:52,2026-08-30 05:40:49
DEV000250,hash_a0af9f67ea4a973e,Linux,Safari,2025-03-05 12:30:50,2026-08-26 02:03:10
DEV000251,hash_8e673bc844016c6f,Windows,Edge,2026-07-10 20:01:51,2026-08-30 22:39:23
DEV000252,hash_d5b6eac128eccd72,iOS,Safari,2024-10-01 00:47:20,2026-08-29 01:16:46
DEV000253,hash_321e246255a0db97,Windows,Safari,2026-08-29 01:44:13,2026-09-11 12:49:49
DEV000254,hash_1e81c59964838f5b,Windows,Edge,2025-10-16 07:02:14,2026-09-11 15:55:46
DEV000255,hash_720f228807609502,Linux,Edge,2025-12-01 10:16:20,2026-09-12 09:44:31
DEV000256,hash_2f51270f346003a3,Android,Chrome,2025-01-12 08:20:19,2026-08-20 05:37:06
DEV000257,hash_cdfc9ce763300ee1,Android,Firefox,2024-10-13 11:42:06,2026-09-07 00:08:08
DEV000258,hash_c27f9590333c8c30,Linux,Safari,2025-06-17 10:08:59,2026-08-23 05:38:38
DEV000259,hash_b09371b5d53ae164,iOS,Safari,2024-12-30 16:21:42,2026-08-28 12:29:58
DEV000260,hash_76ba45725c667438,Android,Firefox,2025-06-26 07:10:01,2026-09-12 22:01:36
DEV000261,hash_e3e492f3911cdbb8,Windows,Firefox,2025-03-27 05:54:59,2026-08-26 23:13:26
DEV000262,hash_061893ec82d768c6,Windows,Chrome,2025-04-01 04:58:38,2026-08-30 05:38:37
DEV000263,hash_d45fd39a376788ab,iOS,Safari,2024-11-24 13:28:54,2026-09-12 08:25:54
DEV000264,hash_7fe54edd34d387dd,macOS,Safari,2025-07-21 17:01:32,2026-09-12 06:46:29
DEV000265,hash_fbf676af7537e85e,macOS,Firefox,2026-08-28 02:48:11,2026-08-26 05:05:56
DEV000266,hash_7ddee37debbaca66,macOS,Safari,2026-04-07 11:57:20,2026-08-19 09:42:44
DEV000267,hash_fc9db15bcb8553f6,iOS,Chrome,2026-03-30 04:45:53,2026-08-31 10:03:35
DEV000268,hash_1b757ed19dca71ef,Android,Chrome,2026-05-23 01:03:05,2026-09-08 01:57:28
DEV000269,hash_0ccea3259e88ebab,Android,Safari,2025-01-26 11:22:55,2026-09-08 08:38:57
DEV000270,hash_00009f1eee1eedbf,Windows,Edge,2026-06-17 12:30:26,2026-09-12 15:07:32
DEV000271,hash_ba8f3e6c61a4cd19,Linux,Firefox,2026-06-12 17:07:04,2026-08-20 06:52:23
DEV000272,hash_0db4a7fa18e43d85,Windows,Firefox,2025-12-20 12:09:35,2026-08-30 05:44:58
DEV000273,hash_30d7509da551524c,macOS,Safari,2024-10-13 04:54:11,2026-09-12 15:11:07
DEV000274,hash_47acaec9137b41c2,macOS,Chrome,2025-07-07 12:46:52,2026-08-19 11:11:56
DEV000275,hash_c53bcc3a4c26fd27,Android,Chrome,2026-05-13 02:46:21,2026-08-18 08:55:14
DEV000276,hash_244f802b4d53280e,Windows,Edge,2026-08-31 05:10:34,2026-08-31 21:21:29
DEV000277,hash_eea7a67fee1cb89a,iOS,Chrome,2025-06-11 10:08:06,2026-09-05 17:46:02
DEV000278,hash_a2ff6996eb5e371f,Android,Edge,2025-08-03 16:46:24,2026-08-21 12:12:21
DEV000279,hash_03ac0d1b2cb15c02,Android,Chrome,2026-07-21 18:14:30,2026-08-26 15:54:40
DEV000280,hash_3c1c09a3b98d15a7,macOS,Safari,2026-04-17 21:59:11,2026-09-13 21:29:54
DEV000281,hash_05c66c4d452319ae,Linux,Edge,2026-09-05 11:35:45,2026-08-16 05:05:17
DEV000282,hash_bb3f429710335eb4,iOS,Firefox,2026-01-19 12:45:29,2026-09-03 05:23:44
DEV000283,hash_65c51c9a10ae2dfc,macOS,Chrome,2024-10-26 05:15:51,2026-08-30 10:51:52
DEV000284,hash_7f572473098364e3,macOS,Edge,2025-10-26 11:27:37,2026-08-17 15:44:48
DEV000285,hash_2cce4cce6994a2ca,Android,Chrome,2025-05-20 04:44:16,2026-09-10 20:49:47
DEV000286,hash_10217062a8179850,Windows,Safari,2025-11-26 22:59:08,2026-08-22 22:02:22
DEV000287,hash_7aaaf675b807eb46,iOS,Safari,2025-05-26 00:49:45,2026-09-09 01:06:23
DEV000288,hash_abd68d74063fec11,Windows,Firefox,2026-03-10 03:35:47,2026-08-26 09:00:48
DEV000289,hash_b08e8dd43c1d10be,macOS,Chrome,2025-01-11 04:03:15,2026-08-18 02:37:33
DEV000290,hash_a6725796feef341b,Android,Edge,2026-02-19 09:43:01,2026-09-03 17:30:27
DEV000291,hash_f3bfde5f8f16fac0,macOS,Firefox,2025-08-26 07:08:05,2026-09-13 13:08:43
DEV000292,hash_d9347309b72f8d06,Android,Safari,2025-12-04 23:46:25,2026-09-09 03:49:06
DEV000293,hash_16a26e585d316263,Linux,Safari,2024-11-23 03:30:50,2026-08-26 10:30:52
DEV000294,hash_d21a537574cd4a41,macOS,Firefox,2025-08-15 16:06:38,2026-08-29 17:23:16
DEV000295,hash_a89a18fe5f8e74df,Windows,Firefox,2026-05-17 23:12:49,2026-09-03 19:11:06
DEV000296,hash_bc35bc9a521a21a4,Windows,Edge,2025-01-07 03:23:50,2026-08-22 01:46:39
DEV000297,hash_9488c2852c88d257,macOS,Safari,2025-06-02 06:52:30,2026-08-19 15:56:17
DEV000298,hash_fbc77e9877ad0afc,Windows,Safari,2025-09-18 18:49:11,2026-09-12 09:32:33
DEV000299,hash_d071365425cb49de,macOS,Edge,2026-04-16 01:55:31,2026-08-18 01:13:03
DEV000300,hash_f61d6b9c5c3e82e9,macOS,Chrome,2025-11-13 22:32:51,2026-09-04 00:51:27
DEV000301,hash_40d1bc319a26a065,iOS,Safari,2025-04-06 02:40:53,2026-08-19 18:53:25
DEV000302,hash_5bd1b61cecba63b3,macOS,Edge,2025-07-20 17:19:42,2026-09-09 00:25:56
DEV000303,hash_8a09c8b4c0f2b34e,iOS,Chrome,2025-08-17 15:44:50,2026-08-21 23:39:51
DEV000304,hash_81a0578257ec95f3,iOS,Safari,2026-04-29 01:34:09,2026-08-22 04:54:06
DEV000305,hash_a1f875a48a4b4559,iOS,Firefox,2025-09-22 17:17:28,2026-09-11 19:23:36
DEV000306,hash_d0f64c6dfa2bdff7,iOS,Edge,2025-02-15 01:15:24,2026-09-08 08:09:55
DEV000307,hash_d2cd2f4414ed228b,macOS,Chrome,2025-07-18 05:31:21,2026-09-12 09:24:52
DEV000308,hash_805aadb5fd91aa63,Linux,Chrome,2025-02-13 11:48:07,2026-09-11 21:34:25
DEV000309,hash_1a93a3f1850276c0,Linux,Chrome,2026-01-05 15:15:33,2026-09-10 02:33:32
DEV000310,hash_ef3bbcb5413524d3,Linux,Firefox,2025-03-24 10:36:04,2026-08-27 10:05:01
DEV000311,hash_3a0e681bbd5db7a4,Windows,Edge,2024-11-08 19:47:12,2026-08-28 13:58:41
DEV000312,hash_535322bf1dee8ebf,Windows,Edge,2026-05-10 12:19:25,2026-09-05 12:49:44
DEV000313,hash_a82a113285eb4279,macOS,Firefox,2025-05-23 09:04:33,2026-09-12 14:52:33
DEV000314,hash_59e3f0f693b78bab,macOS,Chrome,2024-11-22 18:24:41,2026-08-21 02:52:22
DEV000315,hash_a3f5cc8d39cefff3,macOS,Firefox,2026-02-17 22:31:41,2026-09-04 17:37:26
DEV000316,hash_b1a63ccfd597ea14,iOS,Chrome,2025-08-09 03:36:54,2026-09-02 09:20:01
DEV000317,hash_cb28f9c6e4a7ad11,Linux,Chrome,2025-06-11 17:10:30,2026-08-24 21:42:09
DEV000318,hash_24f47c357ec59e55,Android,Safari,2025-05-21 07:14:33,2026-09-01 09:10:00
DEV000319,hash_c17c25773de8ca53,macOS,Safari,2025-12-19 10:55:06,2026-08-16 19:58:08
DEV000320,hash_35910434d34266c9,Linux,Chrome,2026-05-05 00:08:43,2026-08-30 10:54:20
DEV000321,hash_d082b3b4f398d16e,iOS,Chrome,2025-01-23 15:23:34,2026-09-01 15:12:54
DEV000322,hash_07f6008e0426fe7b,Windows,Chrome,2026-01-05 19:26:16,2026-09-06 02:58:41
DEV000323,hash_2f8af5db3503ae05,Android,Chrome,2026-01-11 05:12:12,2026-08-22 17:39:25
DEV000324,hash_73dd8d3140e10b51,Android,Edge,2025-08-22 07:04:46,2026-08-17 20:03:08
DEV000325,hash_5b860e79f1e34d6c,macOS,Chrome,2026-09-02 00:49:44,2026-08-26 23:48:04
DEV000326,hash_98f9bfb4b2a43bf4,Windows,Safari,2025-02-16 06:38:53,2026-09-02 19:17:56
DEV000327,hash_5ffa7dbe63436870,iOS,Safari,2025-01-13 08:07:59,2026-08-19 19:44:49
DEV000328,hash_9e87ad6d6db3bda5,Linux,Edge,2024-12-10 11:00:25,2026-08-18 07:18:27
DEV000329,hash_9d63bda6a29dc073,Linux,Chrome,2025-03-21 22:59:41,2026-08-22 19:49:20
DEV000330,hash_7dc807a2addaa3b6,Android,Edge,2026-07-20 22:57:49,2026-08-29 14:56:36
DEV000331,hash_59fbb46d51d3649c,Android,Safari,2024-09-24 20:15:11,2026-09-01 07:42:22
DEV000332,hash_793daf5ab35c9601,macOS,Chrome,2026-03-07 01:31:35,2026-08-21 01:24:51
DEV000333,hash_b047824a6c362d23,Linux,Safari,2025-05-09 04:03:31,2026-09-06 12:07:33
DEV000334,hash_f8ab33f4f2f9ade1,macOS,Chrome,2025-09-15 03:52:12,2026-08-16 18:16:10
DEV000335,hash_09e6614a61458972,macOS,Chrome,2025-05-29 22:52:35,2026-08-25 19:16:47
DEV000336,hash_408d52127991329a,Linux,Chrome,2026-04-11 23:05:16,2026-09-10 18:35:16
DEV000337,hash_3ed1d8f8153d2c6b,Android,Edge,2025-02-25 17:53:17,2026-08-25 13:12:42
DEV000338,hash_bfc1e2f1613dec3a,Windows,Firefox,2025-11-12 14:19:54,2026-09-10 01:24:54
DEV000339,hash_fbe770a69a861a16,macOS,Chrome,2026-04-19 23:52:47,2026-08-28 05:07:28
DEV000340,hash_4f4ff14552a7c5d6,Linux,Edge,2025-11-14 10:37:14,2026-09-08 02:31:57
DEV000341,hash_9d1c92f037702be5,macOS,Chrome,2026-01-11 02:35:26,2026-08-22 12:26:52
DEV000342,hash_af0f134e02a29fcc,iOS,Chrome,2026-03-08 01:18:40,2026-08-16 13:11:25
DEV000343,hash_819c84c4ef7f6e3f,macOS,Chrome,2025-07-03 16:42:11,2026-09-12 23:00:57
DEV000344,hash_2e654dcc8087d4bc,macOS,Safari,2026-08-18 22:03:40,2026-09-10 05:31:53
DEV000345,hash_90a71d24b2772e31,macOS,Chrome,2024-10-17 22:48:34,2026-08-28 01:23:39
DEV000346,hash_95ede22d40d1ff56,Android,Edge,2025-01-24 11:14:04,2026-08-18 13:47:57
DEV000347,hash_e6faa03b2c85ef20,macOS,Safari,2025-04-22 18:38:32,2026-08-25 09:35:38
DEV000348,hash_29a9bbf0da8295a0,Android,Safari,2026-05-20 03:47:09,2026-09-14 15:44:50
DEV000349,hash_54d7a72899e305e5,macOS,Chrome,2025-04-12 21:17:56,2026-08-18 05:36:53
DEV000350,hash_27a0b911afd29b72,Android,Firefox,2025-09-10 07:44:38,2026-08-16 01:28:34
DEV000351,hash_7c7ab6917b6deeca,iOS,Chrome,2024-11-04 21:43:08,2026-09-03 12:34:13
DEV000352,hash_c696e77263265564,iOS,Edge,2026-02-09 02:29:16,2026-08-28 19:51:56
DEV000353,hash_4d6200500b3b5efa,iOS,Firefox,2026-02-11 03:07:10,2026-09-02 03:27:06
DEV000354,hash_dd95b4d7570edab2,Linux,Edge,2026-07-17 11:38:07,2026-08-20 21:28:07
DEV000355,hash_b6bd6dbe3a8e36fd,macOS,Chrome,2024-09-28 23:53:30,2026-08-29 20:32:53
DEV000356,hash_2a184cbc19fe6052,iOS,Firefox,2026-07-19 21:56:55,2026-09-03 10:05:53
DEV000357,hash_fa926f97bd87ff11,Linux,Chrome,2025-03-12 17:32:29,2026-09-03 03:18:54
DEV000358,hash_7f0366ef702724eb,Windows,Edge,2025-10-14 04:07:29,2026-08-20 11:48:46
DEV000359,hash_b55a478e0541f3ca,Linux,Safari,2026-08-17 05:38:33,2026-08-30 23:17:56
DEV000360,hash_8b21cf12a284598a,Android,Edge,2025-09-25 15:00:12,2026-09-13 15:26:43
DEV000361,hash_0895df3c7941a6a4,Windows,Edge,2025-11-01 01:15:17,2026-08-19 22:19:03
DEV000362,hash_b3b966e28eaa0112,macOS,Chrome,2025-02-05 23:19:05,2026-08-25 07:28:21
DEV000363,hash_16558df410af54cc,Windows,Safari,2025-10-08 01:03:13,2026-09-06 21:21:31
DEV000364,hash_66bd5d4279810edf,Linux,Firefox,2025-11-23 16:13:09,2026-08-16 16:48:07
DEV000365,hash_ed88bddae8180064,iOS,Chrome,2024-10-15 01:17:04,2026-08-27 15:59:55
DEV000366,hash_2978868d062c0692,Android,Firefox,2026-08-31 12:36:25,2026-09-10 08:34:46
DEV000367,hash_324ef0f7aa25e8da,macOS,Safari,2025-05-09 00:30:25,2026-08-31 20:24:10
DEV000368,hash_435467e18eafb35b,macOS,Chrome,2025-09-29 17:15:22,2026-09-03 18:06:36
DEV000369,hash_ca3d51ccf88aa20e,iOS,Edge,2026-04-15 08:41:41,2026-08-23 06:41:25
DEV000370,hash_8f464f341da85583,Android,Firefox,2024-09-28 10:43:45,2026-09-01 11:47:38
DEV000371,hash_25bb2b7a33d3958a,Windows,Firefox,2026-02-27 16:44:03,2026-09-01 17:46:28
DEV000372,hash_b393cb2dbf23f095,macOS,Chrome,2025-06-17 04:58:28,2026-08-30 08:00:06
DEV000373,hash_0f5bc40c5f321f6d,Linux,Chrome,2025-03-16 15:25:19,2026-09-08 23:45:59
DEV000374,hash_8649c4c31cdd5a61,Windows,Chrome,2025-04-16 10:59:23,2026-08-18 16:00:45
DEV000375,hash_e160e35b4da7f632,iOS,Safari,2026-01-13 05:51:40,2026-08-28 03:59:03
DEV000376,hash_3e618f4bebb511e6,macOS,Firefox,2026-07-28 15:58:39,2026-09-03 10:51:09
DEV000377,hash_a9fe494e304c7b39,macOS,Edge,2026-08-06 18:32:38,2026-08-17 02:05:46
DEV000378,hash_36d0bb417a8e55a9,Android,Firefox,2025-11-19 05:03:55,2026-08-29 06:12:56
DEV000379,hash_8d938a78634aa1a4,Linux,Chrome,2025-03-08 09:24:44,2026-08-23 00:31:08
DEV000380,hash_aac5e8a325679f2a,iOS,Firefox,2025-06-06 15:36:06,2026-09-03 17:27:56
DEV000381,hash_c2b14f24dc76a6a8,Android,Edge,2026-02-06 10:20:30,2026-08-22 07:41:11
DEV000382,hash_fd67eb3e836d2c1f,Android,Firefox,2024-11-21 08:51:49,2026-09-03 05:04:10
DEV000383,hash_a07f33853f3fd62f,macOS,Safari,2025-10-23 15:07:48,2026-09-14 09:19:12
DEV000384,hash_39b00426f0071d3b,Windows,Edge,2026-07-24 00:34:50,2026-08-26 16:44:20
DEV000385,hash_c09b61e40f46bb11,macOS,Chrome,2025-08-04 07:54:12,2026-08-27 07:48:24
DEV000386,hash_520b7950dee4254b,macOS,Chrome,2025-12-03 03:50:57,2026-08-23 01:43:54
DEV000387,hash_abf1a574314e9b45,Windows,Edge,2025-08-11 10:07:47,2026-08-30 19:43:06
DEV000388,hash_9b3f6c547327f33e,iOS,Firefox,2026-08-21 18:56:34,2026-09-14 01:04:19
DEV000389,hash_9d69cf347ab7b78f,Linux,Edge,2025-05-27 22:33:30,2026-09-06 11:05:10
DEV000390,hash_df32f343a562f0a0,iOS,Firefox,2025-11-09 08:12:57,2026-08-22 01:17:30
DEV000391,hash_857132539956ad9b,Windows,Edge,2025-02-21 18:28:51,2026-08-22 09:13:10
DEV000392,hash_1336d4dec5e9d3c3,macOS,Chrome,2025-12-09 11:26:36,2026-09-10 22:29:20
DEV000393,hash_10fb436c6ad5401e,Linux,Chrome,2026-02-27 11:50:12,2026-08-25 11:28:28
DEV000394,hash_e4433474b4586ea4,iOS,Chrome,2026-07-16 04:02:44,2026-08-22 08:40:31
DEV000395,hash_4702fe755e98efdf,macOS,Safari,2025-05-12 04:23:37,2026-09-10 02:02:37
DEV000396,hash_a67155cd76e9efdc,Windows,Safari,2026-08-21 15:43:26,2026-08-22 05:20:48
DEV000397,hash_8908d3f9d6195c4f,Linux,Safari,2025-08-14 05:13:32,2026-08-22 16:52:51
DEV000398,hash_4ee26290eb59003a,macOS,Edge,2026-02-05 21:17:33,2026-09-12 01:51:26
DEV000399,hash_c1e6206862d70bec,Linux,Firefox,2026-08-27 12:27:18,2026-08-23 07:54:19
DEV000400,hash_564a90627825e2f0,Android,Edge,2025-05-18 18:48:16,2026-08-18 22:46:30
DEV000401,hash_57a82eeff9a8743d,Linux,Chrome,2025-11-21 01:49:20,2026-09-10 12:42:40
DEV000402,hash_a10e193140686515,Windows,Safari,2026-03-26 23:35:21,2026-08-21 09:41:50
DEV000403,hash_49f86d9ddfefb72a,Linux,Firefox,2025-02-04 04:46:31,2026-08-31 01:47:38
DEV000404,hash_ed441085502426c6,Windows,Firefox,2026-06-28 06:04:47,2026-08-22 17:18:44
DEV000405,hash_30f6d8b690e65aa4,Windows,Safari,2026-04-01 21:59:27,2026-08-17 02:07:00
DEV000406,hash_d363621f311cdad4,Windows,Edge,2026-05-01 16:59:20,2026-08-31 03:03:50
DEV000407,hash_438f9d83474d3a1a,Linux,Edge,2026-07-29 19:05:37,2026-09-04 18:09:28
DEV000408,hash_a8bb81dcab707385,iOS,Firefox,2025-07-30 14:32:04,2026-08-30 09:11:32
DEV000409,hash_c518c20bcd5fe3f4,Windows,Firefox,2025-08-24 06:26:53,2026-08-28 22:45:42
DEV000410,hash_af9c5cfbafe601c5,Windows,Safari,2025-01-10 04:55:51,2026-08-24 18:43:28
DEV000411,hash_cc4bbc6f3457c8d7,macOS,Firefox,2024-12-06 02:36:35,2026-08-22 01:01:41
DEV000412,hash_b97ee8301e018646,Windows,Firefox,2025-02-04 16:10:13,2026-08-16 22:17:21
DEV000413,hash_991f210234aaf8d4,Windows,Firefox,2026-04-29 09:17:50,2026-09-14 08:46:34
DEV000414,hash_a5c11300e3245730,macOS,Safari,2026-01-06 08:57:45,2026-08-28 14:41:00
DEV000415,hash_6441e11e3ee1db8e,macOS,Safari,2025-12-28 13:31:56,2026-09-12 04:25:09
DEV000416,hash_9174dc0beeb74413,macOS,Safari,2026-01-02 19:30:05,2026-08-26 20:47:50
DEV000417,hash_4135b44325768869,Linux,Chrome,2025-12-21 09:12:54,2026-08-26 22:16:42
DEV000418,hash_1fda98c940a62de4,macOS,Edge,2025-03-12 12:45:53,2026-08-16 22:09:24
DEV000419,hash_11092f7a00d61c63,iOS,Safari,2025-06-20 05:21:46,2026-08-19 12:21:42
DEV000420,hash_7ebbf6dfed84acc9,macOS,Safari,2026-03-02 16:07:45,2026-09-07 19:02:52
DEV000421,hash_9144a44282d8a7f5,macOS,Firefox,2024-12-27 07:48:07,2026-09-09 01:01:00
DEV000422,hash_0d0de1364404fe9a,macOS,Edge,2026-07-03 09:24:21,2026-09-14 00:18:22
DEV000423,hash_1bab13ac9863bb20,macOS,Edge,2025-09-13 06:37:51,2026-09-02 19:27:37
DEV000424,hash_502a12a5630ae016,Android,Firefox,2025-02-04 01:48:58,2026-09-03 11:11:24
DEV000425,hash_1f77765f2e5ce13a,Windows,Chrome,2025-09-30 21:27:21,2026-09-07 15:50:16
DEV000426,hash_d8e0713b0a813e88,Android,Safari,2024-12-29 23:40:08,2026-08-23 14:35:27
DEV000427,hash_8c69e2e81b829ae1,Linux,Safari,2025-02-11 06:52:13,2026-08-26 15:23:36
DEV000428,hash_c8abbf0d209ebc46,Android,Edge,2024-10-09 05:02:54,2026-09-04 11:48:25
DEV000429,hash_0a39561f3473d9d3,Linux,Chrome,2026-05-01 00:16:59,2026-08-16 09:15:32
DEV000430,hash_1c86cf6f0285ede1,Windows,Safari,2026-09-02 23:36:23,2026-08-28 18:10:27
DEV000431,hash_6e078bdc48c08d33,iOS,Firefox,2025-07-31 23:56:41,2026-08-26 11:03:38
DEV000432,hash_9e49b057386e995d,Linux,Safari,2026-04-13 18:57:49,2026-08-25 12:05:03
DEV000433,hash_8d783a9bed87adb6,Windows,Firefox,2026-04-25 18:13:32,2026-08-25 14:05:53
DEV000434,hash_05e0514826d6004f,Linux,Safari,2024-11-04 13:06:59,2026-08-24 06:04:37
DEV000435,hash_38498d35c329732b,iOS,Edge,2026-09-04 06:42:08,2026-09-05 23:34:13
DEV000436,hash_8aad970f34010fe9,Linux,Chrome,2026-07-19 16:42:08,2026-09-14 14:41:32
DEV000437,hash_290fb2bdf4585d04,Android,Safari,2025-09-29 17:26:37,2026-08-31 10:17:49
DEV000438,hash_7c7b5816cf3eb0d7,Android,Chrome,2026-07-19 10:06:05,2026-09-06 20:50:40
DEV000439,hash_d86af8f93f068051,macOS,Firefox,2026-08-04 14:03:55,2026-08-27 15:17:24
DEV000440,hash_75a239b13df5516b,Linux,Firefox,2025-08-12 06:27:42,2026-09-04 07:28:12
DEV000441,hash_2c6d523be4529643,iOS,Safari,2026-05-10 01:56:14,2026-08-17 16:29:50
DEV000442,hash_00cfa44d1b7db566,iOS,Safari,2025-12-30 08:52:54,2026-09-03 02:56:02
DEV000443,hash_946320bc6f68d3b3,Linux,Edge,2026-03-27 13:45:51,2026-08-30 20:19:05
DEV000444,hash_36a095737237e20d,iOS,Chrome,2025-07-17 07:44:52,2026-09-14 08:13:15
DEV000445,hash_14fdc3a7d8e77ca2,macOS,Edge,2026-09-13 15:04:06,2026-09-12 10:07:04
DEV000446,hash_267faa8371497c71,macOS,Edge,2025-12-19 09:35:18,2026-09-10 16:26:13
DEV000447,hash_8a90517c05e5120a,Windows,Firefox,2025-10-27 03:15:10,2026-08-17 12:38:08
DEV000448,hash_ac5e1ec3e1be0ed9,macOS,Edge,2025-10-23 13:50:55,2026-08-20 23:07:43
DEV000449,hash_e0099d7aca226c56,Linux,Safari,2025-08-30 22:51:32,2026-09-06 20:05:37
DEV000450,hash_054da1975273d60c,macOS,Edge,2026-06-18 12:49:54,2026-08-17 17:11:03
DEV000451,hash_71335445d695847a,Linux,Firefox,2026-07-27 23:15:00,2026-08-27 14:03:09
DEV000452,hash_24fefbbe5f7a6026,Android,Edge,2025-10-22 01:33:51,2026-09-10 18:25:44
DEV000453,hash_c9bef3d72b1b0f52,macOS,Firefox,2025-07-18 10:58:23,2026-08-17 13:29:51
DEV000454,hash_50702efc37ca273b,Windows,Edge,2025-11-21 08:32:43,2026-09-03 11:07:02
DEV000455,hash_3faf1b34462e27af,Windows,Firefox,2025-10-20 01:32:41,2026-08-18 01:11:58
DEV000456,hash_99b6265661233eea,macOS,Chrome,2025-02-08 15:18:46,2026-08-29 19:00:52
DEV000457,hash_ef6d8fc6afbdf369,Linux,Firefox,2025-08-21 14:07:27,2026-09-03 23:30:58
DEV000458,hash_b294a9b6a53dff52,Android,Edge,2026-08-02 02:36:42,2026-08-30 10:35:50
DEV000459,hash_ccd3654cb68bbbc6,Android,Edge,2026-05-08 02:37:51,2026-08-29 12:52:50
DEV000460,hash_585dfd17925814d9,Windows,Edge,2025-09-07 12:22:50,2026-08-23 17:44:13
DEV000461,hash_7daf638b053f1a43,macOS,Edge,2025-08-08 07:30:43,2026-08-29 22:47:23
DEV000462,hash_6c944bcae8c08c02,Android,Edge,2026-01-03 09:53:50,2026-08-18 07:19:03
DEV000463,hash_59259acd4142d00e,iOS,Safari,2026-03-04 01:54:05,2026-09-09 18:04:45
DEV000464,hash_e95e87405dd92744,Windows,Edge,2026-08-17 01:58:52,2026-08-22 13:29:14
DEV000465,hash_2b258bdf28791fa4,iOS,Firefox,2025-09-09 05:59:02,2026-09-06 14:01:57
DEV000466,hash_094a8492d88d11dd,macOS,Safari,2024-11-23 10:11:05,2026-09-08 23:04:28
DEV000467,hash_c2bde8050c485217,iOS,Chrome,2024-12-11 01:55:02,2026-08-24 09:12:53
DEV000468,hash_ea7523fab504cdaf,iOS,Chrome,2026-05-12 00:50:48,2026-09-13 01:51:43
DEV000469,hash_b20004fa9d8e20d6,Linux,Chrome,2026-09-12 14:53:47,2026-09-11 04:22:35
DEV000470,hash_144a14584019a1f6,Linux,Safari,2024-12-28 06:32:43,2026-09-03 17:43:19
DEV000471,hash_2626c97d73fe6a93,Windows,Firefox,2025-08-01 09:33:01,2026-08-31 08:37:31
DEV000472,hash_6f96bbffdbc6ac37,Windows,Firefox,2025-08-30 09:22:03,2026-08-16 20:47:26
DEV000473,hash_68d2a8423aa58e1d,Windows,Firefox,2025-01-31 02:47:04,2026-09-06 16:20:32
DEV000474,hash_11186c1a854002b0,iOS,Chrome,2025-12-16 16:31:26,2026-08-25 11:02:02
DEV000475,hash_0d5979bf9ef63a80,Linux,Firefox,2026-07-31 16:08:29,2026-09-06 17:30:37
DEV000476,hash_8c45b36c49ca4ae6,macOS,Edge,2024-11-23 05:19:00,2026-08-27 19:07:59
DEV000477,hash_2afd3660e5199bd9,iOS,Chrome,2025-05-23 21:26:16,2026-08-23 14:49:58
DEV000478,hash_f61a84b9cec74f48,iOS,Chrome,2026-03-26 03:43:17,2026-08-21 15:42:20
DEV000479,hash_c5d899df113ff40f,Android,Safari,2024-11-24 00:10:26,2026-08-21 04:46:40
DEV000480,hash_c87c1935d139e6d8,iOS,Chrome,2026-03-16 17:15:58,2026-09-06 11:21:11
DEV000481,hash_7668d540c7706e6d,Linux,Safari,2026-01-19 16:12:45,2026-09-02 06:37:32
DEV000482,hash_2dcdf65db924312e,iOS,Firefox,2024-11-19 10:28:31,2026-09-10 02:03:27
DEV000483,hash_c972d38d3ee2b11c,Android,Safari,2026-03-17 12:53:04,2026-09-03 07:15:37
DEV000484,hash_2bfaba2ddafbf997,Windows,Chrome,2026-04-01 18:09:23,2026-09-09 11:54:02
DEV000485,hash_81278cf9803bd70b,Android,Edge,2026-01-02 14:06:18,2026-08-23 10:03:45
DEV000486,hash_2ac09858228c0659,Android,Edge,2025-07-05 07:19:38,2026-09-11 08:57:55
DEV000487,hash_d8b6a80227e9add3,iOS,Firefox,2025-07-06 19:16:30,2026-08-17 18:55:13
DEV000488,hash_9be5662adc979a81,Windows,Safari,2026-05-03 21:39:23,2026-08-23 22:51:41
DEV000489,hash_3eec05dc7660302f,macOS,Firefox,2026-08-23 17:52:13,2026-08-31 22:17:39
DEV000490,hash_1c20d86bb5d044fb,iOS,Firefox,2025-11-27 09:46:23,2026-08-22 22:37:59
DEV000491,hash_9b23854fa3dff5f0,Android,Chrome,2025-01-18 02:27:29,2026-08-22 16:14:45
DEV000492,hash_609eee72fb9c7872,iOS,Chrome,2025-01-31 02:33:51,2026-08-18 03:32:49
DEV000493,hash_75f5332849861a4a,Linux,Edge,2025-08-06 01:48:56,2026-08-30 14:41:04
DEV000494,hash_c1171668ad724e2e,macOS,Edge,2025-05-12 14:05:07,2026-09-06 07:41:40
DEV000495,hash_8669ba60e387eb15,macOS,Safari,2025-04-26 11:30:19,2026-08-24 10:17:32
DEV000496,hash_9b032c39c950824d,Linux,Edge,2024-12-14 11:36:39,2026-08-22 01:03:26
DEV000497,hash_405db449c06ae817,Linux,Edge,2025-02-18 17:40:33,2026-08-15 19:52:56
DEV000498,hash_80ce9afc2ab9aa52,macOS,Firefox,2026-01-10 17:36:42,2026-08-27 22:39:42
DEV000499,hash_09529a77ce09e92a,iOS,Chrome,2024-09-23 15:48:55,2026-09-06 22:07:24
DEV000500,hash_fea59d94998c603a,Windows,Safari,2025-10-05 16:41:49,2026-09-08 20:43:35
DEV000501,hash_9ab9ae1b1d93c7bd,macOS,Edge,2025-11-10 07:50:31,2026-08-15 22:27:57
DEV000502,hash_4cad3598603de161,Windows,Chrome,2025-12-30 09:53:16,2026-09-08 14:41:47
DEV000503,hash_7cba8dea50860861,iOS,Chrome,2025-03-17 22:37:12,2026-08-26 04:26:32
DEV000504,hash_6f7f6354372f9fb6,iOS,Edge,2025-12-15 13:26:07,2026-09-07 18:00:38
DEV000505,hash_97266a28dd7d8ff7,iOS,Safari,2025-09-01 14:32:40,2026-09-04 13:37:37
DEV000506,hash_3e97037d6577e64d,iOS,Chrome,2025-08-23 09:23:59,2026-08-19 12:16:46
DEV000507,hash_3a215b51e6876705,macOS,Safari,2025-12-25 03:44:06,2026-09-13 18:56:08
DEV000508,hash_66348a1b7c9d575e,macOS,Edge,2024-09-19 06:46:34,2026-08-27 12:52:39
DEV000509,hash_e1e3e1995f1f05c3,iOS,Edge,2026-07-31 09:02:49,2026-09-11 05:27:55
DEV000510,hash_6a71dec52162d1b7,Android,Firefox,2025-04-18 04:38:49,2026-09-11 17:21:26
DEV000511,hash_2541f181f29e225b,Android,Safari,2026-06-13 04:25:00,2026-08-25 17:40:53
DEV000512,hash_0d993ab95fc0ccce,Windows,Edge,2024-10-22 04:09:31,2026-08-24 15:07:13
DEV000513,hash_62f563b1e8cdea8a,macOS,Chrome,2025-01-07 07:56:29,2026-08-18 07:55:12
DEV000514,hash_4b40601a99260664,Windows,Edge,2026-02-03 14:12:35,2026-09-01 14:24:13
DEV000515,hash_ef1920da0a5fcede,macOS,Chrome,2024-10-12 16:46:34,2026-08-22 17:08:22
DEV000516,hash_54da10125a3c49e0,iOS,Safari,2026-07-09 08:46:39,2026-08-17 05:33:08
DEV000517,hash_81b83de2ec073a4c,iOS,Chrome,2026-02-14 05:57:46,2026-09-12 17:17:34
DEV000518,hash_19eef9d6fdfa3cb1,iOS,Safari,2026-06-27 01:58:02,2026-09-13 22:38:40
DEV000519,hash_0651a8970f54c086,Linux,Firefox,2025-05-03 23:35:59,2026-08-31 17:32:18
DEV000520,hash_856638c8a173e274,Windows,Chrome,2026-08-30 01:27:37,2026-08-19 21:56:49
DEV000521,hash_6746033872c7a202,Windows,Edge,2024-10-22 06:15:25,2026-08-20 22:37:45
DEV000522,hash_9f2c7e7f58d0202b,Windows,Safari,2025-08-04 00:53:11,2026-08-24 07:26:25
DEV000523,hash_0d08da995e331ed8,Linux,Chrome,2025-01-17 11:45:09,2026-08-29 11:05:36
DEV000524,hash_703ad746e22f3884,macOS,Edge,2026-01-01 19:47:05,2026-09-13 12:57:18
DEV000525,hash_8393a544c37de35e,Android,Chrome,2025-12-02 16:22:00,2026-09-11 22:45:00
DEV000526,hash_f7d75510ffa72ae1,iOS,Edge,2025-01-29 23:34:51,2026-09-06 18:16:23
DEV000527,hash_a91e25a15484d865,macOS,Safari,2026-04-19 04:51:33,2026-09-12 18:18:38
DEV000528,hash_2467f4a324da0109,iOS,Chrome,2025-06-20 22:38:56,2026-08-17 09:31:22
DEV000529,hash_624695b99deb7a4b,Windows,Edge,2024-11-25 12:14:45,2026-08-30 04:28:10
DEV000530,hash_0ab9694f38617ce9,Android,Safari,2025-05-22 22:04:53,2026-09-02 13:10:50
DEV000531,hash_f41c7c7d0319f369,iOS,Firefox,2026-08-12 07:24:49,2026-09-03 01:15:44
DEV000532,hash_91bd4f306b1aae6a,iOS,Edge,2026-06-13 07:05:21,2026-08-18 22:36:12
DEV000533,hash_d36fa1c9ccaa2cd3,iOS,Edge,2026-04-26 06:37:46,2026-09-05 09:38:04
DEV000534,hash_9174b1368c0bdc3f,Windows,Firefox,2026-07-01 04:40:37,2026-09-11 09:06:41
DEV000535,hash_fdb3e9a900252855,Android,Firefox,2024-11-03 14:33:07,2026-08-29 20:56:27
DEV000536,hash_09970b27dbdcfb3d,Windows,Edge,2025-09-14 20:54:29,2026-08-22 04:31:23
DEV000537,hash_10eb36b1c979a0e1,iOS,Edge,2024-12-17 22:55:26,2026-08-28 23:29:12
DEV000538,hash_fb2fbe8cea463911,iOS,Edge,2025-05-27 21:08:16,2026-09-10 05:49:37
DEV000539,hash_1478e20e1d3ea32c,macOS,Safari,2025-08-01 13:15:09,2026-09-10 03:01:23
DEV000540,hash_ba5916c59de67f2c,Windows,Edge,2025-02-24 04:02:50,2026-08-25 19:19:41
DEV000541,hash_f4debda7f4a6af9d,Windows,Safari,2026-01-02 13:45:17,2026-08-18 11:33:21
DEV000542,hash_aa399b2ca1ab975e,Windows,Firefox,2024-12-08 01:47:14,2026-09-12 09:27:25
DEV000543,hash_ae94c0b5aaf1c938,Linux,Safari,2026-04-03 23:22:17,2026-09-10 08:02:00
DEV000544,hash_98069315ce62665f,iOS,Firefox,2024-11-21 06:31:42,2026-09-08 03:16:27
DEV000545,hash_05b08ce0d09f5fc4,macOS,Edge,2026-03-30 13:57:58,2026-09-14 00:23:00
DEV000546,hash_5401e03445ae25d2,Linux,Safari,2026-09-09 13:14:55,2026-08-29 14:21:48
DEV000547,hash_f906dfde7fb63b12,macOS,Chrome,2025-08-11 21:06:08,2026-09-14 05:07:17
DEV000548,hash_97792eadf3bcdaee,Windows,Safari,2026-07-04 16:20:44,2026-08-31 00:30:07
DEV000549,hash_d2f62f9d1b435fdc,iOS,Firefox,2025-04-03 20:39:36,2026-09-10 03:53:28
DEV000550,hash_c891e9bcd83060dc,iOS,Firefox,2025-12-04 21:40:58,2026-09-01 20:02:06
DEV000551,hash_e7b986cb76df7b9a,iOS,Chrome,2026-09-04 06:44:34,2026-08-21 22:53:34
DEV000552,hash_8ace3a10b2879bdd,Linux,Safari,2026-01-04 07:26:28,2026-09-11 23:16:57
DEV000553,hash_be16064069a31ab6,macOS,Edge,2025-10-04 17:45:19,2026-09-09 21:16:02
DEV000554,hash_54ca6257910aeb6f,Windows,Chrome,2026-04-03 13:14:05,2026-09-08 19:40:35
DEV000555,hash_299606d23e141965,Linux,Edge,2025-10-01 17:11:40,2026-08-24 09:22:23
DEV000556,hash_edac4484f2d058ca,Android,Safari,2026-08-01 12:55:51,2026-09-14 05:46:31
DEV000557,hash_e3a99752ed167ec3,Android,Edge,2025-03-13 22:29:30,2026-08-29 18:12:33
DEV000558,hash_d0a7d3b967eaae63,macOS,Firefox,2025-02-11 12:22:51,2026-08-15 17:36:28
DEV000559,hash_7921f0b36a0a8302,Android,Safari,2024-12-14 23:47:12,2026-08-16 19:42:45
DEV000560,hash_5ed13afef006296b,Android,Safari,2025-09-10 06:20:32,2026-08-21 09:09:34
DEV000561,hash_7c8c92673c55ad3a,macOS,Edge,2026-04-09 23:39:10,2026-08-25 17:19:26
DEV000562,hash_36ca939096a2e79d,macOS,Edge,2026-05-28 05:12:21,2026-09-14 12:39:06
DEV000563,hash_3c304193d9758f32,Windows,Firefox,2025-08-02 05:32:54,2026-09-04 18:09:32
DEV000564,hash_cdf5a57f9c4e7e7f,iOS,Safari,2024-10-19 12:16:55,2026-08-31 20:39:44
DEV000565,hash_99155bef28c0ce9b,Windows,Edge,2025-06-12 18:11:43,2026-09-11 20:41:50
DEV000566,hash_1537846cda6b391d,Android,Chrome,2026-06-02 05:59:10,2026-08-25 23:09:27
DEV000567,hash_cbd363a5151248e1,Android,Firefox,2024-09-22 22:50:32,2026-08-25 10:09:58
DEV000568,hash_6db4f81c8a55b7c4,macOS,Chrome,2026-03-04 03:05:47,2026-08-29 07:53:06
DEV000569,hash_f855ddabef332684,iOS,Chrome,2025-03-30 18:55:56,2026-08-18 22:48:03
DEV000570,hash_78a118df0088ca76,iOS,Chrome,2025-05-11 05:32:32,2026-08-30 05:37:20
DEV000571,hash_4a9ab305222bf62a,Windows,Safari,2025-10-12 17:37:31,2026-09-11 08:33:18
DEV000572,hash_926e6991aa82cac8,Android,Chrome,2025-05-23 18:37:26,2026-08-15 22:54:34
DEV000573,hash_e493c4152a4bf5dc,Windows,Safari,2024-12-11 14:19:01,2026-08-31 20:04:07
DEV000574,hash_09f81e6f1997b851,Linux,Chrome,2025-06-06 07:41:14,2026-09-03 21:11:49
DEV000575,hash_0a1d9238fcf9abbb,Linux,Chrome,2026-03-30 19:58:41,2026-09-12 06:36:27
DEV000576,hash_ec2c4f79d24938d2,iOS,Firefox,2026-01-05 15:11:39,2026-08-17 01:41:25
DEV000577,hash_640fac70e5a5788e,macOS,Chrome,2026-06-22 10:38:51,2026-08-24 04:23:19
DEV000578,hash_97e71b55446fc213,Windows,Chrome,2025-02-11 20:57:31,2026-08-31 16:50:37
DEV000579,hash_9cdc546cd4f0fd63,Windows,Firefox,2026-06-23 19:52:34,2026-09-01 01:29:27
DEV000580,hash_765bb06910a012b2,Linux,Safari,2026-08-31 12:47:13,2026-09-07 21:58:03
DEV000581,hash_a4ba0ef5284af9d8,Linux,Chrome,2026-08-26 18:45:47,2026-09-07 16:35:57
DEV000582,hash_9b4282387f151663,iOS,Safari,2026-05-26 10:08:42,2026-08-17 09:11:40
DEV000583,hash_64b56f4e08335cee,Windows,Firefox,2026-01-28 16:04:33,2026-08-22 05:55:51
DEV000584,hash_79004406b1e58a88,macOS,Safari,2025-09-23 03:58:23,2026-08-23 04:48:15
DEV000585,hash_8245b08ff3a2e957,Windows,Safari,2026-01-14 08:06:38,2026-09-07 00:25:29
DEV000586,hash_b4a5f712a74b151c,macOS,Edge,2026-08-08 01:25:06,2026-09-10 17:22:43
DEV000587,hash_ee350ed7ce955086,iOS,Safari,2026-08-11 01:33:56,2026-08-31 22:11:49
DEV000588,hash_539cb0bbaa8fb624,iOS,Firefox,2025-09-08 09:18:47,2026-09-04 18:03:22
DEV000589,hash_261292e07616e3a2,iOS,Chrome,2026-09-04 19:30:17,2026-08-18 09:02:12
DEV000590,hash_0f0a1d5b14570a44,Linux,Chrome,2026-06-24 19:44:43,2026-09-09 22:51:37
DEV000591,hash_1b908e3f25ce5ac5,macOS,Firefox,2025-05-04 16:25:04,2026-09-12 01:58:19
DEV000592,hash_b9076ff3263a484e,Android,Safari,2026-03-31 06:33:26,2026-08-30 23:21:12
DEV000593,hash_552dad08c536c0a2,Windows,Firefox,2025-11-19 09:29:57,2026-09-10 16:07:04
DEV000594,hash_7b49ecf3b7f8d284,macOS,Edge,2024-09-28 17:10:58,2026-08-25 18:24:34
DEV000595,hash_ee0c2cb51f63ed1f,Linux,Safari,2025-12-06 15:43:05,2026-08-31 18:14:49
DEV000596,hash_b588489eeffbd197,iOS,Edge,2026-05-28 04:39:53,2026-09-01 19:44:05
DEV000597,hash_08a97c0fa7fb859f,Windows,Firefox,2024-11-04 14:32:47,2026-08-22 21:43:08
DEV000598,hash_310565b6640b1814,Windows,Chrome,2025-04-20 00:23:59,2026-08-17 04:05:07
DEV000599,hash_08087cc40c858251,Windows,Edge,2025-06-04 14:30:19,2026-09-02 20:57:11
DEV000600,hash_d0013b992fc28f20,macOS,Edge,2026-01-13 19:15:17,2026-09-10 14:14:22
DEV000601,hash_f76ffc87a8884750,macOS,Safari,2026-06-30 11:49:40,2026-08-23 17:08:04
DEV000602,hash_2205f2947319c9c0,Windows,Edge,2025-12-01 16:06:55,2026-09-14 01:26:42
DEV000603,hash_5095f881a88d37de,Linux,Firefox,2025-07-13 18:17:16,2026-08-24 18:04:42
DEV000604,hash_de82328501e780a0,iOS,Safari,2025-12-20 11:25:36,2026-08-21 07:53:59
DEV000605,hash_17dd06916a71efda,macOS,Safari,2026-07-17 17:26:26,2026-08-30 14:56:23
DEV000606,hash_0ac22e6d25ee52db,iOS,Firefox,2026-03-15 23:21:38,2026-08-30 22:11:04
DEV000607,hash_9a9a9f1b8345d6d3,macOS,Safari,2026-03-19 12:37:23,2026-08-17 04:36:56
DEV000608,hash_33c7024de84543c7,iOS,Edge,2025-04-13 01:19:29,2026-09-04 17:57:32
DEV000609,hash_c55713d309d7cc9c,Android,Safari,2024-11-20 14:16:26,2026-09-08 18:52:35
DEV000610,hash_57cc6c2ab61c07e8,Linux,Safari,2026-07-27 09:37:10,2026-08-27 04:38:21
DEV000611,hash_00b3647856516ab6,Android,Edge,2025-06-29 19:03:57,2026-09-06 14:16:30
DEV000612,hash_d306e664c5857b6b,Linux,Firefox,2026-06-20 10:27:14,2026-08-30 08:21:14
DEV000613,hash_25d69a97360824da,Windows,Safari,2025-03-01 01:23:07,2026-09-10 03:33:08
DEV000614,hash_640445a187e7099b,Linux,Firefox,2025-05-06 23:52:03,2026-08-24 03:40:14
DEV000615,hash_c50bd5b96f581316,Android,Edge,2024-12-10 08:23:19,2026-09-02 19:45:32
DEV000616,hash_b81768f8f6d20b48,Linux,Safari,2026-05-16 20:39:45,2026-08-17 11:20:04
DEV000617,hash_ff2da31889ee49ed,macOS,Chrome,2026-05-11 07:18:35,2026-08-25 11:13:40
DEV000618,hash_5525a0d148d40d84,Android,Edge,2026-08-24 14:23:45,2026-08-20 03:39:27
DEV000619,hash_a085df4796ddb159,Android,Edge,2025-08-24 20:47:41,2026-09-09 05:17:33
DEV000620,hash_e0d3f7c1d45d91e1,macOS,Edge,2024-10-03 13:03:50,2026-09-08 02:06:34
DEV000621,hash_e265eddaea02cc7d,Linux,Firefox,2026-08-18 01:50:41,2026-09-08 22:22:17
DEV000622,hash_50af9b53ec4f9838,Linux,Firefox,2025-01-11 20:27:50,2026-08-24 21:22:43
DEV000623,hash_43c3698873037257,Windows,Chrome,2025-06-05 08:27:57,2026-09-08 03:03:06
DEV000624,hash_3abebcc1d115a0ca,Linux,Safari,2026-04-06 01:56:13,2026-09-10 01:50:12
DEV000625,hash_43ef054265126fe3,Android,Firefox,2025-05-13 05:45:06,2026-08-31 13:08:32
DEV000626,hash_38c7f2360a6119f6,macOS,Firefox,2025-01-03 11:27:33,2026-08-20 10:14:14
DEV000627,hash_00937ba065a07e43,macOS,Chrome,2026-06-14 18:01:07,2026-09-09 17:07:13
DEV000628,hash_137ba9ecf5694392,Windows,Edge,2026-02-21 19:10:14,2026-08-22 02:23:34
DEV000629,hash_8072cee2042f14df,Windows,Chrome,2025-02-20 13:12:39,2026-08-17 10:21:10
DEV000630,hash_fd267a937f2382b5,Linux,Firefox,2025-09-05 23:29:38,2026-09-03 11:20:20
DEV000631,hash_a94a356788ba1f6f,Linux,Safari,2026-03-22 12:09:24,2026-09-10 00:20:31
DEV000632,hash_1da9c3c5c798c498,iOS,Edge,2024-12-13 03:35:07,2026-08-15 20:33:16
DEV000633,hash_b9c8ddd88f8d9ef2,Windows,Firefox,2025-05-13 17:21:28,2026-08-17 19:03:53
DEV000634,hash_a7f655fb8b8943fd,iOS,Chrome,2026-03-01 19:49:47,2026-09-13 12:09:40
DEV000635,hash_6df3be7aaf61aae1,Android,Safari,2026-07-23 09:10:33,2026-08-19 21:13:00
DEV000636,hash_3edf665fa5978064,macOS,Chrome,2025-05-31 01:13:02,2026-09-07 07:42:57
DEV000637,hash_213fa67b197634e5,Windows,Firefox,2026-08-05 19:52:20,2026-08-17 21:31:22
DEV000638,hash_4ad5433ba84f1cf1,Windows,Edge,2024-12-03 06:13:19,2026-09-09 22:16:59
DEV000639,hash_e7eca309296fc0d7,macOS,Firefox,2026-05-02 06:52:47,2026-08-30 19:49:57
DEV000640,hash_29f5d43dbaaa58f6,Windows,Chrome,2024-10-01 15:18:30,2026-09-12 16:40:19
DEV000641,hash_ee869bebc3dd1d6a,Windows,Safari,2026-04-26 07:35:44,2026-08-30 19:26:20
DEV000642,hash_8ad57402ff75659e,Linux,Chrome,2026-01-23 09:17:20,2026-08-25 20:15:14
DEV000643,hash_fb99ac3e1383883b,iOS,Chrome,2025-05-21 09:53:23,2026-08-25 09:25:48
DEV000644,hash_efe5f873da60314c,Android,Firefox,2025-02-10 17:33:25,2026-08-29 13:38:28
DEV000645,hash_c75694ac10e436c9,Windows,Firefox,2025-04-17 01:22:02,2026-09-10 11:54:44
DEV000646,hash_c3d081781d05ddbf,macOS,Safari,2025-05-20 01:37:45,2026-09-06 01:42:11
DEV000647,hash_801e59011f16a10e,Linux,Edge,2026-02-17 10:54:18,2026-08-21 08:50:21
DEV000648,hash_1f41c85182c273a9,macOS,Safari,2025-04-13 22:53:20,2026-08-22 21:44:14
DEV000649,hash_15510ef5c91654e6,Windows,Chrome,2025-01-14 12:11:04,2026-08-28 22:34:34
DEV000650,hash_2d28746a5a6df285,macOS,Firefox,2024-12-12 01:56:33,2026-08-16 09:32:29
DEV000651,hash_f1e7a2808b991282,Windows,Chrome,2026-01-11 00:46:54,2026-09-11 19:46:38
DEV000652,hash_e9f407eee9320c6a,Linux,Chrome,2025-10-18 11:01:53,2026-08-20 15:02:31
DEV000653,hash_103d24cffdfbc585,iOS,Firefox,2025-02-21 15:07:39,2026-09-10 23:51:28
DEV000654,hash_290c07eb5793f195,Linux,Firefox,2025-06-13 06:38:58,2026-09-11 07:49:24
DEV000655,hash_fdb99dc17a8b737a,Windows,Chrome,2025-05-19 13:14:06,2026-08-28 19:33:52
DEV000656,hash_da7f624b57161640,macOS,Edge,2025-01-02 03:03:23,2026-08-29 09:47:48
DEV000657,hash_cea993a01a8385f9,Linux,Edge,2025-12-04 01:55:40,2026-08-27 13:00:28
DEV000658,hash_2ae2c9d1365d395b,iOS,Edge,2025-01-25 05:02:35,2026-08-19 02:46:12
DEV000659,hash_961b53afc601b22f,Android,Firefox,2025-05-14 00:44:40,2026-09-14 10:16:08
DEV000660,hash_a832d652d5a28613,macOS,Edge,2026-08-08 04:51:47,2026-09-01 02:25:31
DEV000661,hash_527c9dea63247e63,Windows,Firefox,2025-11-08 01:20:01,2026-09-06 04:39:11
DEV000662,hash_0abe31afe6647803,Android,Edge,2024-10-23 13:51:02,2026-08-21 23:18:47
DEV000663,hash_00f3e86630260bb1,Linux,Safari,2024-10-06 16:42:32,2026-09-07 12:12:46
DEV000664,hash_fcd7715004621030,Windows,Safari,2026-08-16 18:50:13,2026-08-18 02:33:05
DEV000665,hash_bfee7aef6a606a4b,Android,Safari,2024-12-05 10:52:01,2026-09-03 06:41:31
DEV000666,hash_76a6b583dcac7b04,Android,Firefox,2024-10-25 23:08:54,2026-08-19 20:06:09
DEV000667,hash_1891f8cfd7d050be,Linux,Chrome,2025-08-11 10:08:37,2026-09-03 16:22:56
DEV000668,hash_22c1d7a197c75839,macOS,Edge,2025-01-31 04:43:51,2026-09-13 14:17:52
DEV000669,hash_ff02bf748db7c020,Linux,Safari,2026-08-07 10:49:58,2026-09-13 10:22:37
DEV000670,hash_9ffc7f2b1ea822bb,Android,Safari,2026-01-16 02:25:48,2026-09-06 07:12:10
DEV000671,hash_4fe30b6d3efc5196,Linux,Edge,2026-01-05 21:11:48,2026-09-01 22:05:54
DEV000672,hash_09f7e4684b1fa028,Android,Chrome,2025-05-14 20:33:43,2026-08-31 18:57:39
DEV000673,hash_4cda3e1cf0657d73,iOS,Safari,2026-06-11 02:28:08,2026-08-25 06:37:27
DEV000674,hash_612c3b0dd0d14782,iOS,Safari,2026-03-21 21:38:26,2026-09-10 13:19:15
DEV000675,hash_d9885d2a570662ce,macOS,Chrome,2024-11-14 04:26:32,2026-09-07 06:20:25
DEV000676,hash_87ed25aef9a21729,Windows,Chrome,2025-11-29 04:36:21,2026-08-22 01:19:07
DEV000677,hash_4ef253f57f8fbd67,Windows,Edge,2024-11-25 08:19:44,2026-09-07 09:20:49
DEV000678,hash_06b19eec05d1c7ad,Windows,Safari,2024-11-28 17:21:35,2026-09-06 18:33:36
DEV000679,hash_b6388b9c2f4d7d4a,Android,Firefox,2025-05-13 06:21:59,2026-09-07 05:59:32
DEV000680,hash_8663686eee70e803,Linux,Chrome,2025-09-14 15:51:25,2026-08-26 21:42:33
DEV000681,hash_1d0617355ccee873,Android,Safari,2025-03-07 00:04:37,2026-08-22 15:12:50
DEV000682,hash_5572f1b3c49b9178,Windows,Chrome,2026-07-15 00:14:38,2026-09-14 14:33:20
DEV000683,hash_938fb1ef2ec01db7,iOS,Chrome,2025-04-02 14:41:53,2026-09-02 07:12:55
DEV000684,hash_0c906c013b44dabc,Windows,Safari,2025-07-15 17:05:22,2026-08-24 13:23:16
DEV000685,hash_c2b8efc0d76a64da,Linux,Chrome,2026-03-11 14:00:28,2026-08-31 16:37:33
DEV000686,hash_b67af865cfc3845b,Linux,Safari,2026-05-19 20:08:48,2026-08-31 10:08:24
DEV000687,hash_8d67e82ce8048c91,Windows,Chrome,2025-09-01 06:03:17,2026-09-08 07:45:09
DEV000688,hash_6755978de5341283,Android,Safari,2024-10-07 16:24:37,2026-08-18 19:55:19
DEV000689,hash_e0c2442eeb38fcdf,macOS,Chrome,2025-09-18 09:07:15,2026-08-21 03:17:20
DEV000690,hash_5550f4eaa86bf8b5,Windows,Chrome,2025-06-14 03:34:40,2026-09-07 21:26:10
DEV000691,hash_11997084230b5490,Android,Chrome,2025-09-07 10:24:51,2026-08-23 22:45:51
DEV000692,hash_e432f23e1b59200c,macOS,Chrome,2025-04-21 09:54:17,2026-09-01 13:55:57
DEV000693,hash_cf3b6e13781f018a,Windows,Edge,2025-12-27 15:49:43,2026-09-12 13:18:53
DEV000694,hash_1b5d34498abe2e04,Windows,Firefox,2024-12-22 03:02:32,2026-09-09 07:34:13
DEV000695,hash_f08d5f51974232a6,Linux,Firefox,2024-12-03 03:02:29,2026-09-04 08:25:28
DEV000696,hash_5585244514fe88bc,iOS,Firefox,2026-06-11 04:32:11,2026-08-20 20:24:30
DEV000697,hash_eb0cbd6ca6032997,Linux,Chrome,2025-05-25 06:53:53,2026-09-11 15:43:39
DEV000698,hash_cfef7fd7a17ea816,Android,Edge,2026-01-31 14:53:52,2026-08-19 02:23:54
DEV000699,hash_ba8f459237ea3bed,iOS,Firefox,2026-05-22 16:13:46,2026-08-30 07:45:33
DEV000700,hash_f5110f36bce4808b,Linux,Firefox,2025-11-01 23:20:35,2026-09-07 00:50:26
DEV000701,hash_686cd27dfd597efd,Android,Safari,2025-07-22 12:00:24,2026-09-13 07:47:25
DEV000702,hash_cb6ee77493a2014b,iOS,Edge,2025-08-01 07:21:42,2026-08-27 05:43:35
DEV000703,hash_3ce7c8078c2d23a9,Android,Edge,2026-01-09 10:11:31,2026-08-27 11:41:12
DEV000704,hash_9cfe793d360496b6,macOS,Firefox,2025-11-13 18:45:22,2026-08-23 09:02:17
DEV000705,hash_871caa58d334dce9,Windows,Safari,2025-09-23 20:21:41,2026-09-03 06:56:40
DEV000706,hash_678ea95f22deb12c,Linux,Edge,2024-11-04 11:41:33,2026-09-01 04:43:36
DEV000707,hash_940d8bcce926aa56,Windows,Safari,2025-02-22 22:05:11,2026-09-13 08:17:46
DEV000708,hash_9dcb65be3fc0796e,Android,Edge,2025-08-15 01:26:11,2026-09-05 18:59:23
DEV000709,hash_a5f974304147a202,Linux,Edge,2025-11-28 17:49:44,2026-09-01 06:27:32
DEV000710,hash_fa5223bb005f3337,Android,Edge,2025-11-11 02:57:46,2026-08-27 02:54:21
DEV000711,hash_30f02f6b973a9058,Windows,Firefox,2025-01-26 14:47:34,2026-08-19 10:31:10
DEV000712,hash_2f3214c2939d1b61,Linux,Chrome,2026-04-11 11:02:48,2026-09-12 12:44:38
DEV000713,hash_abc836cff798bd22,iOS,Firefox,2026-06-26 02:21:46,2026-09-08 06:43:53
DEV000714,hash_0a4af40db60890b9,iOS,Firefox,2024-12-11 23:22:43,2026-09-13 09:41:10
DEV000715,hash_0beba1debeb07722,Android,Edge,2025-12-21 03:53:55,2026-09-07 03:05:36
DEV000716,hash_f718a6ad2209cd5f,iOS,Safari,2025-05-24 21:44:00,2026-09-11 14:29:24
DEV000717,hash_1cd43dfff59b39fa,Linux,Chrome,2024-11-29 00:38:48,2026-09-06 06:28:50
DEV000718,hash_35cffe16a6dfd693,Android,Chrome,2025-01-29 00:22:03,2026-08-30 14:39:13
DEV000719,hash_1b61508e69d1b037,Windows,Firefox,2025-07-26 08:47:20,2026-08-19 00:51:53
DEV000720,hash_24f6548d72737998,iOS,Chrome,2025-12-22 20:36:20,2026-08-20 22:27:46
DEV000721,hash_5e66d8fade69c076,Windows,Edge,2026-02-28 15:03:14,2026-09-13 14:37:43
DEV000722,hash_a8d6514760f41905,Linux,Safari,2026-05-06 07:07:43,2026-09-03 01:13:45
DEV000723,hash_a9c2371e71836f01,iOS,Firefox,2025-05-26 11:34:41,2026-09-08 15:39:42
DEV000724,hash_63a3559234efa156,Windows,Firefox,2026-01-28 03:42:52,2026-08-18 15:23:53
DEV000725,hash_aa759a8adeb51d16,iOS,Edge,2024-11-23 11:54:13,2026-08-26 05:18:07
DEV000726,hash_f2fb094a7d296f9c,Windows,Edge,2026-06-10 18:51:22,2026-08-22 09:36:57
DEV000727,hash_408a5d2f0c86e6b6,Android,Edge,2026-08-04 07:59:59,2026-09-12 20:24:35
DEV000728,hash_289a580f76ad57f1,Android,Chrome,2026-08-16 18:09:30,2026-08-15 15:58:51
DEV000729,hash_75707bd6bf922ea5,Linux,Safari,2026-04-25 05:11:51,2026-08-22 18:42:48
DEV000730,hash_69d4de06342ed9b4,Android,Safari,2026-02-09 11:58:05,2026-08-22 21:36:57
DEV000731,hash_488fedb62404c66d,Windows,Firefox,2025-09-01 00:18:04,2026-09-10 10:43:26
DEV000732,hash_c4e0b1c76d1850e9,Android,Edge,2025-04-28 14:15:38,2026-09-03 14:07:43
DEV000733,hash_c33bf03ec923527f,Linux,Chrome,2026-01-05 07:20:34,2026-09-12 17:06:18
DEV000734,hash_7455767a9623d848,Windows,Safari,2025-08-27 11:54:30,2026-08-25 03:44:03
DEV000735,hash_396cc19ca4ed91b8,macOS,Firefox,2025-02-20 22:03:27,2026-08-31 00:37:45
DEV000736,hash_dd252141b03d01eb,Windows,Edge,2025-05-04 23:43:03,2026-09-12 08:11:10
DEV000737,hash_63fe0717f6a878cc,Windows,Firefox,2026-05-24 03:56:27,2026-08-30 10:35:33
DEV000738,hash_3876fdaa7af83c9f,macOS,Firefox,2026-08-28 14:21:26,2026-09-05 18:15:35
DEV000739,hash_c7f020cf0463aa5e,iOS,Edge,2026-03-25 16:50:39,2026-09-01 08:51:48
DEV000740,hash_38080dba6273f164,Linux,Firefox,2024-11-22 12:41:02,2026-09-12 22:41:32
DEV000741,hash_448666971c1d73b3,Windows,Safari,2024-09-20 11:35:59,2026-09-14 08:12:16
DEV000742,hash_194d397db09dcd19,Windows,Safari,2025-10-15 15:14:12,2026-09-04 06:41:24
DEV000743,hash_6759d978bf144332,Android,Chrome,2026-07-04 13:20:25,2026-08-21 20:22:45
DEV000744,hash_f5080d9c91312064,Android,Firefox,2026-07-08 08:05:40,2026-08-29 22:30:57
DEV000745,hash_48667469e6162980,Windows,Firefox,2024-11-01 15:39:47,2026-09-02 13:56:31
DEV000746,hash_f52a72c4c1fb0bf5,Linux,Firefox,2026-08-15 01:30:52,2026-09-11 07:15:49
DEV000747,hash_7f3dcbf9a0a51b74,Linux,Chrome,2024-10-25 10:36:39,2026-08-15 16:44:55
DEV000748,hash_f568384d262b2cda,Android,Safari,2026-03-14 11:43:02,2026-09-11 20:14:55
DEV000749,hash_b08c19fac4bbf711,Linux,Edge,2026-06-13 16:11:46,2026-09-02 02:18:59
DEV000750,hash_575f310891653dbc,Android,Edge,2024-12-08 09:10:15,2026-08-29 08:33:49
DEV000751,hash_2ff79a573183eab0,Android,Safari,2026-07-18 13:41:03,2026-08-17 04:05:56
DEV000752,hash_c3a02289b88ba445,macOS,Safari,2025-03-15 21:27:33,2026-09-05 14:45:04
DEV000753,hash_cdf9d1d6b22ed234,Windows,Firefox,2026-03-13 14:36:38,2026-09-13 07:21:24
DEV000754,hash_66e66f92a0fc1ea8,Linux,Safari,2025-07-17 09:56:25,2026-08-31 02:24:40
DEV000755,hash_6142894a1899598d,macOS,Firefox,2026-03-21 00:40:07,2026-09-03 05:44:54
DEV000756,hash_3eb0b8d1e3e7e32d,Windows,Chrome,2025-07-26 13:14:36,2026-09-03 04:19:17
DEV000757,hash_560dcb39db988c39,Windows,Edge,2025-08-18 04:46:35,2026-09-11 02:52:31
DEV000758,hash_3dbd210bc2490241,Linux,Safari,2025-02-25 05:35:56,2026-08-24 01:48:12
DEV000759,hash_3a4287f37e3f1d45,macOS,Chrome,2025-09-18 00:29:27,2026-08-22 09:47:35
DEV000760,hash_13865151b0921979,Android,Firefox,2025-02-07 09:02:55,2026-09-11 14:52:44
DEV000761,hash_6925f2d53b36c46e,Android,Firefox,2025-07-09 21:37:03,2026-09-02 03:31:54
DEV000762,hash_69906abf7792be47,Linux,Chrome,2026-06-28 14:17:07,2026-09-04 21:52:50
DEV000763,hash_ae53719c1a44fca1,Linux,Edge,2025-01-11 23:59:48,2026-08-29 15:51:32
DEV000764,hash_22bea0bcb7eb1786,iOS,Firefox,2026-07-24 01:13:06,2026-08-21 18:02:29
DEV000765,hash_5ef1cb5b37edae1a,Android,Chrome,2024-12-27 11:21:33,2026-08-16 05:17:03
DEV000766,hash_02fea0e241a722d6,Linux,Edge,2024-11-08 21:41:18,2026-08-16 10:04:01
DEV000767,hash_fdc6dba91eca80e9,Windows,Edge,2025-01-04 00:31:26,2026-09-08 06:48:51
DEV000768,hash_35868ed1e4a2618e,Android,Safari,2026-02-07 04:53:19,2026-09-05 20:35:57
DEV000769,hash_3c98fe89ec6ee5ca,Linux,Chrome,2024-12-28 15:17:22,2026-08-19 18:24:22
DEV000770,hash_ce2fbaf417f04802,Windows,Firefox,2024-12-29 18:13:02,2026-09-04 20:16:22
DEV000771,hash_79dbf3f90b4ec2ee,Windows,Firefox,2026-07-14 06:39:20,2026-09-06 19:04:40
DEV000772,hash_c1e0248ea8449e0b,Android,Edge,2026-08-09 05:49:50,2026-09-13 23:58:39
DEV000773,hash_fe048d5ad12b32e6,iOS,Edge,2026-09-06 18:30:01,2026-09-05 07:44:50
DEV000774,hash_54aba577e3311ee6,Android,Chrome,2026-01-11 06:26:23,2026-08-24 09:14:42
DEV000775,hash_9537927280f2835e,iOS,Safari,2025-09-02 02:46:15,2026-09-09 09:16:39
DEV000776,hash_6d56ccd8000616d1,Windows,Safari,2025-08-09 14:30:11,2026-09-11 10:57:03
DEV000777,hash_73cd9709c0da1043,Linux,Firefox,2026-06-13 03:29:07,2026-09-06 12:06:26
DEV000778,hash_bd2898b006e2e080,Android,Chrome,2025-07-09 23:50:53,2026-09-01 21:43:44
DEV000779,hash_46774ddcaad414ad,iOS,Firefox,2025-03-08 12:21:42,2026-08-24 16:13:42
DEV000780,hash_282e25e3d2832c0d,iOS,Chrome,2025-08-10 02:34:02,2026-09-14 00:08:42
DEV000781,hash_2dec9b01bb8133fb,iOS,Firefox,2024-09-19 22:45:04,2026-09-12 17:06:47
DEV000782,hash_21f3eb6f3298d758,Windows,Edge,2025-10-06 02:33:53,2026-08-27 03:35:59
DEV000783,hash_a962a21a0fafba84,macOS,Firefox,2026-03-21 07:18:41,2026-09-09 00:19:21
DEV000784,hash_226f93e79e5f992d,Android,Chrome,2025-04-11 07:26:17,2026-09-04 14:25:36
DEV000785,hash_e988a44db9ca5928,iOS,Safari,2026-09-03 20:39:33,2026-09-11 04:05:45
DEV000786,hash_c1afd792a08ba0ef,Windows,Edge,2025-12-05 20:13:57,2026-09-02 11:19:01
DEV000787,hash_b01b56582767ec01,Android,Firefox,2024-10-10 04:01:14,2026-08-17 11:52:55
DEV000788,hash_60ca40ea79465f66,Android,Firefox,2025-11-29 11:19:18,2026-09-08 02:48:51
DEV000789,hash_08fe3f405fe19173,Linux,Firefox,2026-03-15 16:12:32,2026-09-02 13:11:28
DEV000790,hash_d7c8ccb8af376fbe,macOS,Chrome,2024-12-11 01:46:58,2026-09-12 19:49:41
DEV000791,hash_c3b0de8615b73e01,iOS,Firefox,2025-09-23 04:40:12,2026-08-19 13:02:47
DEV000792,hash_275b7c2c12be16cb,macOS,Chrome,2025-01-02 12:56:55,2026-09-10 05:04:33
DEV000793,hash_3ab098476f4327cc,iOS,Safari,2026-07-13 15:42:12,2026-08-29 05:18:51
DEV000794,hash_852fe1b1b6b4d8e7,Linux,Safari,2025-09-10 07:17:14,2026-09-09 18:03:21
DEV000795,hash_73fb6c56e2ea5644,iOS,Firefox,2024-11-13 22:38:41,2026-09-10 01:31:15
DEV000796,hash_72f580bdf42050e8,macOS,Firefox,2026-08-06 09:28:22,2026-09-14 06:32:59
DEV000797,hash_d63151519c672338,macOS,Safari,2024-11-21 21:00:20,2026-08-27 13:28:52
DEV000798,hash_429e588250d3b1d6,Linux,Firefox,2025-09-16 03:22:54,2026-08-19 10:44:17
DEV000799,hash_bbc10bbeed1c4d70,Android,Firefox,2026-02-27 12:18:36,2026-09-10 19:58:35
DEV000800,hash_4ba8216267e39166,macOS,Edge,2026-05-27 01:52:32,2026-09-12 19:04:55
DEV000801,hash_174d65c0ed6018d9,Linux,Chrome,2025-05-14 21:39:47,2026-09-14 10:00:30
DEV000802,hash_b1cbe822cbee1876,iOS,Chrome,2024-10-25 04:01:47,2026-09-01 08:01:35
DEV000803,hash_bcac44263ad0190f,Linux,Chrome,2025-11-03 17:59:20,2026-08-16 04:19:46
DEV000804,hash_7ab4d3588f6068e7,macOS,Firefox,2025-09-13 08:35:39,2026-09-06 16:45:17
DEV000805,hash_8498a96b0d8660ca,iOS,Firefox,2025-10-17 08:58:44,2026-09-07 10:27:41
DEV000806,hash_205d8635cc87858c,iOS,Chrome,2025-12-03 23:44:05,2026-08-31 18:00:28
DEV000807,hash_dbb9c17382278cac,Linux,Chrome,2025-08-07 04:33:18,2026-09-01 18:56:28
DEV000808,hash_89fc17cf3dd29956,Linux,Chrome,2026-05-27 04:12:19,2026-08-29 23:01:15
DEV000809,hash_866b5f4456d00a82,Linux,Chrome,2025-04-26 19:28:56,2026-08-23 18:55:38
DEV000810,hash_42da15724278f61e,Windows,Firefox,2024-10-11 14:46:29,2026-09-13 16:03:47
DEV000811,hash_2da5ba63d3ff0631,Android,Edge,2026-04-19 06:32:45,2026-08-30 10:02:03
DEV000812,hash_d9a9a8347d91f485,iOS,Firefox,2026-04-01 19:58:51,2026-09-12 00:31:53
DEV000813,hash_ca3f48a4cd88e44e,iOS,Chrome,2025-04-04 11:15:29,2026-08-18 15:19:22
DEV000814,hash_25d7ad5e8498b40a,Linux,Edge,2026-01-15 23:14:57,2026-09-07 15:02:17
DEV000815,hash_6c1036cd1249944e,Linux,Chrome,2025-12-07 05:34:37,2026-08-23 20:45:27
DEV000816,hash_c298823abcdc99ef,Windows,Edge,2025-12-03 03:07:49,2026-08-18 03:54:27
DEV000817,hash_ae6c3a9b2a257ecc,Windows,Safari,2026-02-05 22:56:07,2026-08-29 19:40:59
DEV000818,hash_0879a48007ab7770,Android,Chrome,2026-06-04 11:09:22,2026-08-16 23:34:14
DEV000819,hash_aa35b738c67a56e3,Android,Chrome,2025-04-24 22:52:38,2026-09-08 04:33:09
DEV000820,hash_528f234615690641,iOS,Chrome,2024-11-17 06:20:49,2026-08-21 19:31:25
DEV000821,hash_b01de9361527690a,iOS,Edge,2025-10-11 21:14:26,2026-08-19 09:19:01
DEV000822,hash_ce2cf16bf3fd9e32,Android,Edge,2026-07-07 12:20:09,2026-08-29 03:29:00
DEV000823,hash_e4f078a1c89d43e7,Linux,Safari,2025-03-28 22:49:00,2026-08-22 02:11:05
DEV000824,hash_c9975b860ea7c6ed,Linux,Chrome,2026-01-05 11:32:54,2026-08-29 07:07:19
DEV000825,hash_2657abb6b81f2807,Windows,Safari,2025-04-15 22:39:53,2026-08-28 03:08:28
DEV000826,hash_ac13e4e8610918c9,Android,Safari,2024-09-25 05:00:33,2026-08-21 01:43:50
DEV000827,hash_4ac98d23c0a5c337,Windows,Firefox,2025-12-27 04:17:43,2026-08-24 03:12:21
DEV000828,hash_8bb7ecee15c535c9,iOS,Edge,2026-08-22 02:19:36,2026-09-13 09:13:41
DEV000829,hash_7dbb4c184984e0ab,Linux,Chrome,2026-04-11 03:35:37,2026-08-22 23:51:06
DEV000830,hash_2cfc4fb4268c3b15,Windows,Chrome,2026-02-08 03:47:52,2026-09-06 08:09:17
DEV000831,hash_612353195069c057,macOS,Chrome,2025-06-28 09:11:57,2026-08-24 04:07:16
DEV000832,hash_6f47d6b681d42b2f,macOS,Chrome,2025-04-05 02:20:50,2026-08-27 02:57:15
DEV000833,hash_9965ef480b4d2de2,Android,Chrome,2025-09-25 19:46:56,2026-08-24 10:25:26
DEV000834,hash_42e397d9a97b43bd,iOS,Edge,2026-05-28 01:37:13,2026-09-10 06:13:07
DEV000835,hash_a2fcab345868ffda,Windows,Chrome,2026-07-15 17:21:35,2026-08-17 06:19:09
DEV000836,hash_b95175be5c89158a,Linux,Safari,2025-06-07 11:23:45,2026-08-19 18:06:03
DEV000837,hash_2663afff87b06378,macOS,Edge,2025-01-04 20:33:05,2026-09-13 13:37:30
DEV000838,hash_1f79260c9020dde2,iOS,Edge,2026-09-09 14:11:02,2026-08-23 03:21:51
DEV000839,hash_cc3613692636c245,Windows,Firefox,2026-06-26 18:30:24,2026-09-08 17:35:15
DEV000840,hash_525706d0fd9c635d,Windows,Chrome,2026-04-21 20:44:01,2026-09-04 16:53:06
DEV000841,hash_4f64710a5dbffb1f,iOS,Edge,2026-05-05 12:56:33,2026-09-03 06:11:16
DEV000842,hash_0ab832eabac70b9c,Linux,Chrome,2025-03-17 23:54:28,2026-09-06 00:37:07
DEV000843,hash_7842cbc6a0011ba6,Android,Edge,2026-04-01 01:51:00,2026-08-23 18:39:54
DEV000844,hash_3d8a3090353a044d,macOS,Edge,2025-02-24 22:54:02,2026-09-12 16:54:08
DEV000845,hash_5ae654b79e3b37e6,Android,Firefox,2026-04-07 13:43:45,2026-09-01 09:48:30
DEV000846,hash_1084061b20323ec5,Android,Safari,2024-10-26 08:57:07,2026-08-28 11:48:33
DEV000847,hash_0c075053cd4f75e6,Android,Edge,2026-04-23 23:29:14,2026-08-21 06:54:33
DEV000848,hash_d5bbe3a440b87dc3,Linux,Chrome,2024-10-24 23:20:58,2026-08-23 19:02:05
DEV000849,hash_8e487a8ce3e47946,Linux,Chrome,2025-09-09 14:06:40,2026-09-04 00:20:14
DEV000850,hash_a025e80b42f8bae4,Windows,Firefox,2025-09-19 01:51:10,2026-08-30 06:53:03
DEV000851,hash_f2cd4e4b8c277f18,macOS,Edge,2025-09-19 02:29:32,2026-09-10 12:11:52
DEV000852,hash_ee4f72dce1656eaf,iOS,Firefox,2025-03-14 16:00:31,2026-09-03 02:15:57
DEV000853,hash_b7dabc6860ca5ead,iOS,Chrome,2026-02-27 01:47:42,2026-09-03 14:13:52
DEV000854,hash_448e811766534f79,iOS,Firefox,2025-09-17 19:14:13,2026-08-28 09:44:47
DEV000855,hash_10c69c57ac49b6e2,iOS,Edge,2025-01-04 22:02:06,2026-09-10 09:46:33
DEV000856,hash_ad8b0dd99e7badb8,Windows,Firefox,2026-07-22 03:23:56,2026-09-05 18:16:05
DEV000857,hash_92489bee858fab60,Windows,Edge,2024-09-23 09:23:21,2026-08-29 16:14:00
DEV000858,hash_28998ac04c2ea4dc,Android,Firefox,2026-09-04 08:55:36,2026-09-06 10:40:48
DEV000859,hash_6b77fe6ee1236175,iOS,Safari,2025-07-07 21:19:06,2026-08-30 23:34:12
DEV000860,hash_b9a893f3b8e55770,Linux,Edge,2025-10-31 00:53:10,2026-08-17 15:33:18
DEV000861,hash_1aa5d4e236c077aa,Windows,Safari,2024-11-28 19:14:54,2026-09-10 10:46:03
DEV000862,hash_76435b4e1508faec,Android,Edge,2026-01-22 06:41:36,2026-09-01 20:00:20
DEV000863,hash_f209329d4aa7f4e2,macOS,Firefox,2026-07-01 22:00:25,2026-09-05 14:49:59
DEV000864,hash_f23657ec5acc0d2f,Windows,Safari,2026-01-01 08:31:18,2026-08-28 21:21:25
DEV000865,hash_df9b87b0ddc418d2,Android,Firefox,2025-06-01 08:29:28,2026-08-28 18:43:07
DEV000866,hash_c9e58ebc673d4de0,iOS,Safari,2025-04-09 15:07:25,2026-08-20 10:16:00
DEV000867,hash_8b20cc445705b300,iOS,Safari,2025-03-31 12:12:06,2026-09-13 00:22:53
DEV000868,hash_f58f56a031116b6a,Android,Chrome,2025-07-14 23:52:50,2026-09-07 00:59:47
DEV000869,hash_6094d74c7846e9c5,Windows,Edge,2026-05-07 16:49:32,2026-08-27 09:28:47
DEV000870,hash_47a029aecac6a853,Windows,Chrome,2026-04-07 12:50:27,2026-09-13 05:40:46
DEV000871,hash_39d26141c5a435cb,Android,Safari,2026-05-05 15:21:23,2026-08-25 02:52:15
DEV000872,hash_8e5bef683dcf3be0,Linux,Firefox,2025-10-23 00:51:35,2026-09-01 00:52:23
DEV000873,hash_fb780253d4961e60,Windows,Safari,2026-02-22 13:49:41,2026-08-24 09:23:03
DEV000874,hash_f8f431f9b9ba04a8,iOS,Edge,2025-05-15 12:01:08,2026-09-11 05:46:51
DEV000875,hash_d4edc9d89c2f3381,Android,Safari,2024-09-22 09:26:02,2026-08-16 01:38:29
DEV000876,hash_4a298783099c4929,Android,Safari,2026-06-22 04:03:43,2026-08-18 22:56:09
DEV000877,hash_346347573d231e3b,iOS,Firefox,2024-09-23 11:13:22,2026-09-04 14:54:20
DEV000878,hash_c3da1521f840596b,Windows,Firefox,2024-11-29 01:28:58,2026-09-10 03:44:36
DEV000879,hash_86b5dd45d41a4093,Windows,Safari,2024-12-03 21:13:05,2026-09-06 07:19:35
DEV000880,hash_b5790849e22bc2f8,Android,Edge,2025-06-14 04:59:13,2026-08-26 07:24:16
DEV000881,hash_38cd0cedba7bc404,iOS,Chrome,2026-03-31 11:53:53,2026-08-29 09:49:51
DEV000882,hash_18360f46170e0447,Linux,Edge,2025-03-28 19:55:47,2026-08-25 00:43:12
DEV000883,hash_776944b886b5ca8f,Android,Chrome,2024-10-10 14:49:50,2026-08-16 19:22:44
DEV000884,hash_f9c048829b40bb90,iOS,Firefox,2026-01-08 06:38:50,2026-08-20 02:53:07
DEV000885,hash_1767370097e3ab40,iOS,Edge,2024-10-28 08:36:06,2026-09-13 11:59:15
DEV000886,hash_227c27df377f0ac2,macOS,Safari,2026-02-06 04:15:36,2026-08-26 04:23:06
DEV000887,hash_39c8a117ffdb88d7,Android,Edge,2025-12-23 17:35:30,2026-08-21 13:39:42
DEV000888,hash_08e5dd93dad50f42,Android,Chrome,2026-03-18 03:43:21,2026-08-21 11:32:58
DEV000889,hash_c002c7fceb0a97f7,Linux,Edge,2024-11-20 06:36:17,2026-09-14 00:16:34
DEV000890,hash_f632090ac22664f4,Windows,Edge,2024-12-24 01:53:34,2026-09-02 21:47:21
DEV000891,hash_7632d4d41866177e,Linux,Edge,2026-02-06 00:19:43,2026-09-12 03:17:02
DEV000892,hash_8d73e7aac766dd63,Linux,Chrome,2026-05-31 00:58:49,2026-08-24 15:02:13
DEV000893,hash_e958c74502bb657d,iOS,Firefox,2026-08-11 02:55:37,2026-08-21 00:54:35
DEV000894,hash_06cd3e3bd2026202,Android,Chrome,2026-03-08 12:10:11,2026-08-24 14:26:53
DEV000895,hash_c7547e4d55a79731,macOS,Chrome,2025-03-29 22:45:59,2026-08-29 22:57:48
DEV000896,hash_20be83948cbbca01,Linux,Chrome,2025-09-11 20:55:44,2026-08-19 07:58:46
DEV000897,hash_b03ac41d3e9011e8,macOS,Safari,2026-01-23 07:58:40,2026-09-06 16:03:58
DEV000898,hash_a307840278e6e25e,macOS,Safari,2026-08-31 20:32:05,2026-08-29 01:46:34
DEV000899,hash_489d3b8abab0dbe0,Linux,Chrome,2026-05-04 18:08:23,2026-09-05 09:14:16
DEV000900,hash_b98b06f3f5dab6fe,macOS,Chrome,2026-03-05 20:11:23,2026-08-31 08:33:33
DEV000901,hash_9efda9e9e1dd2f7f,iOS,Edge,2025-04-02 01:20:52,2026-08-23 12:28:12
DEV000902,hash_9c1817a35e2f0318,Windows,Firefox,2026-05-13 14:07:56,2026-08-19 05:58:44
DEV000903,hash_0ed57c8ce2c94a44,Android,Safari,2025-04-17 13:15:33,2026-08-18 16:27:09
DEV000904,hash_1227557d9a8b8524,Android,Safari,2025-07-08 12:08:12,2026-09-03 12:30:24
DEV000905,hash_8a0aeef01bddfef5,Windows,Firefox,2025-05-30 13:22:47,2026-08-18 13:44:22
DEV000906,hash_65a1ee9c3b39b8aa,Linux,Edge,2025-04-02 18:09:45,2026-08-28 12:07:22
DEV000907,hash_d68b717e57cb9719,Android,Firefox,2025-01-30 09:05:31,2026-09-06 01:04:22
DEV000908,hash_ff36fe7fc1ab5f4c,macOS,Firefox,2024-11-07 01:55:39,2026-09-08 12:39:48
DEV000909,hash_d0a054172bac7c89,iOS,Firefox,2026-09-05 10:20:57,2026-08-25 09:33:45
DEV000910,hash_9a1a59cf9b480ff5,Linux,Firefox,2026-01-01 05:05:52,2026-09-03 17:13:06
DEV000911,hash_3d79f8b612d0ff7d,macOS,Safari,2025-01-30 18:38:57,2026-09-08 13:03:15
DEV000912,hash_567328bc55cf185a,macOS,Chrome,2024-12-07 09:32:11,2026-08-22 15:23:23
DEV000913,hash_415155db179c0a64,Android,Safari,2025-11-08 02:21:35,2026-09-05 14:12:46
DEV000914,hash_8509c3a2214b1e1c,Linux,Edge,2025-03-02 19:15:55,2026-09-14 11:05:19
DEV000915,hash_bf44ea67f0cf9990,Android,Safari,2026-01-26 20:56:19,2026-08-20 19:33:21
DEV000916,hash_0570ea72a16700f7,Windows,Firefox,2026-08-24 00:30:54,2026-09-06 02:14:45
DEV000917,hash_ef82fab37e0c5286,macOS,Edge,2026-03-23 20:16:28,2026-08-28 05:31:07
DEV000918,hash_f75ea48f6f747d68,Android,Chrome,2024-12-03 09:39:27,2026-08-17 08:22:55
DEV000919,hash_bf10545a1dd3c5d2,iOS,Edge,2024-11-09 19:33:51,2026-08-19 01:48:08
DEV000920,hash_d8b6a5b0c7c22f1b,Android,Chrome,2025-12-01 22:52:50,2026-08-27 19:43:55
DEV000921,hash_31646c14f1a0051f,Android,Firefox,2026-05-10 20:59:49,2026-09-06 07:15:22
DEV000922,hash_63fdb07a5c7f9aef,macOS,Chrome,2024-09-28 18:02:49,2026-09-08 19:37:48
DEV000923,hash_df09451fd173bd6d,Android,Edge,2025-01-07 19:05:27,2026-08-15 16:46:37
DEV000924,hash_af562306276c01fb,macOS,Chrome,2026-09-08 18:38:44,2026-08-17 11:50:52
DEV000925,hash_f0b81b2952044e75,iOS,Chrome,2026-02-12 09:23:48,2026-09-03 14:42:45
DEV000926,hash_2cee1a3af3e9d42f,iOS,Safari,2025-04-09 02:58:55,2026-08-23 00:24:05
DEV000927,hash_572d3274e5c22467,Windows,Chrome,2026-03-11 22:13:15,2026-08-31 16:02:48
DEV000928,hash_6e06f176d140f967,Linux,Firefox,2026-08-17 19:32:21,2026-09-03 15:41:56
DEV000929,hash_92714fea6fad7460,Android,Edge,2025-12-04 12:19:00,2026-08-15 20:04:52
DEV000930,hash_d8f148fba05a53c4,macOS,Edge,2025-10-19 11:40:53,2026-09-08 11:26:56
DEV000931,hash_8fb6002dc3575ff1,iOS,Firefox,2025-09-20 13:24:39,2026-09-05 19:48:36
DEV000932,hash_86451ddafbe22c49,Windows,Safari,2025-07-24 21:43:31,2026-08-19 01:26:17
DEV000933,hash_f68fa05bbfe9efdb,Android,Chrome,2025-11-07 16:58:30,2026-08-26 14:53:48
DEV000934,hash_4dd359823dfa45fa,Linux,Chrome,2024-09-16 17:53:59,2026-09-03 07:39:08
DEV000935,hash_871e8c56cb3738c2,macOS,Firefox,2026-03-03 13:00:29,2026-09-08 01:24:50
DEV000936,hash_4c6694ab57b53de2,iOS,Edge,2024-12-17 07:38:45,2026-09-12 04:39:11
DEV000937,hash_aac782acdce2ab06,Linux,Firefox,2025-11-03 23:02:14,2026-09-02 01:56:10
DEV000938,hash_0bce8eeb684f1e52,iOS,Firefox,2025-05-31 04:00:46,2026-08-30 08:35:11
DEV000939,hash_5fd24b9aa5279af5,Linux,Chrome,2025-07-22 08:14:50,2026-08-18 08:04:21
DEV000940,hash_1a3bc8d80daba507,Windows,Edge,2026-01-18 06:39:36,2026-08-20 01:24:02
DEV000941,hash_b1a7d537b0ec7074,Android,Chrome,2025-06-24 22:57:49,2026-09-10 14:39:03
DEV000942,hash_5e45295681e4ee99,Linux,Chrome,2026-07-08 23:41:43,2026-09-01 03:58:04
DEV000943,hash_4a12d0d4cda42f85,Windows,Firefox,2024-11-15 16:04:09,2026-09-06 23:17:05
DEV000944,hash_0409b7c8ef59a4b5,macOS,Safari,2026-04-27 20:07:08,2026-08-29 17:35:32
DEV000945,hash_ceacd7799538e035,iOS,Edge,2026-01-30 07:58:29,2026-08-25 12:25:07
DEV000946,hash_990cb8bfc1978cb8,Linux,Edge,2025-01-29 08:38:59,2026-09-11 13:46:36
DEV000947,hash_9fde2d5fc441c3db,Linux,Edge,2024-10-14 17:25:56,2026-09-03 07:20:57
DEV000948,hash_c7d012b0de9ccb51,Windows,Edge,2026-02-09 09:13:20,2026-08-24 22:18:03
DEV000949,hash_e39f6cc716f39bed,Linux,Safari,2025-05-04 07:35:35,2026-09-03 14:16:15
DEV000950,hash_890719db252a95db,Windows,Edge,2026-08-11 11:29:05,2026-08-20 20:09:35
DEV000951,hash_f3b20598a303d14f,Linux,Firefox,2026-01-16 23:48:00,2026-09-02 02:20:08
DEV000952,hash_5492112f259d537f,Linux,Chrome,2025-09-27 01:19:46,2026-08-19 18:38:17
DEV000953,hash_05722bc54b5e4a40,Linux,Safari,2026-08-02 17:50:02,2026-09-05 22:03:14
DEV000954,hash_9e689a6c91c98ab6,iOS,Firefox,2026-04-08 07:40:56,2026-08-24 20:30:29
DEV000955,hash_30bc76c4e3fa6893,Android,Firefox,2024-12-31 20:58:18,2026-08-17 09:21:27
DEV000956,hash_c7c40854d6d4eb06,iOS,Safari,2025-02-11 03:45:19,2026-08-16 21:19:04
DEV000957,hash_242bba10c7d0b0d1,macOS,Edge,2026-03-27 05:09:14,2026-09-13 10:35:51
DEV000958,hash_8f523f8a905cbe00,Android,Edge,2025-03-18 09:55:52,2026-09-08 09:45:48
DEV000959,hash_b31e120d9f49ab89,Android,Edge,2025-07-13 03:23:53,2026-08-18 17:09:28
DEV000960,hash_65e2ebba27ae2220,Android,Edge,2026-05-22 21:58:31,2026-09-10 21:33:17
DEV000961,hash_6aeea07ac387d8eb,Android,Edge,2026-01-26 22:14:01,2026-08-30 14:17:54
DEV000962,hash_bfd096b42c85ab3f,iOS,Safari,2025-10-07 07:02:01,2026-09-10 13:51:04
DEV000963,hash_f16a83488fc8ed53,iOS,Firefox,2026-06-24 03:47:55,2026-09-06 11:14:49
DEV000964,hash_ab8eb99553663145,Linux,Safari,2024-09-26 22:18:18,2026-08-17 10:55:26
DEV000965,hash_3e7447a2a672d32f,Linux,Firefox,2025-06-04 16:58:44,2026-08-18 09:04:27
DEV000966,hash_e5a61a06a8422325,Linux,Chrome,2025-06-03 11:46:37,2026-08-17 17:38:55
DEV000967,hash_d19b1b23d6023639,Windows,Chrome,2025-07-26 03:27:37,2026-08-21 09:27:50
DEV000968,hash_583d2337e5b23a6d,macOS,Chrome,2025-02-25 14:12:47,2026-09-10 01:14:40
DEV000969,hash_247803a1fb4a0283,Linux,Edge,2025-09-05 04:53:20,2026-09-10 16:54:19
DEV000970,hash_07aa240c57620a6f,Linux,Firefox,2025-01-07 20:56:34,2026-09-12 18:45:10
DEV000971,hash_972bcd8d67fec003,Windows,Firefox,2025-03-14 03:24:48,2026-08-19 03:41:28
DEV000972,hash_a931f6476f242a0f,Windows,Chrome,2024-10-12 19:41:44,2026-08-22 12:43:51
DEV000973,hash_8cf50927c89a10a3,macOS,Edge,2025-09-28 21:54:14,2026-08-16 13:58:34
DEV000974,hash_682c3bb2583f66bd,Android,Firefox,2025-09-15 04:25:00,2026-08-17 21:07:44
DEV000975,hash_8fd1bc4e03d2a7ca,macOS,Edge,2025-03-21 16:10:36,2026-08-21 23:51:12
DEV000976,hash_ac08f40119271805,iOS,Firefox,2024-09-25 08:01:58,2026-08-24 00:27:02
DEV000977,hash_874c146ccea6c978,Windows,Safari,2026-01-18 13:54:37,2026-08-18 01:58:17
DEV000978,hash_ec7fdc2efb0059ff,Android,Safari,2026-08-17 20:22:28,2026-08-30 13:50:24
DEV000979,hash_312997afd7e305d5,Windows,Edge,2026-06-13 15:56:02,2026-08-20 09:07:11
DEV000980,hash_2621b8998a9da702,iOS,Safari,2025-09-03 12:08:35,2026-09-14 07:53:45
DEV000981,hash_824fdf53d98a1a6f,Windows,Chrome,2025-01-24 18:07:36,2026-09-13 08:22:49
DEV000982,hash_078a4dcbdac97c5a,iOS,Edge,2024-11-02 20:30:08,2026-08-20 19:39:03
DEV000983,hash_3946ad23c098e2b4,Android,Chrome,2024-12-11 20:42:34,2026-09-08 18:58:48
DEV000984,hash_da2a4996aaef7529,Linux,Edge,2025-12-20 07:25:43,2026-09-14 13:01:31
DEV000985,hash_640324f099b351a6,macOS,Chrome,2025-03-04 12:00:57,2026-08-18 17:17:40
DEV000986,hash_0e1e5ebdff99fe31,Android,Edge,2026-06-01 00:20:48,2026-08-25 11:51:36
DEV000987,hash_33ba1e1b80ff8beb,Android,Chrome,2025-08-11 05:24:13,2026-09-01 00:47:57
DEV000988,hash_317e43a4ab16b1fd,Linux,Safari,2026-06-06 12:05:40,2026-09-04 04:08:24
DEV000989,hash_f830aa05d2d4dd05,Android,Chrome,2025-05-24 00:25:24,2026-08-21 12:30:40
DEV000990,hash_10f3f41ff2020876,macOS,Chrome,2026-02-27 12:34:40,2026-09-12 14:48:58
DEV000991,hash_a5f604d79cb076a2,Windows,Chrome,2025-11-12 04:16:34,2026-08-22 07:45:59
DEV000992,hash_a13ea32a4b045067,Linux,Chrome,2025-05-21 23:06:57,2026-08-26 00:11:57
DEV000993,hash_bcdbe579db9b318b,Windows,Chrome,2026-04-30 18:29:11,2026-08-17 20:52:41
DEV000994,hash_6864fe6b7400c7a1,iOS,Firefox,2025-12-18 20:09:23,2026-08-24 01:50:50
DEV000995,hash_951c4200df30f2f5,macOS,Edge,2025-06-01 18:29:20,2026-08-18 17:25:29
DEV000996,hash_24c61f93a0819bf5,Android,Safari,2024-12-16 23:06:18,2026-08-28 22:52:30
DEV000997,hash_a333639f387364c1,Windows,Safari,2025-01-01 21:05:27,2026-09-04 19:27:21
DEV000998,hash_e54dce58044e2d9b,macOS,Edge,2025-01-22 16:56:27,2026-09-02 14:45:45
DEV000999,hash_994d4c03715474b9,Windows,Edge,2025-11-18 00:30:50,2026-08-23 16:00:43
DEV001000,hash_0ee503e3298d4c45,macOS,Firefox,2025-08-20 21:29:01,2026-08-27 11:37:57
DEV001001,hash_67396010b9dc86a9,macOS,Firefox,2026-09-03 04:05:19,2026-09-12 21:49:43
DEV001002,hash_231f167698a7e77b,Windows,Chrome,2024-10-15 18:55:42,2026-08-22 03:09:16
DEV001003,hash_cc7570cc8e32ebbf,Android,Edge,2024-11-30 19:46:54,2026-09-14 09:18:43
DEV001004,hash_a01989d1b998d301,macOS,Edge,2025-07-03 07:50:13,2026-08-23 07:33:44
DEV001005,hash_0c35bf2dec4fa141,iOS,Chrome,2024-09-26 07:36:59,2026-09-08 07:07:27
DEV001006,hash_c719f5eac4e49929,Windows,Chrome,2024-11-15 21:01:28,2026-08-15 23:09:50
DEV001007,hash_efc3584265b411ed,Linux,Safari,2024-09-19 18:54:40,2026-08-24 08:47:50
DEV001008,hash_f86561ef113145d2,iOS,Firefox,2026-09-03 12:41:25,2026-08-19 23:37:23
DEV001009,hash_7430974033e1f2af,iOS,Chrome,2026-03-17 02:51:28,2026-09-13 11:30:44
DEV001010,hash_21f66088efef1246,Windows,Safari,2026-08-04 01:32:33,2026-08-29 10:20:14
DEV001011,hash_ee3c8687b704eced,iOS,Firefox,2025-08-03 11:11:27,2026-09-07 18:21:39
DEV001012,hash_ea7323915840f425,macOS,Chrome,2026-03-05 22:44:27,2026-08-21 19:36:23
DEV001013,hash_8b7080c27799f25b,Android,Edge,2025-02-21 07:21:04,2026-08-22 14:28:31
DEV001014,hash_3475717102b964d6,iOS,Chrome,2026-01-24 03:27:42,2026-08-28 19:26:43
DEV001015,hash_9a596f63141ec659,iOS,Chrome,2025-10-25 11:17:31,2026-09-06 12:32:32
DEV001016,hash_1cd4aa85613c826a,iOS,Edge,2025-07-31 05:04:00,2026-08-27 06:31:00
DEV001017,hash_d33e2b2c3cebcc1d,Linux,Safari,2026-09-12 19:30:14,2026-08-24 03:07:49
DEV001018,hash_77bd00de21e219ce,macOS,Safari,2026-01-01 09:29:56,2026-08-17 11:35:52
DEV001019,hash_1f0b2be660404c51,iOS,Firefox,2025-12-21 07:33:40,2026-08-24 09:28:54
DEV001020,hash_1307afb6728ea994,Linux,Safari,2026-03-25 05:47:59,2026-09-08 22:10:38
DEV001021,hash_43bcbd124e9dfdb6,Linux,Chrome,2026-01-02 13:40:53,2026-08-19 22:19:05
DEV001022,hash_f613aed3b9da42b4,iOS,Safari,2026-01-14 07:56:45,2026-08-30 06:41:21
DEV001023,hash_240ed1db0c3badd8,macOS,Safari,2025-06-11 08:42:23,2026-09-04 23:41:13
DEV001024,hash_0b02215682a0f6e9,Android,Edge,2024-09-17 17:26:16,2026-09-11 17:32:44
DEV001025,hash_48e6127346801378,Android,Firefox,2025-03-16 04:52:32,2026-08-24 23:20:56
DEV001026,hash_3473b11a73a524c1,Windows,Chrome,2024-12-14 10:45:02,2026-09-10 09:29:33
DEV001027,hash_786c014f65fae4a1,Linux,Chrome,2024-11-27 11:55:20,2026-09-02 05:24:42
DEV001028,hash_244b405aed7cb20d,macOS,Edge,2026-07-16 06:43:07,2026-09-10 20:35:19
DEV001029,hash_836d943faad29f81,iOS,Firefox,2025-10-13 09:29:29,2026-08-26 07:14:28
DEV001030,hash_039663d0133ee71e,iOS,Chrome,2025-09-09 17:51:34,2026-08-25 18:13:49
DEV001031,hash_7dd7e170e0d0807c,Linux,Firefox,2025-04-16 21:12:40,2026-08-18 05:35:45
DEV001032,hash_a0d604221a32d219,iOS,Safari,2025-02-11 15:25:47,2026-08-21 03:02:48
DEV001033,hash_ee3ada8b84f900cb,macOS,Firefox,2026-05-25 22:11:17,2026-08-22 21:37:01
DEV001034,hash_8bceda589290a83a,Windows,Edge,2026-02-28 10:06:55,2026-09-07 16:29:49
DEV001035,hash_bb31caebc8ce14bb,Linux,Edge,2025-10-05 14:35:41,2026-08-24 05:11:53
DEV001036,hash_c20452883bde8b66,macOS,Firefox,2025-01-16 06:22:50,2026-08-17 17:59:57
DEV001037,hash_d2924079dfee84b1,Linux,Firefox,2024-10-26 03:23:37,2026-09-02 08:04:54
DEV001038,hash_1d6faffbe06bae1f,Linux,Firefox,2025-04-23 14:14:02,2026-08-25 19:57:21
DEV001039,hash_ae78dd3f8b239607,Windows,Edge,2025-08-17 19:06:46,2026-08-27 20:38:49
DEV001040,hash_56a60db50776d49a,iOS,Edge,2025-05-31 19:56:58,2026-09-14 14:24:45
DEV001041,hash_bd210b7df5b350ab,Android,Edge,2026-06-01 13:23:54,2026-09-06 15:43:16
DEV001042,hash_b3ebf780c91d95c7,Linux,Edge,2024-10-17 19:44:33,2026-08-20 17:25:31
DEV001043,hash_ae455311671cae75,Android,Edge,2026-04-12 06:37:02,2026-08-18 04:52:56
DEV001044,hash_b33a82a97a7342fc,Android,Edge,2026-09-02 12:54:40,2026-09-10 17:50:11
DEV001045,hash_f02d81dddc6434ef,macOS,Firefox,2025-01-28 19:01:43,2026-08-23 07:54:09
DEV001046,hash_67b3a154e67ae19a,Linux,Firefox,2026-05-17 06:52:43,2026-08-17 01:37:46
DEV001047,hash_cadafd4adc2f952c,Android,Safari,2025-09-25 22:26:45,2026-09-09 15:40:20
DEV001048,hash_00938d5ec3b8a22b,macOS,Firefox,2024-12-13 07:51:22,2026-08-19 02:19:24
DEV001049,hash_a8ae5c671598203e,iOS,Firefox,2026-08-10 09:43:52,2026-08-27 01:54:37
DEV001050,hash_a1119bb139520c71,Windows,Safari,2026-03-28 12:10:27,2026-09-06 06:01:12
DEV001051,hash_28c27491ac83995b,Android,Edge,2025-12-18 13:05:56,2026-09-12 19:14:15
DEV001052,hash_df9a7704adc25f16,Windows,Chrome,2025-05-25 08:48:37,2026-09-05 00:00:49
DEV001053,hash_55c5e74bc6fc40c3,Linux,Edge,2025-02-15 13:14:26,2026-08-31 11:12:59
DEV001054,hash_1adac950efe3155d,Windows,Edge,2025-03-11 20:56:08,2026-08-21 00:04:48
DEV001055,hash_267cb75491c64854,Android,Firefox,2025-05-25 11:47:29,2026-08-26 17:09:05
DEV001056,hash_fb50d324129ff56d,Linux,Firefox,2024-11-29 08:17:38,2026-08-27 04:01:44
DEV001057,hash_915fbbf953cfff73,macOS,Edge,2026-04-10 04:51:47,2026-09-04 16:28:28
DEV001058,hash_981b99f9c145419c,Android,Safari,2026-07-21 20:06:07,2026-08-25 08:43:53
DEV001059,hash_6e11edc43c375315,Linux,Safari,2025-07-02 20:40:37,2026-08-26 08:51:24
DEV001060,hash_8bf63e19c88994e7,Android,Firefox,2024-11-10 06:56:21,2026-09-07 12:30:34
DEV001061,hash_e465aed7207ad1d4,Android,Safari,2025-12-12 15:09:22,2026-09-08 04:08:31
DEV001062,hash_08ae64bbcc62f748,Linux,Firefox,2024-10-26 09:12:18,2026-09-05 19:35:08
DEV001063,hash_d77dd689a98d61ec,Linux,Edge,2025-01-04 18:08:50,2026-08-26 03:37:00
DEV001064,hash_b81cc43bf99a3620,Linux,Safari,2026-09-04 21:18:56,2026-09-14 05:48:27
DEV001065,hash_f814af2e81e26ceb,Windows,Firefox,2025-09-02 13:53:26,2026-08-24 07:13:18
DEV001066,hash_e1eaf0f24c52b95c,Linux,Safari,2025-07-12 00:36:22,2026-09-02 18:54:27
DEV001067,hash_bc44cb36d89c568d,Linux,Chrome,2024-12-29 03:00:44,2026-09-06 21:04:19
DEV001068,hash_1581f33ea5b38959,Windows,Safari,2026-03-27 06:41:10,2026-08-25 01:58:22
DEV001069,hash_a045d9e673ad562d,Linux,Edge,2026-01-18 01:58:25,2026-09-02 01:33:14
DEV001070,hash_cf6d28c3f661cfdb,Android,Edge,2025-04-11 15:42:59,2026-08-25 11:21:31
DEV001071,hash_5b6047b017776760,iOS,Firefox,2025-06-02 01:42:52,2026-08-21 19:58:42
DEV001072,hash_8b418bdfe52b9187,macOS,Edge,2024-10-09 02:31:57,2026-09-12 06:18:35
DEV001073,hash_7a44167a63f78edf,iOS,Firefox,2024-10-30 12:14:05,2026-08-29 06:41:37
DEV001074,hash_ef145b3606b63727,Linux,Edge,2024-12-29 04:49:06,2026-08-21 01:13:04
DEV001075,hash_61650f34465fd96b,Android,Chrome,2026-07-07 16:10:41,2026-09-07 06:09:10
DEV001076,hash_a0b8bebfb82b2b93,macOS,Edge,2025-09-05 08:46:36,2026-09-04 23:01:55
DEV001077,hash_883e153f9c454443,macOS,Edge,2025-01-25 03:40:11,2026-09-01 08:03:40
DEV001078,hash_2660f73f8abefd88,Linux,Edge,2025-03-03 22:36:48,2026-08-29 23:39:15
DEV001079,hash_7f4a3544817c781a,iOS,Firefox,2025-12-27 00:50:11,2026-08-23 06:26:15
DEV001080,hash_84203c0c51f323e6,Linux,Firefox,2026-05-20 10:28:05,2026-09-14 08:14:52
DEV001081,hash_fe835c517e70b309,Android,Safari,2026-08-18 13:26:43,2026-08-23 21:45:19
DEV001082,hash_863e3610ae7ae52a,Android,Edge,2025-12-07 05:12:39,2026-09-11 11:46:23
DEV001083,hash_2fad3d7ea4bfa846,iOS,Safari,2026-07-10 06:40:34,2026-08-26 19:23:19
DEV001084,hash_b20c651e0d477c01,Windows,Chrome,2024-11-20 08:14:40,2026-09-04 15:25:36
DEV001085,hash_e50c27d4a9dfbb1d,Windows,Edge,2026-07-11 19:23:41,2026-09-09 23:40:14
DEV001086,hash_ba49ccd561853b1a,Linux,Safari,2025-09-29 03:50:41,2026-08-26 03:56:24
DEV001087,hash_74e60f83af844b8f,Linux,Chrome,2025-12-17 16:06:46,2026-09-07 15:25:14
DEV001088,hash_ac4a770107d7a393,Android,Firefox,2026-06-26 06:51:08,2026-09-07 02:55:26
DEV001089,hash_e6571d384793acb1,Linux,Firefox,2025-04-19 00:22:06,2026-08-16 08:39:51
DEV001090,hash_bf18d74ac743d9f1,Windows,Safari,2026-04-04 04:45:48,2026-09-05 10:33:03
DEV001091,hash_404f04e444b0c797,iOS,Edge,2026-04-08 23:36:52,2026-08-27 15:08:20
DEV001092,hash_97f5d62875ef8169,macOS,Firefox,2025-03-25 16:09:32,2026-08-31 13:05:36
DEV001093,hash_5a5f838f23ee4016,Linux,Safari,2025-08-17 11:13:44,2026-09-12 18:53:38
DEV001094,hash_a367b5632f894e9b,iOS,Firefox,2025-03-05 22:12:20,2026-09-13 09:13:48
DEV001095,hash_885f3b06aefb886b,Linux,Safari,2025-01-07 21:14:33,2026-09-12 12:10:33
DEV001096,hash_6431d4a9ca1ef8d9,iOS,Firefox,2026-08-12 20:52:23,2026-08-15 21:40:54
DEV001097,hash_f5e1ab658bd296cc,Linux,Chrome,2025-08-04 16:04:40,2026-08-17 19:17:27
DEV001098,hash_67a7988657166f35,iOS,Safari,2024-10-15 06:59:38,2026-09-07 12:06:58
DEV001099,hash_af39609514611ef1,Windows,Firefox,2026-04-06 21:14:07,2026-09-09 03:13:14
DEV001100,hash_c2f18bfc88755363,Windows,Edge,2024-10-10 06:58:43,2026-09-05 07:44:23
DEV001101,hash_e9f8e1152d8ac2cc,Windows,Edge,2025-10-31 17:04:21,2026-09-03 19:10:56
DEV001102,hash_f7f801182aed0848,Linux,Firefox,2025-09-21 10:28:26,2026-08-20 09:56:36
DEV001103,hash_f2314c7d6755b2d4,Linux,Firefox,2025-08-31 14:21:52,2026-09-08 16:48:54
DEV001104,hash_b1d12755de4b2801,iOS,Safari,2025-03-19 23:42:19,2026-08-19 16:34:29
DEV001105,hash_9ba1cbe2879d19c3,Windows,Chrome,2025-11-21 23:11:51,2026-08-16 06:14:23
DEV001106,hash_dc4676c7393acfff,Linux,Chrome,2026-03-06 13:40:55,2026-09-04 09:30:37
DEV001107,hash_b5eae2208f57cd9e,macOS,Safari,2025-03-02 12:10:53,2026-08-22 02:23:12
DEV001108,hash_06919b1d5da55873,macOS,Safari,2025-06-19 13:24:44,2026-08-30 00:23:12
DEV001109,hash_62e32fa7f4cd6362,Linux,Safari,2025-03-18 20:41:31,2026-08-20 01:28:25
DEV001110,hash_9c21592004007c5d,Windows,Edge,2024-09-26 13:12:21,2026-09-07 22:45:13
DEV001111,hash_ae1b3c1ac5e38a4e,Windows,Safari,2026-02-15 19:58:25,2026-08-30 10:55:35
DEV001112,hash_01f239e439659c7a,iOS,Safari,2025-01-17 20:28:10,2026-09-06 22:52:09
DEV001113,hash_9f88be6ea0ccfaff,Android,Chrome,2026-07-12 13:04:24,2026-09-12 08:18:28
DEV001114,hash_d517fa40ed233795,Android,Edge,2026-04-17 14:40:47,2026-09-12 23:46:45
DEV001115,hash_7bf7bf91995821e0,iOS,Chrome,2024-10-03 03:20:46,2026-09-06 17:41:38
DEV001116,hash_8583d0bb32fb59fd,Windows,Firefox,2025-09-09 09:22:15,2026-08-22 09:16:28
DEV001117,hash_cb1fa32544e5f394,Android,Chrome,2026-07-25 04:29:50,2026-09-04 08:02:42
DEV001118,hash_5d3dc371d6ac0d84,iOS,Edge,2025-02-04 19:53:04,2026-09-02 15:20:14
DEV001119,hash_1694c02c4ebd9823,Windows,Safari,2026-01-14 00:50:57,2026-09-07 04:42:35
DEV001120,hash_1b869a7274242892,Windows,Safari,2026-03-14 21:55:53,2026-08-15 17:21:17
DEV001121,hash_1b72ea6c33c9bfa1,iOS,Firefox,2026-07-14 10:56:28,2026-08-19 02:08:09
DEV001122,hash_9e8fa8075db96490,iOS,Edge,2025-07-10 02:54:56,2026-08-31 19:37:47
DEV001123,hash_ba53d4ca79d1acbd,Linux,Chrome,2025-10-31 13:19:06,2026-08-17 05:52:51
DEV001124,hash_cc7e66de3cf7526e,macOS,Edge,2025-05-02 13:05:02,2026-09-05 07:58:41
DEV001125,hash_513be62ed9ffcacd,Android,Chrome,2026-04-21 23:05:45,2026-08-28 18:05:36
DEV001126,hash_9eead5def5b5777f,Windows,Firefox,2026-03-10 08:56:02,2026-09-14 09:22:54
DEV001127,hash_dd40111ab276d819,Android,Safari,2025-11-09 11:58:09,2026-09-12 13:57:24
DEV001128,hash_c50ef346f34c8c78,Android,Chrome,2026-05-24 06:24:12,2026-08-25 17:06:33
DEV001129,hash_5a968960c6bdce43,iOS,Edge,2026-05-18 23:53:10,2026-08-19 14:05:24
DEV001130,hash_9d9fbeb36207db63,Linux,Chrome,2026-01-09 02:22:10,2026-08-31 22:52:43
DEV001131,hash_977bee96b232398b,Linux,Edge,2026-04-08 15:49:16,2026-08-18 07:37:34
DEV001132,hash_0f657cc98fbd853a,Linux,Firefox,2025-10-18 23:37:46,2026-09-02 07:50:44
DEV001133,hash_7a5f1d32c1fcdfc3,Android,Safari,2026-08-04 21:21:14,2026-08-18 03:50:27
DEV001134,hash_2138fe3c5c699e1f,iOS,Safari,2024-12-09 08:48:44,2026-09-03 05:56:27
DEV001135,hash_29ac92f066f6290a,iOS,Safari,2025-06-25 03:21:13,2026-09-07 05:56:29
DEV001136,hash_cf2109f18eb232b8,macOS,Edge,2026-01-08 01:43:48,2026-08-17 15:23:17
DEV001137,hash_f49eaaa30ef147f7,Windows,Edge,2025-06-25 02:59:10,2026-09-02 10:41:29
DEV001138,hash_c1192634cad3e250,macOS,Edge,2025-01-28 07:28:02,2026-09-11 18:48:15
DEV001139,hash_4c745676478fcedd,iOS,Firefox,2026-03-15 16:02:36,2026-08-18 21:50:01
DEV001140,hash_b4c313eb7e225d5c,Windows,Safari,2025-11-23 17:32:12,2026-08-25 14:16:24
DEV001141,hash_bda53100fbaff9ca,Windows,Safari,2024-12-30 16:19:02,2026-08-31 21:59:14
DEV001142,hash_969c382abb9e88f8,macOS,Safari,2025-03-18 12:40:55,2026-09-10 20:29:06
DEV001143,hash_dde630e0cbee2346,Windows,Safari,2024-12-11 09:06:52,2026-09-07 21:15:05
DEV001144,hash_80851d532d82ab6a,iOS,Safari,2026-04-09 22:00:24,2026-09-12 19:39:15
DEV001145,hash_9d482c49f53fd2d3,Android,Chrome,2026-07-22 19:18:43,2026-08-25 20:11:37
DEV001146,hash_b174429ccffa9e4d,macOS,Safari,2026-04-22 04:25:03,2026-08-26 14:25:10
DEV001147,hash_22d91b18068055f3,Android,Chrome,2025-05-21 02:07:28,2026-09-01 18:42:17
DEV001148,hash_27ebe3a50af9da16,Windows,Safari,2026-08-12 14:55:52,2026-08-28 15:15:38
DEV001149,hash_3ac5524fa3a051e8,Linux,Firefox,2025-10-10 07:23:46,2026-09-05 04:30:51
DEV001150,hash_f55db8b9129f9fa5,iOS,Firefox,2025-04-17 10:36:34,2026-08-18 07:12:59
DEV001151,hash_e09b6f17a484be3e,Android,Safari,2024-11-02 09:31:59,2026-09-02 18:07:32
DEV001152,hash_513f9d0fde550a06,Android,Firefox,2025-06-09 07:44:09,2026-09-06 14:51:45
DEV001153,hash_52f02148016d0426,Windows,Edge,2025-09-26 20:10:21,2026-09-08 23:59:52
DEV001154,hash_8593d3a208a66a64,iOS,Edge,2025-10-28 06:19:16,2026-08-21 14:43:58
DEV001155,hash_bcf7bbc28e38440e,iOS,Chrome,2025-09-14 08:44:07,2026-09-10 11:28:47
DEV001156,hash_4da29b5e48ae4aba,Windows,Edge,2026-02-23 00:49:44,2026-09-10 12:35:15
DEV001157,hash_9620818d62c57829,Linux,Edge,2026-08-13 19:13:54,2026-08-29 20:16:43
DEV001158,hash_7fe4c46124e1ed79,iOS,Edge,2025-08-31 05:44:01,2026-09-02 12:41:13
DEV001159,hash_e61c436872f1f318,macOS,Safari,2026-05-28 11:32:05,2026-08-18 20:13:40
DEV001160,hash_69ccaeb0a4a5308d,iOS,Chrome,2025-02-07 11:24:40,2026-09-06 21:13:41
DEV001161,hash_5dc5734521366a4d,Linux,Firefox,2024-11-20 23:47:57,2026-08-19 13:10:17
DEV001162,hash_5e6bed7aeb536282,Windows,Firefox,2025-07-14 15:05:44,2026-08-24 08:05:49
DEV001163,hash_f56ccffaf31fbee0,Android,Firefox,2025-04-26 03:54:09,2026-08-19 09:24:58
DEV001164,hash_d045f17ece2db215,iOS,Chrome,2024-12-08 02:57:21,2026-08-23 15:43:57
DEV001165,hash_223bda76bcaf0ee3,iOS,Chrome,2025-04-16 12:11:29,2026-08-21 02:17:03
DEV001166,hash_333f117b2054e592,Linux,Firefox,2026-03-09 14:47:54,2026-08-22 20:08:42
DEV001167,hash_d756b927e0f02008,Android,Safari,2025-10-04 16:29:03,2026-08-22 23:06:32
DEV001168,hash_17b4e6d09fc2e952,Android,Edge,2026-07-25 19:18:01,2026-08-25 13:44:30
DEV001169,hash_0213d090bd00ff19,Android,Firefox,2025-10-23 14:34:01,2026-08-16 18:12:07
DEV001170,hash_432c03e46a558ea5,macOS,Firefox,2025-04-29 21:19:14,2026-09-04 21:03:59
DEV001171,hash_b7b1007234368737,Linux,Edge,2026-02-26 05:10:01,2026-09-10 22:35:00
DEV001172,hash_0633a286585262b1,Linux,Firefox,2026-09-07 20:47:35,2026-08-22 01:35:20
DEV001173,hash_78bec228c455da79,macOS,Chrome,2025-09-17 06:28:26,2026-09-01 11:42:04
DEV001174,hash_74be3766aa47bfc8,iOS,Firefox,2025-08-06 12:02:11,2026-09-06 04:54:01
DEV001175,hash_599f5901e65cad51,macOS,Edge,2026-04-10 04:08:35,2026-08-16 16:47:41
DEV001176,hash_42a5af9b522326bb,Windows,Safari,2025-04-28 14:30:47,2026-08-24 20:02:15
DEV001177,hash_22bb0c8d7bdc80ac,macOS,Firefox,2024-11-02 01:42:36,2026-08-16 17:26:26
DEV001178,hash_923b6567dcdc614f,Android,Safari,2026-07-23 07:39:30,2026-08-26 22:26:52
DEV001179,hash_9e5d531a2477536f,Android,Edge,2026-06-24 16:47:45,2026-09-09 21:10:04
DEV001180,hash_e64f8ec061e5cdd9,Linux,Firefox,2026-01-27 21:48:13,2026-08-31 23:05:29
DEV001181,hash_1a2d0d7abac432f8,macOS,Chrome,2025-07-30 22:44:10,2026-09-12 18:00:21
DEV001182,hash_de78c6038ca3c793,iOS,Edge,2025-06-07 10:21:39,2026-08-31 11:56:26
DEV001183,hash_1ef540d6f5d98936,macOS,Firefox,2025-09-26 18:42:32,2026-09-13 11:04:38
DEV001184,hash_7508e10c1035ddda,iOS,Firefox,2026-02-13 08:41:21,2026-09-10 09:27:16
DEV001185,hash_c986b3e47161c888,iOS,Firefox,2026-06-30 02:32:46,2026-09-11 06:46:42
DEV001186,hash_d67e0f37f4e9b38e,Android,Safari,2025-08-26 00:25:30,2026-09-06 21:22:58
DEV001187,hash_2c2bd5a32e89bdbd,iOS,Firefox,2025-05-08 08:45:06,2026-09-12 04:39:43
DEV001188,hash_6974eaeebdb1d20f,iOS,Chrome,2024-12-25 16:03:05,2026-08-30 12:51:31
DEV001189,hash_6d566dccbb991df7,Windows,Chrome,2025-01-25 13:39:29,2026-08-28 06:41:48
DEV001190,hash_4d9e6b9fa3ee785f,iOS,Firefox,2025-03-09 07:46:04,2026-09-08 03:57:00
DEV001191,hash_e58e8fb63c884bee,iOS,Safari,2025-06-30 01:00:27,2026-08-29 15:28:51
DEV001192,hash_5d1af023a73ff524,iOS,Firefox,2026-05-05 01:25:16,2026-08-17 22:53:48
DEV001193,hash_8e525adc51f8deb6,Windows,Safari,2025-01-07 09:28:23,2026-09-01 19:10:54
DEV001194,hash_1f45a6d06af9e1cd,macOS,Edge,2025-04-23 01:30:41,2026-09-06 18:57:32
DEV001195,hash_be60808dbcb39076,macOS,Firefox,2025-01-21 09:28:42,2026-08-23 11:05:59
DEV001196,hash_cee8efcf295c1b59,macOS,Safari,2026-03-21 01:23:12,2026-09-10 15:27:18
DEV001197,hash_f12040083f444245,Android,Safari,2025-04-23 17:37:40,2026-08-24 12:08:17
DEV001198,hash_dd8d074742d361aa,Windows,Edge,2025-01-28 09:10:52,2026-08-23 02:35:19
DEV001199,hash_b72a69289c7871de,Android,Firefox,2025-01-17 10:15:06,2026-08-27 04:56:45
DEV001200,hash_72633c6ae4ad77b0,Linux,Edge,2024-12-13 23:44:35,2026-08-17 15:42:39
DEV001201,hash_2fd1c77500b02a82,Linux,Firefox,2025-05-18 02:34:46,2026-09-12 13:08:11
DEV001202,hash_11e3d17570ad2070,iOS,Chrome,2024-12-21 09:52:59,2026-09-06 01:26:18
DEV001203,hash_3f19ed0f54c39b6d,Linux,Edge,2025-04-04 10:35:17,2026-09-02 14:27:55
DEV001204,hash_86e979fec27eb09a,macOS,Chrome,2025-02-04 11:30:42,2026-08-25 14:47:21
DEV001205,hash_7d861a5536d83fad,Windows,Firefox,2025-11-25 01:46:05,2026-08-17 08:10:54
DEV001206,hash_f3843346945f4281,Linux,Firefox,2026-02-13 03:03:30,2026-08-31 01:01:56
DEV001207,hash_263490a121737acd,Android,Chrome,2025-06-08 06:01:08,2026-08-22 20:08:01
DEV001208,hash_cb115be6227cc456,Windows,Edge,2025-06-30 19:53:03,2026-09-06 10:13:25
DEV001209,hash_ca63d3d0baad0da4,Android,Firefox,2025-11-07 12:05:19,2026-08-23 13:12:21
DEV001210,hash_09a3e57e2c5b2eb0,Android,Safari,2025-11-02 16:04:18,2026-08-30 07:06:31
DEV001211,hash_8de0b52ac2d0af1f,macOS,Edge,2024-12-17 12:59:03,2026-08-16 20:48:21
DEV001212,hash_80e2cd0484c48ac0,Linux,Edge,2025-07-25 09:50:04,2026-09-08 21:37:44
DEV001213,hash_af003b94596c9252,iOS,Safari,2026-05-04 02:27:47,2026-08-22 17:09:02
DEV001214,hash_83ab6df5aad74fe0,Windows,Firefox,2025-09-04 22:44:39,2026-08-31 04:50:49
DEV001215,hash_a32e6cb43c9ea73a,Linux,Edge,2025-01-13 09:17:23,2026-08-15 20:46:09
DEV001216,hash_0f95e5dcec9f1803,Android,Firefox,2026-04-10 18:47:25,2026-09-11 04:04:18
DEV001217,hash_47338a26047032f6,Windows,Firefox,2025-10-13 07:02:09,2026-08-31 17:44:09
DEV001218,hash_634a35ebec2be308,Android,Safari,2026-01-29 21:44:52,2026-08-30 00:06:53
DEV001219,hash_75d0a2af1c06efa6,Android,Safari,2025-09-17 06:34:52,2026-08-29 17:26:21
DEV001220,hash_df2ff029d5ce9fac,iOS,Firefox,2026-04-22 22:50:17,2026-09-12 12:12:25
DEV001221,hash_ba5b70e7df3bd35c,Linux,Chrome,2026-02-14 03:56:04,2026-08-22 19:07:50
DEV001222,hash_c768edb905d8e146,iOS,Firefox,2026-05-28 05:25:34,2026-09-12 02:18:30
DEV001223,hash_ed46d087c77afed5,Linux,Safari,2026-04-03 01:17:11,2026-09-06 02:51:23
DEV001224,hash_0626d3bea9fc73da,Android,Safari,2025-06-04 05:46:53,2026-08-21 02:37:23
DEV001225,hash_7a5c28ca32e72520,Windows,Firefox,2026-04-05 11:00:50,2026-09-07 21:49:10
DEV001226,hash_9cb149540e832587,iOS,Chrome,2026-08-14 08:42:52,2026-08-17 14:27:49
DEV001227,hash_6a63bd5b9398ba02,macOS,Chrome,2024-12-31 11:17:04,2026-09-11 09:40:51
DEV001228,hash_afd063d635dde534,Linux,Edge,2024-12-13 22:58:28,2026-08-30 14:42:28
DEV001229,hash_9bd3947617ca35a2,Android,Firefox,2024-10-03 10:28:10,2026-09-04 03:41:55
DEV001230,hash_0c65057665d77fc8,iOS,Firefox,2026-01-06 19:41:25,2026-08-26 08:30:34
DEV001231,hash_350e0c9a1d955056,iOS,Chrome,2025-08-26 13:46:46,2026-09-02 00:09:35
DEV001232,hash_afd13425dde2134c,macOS,Edge,2024-11-25 00:13:09,2026-08-31 12:00:38
DEV001233,hash_c0ae50f37770014d,iOS,Chrome,2024-10-26 22:08:50,2026-09-14 04:18:49
DEV001234,hash_9b18276a1d7b8363,Android,Chrome,2026-01-25 07:10:49,2026-08-25 03:07:55
DEV001235,hash_61f0e5c51cda8918,macOS,Chrome,2025-12-11 08:11:47,2026-09-10 05:06:21
DEV001236,hash_e9cd10722127130e,iOS,Chrome,2025-03-05 17:18:27,2026-08-29 03:34:29
DEV001237,hash_9e1500621ef70629,Android,Edge,2025-02-13 04:39:02,2026-08-16 18:02:13
DEV001238,hash_b9167c6122d00779,Windows,Edge,2024-11-18 02:28:05,2026-09-10 19:03:42
DEV001239,hash_3fa916f9eeb1ecb9,iOS,Firefox,2026-07-05 23:10:03,2026-09-06 06:45:44
DEV001240,hash_4b2a2bb4097a575d,Linux,Firefox,2026-02-22 01:37:20,2026-08-19 21:34:03
DEV001241,hash_615a443c6e73699b,Windows,Firefox,2025-10-16 16:39:25,2026-09-03 19:18:10
DEV001242,hash_036ec6cb8941069b,iOS,Edge,2025-02-12 05:03:27,2026-09-08 11:11:58
DEV001243,hash_e07ab79da68f75ac,Windows,Chrome,2025-05-18 23:40:51,2026-09-13 22:30:44
DEV001244,hash_c3ad1a08264e448e,Windows,Firefox,2025-12-28 03:42:51,2026-09-09 11:46:18
DEV001245,hash_1710d2f519b7a8e8,Windows,Chrome,2024-10-27 17:02:57,2026-09-02 04:26:13
DEV001246,hash_8ef26cacca32c1eb,macOS,Firefox,2025-07-19 23:15:51,2026-08-22 20:08:08
DEV001247,hash_564fd4adec0389c1,Android,Safari,2026-03-24 06:46:41,2026-09-05 10:00:12
DEV001248,hash_227763f8fb634b0b,iOS,Safari,2025-06-28 06:38:53,2026-09-03 09:37:11
DEV001249,hash_20f985d86025cf7c,Android,Firefox,2025-06-30 18:19:21,2026-08-16 05:58:09
DEV001250,hash_d8ccacd5b35c348c,Windows,Safari,2025-04-23 06:30:48,2026-09-01 09:37:38
DEV001251,hash_61682935b8b91656,Android,Chrome,2025-06-14 01:58:43,2026-08-30 14:42:41
DEV001252,hash_ee426792ce2c36df,iOS,Safari,2025-08-26 06:23:07,2026-09-11 21:25:01
DEV001253,hash_c77ae3b120d1eef1,Linux,Edge,2024-11-21 05:12:10,2026-08-26 03:04:09
DEV001254,hash_045fea04d2d07acf,Android,Firefox,2026-04-02 12:24:57,2026-09-06 05:19:13
DEV001255,hash_7427eefaf808e17a,Android,Firefox,2026-04-13 03:19:25,2026-09-04 19:59:11
DEV001256,hash_30d569ed4684ac73,macOS,Safari,2026-05-31 10:01:47,2026-09-06 03:19:15
DEV001257,hash_539e9c1f8cb8cf5d,Linux,Safari,2025-04-26 08:46:27,2026-08-23 14:35:44
DEV001258,hash_4e93f53a632a992b,iOS,Firefox,2026-06-01 23:04:31,2026-09-05 05:33:59
DEV001259,hash_06ec3c00d8a9e06f,Windows,Chrome,2026-04-03 02:26:14,2026-09-04 18:20:12
DEV001260,hash_be1e0254e35aac0c,iOS,Chrome,2024-12-31 13:58:34,2026-09-13 03:52:49
DEV001261,hash_fd77319f240e78ce,macOS,Chrome,2025-12-22 14:34:32,2026-08-19 20:03:15
DEV001262,hash_1f8452fb6c265326,Windows,Firefox,2025-01-03 17:52:35,2026-08-25 17:51:06
DEV001263,hash_3b1627737ab417d6,Linux,Edge,2025-05-07 16:53:03,2026-09-07 16:43:49
DEV001264,hash_0f706894472678ac,iOS,Chrome,2026-07-20 00:05:58,2026-09-10 03:47:10
DEV001265,hash_b805f666716ff4f5,Android,Edge,2025-06-01 16:52:02,2026-08-18 20:47:47
DEV001266,hash_dca9b10a6d1b5e96,Linux,Chrome,2026-09-08 23:28:43,2026-09-13 07:57:24
DEV001267,hash_3a6b65aa698f3072,iOS,Firefox,2026-04-24 11:14:01,2026-09-02 21:34:21
DEV001268,hash_4809c026dc29aca7,Linux,Chrome,2024-11-21 21:02:29,2026-08-15 23:28:39
DEV001269,hash_51c680ca57a6e460,Windows,Firefox,2025-07-29 05:08:44,2026-08-28 22:13:02
DEV001270,hash_e0eb16f1d3e8947f,Android,Firefox,2025-08-02 03:20:50,2026-08-24 03:31:52
DEV001271,hash_b5d84caeb381e8b0,Windows,Chrome,2025-11-19 21:22:01,2026-09-07 02:10:29
DEV001272,hash_0f038aaf3fec2bfa,Android,Chrome,2026-03-19 20:12:35,2026-09-12 05:26:11
DEV001273,hash_5cf9cefa9dbb2aeb,macOS,Edge,2026-04-23 19:00:35,2026-08-22 07:17:51
DEV001274,hash_ea0970c6907e5f2d,macOS,Safari,2025-02-15 22:40:34,2026-08-24 16:28:45
DEV001275,hash_e49e6f6e6c561f78,Windows,Chrome,2026-06-22 15:08:21,2026-09-03 04:33:35
DEV001276,hash_715c25075ef28433,Linux,Safari,2025-04-27 00:13:50,2026-09-11 13:04:04
DEV001277,hash_48f89e305f3969ad,macOS,Firefox,2025-09-30 05:25:29,2026-08-17 16:58:15
DEV001278,hash_3f003f8af21dfe36,Windows,Edge,2026-06-15 06:20:06,2026-08-30 07:36:48
DEV001279,hash_1b3eaba1d771b446,iOS,Safari,2026-06-24 10:02:30,2026-09-13 01:34:59
DEV001280,hash_6f26bd7c7634fa48,Android,Chrome,2025-05-08 05:37:14,2026-09-08 15:26:05
DEV001281,hash_8e10a3c70b4baf23,Android,Chrome,2025-11-22 14:00:02,2026-09-07 03:43:35
DEV001282,hash_c89a0cbdcc192b50,Linux,Chrome,2025-03-07 13:36:23,2026-08-16 23:02:13
DEV001283,hash_350c559f09ea3c35,Android,Edge,2026-05-21 17:38:51,2026-08-15 18:37:00
DEV001284,hash_3ad782dc8dc8ad97,Android,Edge,2025-01-11 19:27:39,2026-08-28 09:48:25
DEV001285,hash_46b3138a660d2992,Android,Edge,2025-05-05 07:48:33,2026-09-07 14:18:59
DEV001286,hash_6c7e80ad29709912,Linux,Chrome,2024-12-19 15:04:18,2026-08-29 14:56:53
DEV001287,hash_035c6c488b5c0140,Linux,Chrome,2025-08-04 04:36:43,2026-08-24 08:44:59
DEV001288,hash_ba0d24f5cff54357,Windows,Edge,2025-10-01 05:40:30,2026-08-27 12:55:15
DEV001289,hash_25ebfcee1b7eb529,Linux,Chrome,2024-10-06 06:27:15,2026-08-21 10:49:27
DEV001290,hash_b8445438de519932,Android,Safari,2026-05-01 03:37:46,2026-08-29 02:44:50
DEV001291,hash_0f90bfaab44d4088,macOS,Chrome,2025-10-02 03:22:06,2026-08-18 21:30:22
DEV001292,hash_8224153c320b5ab7,Android,Edge,2025-12-23 08:23:22,2026-09-02 05:14:47
DEV001293,hash_1a06cff073f56452,iOS,Chrome,2025-12-09 12:05:49,2026-09-07 23:34:21
DEV001294,hash_b66e58a876421a9f,iOS,Safari,2025-11-27 11:19:14,2026-09-05 19:49:21
DEV001295,hash_f801a8bf1467b73a,Android,Safari,2026-07-20 15:23:14,2026-08-28 04:15:17
DEV001296,hash_f84fe7ef5c726f34,Linux,Safari,2026-01-14 22:56:27,2026-09-07 18:23:37
DEV001297,hash_4cdc4dcd7df5e219,iOS,Edge,2026-03-07 09:54:45,2026-08-21 11:05:28
DEV001298,hash_1d3c98592ccb87cb,iOS,Chrome,2025-07-01 01:14:22,2026-09-09 12:54:07
DEV001299,hash_90ac70630476444d,macOS,Firefox,2026-04-06 11:33:35,2026-09-12 13:59:48
DEV001300,hash_881cf24c5953b5d4,Linux,Safari,2024-09-27 19:18:36,2026-08-28 06:08:55
DEV001301,hash_6d0855077262c8cb,macOS,Safari,2025-01-18 15:56:18,2026-09-12 21:26:33
DEV001302,hash_07995fbc7f0544ca,iOS,Chrome,2024-10-29 14:57:32,2026-08-22 18:01:41
DEV001303,hash_016643b78fae987e,Windows,Firefox,2025-05-20 11:32:02,2026-09-07 00:55:16
DEV001304,hash_abc9fbb3fff03027,iOS,Edge,2026-07-28 09:15:59,2026-08-22 05:37:55
DEV001305,hash_d294f5a82815eb62,macOS,Safari,2025-06-18 18:23:38,2026-08-23 14:02:04
DEV001306,hash_6ffe5a67d69cd777,macOS,Edge,2024-10-25 06:09:21,2026-08-28 21:27:00
DEV001307,hash_261f32ead2bcc804,Android,Safari,2025-06-21 16:49:14,2026-09-05 00:32:07
DEV001308,hash_1067308a95cc34cd,Linux,Firefox,2026-01-21 08:45:08,2026-09-01 22:31:04
DEV001309,hash_236284b8d4a84c96,macOS,Chrome,2024-10-22 00:21:27,2026-08-29 17:28:23
DEV001310,hash_0ebd9eef0836b2d1,Windows,Edge,2025-04-28 17:15:32,2026-09-10 08:48:33
DEV001311,hash_6cf1bb986a3098aa,Android,Safari,2026-01-23 11:04:21,2026-08-19 09:16:32
DEV001312,hash_54909f0af70f8b81,Linux,Chrome,2025-10-18 07:24:42,2026-08-25 01:34:36
DEV001313,hash_115c13dec14df98e,Android,Chrome,2026-05-02 11:46:07,2026-08-24 13:15:53
DEV001314,hash_96a8df54726a1844,macOS,Edge,2026-05-01 03:05:21,2026-08-20 05:52:36
DEV001315,hash_e9f746e71fd3a8d0,Windows,Chrome,2025-12-23 05:59:16,2026-08-23 18:29:36
DEV001316,hash_bfbff3150507a453,Windows,Firefox,2025-11-10 11:46:43,2026-08-31 07:37:49
DEV001317,hash_c4ad84e48b3b966c,Linux,Chrome,2026-07-23 19:45:53,2026-08-31 00:10:40
DEV001318,hash_b703de19d20f65b3,Linux,Safari,2026-06-18 09:19:30,2026-08-30 06:32:26
DEV001319,hash_00c65ec892fcbafc,Windows,Firefox,2025-04-13 00:36:29,2026-09-02 06:08:08
DEV001320,hash_ff5b2d52aaef0591,Android,Safari,2024-11-27 14:42:37,2026-09-10 14:24:39
DEV001321,hash_2c10180ec8d2382a,Android,Safari,2025-12-08 17:05:57,2026-09-01 17:26:38
DEV001322,hash_9bdd8ac39c4d8e2c,Linux,Chrome,2026-06-15 15:56:48,2026-08-22 15:12:32
DEV001323,hash_96f305d7cece12fc,Windows,Edge,2024-09-24 04:40:33,2026-08-22 07:19:25
DEV001324,hash_e99e9370ede40cf0,macOS,Edge,2025-10-21 15:38:56,2026-08-29 07:38:29
DEV001325,hash_394323c3a38dbe8c,Android,Firefox,2025-06-30 21:44:04,2026-09-08 04:42:51
DEV001326,hash_971f0676769767b7,macOS,Chrome,2025-07-31 04:22:49,2026-09-01 04:15:34
DEV001327,hash_6a21ab97d04c5e8e,macOS,Safari,2026-08-30 11:12:13,2026-08-23 13:42:31
DEV001328,hash_692fe76c1a204dcc,macOS,Chrome,2024-12-02 17:27:12,2026-08-26 05:36:37
DEV001329,hash_375e5c72260027aa,macOS,Safari,2025-01-12 05:21:30,2026-09-09 02:14:58
DEV001330,hash_0c921749f3da143e,macOS,Edge,2025-03-04 22:06:01,2026-08-24 19:17:15
DEV001331,hash_4423fcd5922e3abc,iOS,Firefox,2026-05-24 18:06:35,2026-09-11 18:38:47
DEV001332,hash_2c981221d4b6f0f2,Windows,Edge,2026-01-03 15:22:46,2026-09-10 04:11:45
DEV001333,hash_35ffdd0c2eda17d5,Linux,Safari,2026-07-03 08:07:45,2026-09-10 11:42:08
DEV001334,hash_9186c2a19536922e,Android,Edge,2026-03-21 15:05:14,2026-09-11 09:51:32
DEV001335,hash_03c0ca01ce986e40,Android,Safari,2026-03-13 15:24:44,2026-08-21 04:32:49
DEV001336,hash_e22823f82a46cb32,macOS,Firefox,2025-08-04 08:08:39,2026-09-07 00:16:38
DEV001337,hash_36df223906bc0d71,macOS,Chrome,2026-08-26 16:18:16,2026-08-19 08:46:44
DEV001338,hash_75f32c8e83fc7a2b,Linux,Firefox,2024-12-13 17:11:14,2026-08-22 00:39:45
DEV001339,hash_16ca331c1b0e93e1,macOS,Chrome,2026-09-01 09:51:05,2026-08-16 12:00:52
DEV001340,hash_288a2e51d74d930e,Android,Safari,2025-09-21 15:06:49,2026-09-01 13:27:36
DEV001341,hash_d980a784185708fa,Linux,Chrome,2025-05-14 04:23:47,2026-09-02 06:11:20
DEV001342,hash_5e8f7d7e3c36c559,Linux,Edge,2024-12-31 03:39:16,2026-09-06 02:39:39
DEV001343,hash_2587f6a0e69cf4c8,Android,Chrome,2026-08-06 05:56:52,2026-09-13 16:04:38
DEV001344,hash_71c7ebf1f9dbe07e,Android,Safari,2025-10-25 11:55:49,2026-09-01 06:16:39
DEV001345,hash_a9572b45ed84859d,Linux,Chrome,2025-01-25 22:25:12,2026-08-30 10:44:56
DEV001346,hash_d2025cd5d0b8bcbb,Android,Edge,2024-10-06 12:21:45,2026-08-21 09:56:29
DEV001347,hash_4291b38ce4e7e7a3,Windows,Firefox,2025-03-05 21:17:48,2026-08-21 21:43:45
DEV001348,hash_c201526f2924b472,Android,Edge,2026-07-11 16:26:21,2026-08-22 13:37:36
DEV001349,hash_e1534d2bf261b082,Windows,Firefox,2026-03-02 14:22:29,2026-08-26 15:44:40
DEV001350,hash_fb9c73769232cc60,macOS,Safari,2025-05-10 23:07:31,2026-08-21 17:48:09
DEV001351,hash_eeb8c6eb700affff,Android,Firefox,2025-02-24 03:57:57,2026-08-21 23:28:52
DEV001352,hash_cfd6bb310fcc8520,Android,Safari,2024-11-14 05:32:55,2026-09-05 06:41:59
DEV001353,hash_0bfc8c458a43aa23,macOS,Edge,2026-03-04 18:01:46,2026-08-21 01:55:54
DEV001354,hash_7928913d51f88167,Android,Firefox,2024-11-13 13:20:13,2026-08-16 13:40:37
DEV001355,hash_305cb0aed795187f,macOS,Chrome,2026-05-08 21:33:26,2026-09-08 03:57:50
DEV001356,hash_987e828b4cafae2b,macOS,Chrome,2026-04-25 09:58:32,2026-09-05 14:12:21
DEV001357,hash_a5e02e86c3bd7384,Android,Firefox,2024-10-17 04:49:09,2026-08-25 04:31:53
DEV001358,hash_e417eadf82ca3ac9,macOS,Safari,2024-12-06 22:06:28,2026-08-17 05:58:20
DEV001359,hash_2a545726ca9d569a,Linux,Edge,2026-05-23 03:51:58,2026-09-09 14:00:45
DEV001360,hash_e76032c38f47c5ae,Linux,Firefox,2025-12-18 21:51:05,2026-08-18 12:48:54
DEV001361,hash_b9e89990769eb31c,macOS,Edge,2025-09-13 12:34:29,2026-08-21 10:19:13
DEV001362,hash_a2a8d37daa2223a9,Android,Safari,2026-08-20 20:27:35,2026-08-27 22:32:49
DEV001363,hash_96be541b0b0ae00f,Windows,Firefox,2024-10-17 19:04:18,2026-08-18 20:56:59
DEV001364,hash_1e2f9c71b6a033e6,Windows,Chrome,2025-05-06 11:19:53,2026-08-16 03:44:03
DEV001365,hash_94bac2b5ca4514d1,macOS,Chrome,2026-04-23 06:04:57,2026-08-20 08:12:03
DEV001366,hash_6d59ae125ac7b94d,Android,Edge,2026-05-14 20:41:42,2026-08-21 15:59:45
DEV001367,hash_8d45e921e64b5523,iOS,Firefox,2026-08-29 20:07:02,2026-09-13 20:54:16
DEV001368,hash_48bbec177ccd3eb6,Linux,Firefox,2025-02-20 17:12:06,2026-09-13 04:22:23
DEV001369,hash_b90db37355539a05,macOS,Safari,2026-08-15 03:21:47,2026-08-25 08:48:41
DEV001370,hash_c76e8e041b64ef32,macOS,Edge,2025-02-04 16:49:44,2026-09-01 17:19:57
DEV001371,hash_4af835922e858bc6,Android,Edge,2024-10-06 21:40:32,2026-08-20 01:31:54
DEV001372,hash_a3c05d75b3b6feb4,Windows,Edge,2025-01-05 05:37:29,2026-08-29 02:55:55
DEV001373,hash_8bfafb8c623c2c71,iOS,Safari,2025-12-08 11:35:40,2026-09-01 13:01:30
DEV001374,hash_9c9f2ec0ef80a189,macOS,Chrome,2025-06-14 17:47:27,2026-08-23 10:49:44
DEV001375,hash_73fbb98244014a72,Linux,Safari,2026-07-10 09:10:31,2026-09-08 23:02:50
DEV001376,hash_10941b5326d51dc1,macOS,Chrome,2026-05-13 15:27:10,2026-09-14 09:54:43
DEV001377,hash_8f92c2c32727aea4,Windows,Chrome,2025-03-21 00:08:40,2026-09-09 04:01:40
DEV001378,hash_24705fcc62cca661,iOS,Safari,2025-12-01 02:12:13,2026-08-18 23:23:04
DEV001379,hash_c29295fd947ab584,iOS,Edge,2024-11-30 03:42:35,2026-09-12 17:20:26
DEV001380,hash_8ae91f314674a2f5,Linux,Firefox,2026-04-30 00:08:46,2026-08-16 08:03:32
DEV001381,hash_80a5fe0d00167fac,Linux,Firefox,2025-10-29 22:30:53,2026-08-26 04:35:13
DEV001382,hash_88dcfe094413377b,macOS,Firefox,2026-03-24 03:56:31,2026-08-24 22:56:06
DEV001383,hash_0a84bd349d345ce9,macOS,Firefox,2025-04-21 02:26:15,2026-08-23 23:53:48
DEV001384,hash_422f203efc29c667,macOS,Edge,2026-08-15 12:24:43,2026-09-10 17:33:49
DEV001385,hash_fd97a59526be21e5,Linux,Edge,2024-09-17 12:56:35,2026-08-20 10:44:35
DEV001386,hash_93645e439a18e6bb,Android,Edge,2026-09-02 01:10:52,2026-08-26 01:06:43
DEV001387,hash_9f8c984105a562a9,Android,Chrome,2026-08-30 03:11:03,2026-09-09 03:11:46
DEV001388,hash_12e8089e4cc639c9,iOS,Chrome,2026-07-07 09:34:07,2026-09-07 16:50:59
DEV001389,hash_e5642b969624ba9d,iOS,Safari,2025-06-25 19:36:43,2026-09-13 06:26:39
DEV001390,hash_c167dc84a9432abd,Linux,Firefox,2025-02-04 23:14:26,2026-09-06 00:00:50
DEV001391,hash_d21c922affa2df47,iOS,Edge,2026-02-19 07:40:30,2026-08-20 20:48:29
DEV001392,hash_3b8ee0e01ba34c18,iOS,Edge,2025-02-01 15:30:25,2026-09-01 21:09:50
DEV001393,hash_685a9a7cb83f34ca,Android,Safari,2025-07-06 00:47:01,2026-09-05 05:52:08
DEV001394,hash_fb23a4b72fc3bb1c,iOS,Chrome,2025-02-27 14:36:10,2026-09-09 14:54:43
DEV001395,hash_4127bbb7eb19071b,Windows,Chrome,2025-03-09 22:09:50,2026-09-04 10:37:43
DEV001396,hash_551b7d7f668e43e1,Android,Firefox,2024-12-10 19:50:17,2026-08-30 21:55:45
DEV001397,hash_e80bbc7a5c3dae7b,Windows,Safari,2024-12-19 04:36:15,2026-09-07 06:34:51
DEV001398,hash_25076d017edf1d61,Windows,Chrome,2024-12-08 20:41:18,2026-09-09 21:17:33
DEV001399,hash_18ecae059dc4805f,macOS,Safari,2024-12-28 17:50:10,2026-09-08 17:26:01
DEV001400,hash_0814b225a6792090,iOS,Safari,2026-04-29 06:03:26,2026-09-02 04:39:12
DEV001401,hash_073bb78d460aa7f9,Linux,Edge,2026-03-15 13:22:57,2026-08-29 15:37:35
DEV001402,hash_d85a4e1a66edb71c,Android,Edge,2025-11-20 21:56:29,2026-08-17 15:04:42
DEV001403,hash_bd86a1abc16f5ca3,macOS,Chrome,2024-11-17 01:27:32,2026-08-31 14:02:53
DEV001404,hash_840aa19cc5bbff64,iOS,Safari,2025-10-02 15:43:11,2026-08-21 06:35:33
DEV001405,hash_89ca1b2698343ead,Linux,Chrome,2025-07-10 01:05:09,2026-08-29 10:11:50
DEV001406,hash_8a81b7788bf4d171,Android,Edge,2025-09-04 02:19:57,2026-09-13 19:16:14
DEV001407,hash_d554fadf76339d1d,Linux,Firefox,2026-04-08 23:31:55,2026-08-30 19:16:49
DEV001408,hash_4580ee8618ce5087,Android,Edge,2026-03-01 19:43:19,2026-09-06 05:00:43
DEV001409,hash_69e835614557bdcb,Linux,Chrome,2025-03-08 14:49:55,2026-09-11 13:07:29
DEV001410,hash_39fa35e6c98afa08,Windows,Firefox,2025-07-27 12:32:13,2026-08-29 18:19:37
DEV001411,hash_64ff3d41eb4b3bd8,macOS,Safari,2026-07-10 13:25:04,2026-09-05 10:22:39
DEV001412,hash_6c1452b48bc1163c,Linux,Firefox,2025-02-07 19:27:11,2026-08-19 00:51:59
DEV001413,hash_f9aa5d6db2e9d939,Linux,Edge,2026-08-10 03:40:53,2026-09-07 17:58:11
DEV001414,hash_9e58f8b6b24c7782,Linux,Edge,2026-09-13 14:00:12,2026-09-02 11:51:58
DEV001415,hash_ee28c8564fc60d43,Linux,Edge,2025-01-31 10:35:23,2026-08-16 06:39:45
DEV001416,hash_4ff6308a91356bfe,Android,Safari,2026-02-19 19:28:44,2026-09-08 12:34:40
DEV001417,hash_969e3fde571ceacb,Windows,Safari,2026-02-18 05:00:50,2026-08-20 18:18:00
DEV001418,hash_a8efa3a9cdb75f57,Android,Chrome,2025-07-19 01:06:50,2026-09-05 22:08:27
DEV001419,hash_9d1b40f51fc61eb3,iOS,Firefox,2025-10-25 03:22:44,2026-08-19 18:48:18
DEV001420,hash_d84606250effa0c1,macOS,Safari,2024-12-15 18:37:40,2026-08-22 14:48:05
DEV001421,hash_b26dfebe3f13d74a,macOS,Chrome,2025-07-17 20:03:54,2026-09-04 02:31:38
DEV001422,hash_1d0707aa59ec3e63,Android,Edge,2026-03-08 00:40:37,2026-09-13 07:48:54
DEV001423,hash_6c27ca62141f8b4c,Android,Firefox,2024-12-02 04:29:04,2026-08-23 20:20:34
DEV001424,hash_9893e27dd5204b48,Linux,Edge,2024-11-03 10:32:08,2026-09-02 07:31:08
DEV001425,hash_6bd6f68435073a4e,Windows,Firefox,2025-02-15 19:29:07,2026-09-01 02:18:02
DEV001426,hash_f9d23cfd692981b1,iOS,Chrome,2025-02-16 17:25:41,2026-09-13 12:56:44
DEV001427,hash_944af6a683c14496,Windows,Safari,2026-07-01 18:05:46,2026-09-04 06:47:49
DEV001428,hash_99786dc15f54d82d,Android,Edge,2024-12-18 12:41:55,2026-08-26 23:04:44
DEV001429,hash_01f735177c4a42db,Android,Chrome,2026-06-27 03:43:57,2026-09-05 06:34:56
DEV001430,hash_a7f3cf5c981813c7,Linux,Safari,2026-03-31 10:57:47,2026-09-08 21:16:17
DEV001431,hash_22c97943ce972144,Windows,Safari,2025-04-18 12:12:14,2026-09-12 21:45:01
DEV001432,hash_0c0575ab2dce3207,Windows,Edge,2025-12-19 06:41:01,2026-08-28 21:48:08
DEV001433,hash_6002ed7bffa6df21,Windows,Edge,2026-04-24 14:45:17,2026-09-04 02:04:27
DEV001434,hash_7f5c62cc6e6c4c64,macOS,Chrome,2025-06-17 18:22:51,2026-09-07 18:08:38
DEV001435,hash_ca07906e53ae0bce,macOS,Safari,2026-02-14 00:00:22,2026-09-13 22:30:17
DEV001436,hash_03acc634296da4cd,Windows,Safari,2025-07-25 07:37:16,2026-09-08 04:17:16
DEV001437,hash_dd7c54856c707048,Windows,Edge,2025-10-16 09:42:13,2026-08-29 04:41:50
DEV001438,hash_716ebe56c19aab0f,Windows,Chrome,2025-01-06 15:29:54,2026-09-06 17:27:14
DEV001439,hash_735bea93923ad413,Windows,Safari,2024-12-07 02:11:44,2026-08-21 14:07:40
DEV001440,hash_3881efd7f6fa5eb6,iOS,Chrome,2025-03-27 21:26:37,2026-09-08 09:53:24
DEV001441,hash_217fc48c6cd6b9e1,iOS,Safari,2025-10-05 10:06:04,2026-08-26 20:41:34
DEV001442,hash_cc86ac854212173f,macOS,Edge,2026-01-15 05:55:51,2026-08-22 04:35:46
DEV001443,hash_217c82b1c884fac6,iOS,Edge,2024-10-07 06:19:57,2026-08-20 11:48:44
DEV001444,hash_b35a6b1c5625583a,Windows,Chrome,2026-04-10 05:48:15,2026-08-18 05:20:37
DEV001445,hash_658064de1bc00450,Windows,Safari,2026-06-21 02:23:32,2026-08-18 23:15:29
DEV001446,hash_ece3e35d3a99542f,Android,Chrome,2025-10-06 02:09:13,2026-08-16 22:55:50
DEV001447,hash_ee920236b1ddecb7,macOS,Firefox,2025-01-31 06:49:54,2026-09-03 05:33:57
DEV001448,hash_2fce10aedb06fec2,Android,Firefox,2025-12-27 18:30:26,2026-08-31 12:41:50
DEV001449,hash_4b4af20d26f3af26,iOS,Edge,2025-01-10 19:27:49,2026-08-30 08:29:54
DEV001450,hash_f6de974a6d9d5598,macOS,Edge,2026-01-10 06:32:48,2026-08-20 08:00:10
DEV001451,hash_66b768bd4f848c31,iOS,Safari,2026-04-27 14:52:08,2026-08-19 08:54:54
DEV001452,hash_113cb0099cff77c5,macOS,Chrome,2026-02-09 15:40:54,2026-09-09 21:33:01
DEV001453,hash_143d9bff1a89383c,iOS,Safari,2026-05-03 08:49:38,2026-09-08 13:12:22
DEV001454,hash_fbc6423eb58a4321,Android,Chrome,2026-05-22 21:49:50,2026-09-07 06:43:15
DEV001455,hash_e924e01a5f5cc473,Linux,Safari,2025-02-18 00:31:36,2026-08-29 21:47:30
DEV001456,hash_cc007490888d7c51,Linux,Edge,2026-02-10 10:33:30,2026-09-08 19:51:37
DEV001457,hash_0f5a1a7cfe4db9ea,Android,Chrome,2025-09-29 23:10:30,2026-09-09 03:53:40
DEV001458,hash_797e6c891bbcaf45,Linux,Edge,2025-04-05 10:02:25,2026-09-10 23:45:08
DEV001459,hash_b601efce7b2ff249,macOS,Firefox,2025-06-08 01:42:21,2026-09-10 21:31:40
DEV001460,hash_dfe704a4322570ff,Android,Firefox,2025-11-12 17:58:55,2026-08-16 12:21:12
DEV001461,hash_9874495293ed4b5c,Windows,Edge,2026-04-30 13:35:03,2026-08-17 04:34:51
DEV001462,hash_c91ca763ee4401c9,Android,Safari,2025-08-14 11:36:10,2026-08-21 10:34:02
DEV001463,hash_2289767172349df0,macOS,Safari,2025-07-09 03:37:31,2026-09-06 12:11:19
DEV001464,hash_2a031bf9da4d4948,macOS,Chrome,2025-05-16 12:03:16,2026-09-02 22:13:47
DEV001465,hash_bafe90d225b3cc2e,Android,Firefox,2025-08-23 22:05:26,2026-09-06 23:18:16
DEV001466,hash_3432327f0db04a2c,Linux,Safari,2024-10-12 02:58:58,2026-08-17 06:03:01
DEV001467,hash_bc4435083a9321f7,macOS,Safari,2025-01-29 13:19:35,2026-09-11 16:19:46
DEV001468,hash_6e19f7733a5ca1bc,Windows,Edge,2026-02-08 08:33:30,2026-08-30 08:50:19
DEV001469,hash_c0a7b490ddcc48a5,Linux,Chrome,2026-08-02 08:15:13,2026-08-23 15:00:28
DEV001470,hash_8dd9ff6876117bbd,Windows,Firefox,2025-09-30 22:05:24,2026-09-05 13:32:45
DEV001471,hash_fbc02c385e55bd48,Windows,Firefox,2024-12-27 15:17:19,2026-08-30 19:48:28
DEV001472,hash_20bf262b4f4c9fe8,Android,Firefox,2026-03-24 02:17:36,2026-09-03 13:04:39
DEV001473,hash_5305405880e2ee40,Windows,Safari,2025-09-27 19:03:52,2026-08-20 23:12:19
DEV001474,hash_c09eb13ecc02ae53,Windows,Chrome,2025-11-30 00:28:33,2026-09-08 11:18:09
DEV001475,hash_ad0294a0080c28ad,macOS,Safari,2026-02-08 21:00:10,2026-09-11 12:58:16
DEV001476,hash_a71f4b374e357338,Windows,Safari,2026-02-28 12:32:47,2026-09-10 20:12:13
DEV001477,hash_779bfee4a6f70a50,Windows,Firefox,2025-12-02 15:01:04,2026-09-07 11:08:39
DEV001478,hash_3262188fdeafd27f,Android,Chrome,2025-09-18 19:52:16,2026-09-11 22:50:28
DEV001479,hash_f1c86a3723d359b8,iOS,Firefox,2026-07-09 18:30:42,2026-08-23 05:52:53
DEV001480,hash_b6824487ef4588c3,macOS,Safari,2025-10-12 17:32:24,2026-08-18 08:42:16
DEV001481,hash_898a52e0c50e6599,Linux,Edge,2025-07-15 04:11:16,2026-08-28 10:38:19
DEV001482,hash_f0a968a6aea2d49e,Linux,Chrome,2025-10-03 09:57:25,2026-09-13 08:23:00
DEV001483,hash_703a382b73645c1b,macOS,Firefox,2025-07-04 14:54:20,2026-09-14 14:33:10
DEV001484,hash_aa1c8b533e2e7201,Windows,Firefox,2026-02-21 14:53:32,2026-09-01 18:45:56
DEV001485,hash_2b72d6947d41cba8,Android,Firefox,2026-05-02 12:17:48,2026-08-29 11:09:35
DEV001486,hash_d52589b9de1bad90,Linux,Edge,2025-05-21 02:28:41,2026-08-18 15:19:48
DEV001487,hash_2b728139af61997d,Android,Edge,2024-10-06 00:56:38,2026-09-13 07:42:21
DEV001488,hash_b6d6e9205a878212,Android,Chrome,2024-10-19 05:18:54,2026-08-21 21:07:39
DEV001489,hash_d8c78cbecd1b3040,Android,Edge,2026-06-26 05:49:46,2026-09-02 10:39:53
DEV001490,hash_3f3753aff65a5aa3,Android,Safari,2025-06-12 03:46:50,2026-09-13 00:08:13
DEV001491,hash_b6fa64725436273c,iOS,Chrome,2024-10-05 01:41:43,2026-09-01 05:21:31
DEV001492,hash_9bdf9c6762f911de,iOS,Safari,2025-07-06 18:38:53,2026-08-20 09:11:13
DEV001493,hash_8b9a0113b81c9d0b,Linux,Firefox,2025-08-12 17:30:24,2026-09-01 09:53:12
DEV001494,hash_9fc6ea49444abb9a,iOS,Safari,2025-06-18 18:01:57,2026-09-04 15:41:55
DEV001495,hash_3ac1b782d9077c2d,Windows,Chrome,2025-06-14 00:22:47,2026-08-18 09:32:03
DEV001496,hash_db9b4d430927d2fc,Android,Chrome,2026-02-09 18:39:11,2026-08-27 12:18:48
DEV001497,hash_df61dbe1b7146c44,macOS,Edge,2025-03-25 12:06:15,2026-08-27 01:07:14
DEV001498,hash_8151ef6c79633f34,Windows,Chrome,2026-01-30 13:23:08,2026-08-30 19:23:18
DEV001499,hash_6ccbcb41d7b205e5,Windows,Firefox,2025-12-18 09:50:13,2026-08-19 18:43:49
DEV001500,hash_410cde464762fc23,Windows,Safari,2026-08-22 07:07:38,2026-08-18 20:04:45
DEV001501,hash_430b105742fbacf1,macOS,Chrome,2026-07-21 02:27:39,2026-08-30 11:00:53
DEV001502,hash_881fea11d36b06cd,iOS,Safari,2024-12-12 02:08:44,2026-09-01 01:05:30
DEV001503,hash_10e29558b03d3665,macOS,Firefox,2025-01-24 01:09:38,2026-08-16 14:43:56
DEV001504,hash_b45f252f73493fec,Linux,Chrome,2025-11-06 09:03:46,2026-08-31 11:43:11
DEV001505,hash_a44c26d403fc5e6c,Windows,Firefox,2024-10-13 05:00:55,2026-09-07 00:45:52
DEV001506,hash_98837e3ea4c634ce,Android,Firefox,2026-02-07 01:55:34,2026-09-05 03:58:58
DEV001507,hash_74dcbf138960a41b,Linux,Safari,2025-11-29 09:27:16,2026-09-09 15:30:17
DEV001508,hash_89f32a99dfc735f8,macOS,Edge,2026-08-15 07:44:36,2026-09-05 02:28:04
DEV001509,hash_96197356fcf8d6f8,Linux,Firefox,2025-04-09 06:22:56,2026-08-16 15:32:11
DEV001510,hash_e30065bbe282338d,Linux,Chrome,2026-03-08 17:51:08,2026-09-07 11:00:22
DEV001511,hash_fe42db8f4e5aef22,Windows,Edge,2025-12-14 21:09:35,2026-08-16 17:40:24
DEV001512,hash_b3fce44c942a9c09,iOS,Edge,2025-05-18 00:30:03,2026-09-02 23:51:44
DEV001513,hash_4634a5f61aca9cf6,macOS,Firefox,2025-12-01 04:24:24,2026-09-03 14:29:58
DEV001514,hash_6078ba6940f895ff,iOS,Chrome,2025-05-22 14:36:57,2026-09-12 10:49:19
DEV001515,hash_16ec34b5cf6ad43f,Linux,Edge,2024-11-29 01:59:04,2026-09-08 08:44:42
DEV001516,hash_40ac9243b5e18851,iOS,Safari,2024-11-30 21:26:16,2026-08-25 15:40:00
DEV001517,hash_e791267321d7ef88,iOS,Firefox,2025-06-02 03:08:00,2026-09-08 18:30:00
DEV001518,hash_73146dae97a70f9d,iOS,Firefox,2025-10-09 16:31:50,2026-09-01 03:21:29
DEV001519,hash_91694fbb3cff13aa,Android,Firefox,2025-01-21 14:24:09,2026-09-14 12:05:33
DEV001520,hash_1cdbd909f9cd1b18,Linux,Edge,2025-05-04 19:43:13,2026-09-02 07:04:52
DEV001521,hash_64535f7207b38e70,iOS,Firefox,2025-08-18 19:42:35,2026-08-25 10:49:55
DEV001522,hash_2c22919cfbc07564,Linux,Chrome,2025-10-05 04:05:50,2026-08-19 07:31:17
DEV001523,hash_93fca973b6315c55,Linux,Firefox,2026-06-28 22:04:25,2026-09-10 16:03:28
DEV001524,hash_254cf7b62af3d7cd,Android,Chrome,2025-02-27 10:59:18,2026-08-29 14:33:34
DEV001525,hash_1df1f0f5d0f36c28,Android,Firefox,2025-04-08 03:05:43,2026-08-17 23:08:38
DEV001526,hash_2cfc95d73ae28de8,Android,Chrome,2025-05-03 02:41:51,2026-09-12 11:57:58
DEV001527,hash_b110f4891022c8a1,Linux,Edge,2025-07-23 10:34:44,2026-08-26 14:56:32
DEV001528,hash_6f18b13476185aee,macOS,Chrome,2026-01-12 07:07:02,2026-08-20 02:54:17
DEV001529,hash_e8f86e430b996908,Android,Edge,2026-03-25 15:16:16,2026-09-12 17:24:36
DEV001530,hash_62e03868b7017485,Android,Chrome,2024-11-26 18:12:31,2026-09-13 09:20:18
DEV001531,hash_15678e9b8c38c18b,Windows,Firefox,2025-06-02 19:21:45,2026-08-28 22:15:33
DEV001532,hash_623b34635f6763a6,Android,Safari,2024-11-05 10:14:44,2026-09-12 03:42:10
DEV001533,hash_ead227020fcc588e,iOS,Safari,2026-05-29 11:25:46,2026-09-10 10:30:00
DEV001534,hash_51bf4361edb5db91,iOS,Chrome,2025-09-18 07:53:26,2026-09-05 09:22:49
DEV001535,hash_82a54c5696f22a06,Android,Edge,2025-02-24 02:04:02,2026-09-01 12:25:08
DEV001536,hash_6bcfd76f46bfc38b,Linux,Firefox,2026-05-25 04:16:11,2026-08-19 09:05:00
DEV001537,hash_509ac91f31eab1f4,Windows,Edge,2026-02-02 05:46:21,2026-08-30 07:26:36
DEV001538,hash_fb81519bddc969b0,Linux,Safari,2025-10-11 03:24:31,2026-08-30 05:11:07
DEV001539,hash_ad20c3fad501b8d7,Android,Chrome,2025-08-16 10:16:56,2026-09-10 20:51:02
DEV001540,hash_32d48c8200ef3377,Android,Edge,2025-05-15 13:34:07,2026-08-25 08:52:21
DEV001541,hash_c068a64cd5d64a82,macOS,Firefox,2025-08-01 23:37:24,2026-09-04 04:28:50
DEV001542,hash_5ebc23bf00e5ebaf,Windows,Safari,2025-03-28 08:09:40,2026-09-09 16:12:53
DEV001543,hash_be007552f3d6d5c7,Linux,Edge,2025-09-01 05:02:22,2026-09-11 05:43:21
DEV001544,hash_d586ff5070024916,Android,Safari,2025-02-01 10:53:23,2026-08-16 13:26:25
DEV001545,hash_e72709090500e955,Android,Edge,2026-01-14 20:06:19,2026-09-09 17:12:38
DEV001546,hash_f8f218d06ecf4ff1,macOS,Edge,2026-07-16 06:19:21,2026-08-24 17:05:59
DEV001547,hash_178f1dd744c7b976,Android,Chrome,2025-12-06 05:23:04,2026-09-08 21:22:49
DEV001548,hash_a5b5c511e7ad3be2,macOS,Safari,2025-02-26 13:58:26,2026-09-07 08:12:16
DEV001549,hash_de14b9894c91372f,Android,Chrome,2025-04-10 06:56:03,2026-09-10 12:25:44
DEV001550,hash_d739a70fb43e9061,iOS,Safari,2026-06-04 11:51:32,2026-09-14 11:37:11
DEV001551,hash_cec98bf10067eaa6,macOS,Safari,2026-07-08 13:07:03,2026-09-05 17:05:30
DEV001552,hash_6619484819bf0f3b,Linux,Safari,2026-09-10 03:07:21,2026-09-12 03:20:22
DEV001553,hash_9e5d78a1c5bdb495,macOS,Chrome,2026-04-01 13:19:57,2026-08-18 13:31:59
DEV001554,hash_9d7c24ce85d5bed9,Android,Safari,2025-10-24 20:03:24,2026-08-25 09:32:16
DEV001555,hash_8fcb6df2c5e3b186,iOS,Edge,2025-06-24 02:49:05,2026-09-07 02:36:07
DEV001556,hash_8c591d006b70d4d5,iOS,Safari,2025-01-06 22:23:17,2026-08-27 07:49:19
DEV001557,hash_240d383a8dd064e3,macOS,Edge,2025-01-09 01:15:34,2026-08-30 05:36:45
DEV001558,hash_636f1e3d28c840b1,Linux,Edge,2026-07-01 19:49:14,2026-09-05 19:01:50
DEV001559,hash_03f2ffe0c8eff82f,Linux,Firefox,2025-07-29 20:03:06,2026-08-31 03:01:26
DEV001560,hash_6ef684198a393869,Linux,Chrome,2026-07-14 07:16:27,2026-08-18 18:49:46
DEV001561,hash_8775a0f078f45889,macOS,Chrome,2026-01-19 13:30:39,2026-08-25 12:55:42
DEV001562,hash_07d7afec5d34a219,Windows,Edge,2026-07-03 06:12:49,2026-09-04 16:17:29
DEV001563,hash_5ceef79c2e3c7679,macOS,Chrome,2025-04-09 12:16:14,2026-08-29 14:11:50
DEV001564,hash_745830d691c0e6c0,macOS,Chrome,2026-01-28 23:21:14,2026-08-23 10:51:37
DEV001565,hash_983e5d3bb1766ffc,iOS,Firefox,2025-04-01 08:45:28,2026-09-13 20:15:08
DEV001566,hash_f17a035505b3f116,Android,Firefox,2025-03-16 14:01:30,2026-09-04 08:38:03
DEV001567,hash_e194fb216e7e2fbc,Windows,Edge,2025-03-18 09:53:57,2026-08-21 04:04:17
DEV001568,hash_f6a0e01fd969c458,Linux,Firefox,2025-01-08 15:44:42,2026-08-24 23:21:52
DEV001569,hash_03c2e3e56150e216,Windows,Chrome,2024-10-05 16:41:21,2026-08-27 13:53:42
DEV001570,hash_dad2e66e8da4ced1,Android,Safari,2026-05-26 06:14:14,2026-08-30 17:34:19
DEV001571,hash_23a29fe4ef3cfc8f,Android,Edge,2025-09-09 16:48:36,2026-09-08 05:16:39
DEV001572,hash_55ead3595c780e70,Linux,Safari,2025-11-23 00:08:26,2026-09-05 19:53:52
DEV001573,hash_f514083ef8b53c16,Android,Edge,2025-08-07 23:15:10,2026-08-17 10:52:42
DEV001574,hash_74f896947c959cad,Windows,Chrome,2025-02-18 01:37:19,2026-08-23 09:25:55
DEV001575,hash_bf79dcb6abc44f76,iOS,Edge,2025-04-13 23:57:56,2026-08-22 06:43:09
DEV001576,hash_6295b0414bfaf1db,Linux,Firefox,2024-10-06 19:29:23,2026-08-28 04:49:12
DEV001577,hash_131ad6fac8b80c6c,Android,Firefox,2026-05-20 12:45:31,2026-08-29 03:23:38
DEV001578,hash_1786e4b747c3c3cc,Linux,Edge,2026-02-07 18:45:29,2026-09-11 09:23:06
DEV001579,hash_2344f207f0a19255,macOS,Safari,2025-01-28 20:50:54,2026-08-17 16:58:13
DEV001580,hash_29a7f0412d519614,iOS,Edge,2026-03-29 08:08:15,2026-09-08 05:48:46
DEV001581,hash_83214b1455928cd5,Linux,Chrome,2026-05-14 18:08:24,2026-08-16 14:57:41
DEV001582,hash_0dab44287303f483,Windows,Safari,2024-10-27 03:37:16,2026-08-19 17:33:04
DEV001583,hash_ea8f37c74432dbd9,iOS,Chrome,2025-05-15 23:51:18,2026-09-13 20:40:50
DEV001584,hash_8db5975fd2c447bd,Windows,Safari,2025-05-03 14:58:49,2026-08-18 17:50:38
DEV001585,hash_7c717adb5f72fe57,Android,Safari,2026-08-14 16:10:43,2026-09-04 09:57:48
DEV001586,hash_c78d76426f63def8,Linux,Firefox,2026-08-11 17:18:39,2026-09-02 07:11:51
DEV001587,hash_d84ccc2000bd2562,Linux,Firefox,2026-02-17 21:07:15,2026-08-20 00:58:50
DEV001588,hash_d8355a002057111f,Windows,Edge,2025-07-19 10:54:21,2026-08-22 11:31:50
DEV001589,hash_0003fd3ed49bf21a,Linux,Chrome,2025-03-16 12:22:19,2026-08-21 02:10:36
DEV001590,hash_bbfc3897f0271efc,Android,Chrome,2025-12-01 15:57:40,2026-09-08 22:35:52
DEV001591,hash_66386c22a1d280a2,iOS,Safari,2026-09-08 19:25:24,2026-08-21 12:19:29
DEV001592,hash_466d8ac168f65558,Android,Edge,2025-10-24 14:14:24,2026-09-12 20:00:14
DEV001593,hash_3615ede42bf30743,iOS,Safari,2026-05-09 05:27:10,2026-09-10 03:44:18
DEV001594,hash_dd50f7e7d8fd8386,macOS,Firefox,2025-03-28 18:17:18,2026-09-08 18:10:24
DEV001595,hash_29b76b3780cb135d,Linux,Safari,2026-08-02 05:43:49,2026-08-20 00:54:48
DEV001596,hash_b89b4995e32e3ac4,Windows,Chrome,2025-03-18 02:19:13,2026-09-13 18:36:30
DEV001597,hash_16c60b3d0ef40214,macOS,Firefox,2024-12-18 03:39:05,2026-08-30 20:54:56
DEV001598,hash_b0584c0b2931e803,Windows,Edge,2025-05-27 22:34:49,2026-09-13 00:33:19
DEV001599,hash_17101a773d88eb62,iOS,Edge,2026-04-09 19:19:40,2026-09-03 14:05:29
DEV001600,hash_63b55bfb128e92ad,Linux,Safari,2026-06-02 02:13:20,2026-08-27 02:39:14
DEV001601,hash_7b41a3ad0199673b,Android,Chrome,2026-09-10 19:13:54,2026-09-05 04:26:39
DEV001602,hash_59f7771ac94b08d2,Linux,Chrome,2025-03-02 12:13:01,2026-08-22 15:51:43
DEV001603,hash_1dbd3a83176a5eb8,Linux,Safari,2024-12-06 03:24:13,2026-08-24 03:50:08
DEV001604,hash_0043384af9878ca6,Linux,Firefox,2025-02-27 11:31:13,2026-08-28 23:38:12
DEV001605,hash_76bd0773d805ee6a,Android,Chrome,2025-08-21 12:39:41,2026-09-04 11:33:29
DEV001606,hash_2f99180750a2c011,macOS,Chrome,2025-03-30 16:51:07,2026-09-13 06:33:40
DEV001607,hash_e14f043fbf5e39fb,Android,Safari,2024-10-27 14:46:16,2026-09-08 11:04:30
DEV001608,hash_f26edf2e3a37b907,macOS,Chrome,2025-11-02 12:50:49,2026-09-02 20:19:44
DEV001609,hash_91cb87c7d220f704,iOS,Firefox,2026-03-11 14:03:56,2026-08-21 03:22:32
DEV001610,hash_08676b2a0b39c366,macOS,Chrome,2025-05-18 00:02:46,2026-09-11 03:36:18
DEV001611,hash_6e20cc72cf460215,Linux,Safari,2025-08-09 08:06:08,2026-09-07 17:00:40
DEV001612,hash_03c3c30dae344b14,Android,Edge,2026-02-26 11:24:47,2026-08-27 14:46:50
DEV001613,hash_e7f2f49d41a51d1f,Android,Safari,2025-04-17 21:34:43,2026-08-22 16:36:01
DEV001614,hash_b61cc55b8fd0720c,Windows,Safari,2025-06-23 03:01:10,2026-09-07 17:26:22
DEV001615,hash_cf8be1993a1ce416,iOS,Edge,2026-03-24 01:19:29,2026-09-02 12:12:48
DEV001616,hash_97d5468369c7c2dd,Linux,Firefox,2026-06-14 03:36:22,2026-08-30 14:48:42
DEV001617,hash_db82b67ddd7e0ae6,macOS,Safari,2024-09-30 13:05:52,2026-09-14 01:35:29
DEV001618,hash_985d94c021aa50dd,Windows,Safari,2024-10-11 05:08:27,2026-08-18 07:27:50
DEV001619,hash_78e33d35f4e0740f,Android,Edge,2026-03-04 15:30:00,2026-08-27 07:00:31
DEV001620,hash_bb926370d619e0ce,Android,Firefox,2025-03-29 16:11:20,2026-09-11 11:44:26
DEV001621,hash_7960e810fa372989,iOS,Safari,2025-07-09 23:23:29,2026-08-30 16:05:24
DEV001622,hash_89d5e178cf998da3,Android,Firefox,2026-01-23 11:07:11,2026-09-02 06:31:22
DEV001623,hash_c5404be9e6d59568,Android,Chrome,2026-08-16 16:18:52,2026-08-21 13:58:08
DEV001624,hash_5510f78642004a56,Android,Firefox,2025-11-03 15:42:14,2026-08-27 03:10:15
DEV001625,hash_c651a34f5a0f3cdb,Linux,Edge,2026-07-12 07:56:51,2026-09-06 03:12:09
DEV001626,hash_af4219dd38c682d8,iOS,Chrome,2025-07-12 21:52:14,2026-08-16 00:55:50
DEV001627,hash_e47472d077e0ad89,Windows,Firefox,2026-08-21 19:56:38,2026-09-03 17:36:56
DEV001628,hash_e1b3b9d1f887ac21,Windows,Edge,2026-09-04 14:14:13,2026-08-28 01:29:03
DEV001629,hash_862609ab418b6aa2,iOS,Safari,2025-05-05 21:12:28,2026-08-20 00:54:55
DEV001630,hash_eb1c0430df114270,iOS,Edge,2026-09-11 10:33:38,2026-08-27 02:05:50
DEV001631,hash_0f7b524587aa2080,macOS,Safari,2025-05-03 04:36:39,2026-08-25 20:53:02
DEV001632,hash_8bb107defaa0a297,macOS,Chrome,2026-07-13 16:56:06,2026-08-23 10:26:39
DEV001633,hash_6de46fedbece1286,macOS,Firefox,2026-08-26 13:41:17,2026-09-05 23:03:30
DEV001634,hash_8c46b1739699e962,iOS,Safari,2026-01-17 13:30:48,2026-08-31 01:18:45
DEV001635,hash_4cb0fe85e4184c38,Linux,Firefox,2026-07-29 06:42:13,2026-09-04 09:07:36
DEV001636,hash_4dbb55598c12d6ef,iOS,Safari,2026-05-20 06:11:20,2026-08-17 07:14:28
DEV001637,hash_3a5479eaccda08bf,macOS,Safari,2025-04-15 00:39:25,2026-08-19 13:04:58
DEV001638,hash_ea3dbc3767e88ce0,iOS,Chrome,2026-06-15 13:45:53,2026-09-08 12:37:43
DEV001639,hash_5580885a54b279cd,Android,Edge,2025-09-15 02:01:26,2026-09-04 16:54:03
DEV001640,hash_71bfd71bd0f95340,Windows,Chrome,2026-09-03 19:24:21,2026-08-31 19:24:56
DEV001641,hash_5c2fe99664baaea1,macOS,Safari,2026-03-25 09:17:26,2026-09-05 03:51:29
DEV001642,hash_147eeb2d5a3974e8,Windows,Edge,2026-07-27 04:15:35,2026-08-20 12:44:07
DEV001643,hash_34bbc27828d217d6,Linux,Firefox,2026-06-16 12:11:31,2026-08-23 10:34:46
DEV001644,hash_d31c63fbbaabf7ec,Android,Chrome,2026-03-10 16:53:52,2026-08-28 07:49:05
DEV001645,hash_efd9d09a8a74a19a,Windows,Safari,2025-10-12 11:00:20,2026-08-18 21:05:22
DEV001646,hash_0ae19e7e1b6d8927,macOS,Safari,2025-06-14 11:19:25,2026-09-05 02:06:56
DEV001647,hash_070deea0bb09e763,Linux,Chrome,2025-12-25 20:30:02,2026-09-11 05:54:54
DEV001648,hash_3bcb4f32e3b52c1d,Android,Chrome,2026-04-10 05:33:54,2026-08-31 12:28:43
DEV001649,hash_19a1459dff2d10f4,macOS,Edge,2025-09-01 05:39:27,2026-08-16 23:37:55
DEV001650,hash_99dce8191841d873,Android,Firefox,2026-04-29 00:29:52,2026-08-18 04:27:56
DEV001651,hash_ce3166c3541acd27,Windows,Edge,2026-01-25 08:18:05,2026-08-24 13:50:17
DEV001652,hash_6399c513ae960e3e,Android,Firefox,2026-01-16 15:12:42,2026-09-06 04:22:13
DEV001653,hash_a243b9ab2b0e817c,Android,Edge,2026-05-21 13:54:53,2026-08-22 06:19:30
DEV001654,hash_9ef8b5a9b792ff65,Windows,Firefox,2024-09-16 13:34:59,2026-09-04 02:34:15
DEV001655,hash_d14c70b750ac2a6d,Windows,Chrome,2025-02-16 13:55:13,2026-08-30 11:45:17
DEV001656,hash_2d58293aaebe1524,Android,Chrome,2025-05-15 20:26:39,2026-09-12 14:37:57
DEV001657,hash_229ea406aab76dd1,iOS,Edge,2024-11-17 01:09:45,2026-08-21 00:53:25
DEV001658,hash_5051b949e6af993c,Linux,Safari,2025-01-14 18:16:10,2026-08-27 18:34:31
DEV001659,hash_f644404ddf365764,Android,Chrome,2025-10-20 06:00:14,2026-08-21 23:20:07
DEV001660,hash_dc247a02286cb3e0,macOS,Chrome,2026-07-04 00:43:58,2026-09-13 11:50:42
DEV001661,hash_51cb3f06143567ed,Android,Safari,2026-02-28 19:36:56,2026-09-04 13:49:08
DEV001662,hash_dce202f536eff201,iOS,Safari,2026-05-22 20:10:09,2026-08-31 03:53:35
DEV001663,hash_cc464bb8f773e927,Linux,Safari,2025-08-30 20:37:40,2026-09-07 21:06:08
DEV001664,hash_a23b3ed770adf7ed,Linux,Safari,2026-07-24 15:34:30,2026-08-22 03:18:58
DEV001665,hash_7024cf9408308982,Windows,Chrome,2025-04-04 15:40:16,2026-08-24 01:53:01
DEV001666,hash_d5b26840f4b3593f,macOS,Chrome,2026-03-02 03:33:26,2026-09-13 10:41:05
DEV001667,hash_7164a9a2c3d60e1e,iOS,Firefox,2026-06-18 08:19:48,2026-08-31 13:25:29
DEV001668,hash_984f541976b4c117,Linux,Chrome,2026-05-28 04:32:26,2026-08-29 08:05:01
DEV001669,hash_5a96ef37ee45a744,Linux,Safari,2025-02-15 11:36:22,2026-08-19 18:05:52
DEV001670,hash_072e4e7aa4d7809a,iOS,Chrome,2025-08-02 03:01:10,2026-09-02 12:03:02
DEV001671,hash_027d30940c5332b3,macOS,Safari,2025-02-02 10:54:27,2026-09-03 18:13:12
DEV001672,hash_ad73286bf517aed0,Linux,Firefox,2026-07-26 21:20:24,2026-09-02 23:22:32
DEV001673,hash_4dd70974f84716b7,Android,Firefox,2026-06-24 11:47:28,2026-09-12 08:19:09
DEV001674,hash_e5b2fd55b0a5c3c1,Linux,Chrome,2025-03-07 12:59:22,2026-08-16 15:55:25
DEV001675,hash_4705ecba00c4e208,Windows,Firefox,2024-10-02 00:26:22,2026-09-11 18:30:02
DEV001676,hash_080bf99ff00c4cc5,iOS,Edge,2026-01-29 19:11:20,2026-09-14 08:48:05
DEV001677,hash_81a8d2b00bace8ac,Linux,Safari,2026-01-13 21:25:36,2026-08-26 18:13:45
DEV001678,hash_126f28a9107d2387,Linux,Safari,2026-08-19 13:03:29,2026-08-19 23:25:52
DEV001679,hash_9d09cf19a079f65a,Android,Firefox,2025-09-08 08:28:14,2026-08-25 06:45:46
DEV001680,hash_a768b119fd9077b6,Windows,Firefox,2025-04-05 12:14:16,2026-08-23 20:22:51
DEV001681,hash_8ba22d11f5b85c17,Windows,Safari,2024-10-22 20:16:04,2026-09-04 03:00:20
DEV001682,hash_c002cd6bc28d1433,iOS,Safari,2026-01-07 04:40:35,2026-09-05 11:28:29
DEV001683,hash_912c4ca9af9f504b,Windows,Firefox,2025-12-24 12:22:40,2026-08-28 06:52:18
DEV001684,hash_5c812bad0bb34c14,macOS,Chrome,2025-01-08 02:29:24,2026-08-19 23:31:48
DEV001685,hash_0f2fea5708839311,macOS,Edge,2025-06-26 22:46:29,2026-08-23 21:58:25
DEV001686,hash_f0c935a991c3d637,Linux,Chrome,2025-11-28 18:25:12,2026-08-21 08:29:21
DEV001687,hash_04ebb4a9a4e565b7,macOS,Edge,2024-09-25 03:22:01,2026-09-10 04:24:41
DEV001688,hash_e9fc5fb3f16231e0,Linux,Chrome,2025-08-18 04:11:34,2026-09-06 16:22:26
DEV001689,hash_8bf6d88b12dd332d,macOS,Edge,2026-06-18 17:26:33,2026-09-08 15:29:29
DEV001690,hash_4344c2697a3d7b8e,Android,Firefox,2024-12-15 05:28:35,2026-08-26 13:18:31
DEV001691,hash_7a9e9031ff0173e9,Linux,Safari,2026-03-22 10:02:16,2026-08-25 12:26:51
DEV001692,hash_ae22c5bbb1c36cb3,iOS,Firefox,2025-02-09 04:14:48,2026-08-28 13:54:53
DEV001693,hash_319fda66a986bfc0,Linux,Safari,2025-04-25 20:14:46,2026-09-08 15:30:49
DEV001694,hash_94bfe6604e879c62,Windows,Firefox,2025-07-07 22:36:45,2026-08-21 23:27:33
DEV001695,hash_00b62158054038d7,macOS,Edge,2025-08-15 04:25:15,2026-08-25 16:28:46
DEV001696,hash_60818fb2755eb364,iOS,Safari,2025-12-24 06:36:00,2026-08-26 02:55:09
DEV001697,hash_020f8fa553fdd1f7,iOS,Firefox,2026-06-16 06:22:35,2026-08-29 09:26:48
DEV001698,hash_5912853ea204a093,Android,Chrome,2026-04-01 15:03:58,2026-08-24 20:23:24
DEV001699,hash_36677c4a7e4456d7,macOS,Safari,2025-08-05 02:30:03,2026-08-24 09:54:44
DEV001700,hash_21483249414e7cc1,macOS,Firefox,2025-07-28 11:41:14,2026-08-22 17:48:06
DEV001701,hash_1b139a48492eb70c,macOS,Safari,2024-10-06 12:36:57,2026-08-29 17:51:55
DEV001702,hash_95055ac72f0b9138,Android,Firefox,2025-04-05 12:32:30,2026-08-27 02:07:36
DEV001703,hash_f2703a23a957811d,Linux,Firefox,2026-01-06 22:38:25,2026-09-06 13:11:31
DEV001704,hash_ca0e0bc238059440,iOS,Safari,2026-08-19 22:04:13,2026-08-27 17:04:39
DEV001705,hash_db23915e54be6170,Android,Chrome,2025-06-28 06:47:34,2026-09-12 22:53:50
DEV001706,hash_bcbb065803e6551e,Android,Chrome,2026-02-27 15:54:32,2026-09-06 21:33:57
DEV001707,hash_e520b332a4a58bd6,macOS,Chrome,2024-11-19 18:31:51,2026-08-16 03:47:24
DEV001708,hash_3e897b355b2dec8c,Android,Edge,2025-09-13 08:49:58,2026-08-22 02:57:39
DEV001709,hash_40d6c0ac82abfb8d,iOS,Chrome,2026-07-23 01:07:47,2026-08-31 08:22:29
DEV001710,hash_e2eb022226c68746,Android,Chrome,2026-03-06 11:08:29,2026-09-03 22:57:03
DEV001711,hash_64804241624f88a5,macOS,Firefox,2026-03-01 16:06:13,2026-08-25 23:01:03
DEV001712,hash_22d635b7cb697bf9,Linux,Chrome,2026-03-22 05:47:31,2026-09-03 06:34:14
DEV001713,hash_e57977ec48164644,Windows,Edge,2026-03-18 10:46:13,2026-09-05 04:56:08
DEV001714,hash_c115ae8e55867682,Linux,Edge,2026-04-08 22:13:16,2026-09-13 15:32:59
DEV001715,hash_db721b1452c2526e,Linux,Firefox,2025-04-01 04:38:14,2026-08-19 04:52:55
DEV001716,hash_2bc6206b16754427,Linux,Edge,2024-11-27 04:22:59,2026-09-11 16:43:05
DEV001717,hash_2ae06f264fca946a,macOS,Chrome,2024-10-29 19:28:07,2026-08-18 04:28:54
DEV001718,hash_f40846283b1f38f0,iOS,Edge,2025-05-30 17:15:12,2026-08-27 01:22:34
DEV001719,hash_cdd9f251abc90bba,iOS,Chrome,2025-09-14 23:03:45,2026-09-01 20:33:26
DEV001720,hash_b1b8106de27e9a13,iOS,Edge,2025-12-29 03:53:07,2026-09-13 16:45:25
DEV001721,hash_5a8d99315ebb3417,Linux,Firefox,2026-03-19 07:30:51,2026-08-17 20:47:28
DEV001722,hash_417e5edc13e69df3,macOS,Edge,2024-09-18 08:10:55,2026-08-27 23:17:52
DEV001723,hash_06506312e3d2549d,Linux,Firefox,2025-10-11 01:35:26,2026-09-03 03:35:26
DEV001724,hash_e846d6880047eacb,macOS,Chrome,2025-05-07 03:23:30,2026-09-03 19:37:16
DEV001725,hash_cd185ea51740e77b,Windows,Firefox,2026-02-17 13:28:37,2026-09-02 15:53:50
DEV001726,hash_b6b4aaa539c42eed,Linux,Chrome,2024-12-25 21:20:44,2026-09-11 19:42:04
DEV001727,hash_306542ee2e519870,macOS,Firefox,2024-10-16 02:52:17,2026-09-12 20:04:56
DEV001728,hash_a5a414b21956673f,Linux,Firefox,2025-01-31 11:59:12,2026-08-28 07:01:40
DEV001729,hash_5a4222921149544e,Linux,Chrome,2025-01-24 02:47:13,2026-09-09 02:40:24
DEV001730,hash_92a6584c85b26fa7,macOS,Chrome,2025-10-01 23:26:46,2026-09-01 02:56:08
DEV001731,hash_5db4eef0afb79cd8,Linux,Chrome,2026-07-28 01:25:39,2026-09-07 09:07:28
DEV001732,hash_1b3e144b6f093f45,Android,Edge,2024-12-25 15:24:16,2026-08-20 00:12:48
DEV001733,hash_891887a73620ab79,Windows,Safari,2025-05-18 15:28:15,2026-09-10 09:45:16
DEV001734,hash_8cf431de8cdc6715,Android,Safari,2025-08-16 10:38:23,2026-08-22 12:58:12
DEV001735,hash_bfe766da91a85948,macOS,Edge,2025-04-04 10:33:57,2026-08-21 07:53:49
DEV001736,hash_b437e2042adfedf8,Android,Edge,2025-05-15 12:00:53,2026-08-17 19:13:07
DEV001737,hash_844aa5c98e56dda6,Android,Chrome,2024-12-22 11:56:36,2026-09-08 21:23:19
DEV001738,hash_fe0eeda1c01b07c4,Windows,Firefox,2026-07-23 05:31:50,2026-08-29 07:09:20
DEV001739,hash_88f451627a8f5fad,Linux,Firefox,2026-04-18 00:41:02,2026-09-02 03:53:11
DEV001740,hash_8c283b621131f87f,macOS,Firefox,2026-09-03 14:33:21,2026-09-05 12:51:09
DEV001741,hash_e89afbfe822e6328,Linux,Edge,2025-04-21 22:21:35,2026-08-28 10:26:07
DEV001742,hash_2c20fb0ee632ef0a,Linux,Safari,2026-01-03 06:07:07,2026-08-28 11:03:58
DEV001743,hash_f621413254ea3718,Windows,Chrome,2025-10-20 17:18:55,2026-08-30 20:26:58
DEV001744,hash_1891c896a848849e,Linux,Firefox,2025-08-18 15:41:15,2026-08-23 15:59:10
DEV001745,hash_b8ee0ec62b0a0050,macOS,Firefox,2025-05-17 06:23:32,2026-09-08 12:08:33
DEV001746,hash_0dd14338004fe610,iOS,Firefox,2026-04-30 08:11:15,2026-08-23 00:00:08
DEV001747,hash_4b67563a9d7362f2,Linux,Firefox,2025-11-19 18:46:24,2026-09-06 00:23:28
DEV001748,hash_ed370c84a011d446,iOS,Firefox,2024-10-25 12:22:46,2026-08-24 19:52:25
DEV001749,hash_f20d3aeaa998a3ee,iOS,Chrome,2025-01-07 14:44:19,2026-08-18 07:20:29
DEV001750,hash_16b3c47540809548,Windows,Safari,2025-03-11 17:09:26,2026-08-24 13:08:28
DEV001751,hash_fcc6713a7cbe08bc,Windows,Firefox,2024-10-12 00:46:00,2026-09-07 11:38:39
DEV001752,hash_21b5b893bb2c23cb,Linux,Chrome,2025-04-04 07:10:20,2026-08-23 14:19:17
DEV001753,hash_6be4d06210e7ee6f,Windows,Firefox,2026-03-16 12:20:51,2026-09-07 08:00:55
DEV001754,hash_029cfbdab37b574e,iOS,Chrome,2025-08-19 03:53:18,2026-08-21 06:56:38
DEV001755,hash_093ee08020a92097,iOS,Chrome,2026-08-10 11:31:17,2026-09-08 16:22:44
DEV001756,hash_efe6169046e95aec,iOS,Firefox,2024-10-15 20:39:31,2026-09-06 02:10:25
DEV001757,hash_21965beeda3544b5,iOS,Edge,2025-06-18 02:15:45,2026-09-11 21:12:32
DEV001758,hash_5bf2e8db7f7eb2ed,iOS,Chrome,2025-09-26 01:01:14,2026-09-06 21:05:41
DEV001759,hash_5f7863183e63131e,iOS,Chrome,2025-10-02 02:13:07,2026-08-21 02:49:38
DEV001760,hash_c6df62a7e604d38c,iOS,Chrome,2026-07-03 03:48:56,2026-08-22 20:15:40
DEV001761,hash_55e10b396afd5fed,Android,Edge,2024-12-19 05:19:41,2026-09-01 15:05:04
DEV001762,hash_6557ecee40e3200c,iOS,Chrome,2024-11-25 20:39:51,2026-08-25 13:07:59
DEV001763,hash_fbff1829aea3798b,Android,Safari,2026-07-20 12:09:57,2026-08-29 10:47:08
DEV001764,hash_cb052418b71a72c1,Linux,Firefox,2025-02-01 11:53:55,2026-08-23 19:50:38
DEV001765,hash_d403653eef55c8e2,macOS,Edge,2026-04-19 16:04:42,2026-09-09 08:29:18
DEV001766,hash_5b19920775a8457d,macOS,Chrome,2026-06-15 02:05:42,2026-08-28 21:35:28
DEV001767,hash_898a77529c7164a8,iOS,Firefox,2025-11-25 15:56:18,2026-09-13 02:07:47
DEV001768,hash_122f862ec4956e6a,Android,Firefox,2025-02-26 03:35:50,2026-09-12 23:38:53
DEV001769,hash_99249d85fd9c70c3,Android,Edge,2024-09-17 09:09:18,2026-09-10 04:37:06
DEV001770,hash_e22a75ccaec13f6e,Android,Edge,2026-05-02 19:19:19,2026-09-12 08:46:55
DEV001771,hash_60cc7abd4c6cfc1c,Linux,Chrome,2025-02-01 10:17:36,2026-09-04 20:55:45
DEV001772,hash_f1e453e6dc50522d,iOS,Firefox,2026-08-30 01:59:30,2026-08-19 09:17:09
DEV001773,hash_f1b159b61e8c8499,Android,Safari,2025-03-24 08:57:11,2026-09-08 20:06:26
DEV001774,hash_d796efbc3f7917c5,Linux,Safari,2026-02-21 22:44:07,2026-08-20 05:38:22
DEV001775,hash_9ebe22d3111f1a28,macOS,Edge,2026-08-04 09:58:44,2026-08-31 14:40:48
DEV001776,hash_269d2c2229861808,Linux,Chrome,2024-10-04 08:12:57,2026-08-29 10:58:39
DEV001777,hash_de5ed279cd2c614b,iOS,Chrome,2026-02-25 08:49:43,2026-08-21 13:53:45
DEV001778,hash_7ca2101f6b77fbe4,Android,Chrome,2025-07-17 08:06:13,2026-09-02 18:59:35
DEV001779,hash_67e69ffe5decaa98,Linux,Safari,2025-12-16 16:57:11,2026-08-20 19:20:47
DEV001780,hash_d75b6911f805d526,macOS,Edge,2026-06-26 06:37:55,2026-08-31 08:42:56
DEV001781,hash_f43c67ba75e3a0a3,Android,Edge,2025-01-11 14:49:43,2026-08-17 01:24:26
DEV001782,hash_b34f21ca3bdec3f4,macOS,Firefox,2024-11-16 03:22:27,2026-09-06 23:58:35
DEV001783,hash_9201030915886873,Linux,Edge,2026-06-21 09:36:07,2026-09-07 22:50:16
DEV001784,hash_5c96703d5caf5c6a,Android,Safari,2025-09-01 20:27:15,2026-08-28 17:32:41
DEV001785,hash_4974e1b794ca68d9,Windows,Safari,2025-12-19 17:00:58,2026-08-15 22:31:47
DEV001786,hash_0942f1cda7f16425,macOS,Edge,2025-05-28 01:12:32,2026-08-17 18:51:05
DEV001787,hash_facd64f1643a6898,iOS,Safari,2026-02-05 20:11:34,2026-09-06 15:40:05
DEV001788,hash_c52c7f939acaf159,iOS,Firefox,2025-05-24 13:06:33,2026-09-12 06:53:01
DEV001789,hash_6ab584fd914b254e,Windows,Chrome,2024-12-23 14:56:57,2026-08-25 22:01:34
DEV001790,hash_a5b06be64d6396fe,Linux,Edge,2026-07-16 16:55:48,2026-08-18 00:29:06
DEV001791,hash_742022992ad285f1,iOS,Firefox,2026-05-29 18:22:10,2026-08-29 09:25:53
DEV001792,hash_2b3fde5dd8b4d672,macOS,Firefox,2025-05-23 04:35:14,2026-08-18 08:28:08
DEV001793,hash_e1cef59e6f102145,Android,Chrome,2026-04-14 21:40:58,2026-08-19 02:09:56
DEV001794,hash_f7f9efbc4ba70c70,iOS,Safari,2025-11-13 03:58:38,2026-09-13 21:29:11
DEV001795,hash_c92c2f783768c08e,macOS,Firefox,2025-07-07 09:53:18,2026-08-20 03:35:45
DEV001796,hash_d428df1ceb6d3598,Windows,Safari,2025-07-20 23:30:26,2026-08-28 01:03:12
DEV001797,hash_ac6ae5e1443cf3a1,iOS,Chrome,2025-01-30 10:36:28,2026-08-27 07:28:47
DEV001798,hash_83c28870adde98b6,Linux,Chrome,2026-05-05 22:26:38,2026-09-04 00:32:18
DEV001799,hash_bc25d3bd88a72da1,macOS,Chrome,2024-11-22 10:50:12,2026-08-16 15:39:51
DEV001800,hash_9f6e292abd6a6ee8,macOS,Firefox,2026-07-08 05:07:26,2026-08-25 18:21:47
DEV001801,hash_3d77546ea3b44efe,Windows,Chrome,2025-01-18 17:40:50,2026-09-03 12:24:17
DEV001802,hash_99cd0df3a873abc8,Linux,Edge,2026-05-12 15:02:25,2026-09-04 04:35:30
DEV001803,hash_38797294437fdbd9,iOS,Safari,2025-04-23 11:50:09,2026-08-23 03:20:45
DEV001804,hash_3d4ac183ce145868,iOS,Safari,2024-12-16 20:25:48,2026-08-30 03:35:53
DEV001805,hash_75ffb57ff27df93c,iOS,Safari,2025-09-30 10:15:42,2026-09-05 15:30:00
DEV001806,hash_0ebf1523aaad8926,Windows,Firefox,2026-04-08 18:12:59,2026-08-30 17:03:37
DEV001807,hash_3eda91503993e371,Windows,Firefox,2026-08-17 03:04:26,2026-09-13 22:54:37
DEV001808,hash_d0b3575ef3098246,Android,Firefox,2024-12-25 03:36:25,2026-09-02 02:04:58
DEV001809,hash_1424bcfc13da3505,Windows,Edge,2026-02-13 02:26:37,2026-08-20 07:44:38
DEV001810,hash_072a508767d9d83b,Windows,Safari,2026-06-22 10:50:09,2026-09-02 11:53:03
DEV001811,hash_dd12bbc65eaae175,macOS,Edge,2025-10-17 08:47:41,2026-08-25 08:37:58
DEV001812,hash_b098a176ea87fe7d,Linux,Safari,2025-09-29 11:28:51,2026-09-06 06:44:38
DEV001813,hash_54b0f5527fd7559e,macOS,Edge,2026-08-02 21:32:29,2026-09-03 11:55:23
DEV001814,hash_b64c99ed963a4320,Windows,Safari,2025-09-19 05:43:32,2026-08-28 16:34:02
DEV001815,hash_3309cd89f26de669,Windows,Firefox,2025-11-25 12:23:26,2026-09-13 19:12:49
DEV001816,hash_5ee76dc66fc41bf6,Linux,Edge,2025-08-08 18:51:12,2026-08-20 00:52:57
DEV001817,hash_db747f33fdba93eb,Windows,Edge,2026-04-24 18:15:13,2026-09-05 04:03:23
DEV001818,hash_ee62af2562fc194b,Linux,Edge,2026-06-06 02:16:36,2026-09-02 12:47:31
DEV001819,hash_ce908ee8f657a9b2,Android,Edge,2026-01-03 23:34:15,2026-08-24 16:53:11
DEV001820,hash_e7ebff3f35683bea,Windows,Firefox,2025-08-17 08:34:01,2026-09-05 08:06:43
DEV001821,hash_2d555314143e7fb7,Windows,Safari,2024-11-25 08:54:44,2026-08-17 14:52:47
DEV001822,hash_05aa0cd35eb45406,Linux,Chrome,2025-10-17 21:37:28,2026-09-01 05:55:39
DEV001823,hash_550099df929b958d,Linux,Safari,2025-09-09 04:58:33,2026-08-26 13:00:47
DEV001824,hash_1668e9f8820f4642,Windows,Firefox,2026-01-30 04:34:58,2026-08-23 04:26:07
DEV001825,hash_662b7ae4c2aabe0c,Linux,Firefox,2026-09-07 01:08:52,2026-09-08 16:51:30
DEV001826,hash_c959dbb952b673d4,Windows,Edge,2025-10-28 17:26:01,2026-09-10 03:03:36
DEV001827,hash_4d5593a365a6b335,macOS,Firefox,2024-11-18 09:33:44,2026-08-29 18:27:34
DEV001828,hash_da7b9adb1ce33118,iOS,Chrome,2025-09-12 20:29:02,2026-09-05 21:19:20
DEV001829,hash_debfe7d37404efd3,Windows,Firefox,2024-11-14 16:19:35,2026-09-07 20:13:25
DEV001830,hash_5e317e803d56400b,Linux,Chrome,2025-05-05 11:58:56,2026-08-22 20:54:18
DEV001831,hash_2e7cdb3f440497f9,macOS,Chrome,2024-12-22 10:25:10,2026-08-30 05:46:03
DEV001832,hash_d04a8ff9eee14ab3,Windows,Chrome,2026-06-29 19:39:02,2026-08-27 17:28:06
DEV001833,hash_aaee3f08ff690568,Windows,Firefox,2025-10-25 11:23:19,2026-09-05 10:06:35
DEV001834,hash_caea5bfb3f70a1b2,iOS,Edge,2025-05-01 16:25:22,2026-09-12 06:09:29
DEV001835,hash_1dc8b74ad10b41c1,Windows,Safari,2024-10-21 05:57:56,2026-09-11 09:43:15
DEV001836,hash_4f171a4ee2d97970,iOS,Chrome,2024-11-12 14:54:56,2026-08-17 20:18:19
DEV001837,hash_910ad03273eb0a4e,macOS,Firefox,2025-10-17 22:59:11,2026-08-20 21:10:00
DEV001838,hash_c533af2da864a116,macOS,Firefox,2025-10-15 19:28:53,2026-09-05 06:49:34
DEV001839,hash_f60768a01ab01dc1,Android,Chrome,2025-07-31 23:29:09,2026-08-20 05:50:54
DEV001840,hash_a54720e088be9288,Android,Edge,2025-09-10 02:04:15,2026-09-12 06:05:28
DEV001841,hash_87e47dbaf0ad73fb,Windows,Firefox,2026-06-07 12:23:52,2026-08-27 22:58:32
DEV001842,hash_ee926321245fed94,Android,Chrome,2025-06-17 06:27:24,2026-08-28 00:41:59
DEV001843,hash_bada092a5e4cdce6,Linux,Edge,2025-12-13 00:01:21,2026-08-19 15:02:04
DEV001844,hash_ea88d27d17a61711,Linux,Safari,2026-05-04 04:51:37,2026-09-09 02:19:17
DEV001845,hash_280b0996517e71e0,iOS,Safari,2024-09-26 19:30:59,2026-08-21 04:30:38
DEV001846,hash_f82e98dcd0ce2457,Windows,Firefox,2026-04-12 08:28:04,2026-09-07 03:03:33
DEV001847,hash_e3a14f5d6ed5855d,Linux,Edge,2025-01-31 15:20:29,2026-08-24 12:03:14
DEV001848,hash_445dff54427fbc4b,macOS,Chrome,2026-06-30 21:13:26,2026-09-03 17:35:40
DEV001849,hash_7f49d0d91cc81f38,iOS,Firefox,2024-10-19 07:55:47,2026-08-19 16:48:23
DEV001850,hash_a5ea3158dea43dfd,Android,Edge,2025-08-03 11:44:15,2026-08-30 02:33:02
DEV001851,hash_57686c78cbf01dcb,iOS,Firefox,2025-05-16 00:37:49,2026-09-13 03:54:48
DEV001852,hash_71d87c8fe7a9f866,macOS,Edge,2026-03-30 14:20:57,2026-09-06 17:52:38
DEV001853,hash_93ca3df021ce7ad0,macOS,Edge,2026-04-25 10:21:10,2026-09-06 11:59:36
DEV001854,hash_52ec03caae957e1c,macOS,Firefox,2026-01-11 16:54:52,2026-08-28 12:36:00
DEV001855,hash_77d0da3231ea2821,Android,Chrome,2025-06-06 07:10:48,2026-08-24 17:51:37
DEV001856,hash_e9390c7f47561669,Android,Chrome,2025-02-25 02:50:44,2026-08-24 15:24:30
DEV001857,hash_c3608f0decccd30e,Windows,Firefox,2024-11-13 22:22:56,2026-09-13 23:32:19
DEV001858,hash_7077d33ed04cc4db,Linux,Chrome,2025-04-03 14:16:40,2026-08-20 19:39:01
DEV001859,hash_ed755494064b4edc,Windows,Safari,2025-08-17 02:50:38,2026-09-10 14:21:33
DEV001860,hash_84e69ef9a629ebb2,Android,Chrome,2024-09-28 02:12:36,2026-08-15 22:34:42
DEV001861,hash_ebb7e6cc067b30d1,iOS,Edge,2025-07-17 22:20:47,2026-08-21 07:42:22
DEV001862,hash_aeb2f98cdb38c2f2,iOS,Firefox,2024-09-24 12:15:42,2026-08-23 23:51:08
DEV001863,hash_4f26fedb10d28a32,iOS,Safari,2026-02-05 13:15:44,2026-09-07 19:39:03
DEV001864,hash_a99e0f9b768eaf58,iOS,Chrome,2025-09-06 14:18:23,2026-09-04 07:43:55
DEV001865,hash_06c6b8c26ce87f51,Linux,Safari,2026-07-20 23:29:19,2026-09-13 21:00:56
DEV001866,hash_f7b8895a3a099c80,Linux,Chrome,2026-04-01 00:12:55,2026-09-08 06:50:20
DEV001867,hash_eb210c92c4ecdf3a,iOS,Edge,2025-05-07 08:50:48,2026-09-14 14:19:33
DEV001868,hash_ce5e137f87723818,Android,Edge,2025-06-21 08:43:04,2026-09-03 19:58:16
DEV001869,hash_2a1b41edfe530a7e,Android,Firefox,2026-06-01 03:50:11,2026-08-30 08:23:12
DEV001870,hash_32b7b4561f22b194,macOS,Safari,2024-11-21 05:53:00,2026-08-21 17:30:21
DEV001871,hash_b58d4c9759df5bb2,iOS,Edge,2024-12-28 02:57:09,2026-08-16 07:55:57
DEV001872,hash_e80f58fb2d0f0209,Android,Firefox,2025-02-09 09:03:17,2026-08-21 02:09:13
DEV001873,hash_b9ebce1f935b67b4,macOS,Firefox,2026-06-09 22:59:46,2026-08-16 10:16:25
DEV001874,hash_20b8d865580e60e4,Windows,Safari,2026-03-08 19:13:52,2026-08-24 19:03:34
DEV001875,hash_e4ac1e29d3c6756c,iOS,Firefox,2026-07-13 09:23:27,2026-08-16 23:00:29
DEV001876,hash_2b42023a25fad457,iOS,Edge,2025-02-23 16:33:58,2026-09-08 00:18:29
DEV001877,hash_b30603963a122631,Linux,Firefox,2026-01-30 23:27:33,2026-08-22 16:52:58
DEV001878,hash_85afb75be4c46071,Linux,Firefox,2026-01-31 20:16:27,2026-08-27 09:27:37
DEV001879,hash_498e6ba4005d55a8,Windows,Edge,2025-08-18 15:55:55,2026-09-10 19:15:36
DEV001880,hash_b188bd6ab0f1d209,iOS,Safari,2025-02-09 11:08:58,2026-08-19 20:04:20
DEV001881,hash_21136ce039ba7d2f,iOS,Edge,2025-05-05 21:45:42,2026-09-07 03:41:45
DEV001882,hash_164caf2f6d442c3f,Linux,Safari,2025-01-07 06:15:14,2026-09-07 16:00:12
DEV001883,hash_08e5ed83f8d4866f,macOS,Edge,2025-08-07 20:38:41,2026-08-16 17:11:04
DEV001884,hash_e84b3c5517759710,Android,Edge,2024-12-13 15:11:45,2026-08-23 17:17:34
DEV001885,hash_82ee6e080ba9ee1e,iOS,Edge,2026-08-16 02:29:14,2026-08-23 01:21:03
DEV001886,hash_7f720ffc9b6d272f,Android,Firefox,2026-04-11 00:07:31,2026-09-06 06:32:18
DEV001887,hash_da819b74d46b78f3,iOS,Edge,2025-09-25 22:10:28,2026-09-07 13:05:27
DEV001888,hash_194274cf09e002f0,Android,Edge,2024-09-29 10:08:03,2026-09-06 11:29:25
DEV001889,hash_27edb5db1feb1cf5,macOS,Chrome,2025-12-12 17:39:16,2026-08-27 10:27:00
DEV001890,hash_a51204385aae363d,Linux,Firefox,2025-02-17 13:27:58,2026-08-29 23:16:10
DEV001891,hash_f676831fe498446d,Linux,Firefox,2025-11-30 11:11:57,2026-09-03 16:10:06
DEV001892,hash_16f2af16b4c21dd6,macOS,Edge,2024-10-23 17:30:15,2026-08-31 20:43:46
DEV001893,hash_b51b8a05ec4c89cd,Windows,Safari,2024-09-20 07:02:00,2026-08-20 15:22:40
DEV001894,hash_670cada1c783870a,macOS,Firefox,2026-01-16 19:56:16,2026-09-05 14:50:07
DEV001895,hash_714f4be5530619e4,Windows,Firefox,2025-08-03 01:11:34,2026-09-08 17:18:07
DEV001896,hash_35b6c6922528759d,iOS,Firefox,2026-04-09 16:22:54,2026-09-12 17:57:19
DEV001897,hash_f3c8e316244226d7,iOS,Chrome,2025-12-20 23:30:01,2026-09-11 13:34:39
DEV001898,hash_1b2b5f8ba27e5970,Linux,Safari,2025-04-28 00:40:34,2026-08-17 10:53:39
DEV001899,hash_ff44745940f62c58,iOS,Safari,2025-09-27 19:50:23,2026-09-04 01:25:38
DEV001900,hash_fd8a2b0a8f6a201a,Linux,Firefox,2025-09-26 17:49:29,2026-09-09 13:52:07
DEV001901,hash_d0d0d99db7a49237,iOS,Firefox,2025-12-17 06:01:00,2026-09-14 08:12:35
DEV001902,hash_f556b55cbbf7f858,Windows,Edge,2026-09-10 15:08:48,2026-09-08 08:12:45
DEV001903,hash_6084d6710ea20820,iOS,Safari,2025-03-13 07:16:59,2026-08-18 14:29:31
DEV001904,hash_5f2090333608428a,Android,Edge,2025-10-29 12:38:10,2026-08-16 13:55:32
DEV001905,hash_d54719323e03a5ea,macOS,Firefox,2025-08-07 22:58:51,2026-09-12 15:19:28
DEV001906,hash_dae6c21b111139c1,Android,Chrome,2025-05-17 12:07:10,2026-09-11 12:21:20
DEV001907,hash_6595fa904584b215,macOS,Safari,2024-11-02 12:10:08,2026-08-28 15:49:57
DEV001908,hash_d3e263471ac33967,iOS,Chrome,2026-08-08 16:41:00,2026-09-04 21:45:59
DEV001909,hash_ab43bd837c4e1b98,Windows,Firefox,2026-08-05 19:01:41,2026-09-07 15:14:41
DEV001910,hash_8f1372bbdb55667b,Windows,Chrome,2024-12-14 00:10:46,2026-09-08 16:14:12
DEV001911,hash_8fca9026a73830e8,Windows,Firefox,2026-01-10 20:09:13,2026-09-01 11:46:32
DEV001912,hash_e37355f3037825ba,Android,Firefox,2025-08-28 09:38:13,2026-09-05 20:00:39
DEV001913,hash_62a765d3c6573806,iOS,Edge,2024-09-30 08:06:55,2026-08-23 11:43:59
DEV001914,hash_0ead4e04a93dbf91,Linux,Safari,2025-04-25 21:09:22,2026-08-24 23:41:48
DEV001915,hash_66384b25a9f9f36c,iOS,Edge,2025-09-13 15:31:18,2026-09-01 08:22:38
DEV001916,hash_5d89378ca82762b4,macOS,Chrome,2025-08-20 11:13:16,2026-08-26 22:11:09
DEV001917,hash_bb01e392505739f3,Windows,Edge,2025-10-13 11:15:57,2026-08-26 07:44:16
DEV001918,hash_5c8d5e9d0b874724,Windows,Safari,2025-12-14 14:59:54,2026-09-01 02:54:28
DEV001919,hash_129ddfde9194d072,iOS,Chrome,2026-08-31 02:38:34,2026-09-13 21:15:48
DEV001920,hash_16236b475e4815f7,macOS,Safari,2026-07-09 01:46:40,2026-09-07 09:34:12
DEV001921,hash_13d69792126ff5ed,Linux,Safari,2024-12-25 01:13:08,2026-08-29 21:35:41
DEV001922,hash_6da2c9e054777e31,Windows,Chrome,2026-03-29 17:50:59,2026-09-03 14:34:53
DEV001923,hash_eeefb65f91cfb235,Android,Edge,2025-08-03 23:05:59,2026-09-02 03:29:39
DEV001924,hash_fc199ebc97a92b57,iOS,Safari,2026-05-25 10:15:07,2026-09-07 14:03:51
DEV001925,hash_8c102bc1736b8385,macOS,Safari,2026-05-28 08:45:39,2026-08-23 12:32:23
DEV001926,hash_2f532a9fce0ae1dd,Android,Edge,2026-01-10 04:13:41,2026-08-25 17:10:53
DEV001927,hash_0022994ccdad7736,iOS,Chrome,2025-04-21 13:37:48,2026-08-19 20:11:13
DEV001928,hash_2b31b5e740ed4d57,macOS,Firefox,2026-02-14 07:04:46,2026-09-08 02:22:24
DEV001929,hash_03d11260aaaa7602,Android,Edge,2024-12-23 10:46:49,2026-08-24 01:39:53
DEV001930,hash_22cdf6a018999d8c,Android,Firefox,2025-02-16 02:54:05,2026-08-23 05:53:06
DEV001931,hash_12c33d134eb71327,iOS,Firefox,2025-12-28 16:13:33,2026-09-08 13:12:14
DEV001932,hash_b7696e0ec07c5f32,macOS,Edge,2024-12-01 13:13:40,2026-09-04 20:25:22
DEV001933,hash_882fdc647677450f,Linux,Edge,2025-10-02 15:56:55,2026-08-30 09:32:46
DEV001934,hash_094d4b8a67ee87f2,Linux,Edge,2025-03-15 11:43:25,2026-08-25 19:46:23
DEV001935,hash_12fe55f53732d5fe,iOS,Edge,2025-11-20 16:19:09,2026-08-17 22:34:57
DEV001936,hash_e4a8844f7d94a6ce,macOS,Firefox,2024-09-28 06:13:29,2026-09-02 01:46:58
DEV001937,hash_cc4282cd1474849f,Linux,Firefox,2026-07-30 09:31:34,2026-08-28 07:37:46
DEV001938,hash_7016e10521c106e7,macOS,Chrome,2025-06-18 12:01:34,2026-08-23 08:33:17
DEV001939,hash_f58a732875db9c81,Windows,Edge,2025-01-27 21:09:57,2026-09-09 02:21:41
DEV001940,hash_8b713ce4a6145f1b,macOS,Safari,2024-10-09 00:12:36,2026-08-18 17:56:30
DEV001941,hash_d7357f9d3cbb32de,iOS,Safari,2025-06-03 12:04:41,2026-09-05 13:28:31
DEV001942,hash_1d8385f333f8cf8c,Linux,Chrome,2024-12-11 16:47:15,2026-09-14 15:16:44
DEV001943,hash_c51c5229a145676d,macOS,Safari,2025-03-09 06:03:31,2026-08-21 12:22:40
DEV001944,hash_30396a9f4f0b5593,Android,Safari,2025-11-24 16:20:22,2026-08-26 12:51:23
DEV001945,hash_3bb1591b2e832bbe,Android,Firefox,2025-09-26 22:45:08,2026-08-28 04:09:02
DEV001946,hash_28960c250bb1bad8,Android,Chrome,2025-06-05 12:20:57,2026-09-01 21:39:06
DEV001947,hash_d7981e8b5a1ae461,Android,Safari,2026-05-04 18:24:54,2026-08-17 22:08:52
DEV001948,hash_cebbdf917c7d7f90,macOS,Safari,2026-05-05 07:51:19,2026-09-11 16:44:39
DEV001949,hash_4864d025fe418620,Linux,Edge,2025-04-09 22:38:38,2026-08-22 23:54:06
DEV001950,hash_ebf1f6a4ccaeb64c,Windows,Edge,2026-07-09 00:55:37,2026-09-09 16:14:09
DEV001951,hash_b601e5b201c363cd,Android,Chrome,2025-12-27 13:01:06,2026-08-20 17:06:01
DEV001952,hash_6bbdcd3d23e96b81,Linux,Edge,2026-03-16 20:35:17,2026-08-18 02:30:43
DEV001953,hash_4e612e346548dfc8,Windows,Edge,2026-09-03 21:55:13,2026-09-05 21:52:16
DEV001954,hash_66a247b77f14d81c,Windows,Edge,2026-05-27 18:26:28,2026-09-06 20:22:03
DEV001955,hash_733c4dee97d47986,Windows,Chrome,2026-06-29 20:45:02,2026-08-21 01:00:35
DEV001956,hash_d0f383cd6b775489,iOS,Edge,2024-12-05 10:12:48,2026-09-14 07:08:04
DEV001957,hash_58f99bf7e3f9899a,macOS,Chrome,2025-12-31 17:03:17,2026-08-20 14:27:03
DEV001958,hash_db9f658f41c6444b,Windows,Chrome,2026-06-15 21:27:12,2026-09-11 23:05:40
DEV001959,hash_681de32b05e6d708,iOS,Safari,2024-10-16 18:36:47,2026-09-09 06:49:12
DEV001960,hash_b2f3bc0050927470,iOS,Edge,2024-12-05 01:15:04,2026-08-23 18:23:20
DEV001961,hash_09a2737332fd7344,Linux,Edge,2026-01-16 10:55:12,2026-08-21 09:18:54
DEV001962,hash_45bbfb02f99cf98f,Linux,Edge,2026-07-22 14:25:47,2026-08-25 15:03:30
DEV001963,hash_2fbc98349dd03cde,macOS,Edge,2026-08-22 18:15:06,2026-09-02 05:06:19
DEV001964,hash_1c230f19143e77c2,Linux,Safari,2025-01-14 03:32:41,2026-08-29 20:06:50
DEV001965,hash_91be48c323299406,macOS,Firefox,2026-03-18 05:22:04,2026-09-06 02:10:18
DEV001966,hash_34b51e6552335cad,Android,Safari,2026-04-29 00:17:50,2026-09-09 05:10:42
DEV001967,hash_77489b6b97f3d71d,Android,Firefox,2025-10-06 06:55:39,2026-08-20 11:27:08
DEV001968,hash_598a2bd15e35b247,Android,Firefox,2025-01-12 00:31:37,2026-09-02 07:33:01
DEV001969,hash_293dffae876d9b13,macOS,Edge,2025-06-01 01:46:56,2026-08-22 08:16:57
DEV001970,hash_34d4ab34aca6dd4b,macOS,Safari,2024-12-18 16:49:26,2026-08-25 10:59:07
DEV001971,hash_fcc966c63c19ef42,Android,Safari,2025-08-21 05:49:15,2026-09-04 20:08:59
DEV001972,hash_4a3c2fe29d347254,Linux,Safari,2026-05-04 15:31:59,2026-08-15 23:26:28
DEV001973,hash_64ba82bf9c99f2bc,Windows,Safari,2025-03-23 17:16:08,2026-09-07 15:37:26
DEV001974,hash_a84f3d7569f876b9,macOS,Firefox,2025-06-06 06:54:48,2026-08-29 13:51:49
DEV001975,hash_f8ed8b6a4c6ced6d,Windows,Safari,2025-10-11 10:33:07,2026-08-23 23:18:02
DEV001976,hash_e6b03b0ddfe9a6ee,Windows,Firefox,2024-11-19 09:07:13,2026-08-28 13:41:48
DEV001977,hash_b5836d914eb13673,Windows,Chrome,2025-06-30 10:57:46,2026-09-04 19:17:10
DEV001978,hash_e58d55cbcaad515c,Windows,Chrome,2025-06-21 07:07:35,2026-08-27 13:44:15
DEV001979,hash_91c33f136540ecd1,Linux,Firefox,2025-01-09 22:29:02,2026-09-10 08:51:12
DEV001980,hash_9b828fabc0c36528,iOS,Safari,2025-08-07 17:43:04,2026-08-26 17:37:02
DEV001981,hash_940cbc1d469a09ee,macOS,Safari,2024-12-30 08:38:48,2026-09-05 11:22:51
DEV001982,hash_932df38139f6549b,Windows,Edge,2025-08-01 06:45:22,2026-09-04 12:38:45
DEV001983,hash_0465a8d7438806fe,Linux,Firefox,2026-08-12 17:23:45,2026-09-06 22:15:07
DEV001984,hash_397ab7cc256714d6,Android,Safari,2026-07-08 05:57:22,2026-09-09 17:07:50
DEV001985,hash_6b8d864280210c15,iOS,Edge,2026-05-24 08:48:02,2026-09-02 05:15:49
DEV001986,hash_ef67e86ab93a502f,iOS,Safari,2024-10-07 07:04:02,2026-09-06 03:24:27
DEV001987,hash_3fca14171989cdb9,iOS,Chrome,2025-01-05 06:08:03,2026-08-16 03:21:25
DEV001988,hash_020ab8a8f7a37987,Linux,Edge,2026-03-25 13:45:33,2026-09-09 18:31:15
DEV001989,hash_0fab0fb8210bf60a,iOS,Chrome,2024-11-07 05:20:00,2026-08-19 18:32:23
DEV001990,hash_7a8e854fdc449179,Android,Edge,2025-06-03 22:40:58,2026-08-30 22:32:24
DEV001991,hash_4d25d61453aab43a,Linux,Safari,2025-07-23 03:33:39,2026-08-23 15:13:05
DEV001992,hash_497d1e5c3155dc87,macOS,Safari,2025-08-17 07:56:23,2026-08-18 15:22:54
DEV001993,hash_78fd780c5630899b,Linux,Firefox,2025-07-16 15:15:38,2026-08-17 10:59:00
DEV001994,hash_c71a5cecdbf0d42a,iOS,Chrome,2026-02-08 22:49:18,2026-08-22 23:38:16
DEV001995,hash_0299e3553e933783,Android,Safari,2026-08-16 04:16:22,2026-09-12 13:10:25
DEV001996,hash_9112448d473407a3,macOS,Safari,2024-10-29 01:53:57,2026-09-09 21:21:06
DEV001997,hash_edcc6a9561aa142d,Android,Firefox,2025-05-01 20:56:56,2026-09-05 00:17:31
DEV001998,hash_9c6675cdb9398e8e,iOS,Chrome,2025-07-23 10:07:18,2026-09-11 12:46:08
DEV001999,hash_0702c1dbd2ad8a48,iOS,Safari,2026-07-24 16:19:50,2026-08-30 10:19:41
DEV002000,hash_22e8843e1b4c80a7,Android,Firefox,2026-03-28 14:55:56,2026-08-30 21:14:51
DEV002001,hash_dd20525ebbdcdd1f,macOS,Safari,2026-08-21 09:32:15,2026-09-01 08:44:18
DEV002002,hash_64bb419ddbc4ccdd,Windows,Edge,2024-09-20 07:33:15,2026-08-29 05:44:03
DEV002003,hash_54ad2b8630b874e1,Linux,Safari,2026-08-14 09:20:57,2026-09-10 06:41:16
DEV002004,hash_ad735097a0c4e637,macOS,Chrome,2026-01-01 06:56:47,2026-08-22 18:52:21
DEV002005,hash_f09ea0d08e2d33d0,macOS,Chrome,2026-03-12 02:41:32,2026-09-04 06:23:17
DEV002006,hash_92dba65fec35ed88,Linux,Firefox,2025-08-26 17:48:46,2026-08-25 14:45:50
DEV002007,hash_119bd998f1c3020d,Windows,Safari,2026-08-04 13:55:55,2026-09-11 02:04:03
DEV002008,hash_4c60507b8d73f2a6,iOS,Safari,2026-01-12 03:09:14,2026-09-06 02:54:03
DEV002009,hash_53c70de6b21d856b,macOS,Edge,2026-03-09 22:02:50,2026-09-01 10:00:44
DEV002010,hash_15ab1a4738a6484c,Android,Firefox,2026-08-04 15:42:19,2026-09-04 07:02:57
DEV002011,hash_8ac31e08ef3e9770,Linux,Safari,2026-05-09 10:45:21,2026-08-25 05:37:56
DEV002012,hash_e2908a400c4d862e,iOS,Safari,2026-07-30 10:48:16,2026-08-30 07:04:32
DEV002013,hash_2efe4238e3e7589e,iOS,Edge,2024-11-18 15:21:23,2026-08-17 10:50:22
DEV002014,hash_eecb343b28569821,iOS,Chrome,2025-11-05 14:43:57,2026-08-31 21:28:43
DEV002015,hash_3fa83ff8dba4444b,iOS,Safari,2025-07-14 02:15:09,2026-08-21 18:34:23
DEV002016,hash_4af1ff74751ffc03,iOS,Safari,2025-10-23 10:30:16,2026-09-10 21:49:56
DEV002017,hash_3539bd2268157607,Android,Chrome,2025-04-22 17:02:42,2026-08-26 00:47:05
DEV002018,hash_3b63be004d1f3b9a,macOS,Edge,2024-11-25 06:31:41,2026-09-09 11:54:24
DEV002019,hash_bdcfc42b8122a1db,macOS,Chrome,2025-11-16 18:16:47,2026-08-30 19:33:59
DEV002020,hash_8d5af123085d07e6,Windows,Firefox,2025-10-24 02:39:03,2026-09-01 04:43:14
DEV002021,hash_dc40410491af4892,Windows,Edge,2026-04-25 04:36:44,2026-08-23 10:12:41
DEV002022,hash_9523175bc0d5dc17,Android,Firefox,2024-10-02 08:51:32,2026-08-17 00:15:42
DEV002023,hash_ce01fa3fe2d8d2e6,Android,Edge,2026-08-06 17:00:05,2026-09-10 20:49:59
DEV002024,hash_e3a71aee702adf3b,Windows,Chrome,2025-12-18 09:18:49,2026-08-28 05:09:43
DEV002025,hash_437478bd773fbb30,iOS,Chrome,2025-03-20 15:08:44,2026-08-30 09:53:03
DEV002026,hash_3534f5214d564ca1,Windows,Chrome,2026-04-01 11:21:36,2026-09-05 04:18:02
DEV002027,hash_3a772b8027b8f178,Linux,Safari,2025-10-11 15:14:49,2026-08-21 00:26:24
DEV002028,hash_0c03b6d6f27eec3b,iOS,Firefox,2026-04-05 17:27:26,2026-08-18 13:36:28
DEV002029,hash_8f202a19d0a836ae,Linux,Safari,2026-06-29 20:29:54,2026-09-02 18:19:04
DEV002030,hash_640e50e76c1056b3,Windows,Firefox,2025-04-03 22:27:26,2026-09-09 07:02:44
DEV002031,hash_c06947d372cdfdd0,Windows,Firefox,2025-06-16 12:06:29,2026-08-21 16:01:07
DEV002032,hash_33777a8232efb83d,iOS,Firefox,2024-10-21 06:03:04,2026-08-21 17:06:36
DEV002033,hash_cb0fab8e9fa4ce21,iOS,Chrome,2025-08-28 17:18:28,2026-08-30 02:54:57
DEV002034,hash_04286ad922e40b50,iOS,Safari,2025-12-02 19:12:47,2026-08-15 21:50:24
DEV002035,hash_92d88eb166b9ce27,Android,Firefox,2025-09-01 03:31:17,2026-09-01 02:42:24
DEV002036,hash_e0b8773134544a6a,Android,Firefox,2025-03-16 13:25:09,2026-09-12 21:22:19
DEV002037,hash_382e80e8059f99d7,iOS,Safari,2025-11-27 11:44:33,2026-09-10 13:05:32
DEV002038,hash_77ec14306885ca47,macOS,Chrome,2026-07-02 02:47:17,2026-09-13 13:37:51
DEV002039,hash_b137d223bbeb914b,Android,Edge,2025-03-14 19:18:01,2026-09-01 15:56:18
DEV002040,hash_74cfb32bc88736e9,Windows,Chrome,2025-05-04 13:46:06,2026-08-29 11:16:26
DEV002041,hash_db1c71cb70029831,macOS,Firefox,2026-02-14 04:34:48,2026-09-12 11:05:11
DEV002042,hash_7a77a4dec6a1c1ef,Linux,Safari,2026-02-18 11:19:14,2026-08-22 10:50:40
DEV002043,hash_d057358dc03b3a8e,Windows,Firefox,2026-03-23 00:42:48,2026-09-02 23:46:42
DEV002044,hash_bf96abade60d9941,Android,Firefox,2025-10-22 19:32:04,2026-08-27 16:16:47
DEV002045,hash_a44a0d54472a9d93,Windows,Firefox,2024-12-04 21:49:05,2026-08-31 13:44:07
DEV002046,hash_1407a94b0e594ba4,iOS,Firefox,2025-10-20 07:36:21,2026-09-12 22:16:30
DEV002047,hash_94ebae5dbc165b0e,Linux,Safari,2025-02-10 17:44:10,2026-09-02 04:40:23
DEV002048,hash_7cd5babed0e99e5d,iOS,Firefox,2025-09-02 01:11:26,2026-08-20 09:55:48
DEV002049,hash_377f35c1076f632f,Windows,Firefox,2025-01-06 00:11:48,2026-09-05 07:44:00
DEV002050,hash_2086ba870bf2598c,Linux,Safari,2026-06-19 15:26:34,2026-09-04 15:50:33
DEV002051,hash_116f176a755d2764,Linux,Chrome,2024-11-16 19:51:07,2026-08-20 03:14:36
DEV002052,hash_7447b05217430eff,iOS,Firefox,2024-11-01 11:37:12,2026-09-05 06:47:42
DEV002053,hash_cc0cb19ca9736b18,iOS,Safari,2026-08-05 07:15:35,2026-08-21 23:18:03
DEV002054,hash_e18e763b0d57aef5,Windows,Chrome,2025-09-19 02:14:48,2026-08-26 02:00:29
DEV002055,hash_d0778d1f707904e0,macOS,Safari,2025-08-26 17:20:51,2026-08-19 10:43:38
DEV002056,hash_e212b2e8a91a0e8b,Linux,Edge,2025-06-28 00:23:21,2026-09-10 04:53:53
DEV002057,hash_c6b44036baca2a87,Android,Edge,2025-07-24 00:07:09,2026-09-13 05:06:53
DEV002058,hash_a2d4faa0a466c489,macOS,Safari,2025-11-22 08:10:23,2026-09-09 20:22:51
DEV002059,hash_42acdbbbd328bb73,macOS,Chrome,2026-05-12 02:35:28,2026-09-03 19:43:15
DEV002060,hash_c96288559f4ef5d6,Linux,Firefox,2026-07-23 11:46:48,2026-08-28 10:59:29
DEV002061,hash_438279e7ecf8022f,Android,Edge,2025-12-12 00:27:28,2026-09-08 20:56:31
DEV002062,hash_a3cb29bd5c1947e1,Linux,Firefox,2026-01-21 12:44:30,2026-09-05 05:05:19
DEV002063,hash_df556ba6896d3a54,macOS,Firefox,2025-08-21 23:55:51,2026-09-08 10:07:22
DEV002064,hash_ad79b370c9e2fc9e,macOS,Firefox,2026-04-05 12:26:19,2026-09-04 21:30:57
DEV002065,hash_817b676756e80e7e,Android,Firefox,2026-06-16 01:12:42,2026-08-23 13:29:30
DEV002066,hash_51107df927d23eca,Linux,Chrome,2025-01-04 07:03:14,2026-09-09 05:02:57
DEV002067,hash_f4ae5a44cd7b6acd,Linux,Safari,2024-12-21 22:00:31,2026-09-08 04:33:27
DEV002068,hash_64ea7b9562a189fb,Linux,Safari,2026-03-20 13:03:12,2026-09-06 21:02:24
DEV002069,hash_41357db8b66db5df,Linux,Firefox,2024-12-23 16:09:38,2026-09-09 13:40:13
DEV002070,hash_3f55f644f278b488,macOS,Firefox,2026-07-16 16:47:46,2026-09-10 08:15:36
DEV002071,hash_30084a02a0903f90,macOS,Chrome,2024-12-14 21:00:34,2026-08-25 23:30:45
DEV002072,hash_2fb1ce81cb5fb5b5,Android,Firefox,2025-09-02 22:07:15,2026-09-07 15:15:55
DEV002073,hash_1600fe9c15a42c52,Android,Chrome,2024-10-09 12:05:30,2026-08-23 06:29:51
DEV002074,hash_753840d987ea19f2,Linux,Chrome,2025-11-22 09:15:32,2026-09-02 14:04:08
DEV002075,hash_b26752853c573da8,Windows,Edge,2026-08-31 01:55:48,2026-08-21 10:08:18
DEV002076,hash_eb10052aceadfe1b,Linux,Chrome,2025-12-25 10:53:12,2026-09-04 11:50:33
DEV002077,hash_ea94a772ab6b897b,Android,Edge,2024-12-08 21:03:40,2026-08-21 12:35:08
DEV002078,hash_0caaf782dae5108b,macOS,Safari,2025-06-28 05:49:40,2026-09-12 09:55:13
DEV002079,hash_093ad01fb18ed96d,iOS,Firefox,2025-04-27 02:36:20,2026-08-17 14:41:53
DEV002080,hash_1a837f9e5a3ede12,Linux,Safari,2025-10-25 05:31:30,2026-08-23 02:22:43
DEV002081,hash_5adea2a4b1c72493,iOS,Safari,2024-12-14 15:07:12,2026-09-02 16:33:25
DEV002082,hash_e2c07b0fbc374a1e,Android,Edge,2025-05-09 00:27:08,2026-09-02 20:02:36
DEV002083,hash_2c33acb91a1e3904,iOS,Firefox,2025-05-07 17:25:25,2026-08-29 22:16:44
DEV002084,hash_7e02c8c1e7c2caa7,macOS,Safari,2025-09-26 14:33:17,2026-08-17 00:21:45
DEV002085,hash_38665e813ff1254b,Linux,Edge,2026-05-21 17:21:07,2026-08-22 14:13:15
DEV002086,hash_29de65e62e89a6ed,Android,Safari,2025-01-02 13:55:26,2026-09-13 06:43:41
DEV002087,hash_4a0d08aedb6e82cc,iOS,Firefox,2025-08-07 18:21:57,2026-08-18 00:26:55
DEV002088,hash_602c98871cecb536,iOS,Edge,2026-09-11 19:50:55,2026-08-30 11:18:28
DEV002089,hash_520c7748addb47c3,Windows,Edge,2026-08-05 17:28:25,2026-08-29 10:02:48
DEV002090,hash_f546f5eed9996d9d,iOS,Firefox,2025-02-28 14:58:32,2026-08-24 13:03:59
DEV002091,hash_bc6699ffbd731fcc,Android,Firefox,2026-06-12 09:50:38,2026-09-08 09:15:07
DEV002092,hash_f9e5c05333cda586,Windows,Safari,2024-09-15 19:07:38,2026-08-21 14:17:18
DEV002093,hash_715c8f854d529e8a,Android,Safari,2025-11-13 11:04:52,2026-09-01 13:58:17
DEV002094,hash_d732bacd8090661f,Linux,Edge,2024-11-05 15:44:25,2026-08-17 19:49:29
DEV002095,hash_996680b38231f16b,Linux,Safari,2025-08-04 12:24:40,2026-09-08 00:22:38
DEV002096,hash_455dc6140301a06c,macOS,Chrome,2025-12-03 06:50:30,2026-08-30 16:35:41
DEV002097,hash_2a8cbefecdefbf07,Android,Safari,2025-11-27 14:51:03,2026-09-06 14:49:13
DEV002098,hash_aee0ba179d254068,macOS,Safari,2026-08-14 10:49:03,2026-09-01 01:21:31
DEV002099,hash_9cb11b5912456606,Windows,Firefox,2026-05-14 01:39:13,2026-09-02 23:21:32
DEV002100,hash_ae8f191fc9bbdda4,macOS,Edge,2025-09-18 07:07:46,2026-09-14 01:28:08
DEV002101,hash_9fb8d4b841e39149,iOS,Edge,2024-12-26 07:59:47,2026-08-22 09:09:22
DEV002102,hash_a27921f66d58f5e0,iOS,Firefox,2025-10-11 05:43:35,2026-09-07 00:47:44
DEV002103,hash_e0ad8c81f297ca6e,Linux,Safari,2026-04-28 18:58:03,2026-09-06 11:58:18
DEV002104,hash_3bb11ffe6a036e2f,Windows,Firefox,2026-02-14 10:08:32,2026-09-06 10:58:33
DEV002105,hash_ebd9216573cd3e91,macOS,Edge,2025-01-07 21:28:58,2026-08-31 10:40:13
DEV002106,hash_cb77624651a3dfe4,iOS,Firefox,2024-11-22 13:11:52,2026-09-04 13:01:03
DEV002107,hash_5bd3494be97c0337,Linux,Firefox,2025-07-11 22:49:55,2026-08-26 23:01:25
DEV002108,hash_6b19b289047d4bc7,Android,Edge,2026-08-14 10:01:06,2026-09-03 20:26:13
DEV002109,hash_8af0cf0c596b0c6f,Android,Firefox,2025-06-04 11:37:28,2026-09-10 22:04:13
DEV002110,hash_9ac62e25cf3cc829,iOS,Chrome,2024-10-19 18:23:14,2026-09-06 04:00:38
DEV002111,hash_5e6f46b9a77465af,Linux,Firefox,2026-04-08 18:39:17,2026-08-29 02:55:53
DEV002112,hash_97affdcd26a1ff29,Windows,Chrome,2026-01-28 21:00:10,2026-08-19 22:54:39
DEV002113,hash_52949fbd12431159,macOS,Firefox,2026-07-18 18:47:26,2026-08-23 16:43:16
DEV002114,hash_26d189220ac33b9c,Linux,Safari,2026-03-17 11:34:13,2026-08-16 20:39:53
DEV002115,hash_c1e84c4a50d8929c,Linux,Edge,2025-12-02 11:00:06,2026-08-30 15:36:00
DEV002116,hash_6f9698453b8b1bf7,iOS,Edge,2025-11-23 22:52:15,2026-08-21 15:58:55
DEV002117,hash_b85f20e5ab1aa0c5,iOS,Edge,2026-01-27 07:40:35,2026-09-11 19:27:33
DEV002118,hash_d3a085ec2c1fd0db,Linux,Safari,2024-11-19 07:35:42,2026-08-24 23:57:34
DEV002119,hash_c391ef93aa012ab9,iOS,Chrome,2026-01-07 17:43:32,2026-09-10 23:02:55
DEV002120,hash_6081f8de6e74745d,Android,Safari,2025-12-06 05:36:48,2026-08-18 05:22:09
DEV002121,hash_425b8476a9ca7237,Linux,Chrome,2025-12-01 02:22:18,2026-09-09 23:39:12
DEV002122,hash_ab37ff0aa574625f,Linux,Safari,2025-02-08 06:50:27,2026-09-07 18:09:17
DEV002123,hash_31ccd55c18db494a,iOS,Chrome,2025-10-09 14:06:44,2026-08-16 13:30:40
DEV002124,hash_a79a80da3918d757,Linux,Chrome,2024-12-16 14:29:13,2026-09-10 11:25:38
DEV002125,hash_45c9db9b0b29fc3a,Linux,Firefox,2025-01-31 18:54:21,2026-08-16 13:52:18
DEV002126,hash_db049d89b451c12b,iOS,Chrome,2025-04-15 17:55:08,2026-08-25 15:32:46
DEV002127,hash_a4721ca1d1a4e006,Android,Firefox,2025-03-23 16:43:17,2026-09-12 18:59:38
DEV002128,hash_26defcafd9ba9cdb,Android,Firefox,2025-08-25 05:17:01,2026-08-19 18:23:17
DEV002129,hash_138664e3c8386cbc,Windows,Safari,2026-06-02 22:20:39,2026-09-10 13:23:23
DEV002130,hash_a9a9bd7682e89b5e,Android,Safari,2025-12-29 12:50:23,2026-08-31 05:05:43
DEV002131,hash_2755d94289cfc27c,macOS,Edge,2025-07-23 06:18:04,2026-09-13 05:52:34
DEV002132,hash_7fdf76ae89293c77,macOS,Safari,2024-10-19 02:48:07,2026-09-08 12:22:25
DEV002133,hash_0228de49e4c4e73c,Android,Chrome,2026-07-15 16:36:44,2026-08-16 18:52:11
DEV002134,hash_53a3b34e87e504ce,Windows,Chrome,2025-06-05 05:29:44,2026-09-05 20:55:41
DEV002135,hash_4f2e8a0863b3dfd0,Windows,Firefox,2025-02-01 09:09:33,2026-09-04 19:12:07
DEV002136,hash_d639d8aad650e1f3,Android,Chrome,2024-10-02 20:41:59,2026-09-10 06:48:58
DEV002137,hash_6365798bcb6bb8fe,iOS,Edge,2025-05-18 16:41:00,2026-09-03 04:50:28
DEV002138,hash_a36661547136e9e5,Linux,Edge,2025-04-01 22:23:15,2026-08-20 01:49:04
DEV002139,hash_d4f7f15f3e9af4fb,Windows,Safari,2024-12-12 05:22:36,2026-08-20 11:29:53
DEV002140,hash_bc9b944fc6a3e5d4,macOS,Edge,2025-11-08 23:44:37,2026-08-23 19:40:55
DEV002141,hash_f21b76e3482202f9,macOS,Safari,2025-04-23 19:35:16,2026-08-22 15:34:41
DEV002142,hash_becfa316c66b0a01,Android,Edge,2025-02-03 01:26:30,2026-08-28 01:30:31
DEV002143,hash_2119e1c1b9668355,iOS,Safari,2026-05-03 22:29:01,2026-08-20 00:11:27
DEV002144,hash_2e27a7f7a893b7e0,Android,Firefox,2025-01-11 23:15:09,2026-08-30 13:12:26
DEV002145,hash_ee1f18acb701001e,macOS,Firefox,2025-07-27 12:25:44,2026-08-23 20:53:16
DEV002146,hash_1339ff4a2dd5f005,iOS,Firefox,2024-10-29 22:28:39,2026-09-14 11:40:54
DEV002147,hash_4e3e4f5f04612c71,Android,Chrome,2025-05-24 20:06:15,2026-08-24 11:10:47
DEV002148,hash_29c09a8548c95572,Linux,Safari,2024-10-05 06:45:13,2026-08-18 11:55:32
DEV002149,hash_378a91e6882a6ff5,Android,Safari,2025-05-03 15:49:20,2026-09-03 14:04:43
DEV002150,hash_7c501ef8bb94c73b,Linux,Chrome,2024-11-29 20:58:18,2026-08-31 04:38:29
DEV002151,hash_789759ef170d5c13,Linux,Edge,2025-01-02 19:54:11,2026-09-04 16:44:22
DEV002152,hash_d34c41f22746cfa4,macOS,Safari,2026-08-08 19:10:41,2026-08-31 09:30:25
DEV002153,hash_b0cebeff934b45a8,Linux,Chrome,2025-04-02 12:29:23,2026-09-02 21:16:14
DEV002154,hash_292faba1a6d50103,Linux,Firefox,2026-06-19 02:27:50,2026-08-21 12:42:07
DEV002155,hash_bc4047fa1c6386f7,Linux,Chrome,2024-10-24 11:19:27,2026-08-25 11:45:53
DEV002156,hash_3826ad580e98686d,macOS,Edge,2025-03-19 07:08:30,2026-09-13 15:19:36
DEV002157,hash_055c1cac68ea0d22,iOS,Chrome,2025-12-13 08:37:11,2026-08-27 03:17:53
DEV002158,hash_0160c1c40ff8a84c,Windows,Firefox,2025-10-02 02:02:56,2026-09-09 08:21:10
DEV002159,hash_294a8a71bf7ca627,Linux,Safari,2026-04-21 13:48:42,2026-09-09 03:27:34
DEV002160,hash_8b41bcd931821fde,macOS,Firefox,2025-07-10 06:04:25,2026-08-21 05:50:44
DEV002161,hash_18ab202bdf7ad7b0,Android,Safari,2025-04-11 08:07:46,2026-08-18 14:24:26
DEV002162,hash_0be1bd38a1be3068,Windows,Firefox,2025-05-19 10:28:03,2026-09-07 05:19:29
DEV002163,hash_3e8898974528bbd1,Linux,Firefox,2025-11-17 19:10:13,2026-09-04 10:02:40
DEV002164,hash_b5b46dcd8cc1e036,Android,Safari,2024-11-04 00:28:32,2026-09-08 03:52:00
DEV002165,hash_b069acba8d9b4935,iOS,Edge,2024-10-06 15:06:04,2026-09-04 10:31:50
DEV002166,hash_cf70ea88d7aae31f,Linux,Firefox,2026-01-19 06:18:42,2026-08-27 00:05:36
DEV002167,hash_c7422b51a8f4c2dc,Linux,Chrome,2026-08-24 21:30:10,2026-08-16 13:27:47
DEV002168,hash_737b69610f44a6f1,macOS,Edge,2025-04-11 05:44:50,2026-09-11 13:18:38
DEV002169,hash_d298345c29fcd3e2,macOS,Edge,2025-12-13 11:17:49,2026-08-20 14:01:59
DEV002170,hash_3e7b15a3eefdf1cf,iOS,Firefox,2025-03-24 11:54:39,2026-09-11 14:02:49
DEV002171,hash_8e499061d805aa2b,iOS,Edge,2026-02-02 06:02:07,2026-08-21 18:04:02
DEV002172,hash_ca23792cac553173,iOS,Firefox,2025-05-08 18:38:27,2026-09-12 05:49:12
DEV002173,hash_7bd0a126d086d4d6,macOS,Chrome,2025-07-27 02:32:22,2026-09-06 07:22:23
DEV002174,hash_5612ad538172d09d,Android,Edge,2024-11-18 08:24:40,2026-09-08 22:48:43
DEV002175,hash_65cc59d62d520b16,macOS,Chrome,2025-02-19 04:57:27,2026-08-22 13:38:08
DEV002176,hash_6f1e20503f71edab,Linux,Safari,2025-07-01 03:09:35,2026-09-10 21:25:26
DEV002177,hash_c6e79a7bf712e813,Android,Chrome,2025-01-22 19:30:13,2026-08-27 13:23:59
DEV002178,hash_130aef28f92031df,iOS,Firefox,2025-11-05 16:38:11,2026-09-05 05:28:24
DEV002179,hash_817ed3f4a9f05ec4,iOS,Firefox,2026-08-23 03:42:07,2026-09-11 14:33:55
DEV002180,hash_39c1801be66aeaff,Linux,Firefox,2025-08-31 01:19:38,2026-08-17 16:27:26
DEV002181,hash_ac4b7dbd1961da1f,Linux,Firefox,2024-09-14 22:54:25,2026-09-07 05:07:29
DEV002182,hash_e5d06bcf596d88dc,iOS,Edge,2026-06-20 08:51:24,2026-08-29 16:45:58
DEV002183,hash_999f46ebbcb760a9,Android,Edge,2026-02-03 10:08:43,2026-08-23 18:46:47
DEV002184,hash_b54fae0b534b3dbb,Android,Edge,2024-09-14 14:22:01,2026-08-18 13:52:30
DEV002185,hash_e54984aef3e205de,macOS,Edge,2026-09-09 06:04:27,2026-09-08 01:33:13
DEV002186,hash_1850147b62b97bbf,Android,Edge,2025-04-14 10:58:55,2026-09-13 16:19:57
DEV002187,hash_a10ff3dbc1699add,Windows,Firefox,2025-03-28 01:09:18,2026-09-03 02:40:37
DEV002188,hash_a28284df019b2b5d,Linux,Chrome,2025-06-14 03:09:03,2026-08-25 23:38:33
DEV002189,hash_a778f14edb36840c,Windows,Firefox,2025-12-12 16:24:12,2026-09-09 10:20:30
DEV002190,hash_133727c0c533fd1e,Linux,Firefox,2025-04-20 16:16:07,2026-08-17 20:45:34
DEV002191,hash_9b509cd77793231f,macOS,Edge,2025-01-17 13:15:50,2026-09-10 14:01:30
DEV002192,hash_75ecc9191de53888,Linux,Chrome,2025-11-25 12:50:51,2026-08-19 01:14:47
DEV002193,hash_f84dca4b5a332b7d,Linux,Edge,2025-05-05 16:33:04,2026-08-20 00:17:30
DEV002194,hash_da6d33da945dbe02,Linux,Firefox,2025-07-18 05:15:48,2026-08-21 15:02:40
DEV002195,hash_b159f8a48a802429,Windows,Safari,2026-06-21 05:51:10,2026-08-22 10:28:13
DEV002196,hash_7f5ac17aa926550e,iOS,Chrome,2026-03-31 08:36:03,2026-09-11 16:06:40
DEV002197,hash_b7584252fd9ced09,iOS,Edge,2025-04-19 05:43:34,2026-09-05 15:02:19
DEV002198,hash_5e5f27a9607a93ea,macOS,Edge,2025-02-24 22:46:41,2026-09-14 06:59:11
DEV002199,hash_2bba86f4c3831cda,Linux,Safari,2025-10-11 06:46:39,2026-08-31 02:37:01
DEV002200,hash_d455b87e93229023,Android,Firefox,2026-08-01 17:55:32,2026-09-01 06:57:54
DEV002201,hash_72be5fb852dc383c,iOS,Safari,2026-01-20 12:40:15,2026-08-28 08:16:23
DEV002202,hash_81d9cff99de2d8ca,Linux,Firefox,2026-04-21 19:28:45,2026-09-06 15:13:15
DEV002203,hash_537e95ed57eaefa6,iOS,Safari,2025-04-14 05:34:47,2026-08-27 14:17:35
DEV002204,hash_6f6656b4abd14dd5,Android,Edge,2026-02-10 13:59:04,2026-08-31 06:30:06
DEV002205,hash_4c40a716bcf8fa8f,iOS,Chrome,2025-06-06 12:41:14,2026-08-25 21:09:38
DEV002206,hash_44a3521a71eeea51,macOS,Firefox,2025-09-06 07:31:37,2026-09-13 18:15:00
DEV002207,hash_9e0a294ec3cc0aac,macOS,Edge,2025-05-27 07:07:58,2026-08-16 10:15:40
DEV002208,hash_fd0be52c971ba682,Windows,Chrome,2026-08-25 02:46:51,2026-08-22 03:34:04
DEV002209,hash_70186dcec3b44bae,Linux,Edge,2026-01-29 06:49:20,2026-08-15 18:09:05
DEV002210,hash_058729f37c03af35,Linux,Chrome,2025-12-31 00:51:13,2026-09-07 18:57:45
DEV002211,hash_c8271dd98da18439,Linux,Edge,2024-09-17 12:01:01,2026-08-16 02:55:33
DEV002212,hash_af9dcdf04e9720a0,macOS,Safari,2026-02-18 16:24:08,2026-08-24 01:57:00
DEV002213,hash_5a18f5578f2473da,Linux,Safari,2025-08-01 02:09:47,2026-09-11 15:18:32
DEV002214,hash_469acda367d73e57,Android,Firefox,2026-08-10 13:15:16,2026-09-08 09:27:54
DEV002215,hash_9bb718a5cd7f9010,Linux,Safari,2026-04-29 09:37:42,2026-09-03 17:24:03
DEV002216,hash_69343f601ccfb86d,macOS,Firefox,2025-11-06 03:44:36,2026-08-19 14:18:40
DEV002217,hash_d6c1de5749fa485d,macOS,Safari,2026-05-18 16:40:45,2026-08-19 10:05:13
DEV002218,hash_660f1b0b34cd510f,Linux,Chrome,2025-11-06 13:23:50,2026-08-17 03:49:21
DEV002219,hash_617d7629ff4b3804,Windows,Chrome,2026-08-08 10:59:51,2026-09-06 06:26:04
DEV002220,hash_4a3e790343e587b9,Windows,Chrome,2026-02-18 07:49:05,2026-08-21 15:33:20
DEV002221,hash_9adc8fe3cad67b77,iOS,Edge,2025-06-15 08:32:41,2026-09-02 22:16:35
DEV002222,hash_0289a49ce036f00d,Windows,Firefox,2026-06-18 21:20:45,2026-09-13 20:20:38
DEV002223,hash_d5f00f271e46c88e,Android,Firefox,2025-06-19 05:12:40,2026-09-03 10:21:49
DEV002224,hash_23b8f54266023be3,macOS,Chrome,2025-01-29 19:14:39,2026-08-16 01:35:21
DEV002225,hash_66747987658ea17a,Windows,Chrome,2024-12-20 02:00:47,2026-09-07 02:50:31
DEV002226,hash_d7018ade04a0c599,Linux,Firefox,2025-06-28 22:30:20,2026-08-25 00:37:00
DEV002227,hash_88de40474543646b,Windows,Safari,2025-08-25 11:46:27,2026-08-16 02:40:30
DEV002228,hash_1ab84c1b85243095,iOS,Chrome,2025-03-05 05:41:32,2026-08-16 14:48:48
DEV002229,hash_e09419818e687e83,Linux,Firefox,2026-04-26 06:14:17,2026-08-29 07:18:41
DEV002230,hash_aa6cfab9dffbad37,Android,Safari,2026-02-24 18:41:55,2026-09-02 00:39:28
DEV002231,hash_4e1c6d6a7b82ff4c,Linux,Firefox,2025-02-09 22:16:57,2026-08-20 00:35:04
DEV002232,hash_985235359e6d3d62,macOS,Safari,2026-06-10 04:49:24,2026-09-14 10:28:43
DEV002233,hash_dac7bffad55a3290,Android,Safari,2026-01-12 19:30:01,2026-08-30 08:59:40
DEV002234,hash_fbf7ad206a7e95d2,iOS,Chrome,2026-06-04 02:11:04,2026-08-26 09:25:18
DEV002235,hash_ecea934f263d979a,macOS,Safari,2025-03-15 03:07:50,2026-09-08 15:05:41
DEV002236,hash_0341f831ea4a742b,Android,Chrome,2025-06-23 03:02:28,2026-08-17 10:38:11
DEV002237,hash_0bc1b150367d9aad,Windows,Edge,2025-04-20 05:55:26,2026-09-08 13:57:49
DEV002238,hash_adc77c49c2806fd5,macOS,Chrome,2026-08-17 17:29:22,2026-09-14 01:50:19
DEV002239,hash_e37b96309798b4e0,Linux,Safari,2025-02-23 13:53:51,2026-08-16 00:04:46
DEV002240,hash_340bd8b6a521f3ae,Android,Safari,2025-02-13 11:34:07,2026-09-03 21:14:23
DEV002241,hash_4af3e1d7632cd092,Android,Safari,2024-12-09 08:26:21,2026-08-29 02:53:57
DEV002242,hash_90b9ae31c46ac405,iOS,Edge,2025-11-30 05:04:50,2026-09-08 22:41:15
DEV002243,hash_8a96b857fa8f3923,Windows,Edge,2025-10-02 21:17:04,2026-08-23 22:23:10
DEV002244,hash_91c9964472e63a67,Android,Edge,2025-11-16 18:16:03,2026-08-25 01:31:29
DEV002245,hash_b894550ae9faa206,Android,Chrome,2026-02-08 16:31:32,2026-09-12 02:51:45
DEV002246,hash_78dbd04e87e3c955,iOS,Edge,2026-02-18 06:30:23,2026-09-13 22:16:48
DEV002247,hash_a48a8be5e0d0dacc,Android,Chrome,2025-11-27 03:13:25,2026-08-24 04:16:19
DEV002248,hash_a18abfa81ced7991,iOS,Edge,2024-11-03 22:39:23,2026-09-13 05:01:39
DEV002249,hash_e37861215f5310d7,Android,Chrome,2024-12-22 18:55:55,2026-08-18 19:33:14
DEV002250,hash_4579609a3b1dfabe,Windows,Safari,2024-12-22 03:43:49,2026-08-28 06:15:01
DEV002251,hash_f80bba34f31f2408,Windows,Firefox,2026-09-09 07:07:45,2026-09-12 07:45:05
DEV002252,hash_9865f96f99f8d290,Android,Edge,2026-07-10 15:31:47,2026-08-26 17:21:53
DEV002253,hash_4635d22a7be40393,Windows,Edge,2026-07-30 11:20:02,2026-09-10 01:11:54
DEV002254,hash_e702d3cb8f021e9c,macOS,Safari,2026-04-03 07:54:20,2026-08-28 23:22:52
DEV002255,hash_4d06b31c2a329b37,Android,Edge,2025-02-10 04:37:05,2026-08-16 18:41:59
DEV002256,hash_c992e0cc244a9ac8,iOS,Chrome,2026-03-06 10:26:16,2026-09-10 12:41:16
DEV002257,hash_e90052ed52d7ed32,Windows,Edge,2026-01-04 10:32:47,2026-08-27 22:26:25
DEV002258,hash_7a49ae9cdf4b4c19,iOS,Safari,2026-02-24 21:02:51,2026-09-11 20:20:54
DEV002259,hash_6ceb9d92eeb450c8,iOS,Firefox,2026-08-01 02:27:33,2026-09-06 16:37:42
DEV002260,hash_dae86239f05e6b17,iOS,Chrome,2024-09-15 16:41:21,2026-09-05 09:23:25
DEV002261,hash_0206ad9d9be6aa29,Windows,Firefox,2026-01-25 00:43:25,2026-08-18 04:11:26
DEV002262,hash_ee8f0a8837280c98,Windows,Edge,2026-07-09 09:20:47,2026-08-31 08:05:15
DEV002263,hash_0786bad1cb0a7314,Windows,Edge,2025-08-16 03:31:42,2026-09-04 09:48:39
DEV002264,hash_7afb83cc4eab6bdd,macOS,Safari,2025-04-15 00:38:23,2026-08-21 13:34:39
DEV002265,hash_49dff7488a8b0677,Windows,Safari,2026-02-24 11:35:55,2026-09-09 19:37:25
DEV002266,hash_390bde0d98e7d92b,Linux,Edge,2025-09-11 14:03:11,2026-09-08 17:09:09
DEV002267,hash_2bb4778553859e02,Android,Firefox,2025-06-21 22:34:10,2026-09-09 18:24:50
DEV002268,hash_39a84a8388ccf7ad,Windows,Chrome,2026-04-26 17:26:11,2026-08-17 18:24:22
DEV002269,hash_d4977ff67d359603,Android,Firefox,2026-08-01 15:31:03,2026-08-26 13:23:01
DEV002270,hash_5540990249979fe3,Windows,Firefox,2024-10-20 15:43:50,2026-08-29 03:34:53
DEV002271,hash_2a8daa451a04409f,Linux,Chrome,2026-08-28 12:18:15,2026-09-05 01:10:26
DEV002272,hash_bdb3a39d00d9dc89,iOS,Edge,2025-11-01 17:05:35,2026-09-06 10:43:39
DEV002273,hash_a88db0f320b2a35f,iOS,Chrome,2025-05-17 19:25:25,2026-08-15 21:46:37
DEV002274,hash_de71a4acee367214,Android,Edge,2025-07-15 13:01:30,2026-08-25 02:30:03
DEV002275,hash_ec529f2b3ca0cbd6,iOS,Edge,2025-06-01 03:36:53,2026-08-19 15:04:49
DEV002276,hash_28349f057ea19c4a,macOS,Safari,2026-07-29 18:28:13,2026-09-12 09:59:03
DEV002277,hash_a47d5fb6893bfecf,Linux,Firefox,2026-06-03 12:21:37,2026-08-16 21:19:35
DEV002278,hash_58b48e1d9e1387b0,Linux,Safari,2026-04-09 23:12:07,2026-08-26 14:38:30
DEV002279,hash_acd3cc0bb65d95c2,Windows,Safari,2026-03-03 18:22:13,2026-09-05 05:33:08
DEV002280,hash_2e52635d2bc4a319,Linux,Safari,2024-11-10 23:54:54,2026-08-27 19:01:07
DEV002281,hash_ae6791cd2b998363,Windows,Firefox,2025-02-14 02:17:45,2026-08-23 15:24:03
DEV002282,hash_dbf5aafeb67a3c07,Windows,Chrome,2025-05-27 21:26:17,2026-08-30 17:52:52
DEV002283,hash_1d9ba45067f4df95,Linux,Safari,2024-11-01 23:44:43,2026-08-20 08:27:36
DEV002284,hash_5e4532ec7d3fb84a,Linux,Chrome,2024-10-05 19:49:54,2026-09-07 22:58:03
DEV002285,hash_110a156d72d932a4,Android,Safari,2025-08-15 16:21:28,2026-08-16 19:45:19
DEV002286,hash_0d5ea574ea8e8131,Linux,Chrome,2025-12-18 09:49:12,2026-08-31 21:15:24
DEV002287,hash_4efac3025cff7279,Linux,Chrome,2026-06-29 00:26:35,2026-08-27 19:30:51
DEV002288,hash_72bfa6934221ad1e,macOS,Safari,2025-03-25 03:31:21,2026-08-20 21:24:34
DEV002289,hash_78bbd25144ed3d94,iOS,Safari,2025-09-17 00:21:08,2026-08-27 05:28:28
DEV002290,hash_36feb3a6a37d299e,Windows,Firefox,2025-06-05 21:15:18,2026-08-18 07:11:05
DEV002291,hash_703863384c2d189b,Linux,Safari,2026-06-14 08:36:36,2026-08-31 20:25:29
DEV002292,hash_d550f98f1cb4e0cf,macOS,Chrome,2025-10-22 19:41:27,2026-08-27 03:35:32
DEV002293,hash_94a0f4355b3d7f2a,Windows,Edge,2024-11-09 19:24:09,2026-09-13 18:46:32
DEV002294,hash_428c92a6330e6bd9,Windows,Firefox,2026-01-08 09:48:13,2026-09-05 22:41:23
DEV002295,hash_5557bd350961b319,iOS,Edge,2026-04-30 16:04:33,2026-08-20 07:13:50
DEV002296,hash_88c8e83a82b3158f,Android,Firefox,2026-01-12 21:35:30,2026-09-06 07:55:30
DEV002297,hash_1ff3a9f831faf7e0,Linux,Firefox,2025-12-07 20:22:00,2026-08-21 17:11:57
DEV002298,hash_15490c7e6bd95a4f,Android,Firefox,2024-11-19 14:43:42,2026-08-18 14:28:17
DEV002299,hash_d353db1c3d596f7b,Linux,Firefox,2026-08-27 05:02:26,2026-08-17 06:36:51
DEV002300,hash_efb3eb376d57ffd7,Android,Edge,2025-07-04 07:24:04,2026-08-30 20:45:47
DEV002301,hash_88f25856818b0652,iOS,Chrome,2026-08-06 12:36:34,2026-08-18 19:31:46
DEV002302,hash_cb5e0dab5a45b8cc,iOS,Edge,2026-05-15 01:49:46,2026-08-21 20:21:21
DEV002303,hash_79a7e05a8b160a4d,iOS,Chrome,2024-11-01 08:03:05,2026-09-06 02:38:18
DEV002304,hash_d3c4079449058e12,Linux,Edge,2024-10-26 17:35:02,2026-08-30 07:00:19
DEV002305,hash_50e363d52f17a43f,Android,Safari,2026-01-01 13:14:22,2026-09-05 14:53:42
DEV002306,hash_1f4a47062e795ba5,macOS,Safari,2024-11-04 06:39:55,2026-08-20 14:24:13
DEV002307,hash_53a3939e689998d6,iOS,Safari,2026-02-22 10:57:47,2026-08-18 08:45:58
DEV002308,hash_39f7113dba9bb777,macOS,Chrome,2025-11-22 13:34:18,2026-08-18 04:35:13
DEV002309,hash_830ad57d19fdaf3b,Linux,Chrome,2025-05-01 05:53:35,2026-09-03 04:11:38
DEV002310,hash_6cc359255b3292fd,macOS,Firefox,2025-07-23 04:09:40,2026-08-20 07:24:59
DEV002311,hash_477ab8874ae3ba94,macOS,Edge,2026-01-06 15:35:20,2026-09-04 14:44:29
DEV002312,hash_bc376bf5166e6aeb,macOS,Edge,2025-03-14 05:46:06,2026-09-13 18:19:21
DEV002313,hash_60ff9567be07d0c9,iOS,Edge,2026-05-18 19:50:25,2026-08-16 04:07:25
DEV002314,hash_eea0e30e96bee52e,Android,Safari,2025-09-01 08:26:39,2026-09-03 07:03:55
DEV002315,hash_35bc040f3977c6c3,macOS,Firefox,2025-09-09 17:43:50,2026-09-05 10:32:43
DEV002316,hash_9ac725209670efb3,Linux,Safari,2026-07-29 15:28:56,2026-08-20 13:45:48
DEV002317,hash_60462998e37f24d7,macOS,Safari,2025-06-04 23:09:21,2026-08-16 22:01:32
DEV002318,hash_e7f1ec14f8bf491d,Windows,Chrome,2025-09-01 20:51:01,2026-09-09 18:21:46
DEV002319,hash_966925ed9c0e2e5e,Linux,Chrome,2025-05-27 02:13:10,2026-09-13 04:37:05
DEV002320,hash_097452d8b082a958,Android,Chrome,2025-02-10 16:21:28,2026-08-20 21:36:10
DEV002321,hash_9877c24c8842955a,Linux,Safari,2024-12-02 22:31:12,2026-08-16 06:05:00
DEV002322,hash_3a5604b37acd003a,Linux,Chrome,2025-12-20 11:06:51,2026-08-18 22:27:40
DEV002323,hash_e7ea6db48802bbd2,iOS,Safari,2025-12-18 16:27:05,2026-08-25 01:20:36
DEV002324,hash_185f014a29e9efa2,Android,Edge,2026-08-17 14:55:28,2026-09-12 11:36:23
DEV002325,hash_85a63296a9dfcc0c,Windows,Safari,2024-12-21 00:42:49,2026-09-09 08:40:30
DEV002326,hash_a68a84572b924e09,Windows,Edge,2025-04-01 05:45:55,2026-09-01 21:49:36
DEV002327,hash_bc72873246e53c29,Linux,Safari,2025-08-07 04:23:07,2026-09-08 00:38:13
DEV002328,hash_c046f2979e876040,Linux,Edge,2026-03-31 00:11:54,2026-09-06 05:47:27
DEV002329,hash_5ee6fdea9534ee94,macOS,Firefox,2025-02-05 14:06:34,2026-08-27 11:03:33
DEV002330,hash_e92cb8ed8fa05149,Windows,Edge,2024-12-30 02:39:04,2026-08-17 19:06:44
DEV002331,hash_a296884f541eb2a4,Linux,Safari,2024-10-31 03:53:00,2026-08-21 20:31:29
DEV002332,hash_85181eb4c1157613,iOS,Chrome,2025-05-14 06:08:14,2026-09-13 00:47:02
DEV002333,hash_97a35108d7b3c866,Android,Firefox,2025-08-18 17:02:38,2026-09-09 13:36:03
DEV002334,hash_124b035f24b9be69,macOS,Edge,2026-02-02 08:54:26,2026-09-02 00:34:03
DEV002335,hash_89efa861bb2b35a2,Linux,Chrome,2025-05-13 21:12:55,2026-09-12 23:47:10
DEV002336,hash_233d9eb3d1eba173,Windows,Firefox,2026-08-02 17:58:42,2026-09-10 22:14:39
DEV002337,hash_9bc27450a3a90472,macOS,Chrome,2026-05-09 12:31:59,2026-08-22 17:25:52
DEV002338,hash_03aefa62764da243,Windows,Safari,2025-01-06 16:09:00,2026-09-07 10:48:03
DEV002339,hash_f72a1b7aea78b088,Windows,Safari,2025-05-11 22:21:15,2026-09-13 22:41:45
DEV002340,hash_19504cc0cf962bfa,Windows,Firefox,2025-06-07 12:22:16,2026-08-29 18:52:48
DEV002341,hash_7f101f156cea8e8a,iOS,Edge,2025-06-27 15:44:07,2026-08-16 01:10:55
DEV002342,hash_85fb94a6fb672437,Android,Chrome,2025-10-21 06:30:42,2026-09-13 03:01:05
DEV002343,hash_b9e2f6e02ea64fad,iOS,Chrome,2026-02-07 00:13:49,2026-08-22 16:14:15
DEV002344,hash_8735b2bb35bd51ea,Linux,Safari,2024-10-28 16:43:28,2026-08-27 04:20:32
DEV002345,hash_6f35fae2c0821f39,Linux,Chrome,2025-10-13 01:25:18,2026-09-11 19:34:21
DEV002346,hash_14f872f6c67e0a01,Linux,Firefox,2026-07-13 03:36:55,2026-08-18 07:23:17
DEV002347,hash_fc6f2e6e9c18e0ba,macOS,Chrome,2025-08-08 00:02:09,2026-09-01 08:20:27
DEV002348,hash_f1fc8f26466d19a5,Windows,Chrome,2025-02-12 22:53:56,2026-08-25 09:12:58
DEV002349,hash_d2316495e333b8d0,Android,Firefox,2026-01-24 17:03:10,2026-08-25 10:15:08
DEV002350,hash_1af9469ad55957c2,macOS,Edge,2026-05-17 02:37:28,2026-08-18 23:27:44
DEV002351,hash_0c07cdc393bc506c,Windows,Safari,2025-06-06 11:14:07,2026-08-24 20:22:52
DEV002352,hash_8f6e1e3025d6ad40,macOS,Edge,2026-02-14 22:03:41,2026-09-07 18:01:33
DEV002353,hash_352d855e95cfbd81,iOS,Safari,2026-03-07 19:54:48,2026-09-07 08:19:45
DEV002354,hash_a0c4e0f916e4e6e7,Windows,Chrome,2025-12-24 00:37:32,2026-08-31 17:34:42
DEV002355,hash_b8cf3f6ac129ce67,macOS,Chrome,2026-07-07 22:50:20,2026-09-12 17:39:48
DEV002356,hash_d60ce979c4d0388b,Windows,Firefox,2025-11-27 21:03:26,2026-08-31 22:50:20
DEV002357,hash_ac5fa7262064b2a1,macOS,Chrome,2026-01-05 17:14:27,2026-08-30 04:51:43
DEV002358,hash_be91dd2abf024c09,Android,Chrome,2025-08-05 09:17:31,2026-08-31 14:38:06
DEV002359,hash_3dbac4d7935f52da,Linux,Chrome,2025-01-18 05:21:51,2026-08-20 17:55:21
DEV002360,hash_3fa58bda02abe229,Linux,Firefox,2025-09-02 01:03:03,2026-08-17 16:55:24
DEV002361,hash_92d13d77da532699,macOS,Safari,2025-10-04 09:03:50,2026-08-26 07:23:32
DEV002362,hash_a5751dda22681c70,Windows,Safari,2026-08-29 17:25:26,2026-08-15 20:04:24
DEV002363,hash_3e4c23fb1f0b1094,macOS,Chrome,2026-01-23 07:43:37,2026-08-26 11:36:33
DEV002364,hash_0f1f43a792ef8d59,Linux,Safari,2026-03-06 14:48:50,2026-08-26 20:03:17
DEV002365,hash_88f68352d38bca4e,Android,Chrome,2025-09-11 13:07:17,2026-08-26 00:05:25
DEV002366,hash_488d5d8d0aef77ed,Windows,Chrome,2025-03-18 19:53:02,2026-09-07 23:52:33
DEV002367,hash_22b8952ee11b1719,Windows,Firefox,2026-04-07 17:55:29,2026-08-31 18:00:33
DEV002368,hash_76069f22b6f23b07,iOS,Edge,2026-06-03 04:52:26,2026-09-02 21:44:06
DEV002369,hash_e7e0fe2511d67820,Windows,Edge,2025-02-20 15:37:13,2026-09-04 02:09:50
DEV002370,hash_610da84a34a4ed3c,macOS,Firefox,2025-02-04 06:48:45,2026-08-15 23:36:06
DEV002371,hash_709b5f65ea3e442f,Android,Firefox,2025-06-22 23:38:52,2026-08-16 03:17:28
DEV002372,hash_59430636b0b169f7,Linux,Edge,2024-11-10 10:41:40,2026-09-02 00:44:03
DEV002373,hash_3eceff5e917f61b3,iOS,Safari,2024-10-07 11:48:52,2026-09-11 14:01:43
DEV002374,hash_cc6921373df359d6,Linux,Chrome,2024-12-12 15:31:48,2026-08-22 13:40:35
DEV002375,hash_01d23fc9b44df4b5,Windows,Safari,2025-04-27 20:58:45,2026-09-06 00:52:43
DEV002376,hash_dfb2591df9b5a1db,macOS,Chrome,2025-02-12 04:11:20,2026-09-13 02:08:24
DEV002377,hash_a203b5c15de13be7,Windows,Edge,2026-08-24 02:22:14,2026-09-02 03:05:26
DEV002378,hash_3f0e3075aa68a301,Android,Safari,2024-10-18 06:41:28,2026-08-17 02:21:08
DEV002379,hash_62c60435dc5bb24f,macOS,Firefox,2025-02-15 20:09:55,2026-08-25 06:14:56
DEV002380,hash_7cc289b795b45992,Linux,Firefox,2025-04-22 20:16:13,2026-08-24 02:39:41
DEV002381,hash_58c277f15b68d4ee,Android,Chrome,2025-03-03 05:40:38,2026-08-28 09:01:00
DEV002382,hash_4a490f80613c9847,iOS,Edge,2026-03-26 12:19:58,2026-08-24 02:49:20
DEV002383,hash_adc8a219f4de6a69,Linux,Chrome,2025-06-05 02:54:11,2026-09-11 13:48:40
DEV002384,hash_224f6444a8f75fed,Linux,Firefox,2025-03-24 05:21:08,2026-08-24 07:46:55
DEV002385,hash_7c74eb6a78b6a293,iOS,Edge,2025-02-13 09:43:08,2026-08-16 16:48:22
DEV002386,hash_daf2571c0736591d,iOS,Edge,2025-01-28 22:34:01,2026-08-28 08:46:18
DEV002387,hash_c40586bcff2c37dc,macOS,Edge,2026-08-22 11:58:22,2026-08-20 13:39:40
DEV002388,hash_57d66988013319d1,iOS,Safari,2024-09-30 11:35:53,2026-08-22 07:39:59
DEV002389,hash_856ffc5c2d55b741,Android,Edge,2025-07-05 11:52:41,2026-08-21 01:03:15
DEV002390,hash_41404d41cea72521,Windows,Chrome,2025-06-04 00:10:03,2026-08-25 20:42:37
DEV002391,hash_b46d7853d126ed17,macOS,Chrome,2025-05-09 03:12:26,2026-09-06 19:16:54
DEV002392,hash_e4af65aa08f343a9,Android,Edge,2025-03-19 16:57:55,2026-09-02 14:25:43
DEV002393,hash_f2e3e19af57a7220,Windows,Firefox,2026-06-04 22:11:30,2026-09-02 17:35:08
DEV002394,hash_8910d70e55b2f82a,Windows,Edge,2026-02-09 12:28:39,2026-08-23 23:24:53
DEV002395,hash_43fe6d09d4073daa,Android,Safari,2025-10-28 10:52:20,2026-09-05 17:05:03
DEV002396,hash_1fdb482df69d1805,Android,Firefox,2026-07-28 10:34:55,2026-08-18 19:56:11
DEV002397,hash_8f6a5979ab55db54,Linux,Chrome,2024-12-15 05:07:18,2026-08-22 16:02:30
DEV002398,hash_7d8bd58a22a7899d,iOS,Chrome,2026-07-31 19:23:51,2026-08-22 00:09:10
DEV002399,hash_2488a33043995af3,macOS,Edge,2026-05-24 14:13:15,2026-08-24 20:42:50
DEV002400,hash_6c16a78b35624347,iOS,Chrome,2025-02-10 01:26:39,2026-09-10 12:14:14
DEV002401,hash_a23e189b436770b2,Windows,Safari,2025-07-04 22:19:18,2026-09-02 19:48:18
DEV002402,hash_1db60efe740aa8ad,Linux,Firefox,2025-05-19 03:17:37,2026-09-13 18:17:29
DEV002403,hash_512628f2978bd951,iOS,Chrome,2025-08-13 19:27:18,2026-08-27 12:41:13
DEV002404,hash_696932ac9349c66a,Linux,Chrome,2026-08-30 13:11:02,2026-08-17 21:35:14
DEV002405,hash_7ecbca9c6b1b8c03,macOS,Safari,2026-04-29 21:07:57,2026-09-14 13:29:26
DEV002406,hash_c19473feb1f6d38e,Linux,Chrome,2025-12-14 08:47:38,2026-08-24 20:05:09
DEV002407,hash_2c77a12591d5bfdd,iOS,Safari,2026-07-09 20:04:37,2026-09-10 15:37:55
DEV002408,hash_9d193891f04084d0,Linux,Edge,2025-04-30 16:12:35,2026-08-22 20:51:32
DEV002409,hash_4505f98ec3e8212d,Windows,Safari,2025-05-26 16:39:19,2026-08-27 15:44:31
DEV002410,hash_db0dc10e1ca48caf,iOS,Safari,2024-10-25 13:03:55,2026-08-29 06:04:30
DEV002411,hash_bfa5567789a29dad,macOS,Firefox,2026-07-24 03:22:38,2026-08-21 19:06:03
DEV002412,hash_7daf8db1d88a2b67,Android,Edge,2026-07-07 13:24:20,2026-09-09 07:56:34
DEV002413,hash_e36566534410d892,iOS,Chrome,2025-12-11 20:19:40,2026-09-08 09:28:53
DEV002414,hash_f7c40cb2a44d3bc0,macOS,Chrome,2025-02-23 16:43:01,2026-08-19 14:36:46
DEV002415,hash_1b0c6cadc9f12b09,macOS,Safari,2026-05-16 15:27:57,2026-09-07 12:07:59
DEV002416,hash_b8892fafc691a1ad,Android,Firefox,2026-05-21 13:30:10,2026-09-14 12:09:38
DEV002417,hash_f275de564e18dcc7,iOS,Chrome,2024-11-03 13:34:02,2026-08-23 18:50:25
DEV002418,hash_7e509ec481db9a62,iOS,Edge,2025-10-14 05:29:40,2026-09-03 11:57:13
DEV002419,hash_a6e2e3f47174bbc8,Windows,Firefox,2026-04-20 17:38:34,2026-09-09 08:58:43
DEV002420,hash_3be9cfb0bb77e34a,iOS,Edge,2025-07-01 21:04:18,2026-09-08 20:39:46
DEV002421,hash_c2cfa58948b1e8cc,macOS,Edge,2025-10-22 05:06:03,2026-09-07 04:40:36
DEV002422,hash_d453909403908f5a,Windows,Chrome,2025-01-31 05:01:13,2026-08-31 06:43:02
DEV002423,hash_b7ab77993b8846e6,Android,Chrome,2026-03-21 13:57:50,2026-09-02 19:21:59
DEV002424,hash_e9c3d3719f688611,Android,Safari,2025-10-27 07:49:21,2026-09-08 02:50:52
DEV002425,hash_833d19ff316889f2,macOS,Chrome,2026-03-24 00:55:35,2026-09-08 16:14:26
DEV002426,hash_8b81ea622fb0aeaa,iOS,Edge,2025-09-17 03:44:17,2026-08-28 16:23:58
DEV002427,hash_59432577221c08a3,Windows,Firefox,2025-12-09 14:21:04,2026-09-04 02:54:07
DEV002428,hash_0a1dee98f84a9bca,Windows,Chrome,2026-01-22 19:23:47,2026-09-13 00:09:18
DEV002429,hash_d8ee0d81a7bbc32d,iOS,Firefox,2026-01-31 20:13:35,2026-08-17 10:24:48
DEV002430,hash_15c211cae4f9eeff,Linux,Chrome,2025-02-22 02:43:35,2026-08-26 07:31:57
DEV002431,hash_a701e867b962a064,Windows,Edge,2026-08-10 06:06:16,2026-08-25 12:16:43
DEV002432,hash_224a94a5763a2eaa,Android,Safari,2025-08-31 07:37:45,2026-08-27 00:50:38
DEV002433,hash_478d365fc209cac4,Android,Chrome,2025-07-18 16:21:23,2026-08-26 06:26:46
DEV002434,hash_b5100bca0e7d25c3,macOS,Safari,2025-05-09 20:28:53,2026-09-05 06:57:13
DEV002435,hash_90a58dd6198640a1,iOS,Firefox,2026-08-05 10:58:52,2026-09-02 23:05:58
DEV002436,hash_5f09058e454e1370,iOS,Chrome,2025-12-01 23:21:43,2026-08-23 06:55:41
DEV002437,hash_9f1308200f3b35f9,macOS,Safari,2026-09-10 19:12:34,2026-09-02 19:37:57
DEV002438,hash_f46a9817194a589d,iOS,Firefox,2025-03-30 21:00:54,2026-09-11 09:12:20
DEV002439,hash_46ec9b9cc02ac918,Linux,Edge,2024-11-19 00:16:00,2026-08-22 04:16:20
DEV002440,hash_965ea5d5073593d1,Linux,Edge,2026-04-20 23:30:35,2026-08-19 17:39:57
DEV002441,hash_be91935426a97770,macOS,Safari,2025-05-01 08:20:23,2026-09-06 05:39:08
DEV002442,hash_eeecde56dd94b1cc,Linux,Edge,2025-10-22 03:45:55,2026-09-01 17:22:50
DEV002443,hash_2eeedca934664ef1,iOS,Safari,2025-03-11 23:04:01,2026-09-13 00:07:53
DEV002444,hash_fdea42aa14003cbc,macOS,Safari,2024-10-16 03:12:20,2026-09-07 05:49:30
DEV002445,hash_24e73747cb1f999b,iOS,Safari,2025-10-17 01:30:12,2026-08-31 23:40:12
DEV002446,hash_43d8015f0394c4d8,iOS,Firefox,2025-08-11 03:22:10,2026-09-06 13:23:43
DEV002447,hash_19848c746b51bda0,Android,Chrome,2025-09-12 08:01:41,2026-09-05 15:40:18
DEV002448,hash_31425d810912fddc,Windows,Edge,2025-07-28 19:40:42,2026-09-02 11:56:54
DEV002449,hash_6e7eb978869d7b01,Android,Edge,2026-06-01 01:17:46,2026-09-08 19:26:44
DEV002450,hash_0cdddf9237119879,macOS,Chrome,2025-05-18 09:56:06,2026-08-28 21:51:24
DEV002451,hash_8bd0d62526392221,macOS,Edge,2025-07-08 04:09:24,2026-08-16 20:33:53
DEV002452,hash_a71dc051b1c80969,iOS,Chrome,2025-01-31 15:35:38,2026-09-06 02:22:13
DEV002453,hash_ee125271ef2b03e0,iOS,Chrome,2025-03-14 18:24:54,2026-08-28 13:14:29
DEV002454,hash_9834e02f0823e20b,Windows,Firefox,2026-01-28 10:31:57,2026-08-19 08:10:57
DEV002455,hash_e4acda19641393ca,macOS,Firefox,2025-06-20 02:13:24,2026-08-19 15:47:26
DEV002456,hash_923cddb611f0a923,Windows,Firefox,2025-04-30 22:27:22,2026-09-09 00:21:52
DEV002457,hash_f55c12c668c5eddc,Linux,Chrome,2025-10-17 11:21:46,2026-09-11 04:39:42
DEV002458,hash_56c65adb028dd025,macOS,Edge,2026-01-27 02:50:01,2026-08-19 10:49:40
DEV002459,hash_5020036f9adbb8f1,Android,Chrome,2026-05-17 13:59:10,2026-08-29 01:49:28
DEV002460,hash_7eb3eae71885048a,iOS,Firefox,2026-09-03 21:25:56,2026-08-26 17:06:15
DEV002461,hash_f48f854e5562c4f4,Linux,Chrome,2024-11-29 14:43:29,2026-08-21 09:55:51
DEV002462,hash_cc6c774506a7bafd,macOS,Firefox,2024-11-08 14:16:54,2026-09-02 03:28:21
DEV002463,hash_76237f149d86a7ff,Android,Firefox,2024-10-13 21:51:46,2026-09-11 03:55:57
DEV002464,hash_c75861c1c0acb3e0,Android,Edge,2025-02-16 18:13:54,2026-08-31 20:37:19
DEV002465,hash_2905fe7d2bf23fc0,Android,Chrome,2025-02-13 21:59:57,2026-08-31 15:21:36
DEV002466,hash_8a608ef334460c61,macOS,Chrome,2025-03-27 09:01:28,2026-08-30 08:27:19
DEV002467,hash_82628a03be4543f4,macOS,Chrome,2026-04-15 23:59:32,2026-08-28 23:32:25
DEV002468,hash_63cd0cb1a7b3b6f9,macOS,Firefox,2025-02-09 06:04:43,2026-09-13 23:31:00
DEV002469,hash_1eb510092f85f6a6,Android,Safari,2024-12-30 06:14:17,2026-09-11 00:33:12
DEV002470,hash_dec16a3450f35bb4,Windows,Edge,2026-08-23 20:17:21,2026-08-28 08:00:39
DEV002471,hash_1ca3d15acad743d3,macOS,Chrome,2024-09-20 19:19:44,2026-08-30 04:40:43
DEV002472,hash_2acc8fee91c96744,Linux,Chrome,2025-04-21 02:13:21,2026-09-01 11:37:19
DEV002473,hash_d59065fa795581fa,Android,Edge,2026-05-15 10:48:53,2026-09-04 06:14:24
DEV002474,hash_4e6fc9d441bff5b9,iOS,Edge,2025-07-26 08:07:56,2026-09-12 19:27:40
DEV002475,hash_fbb64c040dc56a75,iOS,Firefox,2026-04-25 18:46:30,2026-08-16 05:37:11
DEV002476,hash_4d315b7cc273973b,Windows,Firefox,2025-09-15 19:02:17,2026-09-09 13:02:35
DEV002477,hash_5c4cbcb42f04cf18,iOS,Chrome,2026-04-28 09:18:24,2026-08-22 21:41:28
DEV002478,hash_65b63378a5dfc68a,Android,Firefox,2026-07-18 09:42:14,2026-09-03 22:53:36
DEV002479,hash_2e5b80a157a25d1c,iOS,Safari,2025-03-09 22:37:00,2026-08-26 16:09:15
DEV002480,hash_151071bcc15d3abb,iOS,Chrome,2026-03-30 00:12:15,2026-08-25 20:17:17
DEV002481,hash_458764879555d6a4,Windows,Edge,2025-09-17 16:24:58,2026-08-27 00:04:24
DEV002482,hash_d7b2abd8cc3effe9,macOS,Firefox,2025-10-19 19:55:39,2026-09-13 03:40:29
DEV002483,hash_9df54a2160363d28,Android,Firefox,2026-05-17 15:52:31,2026-09-11 11:36:34
DEV002484,hash_2ec0f10aaca5abd4,macOS,Safari,2026-04-25 15:19:50,2026-09-07 09:53:09
DEV002485,hash_1828da8f50d8ae13,iOS,Firefox,2026-03-29 08:48:54,2026-09-07 01:20:14
DEV002486,hash_68b29ad37867340f,Android,Edge,2025-06-05 18:36:02,2026-08-19 19:49:07
DEV002487,hash_d17ececb9a49192f,Windows,Chrome,2025-05-15 08:23:02,2026-08-24 18:37:23
DEV002488,hash_f87e213cf8736e59,iOS,Safari,2025-08-13 05:31:35,2026-09-04 22:24:27
DEV002489,hash_584e6851f2b158c7,Windows,Safari,2025-02-23 23:11:20,2026-09-05 22:51:58
DEV002490,hash_61dc1d581ca88afb,Android,Firefox,2025-08-29 16:19:51,2026-09-11 18:24:13
DEV002491,hash_1b3684b41b13a85f,Linux,Chrome,2024-10-07 13:25:36,2026-09-02 20:19:24
DEV002492,hash_f4804b7b51d5d62b,Linux,Chrome,2024-12-31 02:27:57,2026-09-12 16:36:43
DEV002493,hash_ce3036f32bb4ee38,macOS,Edge,2026-07-24 20:07:50,2026-08-21 21:17:58
DEV002494,hash_c1e81da9fe4d58c1,Windows,Edge,2025-05-09 12:31:11,2026-08-16 03:02:43
DEV002495,hash_7a9dbea0415b4add,Linux,Edge,2025-10-07 09:11:50,2026-09-01 20:58:40
DEV002496,hash_e0f99296ca89b460,Linux,Edge,2025-06-05 02:59:30,2026-08-26 14:28:54
DEV002497,hash_36c1c052207ca173,macOS,Edge,2025-08-05 17:43:06,2026-09-05 07:45:54
DEV002498,hash_0f0cb156ffc6ce15,Android,Safari,2026-02-28 19:47:28,2026-09-04 05:43:29
DEV002499,hash_74c8a3a44fdcb645,Windows,Chrome,2026-04-29 16:38:37,2026-09-10 18:07:12
DEV002500,hash_bfcbaa5582dc286e,iOS,Edge,2025-05-04 21:53:18,2026-08-31 11:40:34
DEV002501,hash_a848096ed2242ae5,Linux,Chrome,2025-12-14 01:52:55,2026-08-16 18:50:32
DEV002502,hash_9086af36fa0a5de5,Android,Chrome,2025-11-29 00:39:22,2026-08-17 05:17:32
DEV002503,hash_4aa4b8377d9e3bb2,Linux,Firefox,2026-08-31 10:15:35,2026-08-22 09:52:11
DEV002504,hash_6feb3d4615f3f9e1,Windows,Chrome,2025-01-11 13:15:30,2026-08-31 16:32:09
DEV002505,hash_675684ce0ce3dcce,Linux,Firefox,2025-11-29 12:05:30,2026-09-13 22:18:54
DEV002506,hash_9ba143ac649e2575,iOS,Firefox,2026-08-24 21:49:17,2026-09-14 03:56:52
DEV002507,hash_53770d9dc9117c27,iOS,Safari,2025-12-03 22:07:15,2026-09-03 15:10:52
DEV002508,hash_44de33768a533a16,Linux,Edge,2025-07-07 08:32:21,2026-08-25 13:40:54
DEV002509,hash_72f4c4b3453a2e55,Android,Firefox,2025-07-14 14:13:54,2026-08-18 17:59:33
DEV002510,hash_3958289b1e054c8a,Linux,Edge,2025-11-03 07:52:21,2026-09-03 09:59:39
DEV002511,hash_4639e799518d38f8,macOS,Firefox,2025-02-07 11:08:00,2026-09-07 16:55:19
DEV002512,hash_b6e3f5d325e591c8,Android,Firefox,2024-12-07 13:24:42,2026-08-31 14:53:38
DEV002513,hash_ff747a8a10e00199,iOS,Firefox,2025-11-30 12:46:31,2026-09-06 13:50:34
DEV002514,hash_ba1306b5be54b9d8,macOS,Firefox,2026-01-23 12:07:51,2026-08-30 10:42:13
DEV002515,hash_03b93598ddc096d2,Windows,Safari,2024-11-25 14:23:37,2026-08-23 23:29:20
DEV002516,hash_e0ef27f80061a789,iOS,Firefox,2024-12-04 04:47:04,2026-09-11 11:56:57
DEV002517,hash_0f9b0aca0081a704,Android,Chrome,2025-01-30 03:37:22,2026-08-17 05:07:03
DEV002518,hash_84dcff4d8c6d5cde,macOS,Firefox,2026-06-18 02:51:12,2026-09-13 22:44:09
DEV002519,hash_4aac3fb6cb145c96,macOS,Edge,2025-09-28 16:39:31,2026-08-16 23:02:06
DEV002520,hash_97ff96423d40f9b0,Android,Chrome,2025-02-06 04:26:21,2026-08-25 07:36:59
DEV002521,hash_8422edc700dc1d6c,Linux,Chrome,2024-11-07 03:39:10,2026-09-03 09:21:55
DEV002522,hash_408b1ac01f0eb3aa,Android,Edge,2025-04-22 14:59:24,2026-08-25 15:38:52
DEV002523,hash_00adad8fcc5ec79b,Android,Chrome,2025-03-14 04:24:57,2026-08-29 18:55:43
DEV002524,hash_9155ed93626d7bf1,iOS,Firefox,2026-02-08 11:31:12,2026-09-10 02:43:52
DEV002525,hash_af7da5d4238c929d,macOS,Firefox,2024-11-07 12:45:26,2026-09-06 17:29:15
DEV002526,hash_74ed53ceef0ebfd3,Linux,Edge,2024-10-28 19:15:03,2026-09-02 13:16:37
DEV002527,hash_b7636ce8bd7177cf,Linux,Chrome,2025-10-21 22:22:38,2026-08-16 04:38:12
DEV002528,hash_0247b04d63616032,Linux,Safari,2025-01-25 15:18:34,2026-08-31 12:28:59
DEV002529,hash_8b1774d44cda028a,Android,Edge,2026-07-13 22:21:09,2026-09-04 14:27:14
DEV002530,hash_fffe5b8b7ae32c9a,Windows,Edge,2025-07-14 22:58:36,2026-08-23 06:43:32
DEV002531,hash_0a66c2113eb4a3ee,Android,Chrome,2024-12-09 04:39:46,2026-08-21 22:13:20
DEV002532,hash_98c2fc34ebde34e7,Linux,Safari,2025-11-04 20:27:18,2026-09-04 23:15:10
DEV002533,hash_38181f7aaf2e1558,iOS,Edge,2025-09-20 15:29:36,2026-08-18 23:52:50
DEV002534,hash_e3ebebd71e65ca50,Android,Firefox,2025-07-13 07:35:57,2026-08-25 16:19:56
DEV002535,hash_72176085f3fddabb,Android,Chrome,2024-12-24 02:21:33,2026-08-25 15:23:49
DEV002536,hash_e1e3afdf85fcfa18,Android,Safari,2025-05-12 18:32:18,2026-09-05 15:18:59
DEV002537,hash_a982d88e17abe966,Linux,Safari,2026-06-11 10:56:04,2026-09-07 16:55:29
DEV002538,hash_4256dc8db1bdd56a,Windows,Firefox,2025-01-15 12:08:35,2026-09-13 23:08:18
DEV002539,hash_92c5d3d7c25cdea8,Windows,Firefox,2025-12-04 20:43:35,2026-08-30 17:18:28
DEV002540,hash_04a6dca6f908017b,iOS,Safari,2025-12-14 11:53:23,2026-08-25 12:14:47
DEV002541,hash_d90da48dce0f3a53,Android,Chrome,2025-10-09 11:03:33,2026-09-06 22:29:20
DEV002542,hash_341583df5ceecd7b,Windows,Firefox,2025-04-16 02:50:17,2026-08-25 10:46:00
DEV002543,hash_69b20a83471994c9,macOS,Chrome,2024-09-19 22:59:57,2026-08-22 14:00:51
DEV002544,hash_5257c31b724c5cd0,macOS,Safari,2025-08-26 09:17:06,2026-08-18 18:17:47
DEV002545,hash_94fe41ec488bd31f,Windows,Edge,2026-06-16 15:34:49,2026-09-04 00:54:38
DEV002546,hash_710dcbb76e93c789,iOS,Chrome,2025-12-27 23:26:28,2026-08-27 15:21:20
DEV002547,hash_0efdcce718721154,Linux,Firefox,2025-10-27 14:55:18,2026-08-31 14:57:08
DEV002548,hash_e19896da4459e2fd,Android,Firefox,2026-08-22 05:30:55,2026-09-12 06:57:57
DEV002549,hash_c51e21bdb4d2b229,Linux,Chrome,2026-07-29 02:27:22,2026-09-08 11:46:27
DEV002550,hash_81ca7732b04fd83c,iOS,Firefox,2025-09-06 15:04:51,2026-09-07 02:50:43
DEV002551,hash_38f53fd1a711fd90,Linux,Edge,2025-12-05 16:08:20,2026-08-17 13:18:11
DEV002552,hash_ec2530fa98b1d51e,Windows,Chrome,2026-04-09 20:20:28,2026-08-20 01:54:30
DEV002553,hash_f60249b52637fce4,macOS,Firefox,2025-04-25 19:18:38,2026-09-06 19:24:06
DEV002554,hash_87e7a66e089f4c42,Windows,Chrome,2025-06-10 12:43:41,2026-08-30 02:19:08
DEV002555,hash_4317abe47f33922b,Windows,Firefox,2025-07-14 22:41:56,2026-09-14 09:59:41
DEV002556,hash_3a36fc4e77b299e6,Windows,Firefox,2026-06-15 18:05:11,2026-08-24 03:48:10
DEV002557,hash_4fc34028695db06d,iOS,Firefox,2025-08-02 13:23:25,2026-08-27 18:01:45
DEV002558,hash_fee931f4582d45dc,macOS,Chrome,2025-01-31 15:49:28,2026-09-14 15:28:52
DEV002559,hash_4b6ec9d50227e56b,Android,Firefox,2026-04-06 16:54:14,2026-09-05 15:10:18
DEV002560,hash_183e57269ea84284,Linux,Firefox,2025-09-04 18:46:53,2026-09-03 07:55:59
DEV002561,hash_b3831f178d399ec4,Windows,Chrome,2026-08-22 15:24:20,2026-08-24 13:29:39
DEV002562,hash_1dbefabd8c881f36,macOS,Chrome,2026-03-10 17:38:26,2026-09-12 06:15:03
DEV002563,hash_2d3b840da0db01ff,Windows,Safari,2024-11-27 09:07:55,2026-09-03 18:17:11
DEV002564,hash_0495061f90808108,Windows,Edge,2026-03-10 19:55:41,2026-08-17 18:38:20
DEV002565,hash_e22481801d4ac6f9,Android,Chrome,2025-03-19 08:29:22,2026-08-23 07:46:13
DEV002566,hash_9a03718276f3304d,iOS,Firefox,2025-04-14 19:48:20,2026-09-10 18:16:32
DEV002567,hash_43b66a270e2d79ba,macOS,Edge,2025-04-28 21:27:44,2026-08-18 21:31:42
DEV002568,hash_0dc4aa1006062b52,Android,Firefox,2026-03-10 08:43:45,2026-08-26 04:53:10
DEV002569,hash_3e0790f18fc23d26,Linux,Firefox,2026-08-21 00:19:18,2026-09-08 14:43:14
DEV002570,hash_162fbcea7551eb4f,Android,Chrome,2025-07-30 15:01:35,2026-09-11 11:51:09
DEV002571,hash_e104bf7ab9312771,iOS,Firefox,2024-12-17 08:08:55,2026-09-02 13:22:12
DEV002572,hash_e771c17cfbcdcfde,iOS,Edge,2024-11-12 14:56:11,2026-08-20 18:21:41
DEV002573,hash_59d124151192a38f,Android,Firefox,2025-10-10 22:50:50,2026-08-31 11:35:56
DEV002574,hash_a7a52a110784781d,Windows,Safari,2025-07-29 16:59:27,2026-09-06 13:08:40
DEV002575,hash_7f6d19a802f38593,macOS,Edge,2025-01-20 05:04:11,2026-08-27 22:15:38
DEV002576,hash_5339e78dc05db901,iOS,Safari,2025-02-22 05:56:31,2026-09-09 05:22:26
DEV002577,hash_61bffb714fe2f053,Android,Safari,2024-10-18 20:18:21,2026-09-07 02:13:48
DEV002578,hash_2d7e085da7b414b4,iOS,Edge,2024-10-04 22:18:12,2026-08-19 05:02:42
DEV002579,hash_fcd1c3b76b411683,iOS,Safari,2026-01-23 09:34:59,2026-09-07 01:55:23
DEV002580,hash_d34172ff620072e0,Android,Chrome,2025-07-07 05:30:03,2026-09-01 08:09:22
DEV002581,hash_168e8bf69f3df699,Windows,Firefox,2026-04-16 13:54:02,2026-09-04 01:01:59
DEV002582,hash_5daef60b01c08038,macOS,Firefox,2026-07-10 21:00:49,2026-08-25 02:15:45
DEV002583,hash_bb5d13c5f6cb4071,Windows,Edge,2025-07-19 06:47:29,2026-08-17 11:46:36
DEV002584,hash_261e5c4dd8687bc0,Windows,Firefox,2024-09-22 12:24:18,2026-08-27 19:44:34
DEV002585,hash_8eeefe9559876711,macOS,Chrome,2024-12-12 06:05:12,2026-08-22 06:46:39
DEV002586,hash_ffc9cf297dbd40f0,macOS,Firefox,2025-05-26 06:01:30,2026-09-07 04:39:04
DEV002587,hash_f0b1078129c649ec,Windows,Chrome,2025-09-25 16:48:47,2026-09-07 01:17:09
DEV002588,hash_adec6f15bfdc2b0d,iOS,Edge,2024-11-06 04:16:45,2026-08-19 15:56:32
DEV002589,hash_f3e5118aab0dbf11,iOS,Edge,2025-11-14 03:41:42,2026-08-27 10:03:31
DEV002590,hash_fca339e873fbf312,Android,Edge,2026-03-22 10:22:12,2026-09-05 21:45:04
DEV002591,hash_6b161276d8e8ea7d,macOS,Safari,2025-01-01 02:48:10,2026-09-07 12:16:24
DEV002592,hash_b2e3e64bee8fd6ca,macOS,Firefox,2026-06-13 10:06:29,2026-08-29 04:59:23
DEV002593,hash_21491f7cdb1df2c3,Windows,Chrome,2026-06-29 20:06:31,2026-08-23 11:46:18
DEV002594,hash_ed35839bf4d62658,Linux,Edge,2025-01-24 16:15:26,2026-08-16 12:48:52
DEV002595,hash_ff6f26cae2459327,macOS,Edge,2025-12-29 15:19:58,2026-08-20 12:52:28
DEV002596,hash_db33ce6382b91686,Windows,Safari,2025-01-29 20:10:33,2026-08-29 22:28:10
DEV002597,hash_7792a78a792a83f4,Android,Firefox,2024-12-19 14:35:44,2026-09-10 14:40:58
DEV002598,hash_0f6206f19403ad3d,iOS,Safari,2026-04-13 01:48:37,2026-09-03 15:08:19
DEV002599,hash_095806df03d9f8c3,macOS,Chrome,2025-01-23 00:26:40,2026-08-19 10:09:34
DEV002600,hash_82a06460ce68210c,Windows,Edge,2026-02-17 15:54:10,2026-08-16 04:49:38
DEV002601,hash_4d246ef6fe50e2da,iOS,Firefox,2026-02-22 07:34:59,2026-08-28 22:07:41
DEV002602,hash_502e55983c3c3182,Windows,Firefox,2025-01-11 09:37:40,2026-09-06 01:10:11
DEV002603,hash_0dbbd8ed4ebed7c3,Windows,Edge,2025-06-19 07:28:17,2026-08-24 07:04:53
DEV002604,hash_bd29e827e0f2d1dc,macOS,Firefox,2025-03-01 11:18:46,2026-08-17 07:53:50
DEV002605,hash_1c474b1cf28dacb1,iOS,Chrome,2026-08-08 13:09:03,2026-09-10 11:56:21
DEV002606,hash_ca66b8b7561657a8,macOS,Safari,2025-03-01 01:52:54,2026-09-06 02:48:04
DEV002607,hash_bcfe44089ac725a7,Windows,Firefox,2026-03-09 08:27:54,2026-08-17 23:24:21
DEV002608,hash_41bc32735b5eed09,Linux,Firefox,2026-06-25 21:45:27,2026-09-10 00:57:32
DEV002609,hash_f84b241f0466b04d,macOS,Safari,2026-01-25 01:34:45,2026-08-20 15:31:44
DEV002610,hash_4876494bcd104ac6,Android,Chrome,2025-07-14 13:54:02,2026-08-30 14:59:23
DEV002611,hash_abab2bc719e012e5,Linux,Edge,2025-08-25 00:45:28,2026-08-18 04:50:03
DEV002612,hash_3210888fc62c13c3,Linux,Chrome,2025-12-22 19:36:07,2026-08-15 21:12:07
DEV002613,hash_2591855b87fc7d1a,macOS,Firefox,2024-10-21 23:25:18,2026-09-02 23:27:49
DEV002614,hash_db6fca2700a53ee7,macOS,Firefox,2026-05-03 00:17:31,2026-08-25 10:48:28
DEV002615,hash_39b05c644e85661e,Windows,Safari,2026-09-05 14:42:58,2026-08-27 18:41:14
DEV002616,hash_dfdabe67801d04d5,Linux,Firefox,2025-07-02 04:07:46,2026-08-27 05:41:08
DEV002617,hash_1094f482b959170a,Linux,Safari,2025-02-16 12:14:58,2026-08-20 02:14:20
DEV002618,hash_cd26a22b963115d0,macOS,Chrome,2024-09-26 15:13:27,2026-09-05 03:03:43
DEV002619,hash_67b80731fe39fe8d,macOS,Safari,2024-10-05 21:09:47,2026-08-16 08:43:46
DEV002620,hash_c62d7b34ddbd67b1,Android,Safari,2025-06-03 00:33:20,2026-08-24 23:38:21
DEV002621,hash_192cc87dd8c4198d,Android,Chrome,2026-02-24 07:36:37,2026-08-18 17:21:58
DEV002622,hash_1752db082e86d47e,iOS,Safari,2025-03-04 11:55:43,2026-08-20 08:19:01
DEV002623,hash_3231dc664f9dd529,Windows,Chrome,2026-05-26 03:59:21,2026-08-23 19:21:49
DEV002624,hash_b9e8ba00cd59855d,iOS,Firefox,2026-03-30 12:47:55,2026-08-23 18:23:24
DEV002625,hash_0780b3eedcfa02a9,Android,Edge,2024-10-18 08:41:55,2026-09-04 20:04:06
DEV002626,hash_4f9ac5280d0b9063,Linux,Edge,2025-10-17 05:56:25,2026-08-20 21:13:36
DEV002627,hash_d2e4455c0112ae15,iOS,Edge,2026-06-09 16:35:08,2026-08-31 12:54:48
DEV002628,hash_19b91096246c4e5b,Linux,Edge,2025-05-22 19:25:45,2026-09-11 22:36:23
DEV002629,hash_fcc9cdf10d88fa93,Android,Firefox,2026-01-14 00:23:31,2026-08-24 20:36:17
DEV002630,hash_0ffed18429c491dd,iOS,Chrome,2026-01-12 09:00:05,2026-08-25 17:04:39
DEV002631,hash_725c5c5f983c9686,Linux,Chrome,2026-09-09 21:22:14,2026-09-10 22:53:43
DEV002632,hash_16e7350e1486cd28,Windows,Chrome,2025-07-18 00:46:16,2026-09-05 10:16:58
DEV002633,hash_03617d89f038419a,iOS,Safari,2024-12-17 00:11:42,2026-08-26 22:32:28
DEV002634,hash_efd1422eeb428215,macOS,Chrome,2025-02-27 05:23:38,2026-08-20 19:07:53
DEV002635,hash_1b6046ee3d9ea33b,macOS,Chrome,2025-06-18 03:18:38,2026-08-31 08:31:00
DEV002636,hash_d298404d96f62fa1,macOS,Edge,2025-01-27 00:47:11,2026-08-16 09:14:09
DEV002637,hash_c7da450f0bab99ee,Android,Edge,2025-07-23 12:40:10,2026-08-31 00:12:45
DEV002638,hash_ed646014e254c6d1,iOS,Safari,2024-09-23 11:35:42,2026-09-03 13:12:05
DEV002639,hash_b71d2e0faf09c66e,Linux,Chrome,2025-02-26 10:31:40,2026-09-06 22:16:43
DEV002640,hash_81e02a64b8c52ae1,Windows,Chrome,2025-03-04 03:08:11,2026-08-18 20:40:50
DEV002641,hash_a5e441cd94f319ac,Windows,Edge,2026-02-07 05:32:28,2026-08-29 04:11:33
DEV002642,hash_861d3a8fd24c39a6,Windows,Safari,2026-02-01 00:05:56,2026-09-02 13:39:32
DEV002643,hash_0269b71bebd7fd91,Android,Chrome,2024-10-18 07:19:38,2026-08-18 22:12:45
DEV002644,hash_f54ce27a34be949b,macOS,Safari,2026-08-02 22:25:04,2026-08-26 06:24:28
DEV002645,hash_567351cb39347843,Linux,Firefox,2025-07-30 11:38:47,2026-08-30 07:04:44
DEV002646,hash_1e8fada4b4c77a96,Android,Edge,2026-05-03 08:19:27,2026-09-13 17:29:57
DEV002647,hash_2a9da1f7ec3115d4,Linux,Edge,2025-10-07 05:01:05,2026-08-20 14:23:15
DEV002648,hash_bea32d3485c8363f,Android,Edge,2026-03-21 14:47:19,2026-09-10 16:27:46
DEV002649,hash_c786140f2339df60,macOS,Chrome,2026-05-21 18:23:50,2026-09-12 06:56:17
DEV002650,hash_3a08daaeb70e1920,macOS,Chrome,2025-01-25 08:28:32,2026-08-27 21:17:51
DEV002651,hash_6a5e52e1f20bdb32,Android,Edge,2024-11-26 18:24:46,2026-09-13 18:39:43
DEV002652,hash_8d72441d07099bf8,Linux,Chrome,2025-05-24 02:38:53,2026-09-03 12:28:39
DEV002653,hash_9d95f5c5c7797848,macOS,Firefox,2026-02-22 17:13:39,2026-08-22 02:38:32
DEV002654,hash_e4cd46e12139298b,iOS,Edge,2025-05-30 02:02:32,2026-08-24 04:02:29
DEV002655,hash_7b2acbee405620d4,macOS,Chrome,2026-01-20 16:05:34,2026-08-31 02:13:28
DEV002656,hash_32adddad8914d039,macOS,Safari,2026-07-07 14:22:01,2026-09-08 01:29:19
DEV002657,hash_3a0807d8d6667ba8,Android,Edge,2024-11-05 14:47:19,2026-08-31 22:11:31
DEV002658,hash_6b5259dce0d8b492,Linux,Chrome,2024-09-27 21:14:36,2026-09-14 04:45:31
DEV002659,hash_e726f649e650cae5,Android,Firefox,2026-08-23 15:04:59,2026-09-13 01:23:00
DEV002660,hash_496b75fecc5b59b5,Linux,Chrome,2025-08-28 20:33:51,2026-09-03 05:15:39
DEV002661,hash_b90914d8ac79fd55,Linux,Safari,2025-10-16 02:27:49,2026-08-26 22:33:41
DEV002662,hash_5a15fc95c8cd015b,macOS,Chrome,2025-10-10 04:40:33,2026-09-13 04:12:59
DEV002663,hash_2b72895b03c5607e,Windows,Safari,2026-03-15 11:29:06,2026-08-16 07:15:07
DEV002664,hash_cc641c0031b41e88,iOS,Firefox,2025-03-13 20:20:04,2026-08-16 16:28:53
DEV002665,hash_652fd941e057c014,iOS,Firefox,2026-01-05 21:49:05,2026-08-21 16:18:07
DEV002666,hash_d3016d19f8642165,Android,Edge,2025-05-12 01:36:06,2026-08-27 03:11:16
DEV002667,hash_09bdbd2595c7d0c2,macOS,Edge,2026-04-10 07:56:48,2026-09-05 11:00:08
DEV002668,hash_5a37a5048d2e304b,macOS,Safari,2026-04-25 08:19:47,2026-08-27 11:31:02
DEV002669,hash_aa97ff5165fe3fdd,macOS,Chrome,2026-01-08 13:31:33,2026-08-19 12:15:42
DEV002670,hash_cd044f6c63912604,macOS,Safari,2024-10-30 17:17:31,2026-08-22 08:01:47
DEV002671,hash_6fdab00210f897ab,Linux,Chrome,2025-07-02 01:52:21,2026-09-08 20:49:28
DEV002672,hash_93fc03bc3ef3d085,Windows,Firefox,2025-05-02 13:32:43,2026-08-25 11:07:36
DEV002673,hash_5265072a16e5b746,Android,Chrome,2025-01-09 23:35:26,2026-09-02 21:32:39
DEV002674,hash_68151f14d6b6fb16,Windows,Firefox,2025-02-19 22:15:53,2026-08-17 11:55:50
DEV002675,hash_129c717f636dde12,Android,Edge,2025-03-18 02:04:48,2026-09-13 16:34:27
DEV002676,hash_02782c34ed809b95,iOS,Firefox,2025-08-24 19:54:07,2026-08-31 14:43:03
DEV002677,hash_0be239725d2db4f9,Linux,Safari,2024-12-27 11:09:52,2026-08-29 03:48:24
DEV002678,hash_c82211cbe48dc1a8,iOS,Safari,2025-05-18 19:35:44,2026-08-17 13:54:43
DEV002679,hash_363dda7cd93990b6,Android,Firefox,2025-10-23 18:01:11,2026-09-04 19:09:07
DEV002680,hash_230f635993f06c26,Windows,Safari,2026-01-30 12:42:25,2026-08-29 15:50:26
DEV002681,hash_10e2a69d80de1dbe,iOS,Chrome,2026-04-20 03:31:45,2026-08-16 19:22:15
DEV002682,hash_4d2a5ec7029db4a0,Android,Edge,2025-03-11 01:18:08,2026-08-31 17:43:26
DEV002683,hash_cf32cd1499c69fcf,Android,Chrome,2025-06-07 09:10:00,2026-08-27 10:00:23
DEV002684,hash_dbafd3b150ff1ea7,iOS,Chrome,2025-02-21 00:57:40,2026-09-10 20:06:35
DEV002685,hash_19d6cf8225b96454,Windows,Chrome,2024-10-26 04:15:29,2026-08-27 17:06:03
DEV002686,hash_79ece8546086ce8d,Windows,Edge,2026-05-29 16:23:26,2026-08-26 10:55:55
DEV002687,hash_4a71fa06b2c2dd37,macOS,Firefox,2025-12-30 11:21:56,2026-09-03 04:13:45
DEV002688,hash_aaf170f93b289bee,Linux,Safari,2025-10-24 05:11:14,2026-08-31 06:30:01
DEV002689,hash_4f52ddca3b906d87,Linux,Chrome,2025-02-03 17:46:54,2026-09-06 03:09:14
DEV002690,hash_00cdcce817edceb8,Windows,Chrome,2026-01-16 08:14:35,2026-08-15 22:48:22
DEV002691,hash_1e557621d1f7ab45,Windows,Edge,2024-11-03 08:47:31,2026-09-08 12:34:15
DEV002692,hash_42739de86bad2b99,iOS,Edge,2024-11-07 12:51:34,2026-08-25 00:00:16
DEV002693,hash_d1fcbfa4816caa34,Linux,Edge,2024-10-24 15:35:18,2026-08-22 12:39:46
DEV002694,hash_f58b42ebdb038997,Android,Safari,2026-09-12 22:57:03,2026-08-25 13:41:58
DEV002695,hash_3f2d195578f30ce3,Linux,Safari,2024-12-20 16:52:22,2026-08-20 02:40:24
DEV002696,hash_be94ee365229e29b,Android,Firefox,2025-01-27 01:47:53,2026-09-13 10:13:51
DEV002697,hash_c53acbfc8bc7393e,Android,Edge,2025-11-14 11:29:51,2026-08-25 13:52:41
DEV002698,hash_7e203afbe858f4f1,Windows,Chrome,2025-03-16 17:23:10,2026-09-09 06:57:30
DEV002699,hash_3bf5337a224ceee6,Linux,Safari,2024-11-13 21:20:17,2026-09-05 08:22:17
DEV002700,hash_9012d2f8c3dc13a9,macOS,Chrome,2026-03-31 07:01:21,2026-09-07 07:56:49
DEV002701,hash_5cbe6bb35763c5c0,Windows,Firefox,2025-05-14 02:20:12,2026-08-23 15:01:29
DEV002702,hash_daa51cfb605a79a3,Android,Edge,2026-03-28 17:13:12,2026-08-25 05:54:45
DEV002703,hash_3a2218512928a048,macOS,Chrome,2025-03-23 09:58:41,2026-09-05 05:46:53
DEV002704,hash_4baec9a5274c51a1,Windows,Edge,2025-01-29 05:14:32,2026-09-14 01:38:02
DEV002705,hash_bcf71f08c22515fe,Windows,Safari,2025-03-26 13:22:21,2026-08-30 08:54:14
DEV002706,hash_c5ee154f6c3ffefb,macOS,Edge,2025-04-23 19:36:34,2026-09-12 15:20:46
DEV002707,hash_0963c291242f478f,Windows,Chrome,2025-08-28 08:37:36,2026-08-25 10:24:55
DEV002708,hash_1a0c00487108f569,Android,Edge,2025-04-13 08:05:54,2026-09-08 00:22:14
DEV002709,hash_0fa745c7341d706a,Linux,Edge,2024-11-15 07:51:06,2026-09-02 02:42:33
DEV002710,hash_5c9557ea1f5c5c10,macOS,Safari,2025-07-20 12:03:40,2026-09-02 23:50:19
DEV002711,hash_a6ffab6dc133ef02,macOS,Firefox,2025-01-22 11:37:54,2026-09-07 12:11:13
DEV002712,hash_aa21e1537b2cefe1,Android,Firefox,2025-08-23 00:05:32,2026-09-05 04:14:38
DEV002713,hash_7c96cc0019030a15,Windows,Safari,2025-10-11 15:34:55,2026-09-14 05:45:42
DEV002714,hash_3a6ff66bfa8c178b,Linux,Chrome,2026-04-08 00:17:56,2026-09-05 16:44:57
DEV002715,hash_2f8ad8e5c6bcb0d0,macOS,Safari,2026-04-27 17:43:17,2026-08-23 05:22:39
DEV002716,hash_12a94f75d2433439,Windows,Safari,2026-06-12 18:46:06,2026-09-08 01:20:15
DEV002717,hash_758240a7b4a74d43,iOS,Edge,2024-09-29 13:33:04,2026-09-03 04:09:06
DEV002718,hash_2978ad8f0cc0623f,Linux,Firefox,2025-08-12 03:30:32,2026-08-19 16:44:21
DEV002719,hash_427288fd5513a16e,macOS,Edge,2026-04-26 14:23:25,2026-08-30 05:33:40
DEV002720,hash_25c298e5fb3431dd,macOS,Firefox,2025-12-20 11:16:05,2026-09-10 17:38:48
DEV002721,hash_842551218e1483d2,Windows,Chrome,2025-01-10 20:37:13,2026-09-11 11:53:07
DEV002722,hash_6aa792a872ddaaea,macOS,Safari,2026-04-01 13:57:03,2026-08-24 04:28:14
DEV002723,hash_02a213b022d7e45d,macOS,Edge,2025-04-02 00:30:41,2026-09-03 03:01:21
DEV002724,hash_34f5b8ebaee5b68c,iOS,Edge,2025-09-09 07:19:53,2026-08-30 12:06:14
DEV002725,hash_114e16d5f2128a48,iOS,Safari,2025-09-01 12:01:15,2026-08-29 09:44:52
DEV002726,hash_ba045dfb354f9914,Linux,Edge,2025-07-02 13:29:27,2026-09-11 22:42:32
DEV002727,hash_6ae5cc9d79d3cba0,iOS,Safari,2025-12-28 21:22:39,2026-09-07 23:59:25
DEV002728,hash_2018ed3f9a8ed6e8,iOS,Edge,2024-11-09 01:17:54,2026-08-31 20:00:43
DEV002729,hash_8102d8ebb8d7529c,macOS,Chrome,2024-12-29 07:42:18,2026-09-07 10:29:30
DEV002730,hash_e55b116e680c40c1,Android,Safari,2025-02-13 04:39:07,2026-08-23 04:01:59
DEV002731,hash_eb244b05845aede2,Linux,Edge,2026-08-26 18:10:59,2026-08-24 20:41:46
DEV002732,hash_adeeb23b9760dd35,iOS,Firefox,2024-09-17 10:10:38,2026-08-16 06:43:08
DEV002733,hash_b1a4da6c0eba92ac,Windows,Safari,2026-07-15 10:39:42,2026-09-08 23:07:25
DEV002734,hash_3c3dbcd8c7050c5b,Windows,Chrome,2026-04-04 11:18:15,2026-09-02 19:48:29
DEV002735,hash_c9c7eb4c58cb5de8,Android,Firefox,2025-09-30 21:36:26,2026-09-04 07:06:25
DEV002736,hash_33342b797969748f,Linux,Edge,2026-09-03 04:22:42,2026-09-04 20:13:54
DEV002737,hash_157470f1be010fe7,Windows,Edge,2026-09-14 12:25:43,2026-09-03 19:33:58
DEV002738,hash_f3986f936dd7286a,Windows,Chrome,2026-04-13 15:44:41,2026-09-02 18:30:41
DEV002739,hash_311d3751507409da,Windows,Edge,2025-07-09 11:13:21,2026-09-08 10:08:04
DEV002740,hash_0eca3630734264e1,macOS,Edge,2025-05-11 06:15:20,2026-09-13 05:11:44
DEV002741,hash_b5ef1ee67ff3a4b9,Windows,Safari,2024-11-08 12:09:02,2026-09-04 12:02:17
DEV002742,hash_28a625e141336ed1,macOS,Chrome,2026-08-02 13:50:02,2026-08-17 13:00:09
DEV002743,hash_b457bba69631be62,Android,Firefox,2026-08-31 00:10:33,2026-08-21 16:47:34
DEV002744,hash_c80069fbd4c7ca67,Linux,Safari,2025-07-10 01:55:22,2026-09-12 02:44:52
DEV002745,hash_d8570bc325ac7254,iOS,Edge,2025-01-18 06:54:01,2026-08-25 02:03:30
DEV002746,hash_dc3d7f9635c65a81,macOS,Firefox,2026-04-29 18:40:51,2026-09-05 20:05:24
DEV002747,hash_ba8854547497d326,iOS,Firefox,2025-03-31 10:36:28,2026-09-01 13:53:22
DEV002748,hash_b4c754f00f445302,iOS,Firefox,2025-10-15 00:02:04,2026-09-08 09:03:06
DEV002749,hash_a4ba1e5cf195dc4c,iOS,Edge,2026-01-20 09:07:35,2026-09-02 12:43:39
DEV002750,hash_1b3e22711a710bdf,Android,Edge,2026-03-09 03:06:57,2026-08-18 10:59:48
DEV002751,hash_5ef95050d4838cd3,macOS,Edge,2026-02-01 18:01:10,2026-09-03 08:42:42
DEV002752,hash_1ee5abec9b53ca4f,macOS,Chrome,2026-09-03 19:48:27,2026-09-05 05:48:32
DEV002753,hash_2a14eafd6c456d93,Android,Safari,2026-04-08 14:01:15,2026-08-27 15:17:57
DEV002754,hash_9de5d2eb28596e80,Linux,Safari,2025-03-21 10:01:51,2026-09-07 20:21:24
DEV002755,hash_49f8a2921d306afa,Windows,Edge,2024-10-10 23:30:49,2026-09-02 04:50:39
DEV002756,hash_8daf7c9793be6e0f,iOS,Chrome,2026-01-17 06:03:25,2026-08-17 00:41:12
DEV002757,hash_2cfc142d5ff2b09f,Android,Edge,2026-03-09 22:03:20,2026-08-22 20:03:49
DEV002758,hash_941e22e9f49212e9,Android,Firefox,2025-04-05 03:48:12,2026-09-14 01:08:59
DEV002759,hash_db42229595a2b7e4,iOS,Firefox,2025-09-02 22:50:11,2026-08-22 19:27:41
DEV002760,hash_e6035c26079313db,iOS,Edge,2025-03-30 16:31:07,2026-08-27 16:01:30
DEV002761,hash_f6096928feb1e270,Linux,Chrome,2025-12-25 21:07:23,2026-09-12 17:34:59
DEV002762,hash_ff33c8fc187cde97,Windows,Firefox,2026-02-10 20:05:32,2026-08-23 11:50:33
DEV002763,hash_65c3ea24adb94578,Windows,Edge,2024-09-23 18:13:54,2026-08-21 07:46:01
DEV002764,hash_13d29821d42de47a,Android,Edge,2026-05-06 00:12:33,2026-08-20 03:18:36
DEV002765,hash_06784f498bdeb84a,Android,Edge,2026-01-27 16:41:02,2026-09-03 07:33:49
DEV002766,hash_e22f8d1a76ecf3f9,Android,Firefox,2025-07-20 01:17:41,2026-09-13 02:41:33
DEV002767,hash_ff6f4f21ce64a89a,Android,Edge,2026-08-15 00:01:20,2026-08-19 13:22:43
DEV002768,hash_31ab2c49ec817e3e,macOS,Chrome,2025-10-21 22:28:37,2026-08-24 19:45:40
DEV002769,hash_57a9b67fe35f41db,Android,Chrome,2026-07-26 14:11:04,2026-09-05 04:31:57
DEV002770,hash_9553507b4a8c6e28,iOS,Firefox,2025-01-20 23:25:19,2026-09-05 09:06:26
DEV002771,hash_69cbfc4e2f4bc0ce,macOS,Firefox,2025-03-29 14:06:27,2026-08-30 07:52:38
DEV002772,hash_eab4bce840f96050,Windows,Edge,2025-10-08 00:58:45,2026-09-10 12:59:26
DEV002773,hash_394ffcb993dbc3a5,Android,Edge,2026-02-07 15:18:57,2026-09-03 05:44:49
DEV002774,hash_902df7cf28efd75b,Windows,Edge,2025-12-13 09:33:53,2026-08-30 14:35:14
DEV002775,hash_fa9866196ee83e03,iOS,Chrome,2026-04-07 05:45:25,2026-09-04 15:19:31
DEV002776,hash_38e8279f8a38ef1d,Linux,Chrome,2026-04-21 15:09:32,2026-08-19 23:18:40
DEV002777,hash_65cf9236bdce8c96,Windows,Safari,2024-12-08 01:15:44,2026-09-12 10:54:25
DEV002778,hash_28018e890f94e2f9,Windows,Safari,2026-05-10 10:49:04,2026-09-01 09:00:46
DEV002779,hash_b2e9da661bd572b4,Linux,Firefox,2026-06-08 14:33:23,2026-08-22 14:02:21
DEV002780,hash_9ace5bb2bcf80f7f,iOS,Firefox,2025-04-11 03:10:02,2026-08-25 19:52:51
DEV002781,hash_b36203ce7646c493,iOS,Edge,2026-09-06 13:01:01,2026-09-03 23:26:06
DEV002782,hash_8a799c752e206e6f,Android,Firefox,2026-03-11 02:43:05,2026-08-30 14:43:44
DEV002783,hash_9295626be5121da2,Android,Edge,2024-09-19 03:55:45,2026-08-23 19:57:53
DEV002784,hash_591a91ea38e2aae3,Android,Safari,2026-06-10 06:50:49,2026-09-08 12:39:54
DEV002785,hash_c5bc4663f995ae6a,Linux,Edge,2024-09-15 09:40:22,2026-08-20 08:37:43
DEV002786,hash_201cbf3b0f3b5f06,macOS,Edge,2024-11-07 10:11:09,2026-09-04 22:35:04
DEV002787,hash_65276d3873db22db,Windows,Firefox,2025-10-26 22:14:48,2026-09-04 21:25:21
DEV002788,hash_dcee656d7420431e,iOS,Safari,2026-02-04 13:24:19,2026-08-29 15:42:24
DEV002789,hash_fa2bc70f5b1c1cd7,iOS,Edge,2026-04-06 13:08:37,2026-09-05 13:51:31
DEV002790,hash_9f9905ad43c84b21,Linux,Safari,2025-01-24 17:05:57,2026-08-24 05:17:18
DEV002791,hash_73e072cb05fd35aa,Android,Edge,2025-07-02 04:15:15,2026-08-24 16:56:16
DEV002792,hash_d0e99af04d257207,Android,Edge,2026-03-15 00:38:13,2026-08-22 04:16:27
DEV002793,hash_7ec2eadebf88f749,Windows,Edge,2025-02-14 23:36:58,2026-09-08 06:32:46
DEV002794,hash_defc4d67d8b3680d,Android,Firefox,2025-02-02 12:40:47,2026-09-09 01:21:12
DEV002795,hash_8baf15160b6a9167,Android,Chrome,2024-12-08 19:14:09,2026-09-06 12:49:26
DEV002796,hash_f5b7741490a6c5b4,iOS,Chrome,2025-11-28 15:36:34,2026-08-25 23:25:55
DEV002797,hash_2fa8e33b2a78ae7c,Android,Safari,2025-02-05 08:47:24,2026-08-25 09:52:45
DEV002798,hash_d34585a2c6d130fa,Windows,Firefox,2024-10-29 23:45:05,2026-08-24 12:39:40
DEV002799,hash_0856cc4b9ea46e7d,Windows,Safari,2026-06-04 16:25:44,2026-08-24 23:19:41
DEV002800,hash_928a44dd8ace87b7,Android,Firefox,2025-04-03 14:54:58,2026-09-04 12:02:37
DEV002801,hash_e614a0d92c60d815,iOS,Safari,2025-08-22 12:03:25,2026-08-20 22:59:16
DEV002802,hash_3142feb2f505b662,iOS,Firefox,2026-07-20 15:41:12,2026-08-23 17:19:01
DEV002803,hash_01adf3952c5e405e,iOS,Firefox,2024-11-15 04:00:31,2026-08-29 21:16:55
DEV002804,hash_11365b345b867d34,Android,Firefox,2024-11-19 17:56:29,2026-09-02 23:51:06
DEV002805,hash_5fce2980cf41205c,Windows,Safari,2024-12-20 00:28:45,2026-08-29 02:13:02
DEV002806,hash_f93268efda7f6f61,Android,Chrome,2024-11-03 02:11:05,2026-09-01 06:24:07
DEV002807,hash_e27e12e49e41d0e7,iOS,Safari,2024-10-07 05:16:21,2026-09-13 02:05:37
DEV002808,hash_541c8f78489f3f1a,Android,Firefox,2025-03-15 12:51:53,2026-09-07 20:33:23
DEV002809,hash_67a24ab3daf60099,Linux,Safari,2025-09-26 00:55:27,2026-08-20 13:13:02
DEV002810,hash_c88aca21b1f4dd88,iOS,Firefox,2024-09-21 13:27:41,2026-08-18 14:54:07
DEV002811,hash_c6988643c14b2769,iOS,Firefox,2025-04-08 20:21:02,2026-08-16 00:11:08
DEV002812,hash_298604bce009a2cd,Windows,Firefox,2026-02-12 22:45:08,2026-09-12 22:21:51
DEV002813,hash_eb4c864364e4abc2,iOS,Edge,2026-05-20 04:08:02,2026-08-17 16:32:08
DEV002814,hash_01daa44021dbf7f7,Linux,Chrome,2024-11-28 09:30:32,2026-08-25 21:40:42
DEV002815,hash_9077f90f58c92bb8,Linux,Firefox,2025-10-24 21:16:03,2026-08-16 00:13:36
DEV002816,hash_2056dff51f58ceca,Windows,Safari,2025-07-02 23:09:51,2026-09-13 22:17:39
DEV002817,hash_2964aa991728c576,Linux,Chrome,2025-10-23 03:07:49,2026-08-28 13:29:14
DEV002818,hash_c7b30b4171bfad6c,Windows,Edge,2026-09-08 04:22:42,2026-09-08 05:54:40
DEV002819,hash_e85d4aae50247f99,Linux,Firefox,2025-09-16 17:55:33,2026-09-01 00:26:04
DEV002820,hash_0e72f8dff38d906a,Android,Firefox,2025-12-27 14:32:54,2026-09-05 12:06:57
DEV002821,hash_f78c0ea03e2358f8,macOS,Edge,2025-06-02 13:59:47,2026-09-02 15:45:43
DEV002822,hash_1343d7f932b5e3d0,macOS,Edge,2026-02-25 19:02:15,2026-09-01 07:28:49
DEV002823,hash_96870bf14f19f810,Windows,Safari,2025-05-17 00:26:37,2026-08-27 06:55:00
DEV002824,hash_10c8f7c928f93da0,Android,Edge,2025-06-21 17:42:00,2026-09-04 00:01:07
DEV002825,hash_98656bba2ea816ef,Windows,Chrome,2025-07-05 02:47:55,2026-09-14 07:24:36
DEV002826,hash_34019a9a90fcc940,macOS,Safari,2024-10-28 15:18:20,2026-09-01 22:34:12
DEV002827,hash_fc696d179f442e7b,Android,Firefox,2026-07-24 07:35:20,2026-08-31 16:32:28
DEV002828,hash_654102672e49a904,macOS,Chrome,2026-06-02 10:12:43,2026-08-20 12:28:52
DEV002829,hash_3aa4fcd6b3f731b7,Android,Edge,2024-09-16 13:44:54,2026-09-06 20:06:56
DEV002830,hash_3b6c28c55f541a0d,macOS,Firefox,2026-07-22 08:18:57,2026-09-04 03:54:24
DEV002831,hash_6c6deaa2f1b4159f,Windows,Edge,2026-03-31 11:19:48,2026-08-22 09:33:11
DEV002832,hash_26b16c7c5189579a,Linux,Edge,2024-10-04 02:57:50,2026-09-13 21:02:28
DEV002833,hash_621285e3407ad92f,Android,Firefox,2024-12-18 15:09:58,2026-09-10 09:59:38
DEV002834,hash_0680ee6db3831f62,Linux,Edge,2025-04-19 05:53:54,2026-08-27 17:20:00
DEV002835,hash_72d568d41ed6d436,iOS,Chrome,2025-06-27 08:16:37,2026-09-06 14:17:19
DEV002836,hash_92326c4601278844,Linux,Firefox,2026-01-07 11:09:25,2026-09-07 17:24:48
DEV002837,hash_bde85aaba8eb963a,Linux,Safari,2025-10-19 02:56:19,2026-09-04 17:05:36
DEV002838,hash_dfe328d550be6294,iOS,Safari,2026-02-08 23:47:44,2026-08-24 18:43:34
DEV002839,hash_30e8c6690fa33a9a,iOS,Chrome,2024-09-16 14:34:36,2026-08-31 07:08:13
DEV002840,hash_5a94ca8a10134e94,iOS,Safari,2024-09-27 02:15:26,2026-09-02 03:26:09
DEV002841,hash_028af9a75ac8c08c,Windows,Chrome,2026-07-24 14:14:42,2026-08-17 21:04:25
DEV002842,hash_35baf0bd455a14d6,iOS,Chrome,2026-06-03 10:12:53,2026-08-31 11:01:49
DEV002843,hash_a3cd07bb94f686bf,Android,Safari,2026-02-22 17:45:59,2026-09-06 05:25:13
DEV002844,hash_aa8b73eb3cde0596,Android,Edge,2025-03-14 14:05:41,2026-09-14 02:41:46
DEV002845,hash_ead5d65a7c30761e,Linux,Edge,2025-09-25 12:39:16,2026-09-04 01:59:32
DEV002846,hash_23c0990ea3410b6f,Windows,Edge,2026-04-11 08:01:09,2026-09-14 09:29:16
DEV002847,hash_f94c94589affbadc,iOS,Safari,2026-05-23 20:44:25,2026-08-19 14:34:05
DEV002848,hash_bdc27e8fb142b54e,Windows,Firefox,2025-06-11 17:39:42,2026-09-05 10:19:28
DEV002849,hash_f882ee16274055a9,Android,Firefox,2026-09-13 14:03:16,2026-09-07 18:29:18
DEV002850,hash_d1924b21b54c54f9,Windows,Safari,2026-02-07 12:34:28,2026-08-20 12:48:19
DEV002851,hash_ee88891cb34e32fc,Linux,Chrome,2026-04-07 12:10:31,2026-09-03 08:09:31
DEV002852,hash_2e2a485c97382a4d,Android,Safari,2025-04-30 10:14:56,2026-09-14 03:10:29
DEV002853,hash_8af0744cc58b8f79,macOS,Edge,2025-02-12 16:44:38,2026-08-22 14:33:40
DEV002854,hash_6e71ad1d0a9c4b09,macOS,Edge,2026-07-21 19:35:16,2026-09-09 21:40:24
DEV002855,hash_9317bf7bd45b1527,iOS,Firefox,2026-07-26 18:25:54,2026-09-12 10:04:09
DEV002856,hash_3c06c2b3e170cfb3,iOS,Edge,2026-05-16 19:07:59,2026-09-09 03:42:37
DEV002857,hash_1863f1595ab2c279,Windows,Chrome,2024-10-08 20:01:47,2026-08-21 20:44:07
DEV002858,hash_571d76502a7a5550,macOS,Safari,2025-10-05 22:14:30,2026-08-19 21:13:59
DEV002859,hash_6eec28adf5c4dab4,Windows,Chrome,2025-05-06 05:47:08,2026-09-11 07:06:08
DEV002860,hash_850f5739e227d70e,Windows,Safari,2026-07-25 15:26:05,2026-09-07 07:37:51
DEV002861,hash_86fc96c7bc38bf24,Linux,Firefox,2025-01-22 16:58:41,2026-09-06 07:43:40
DEV002862,hash_bd2321add45ce2cf,Linux,Firefox,2024-12-13 00:39:08,2026-09-08 01:31:59
DEV002863,hash_c65bc093f90047bb,Windows,Edge,2026-02-10 20:47:25,2026-09-10 21:41:23
DEV002864,hash_cb3232abb5e9fa21,macOS,Firefox,2025-03-20 06:58:39,2026-08-27 11:17:47
DEV002865,hash_c9dd80a8678f5465,iOS,Chrome,2025-02-25 13:31:01,2026-08-23 22:20:05
DEV002866,hash_8206be0cbd5a19be,Windows,Edge,2026-04-22 05:53:26,2026-08-19 23:57:42
DEV002867,hash_2015949c7b7510b5,Linux,Firefox,2024-12-05 02:20:36,2026-09-05 18:27:13
DEV002868,hash_4e1de3675cc7127a,iOS,Safari,2026-03-24 03:04:32,2026-08-17 01:48:43
DEV002869,hash_5f8c2498bcb37ddd,Android,Edge,2025-01-16 15:14:53,2026-08-31 12:10:01
DEV002870,hash_8e31ea452b34b52b,iOS,Firefox,2026-08-16 06:50:02,2026-09-03 06:33:50
DEV002871,hash_de9c8ed12efe3d84,Windows,Chrome,2026-05-02 09:16:40,2026-08-29 06:24:24
DEV002872,hash_1b35caa1c1467fee,Linux,Firefox,2025-03-04 08:21:11,2026-08-28 03:55:30
DEV002873,hash_bab5c54b5a487fd6,macOS,Firefox,2026-02-13 10:07:51,2026-09-07 18:41:54
DEV002874,hash_e2073d92c1c65bbb,Windows,Edge,2026-08-12 07:03:41,2026-08-21 15:11:08
DEV002875,hash_8d6eb73f2c0ef6cf,macOS,Firefox,2026-02-13 01:37:29,2026-08-22 05:56:01
DEV002876,hash_c2aec13296c78cad,Windows,Firefox,2026-08-31 21:17:43,2026-09-10 14:33:15
DEV002877,hash_03411e59a5680f62,Android,Firefox,2026-01-19 06:26:25,2026-09-08 12:56:22
DEV002878,hash_299b4130cafcbc0e,iOS,Safari,2024-11-23 10:12:09,2026-08-31 19:30:27
DEV002879,hash_4997dd2016520d40,Linux,Firefox,2026-07-23 10:23:49,2026-08-26 12:31:09
DEV002880,hash_02ee09bf9811cd8b,Android,Edge,2026-09-07 21:53:00,2026-09-12 14:49:20
DEV002881,hash_2b94e8fa64f8a4b1,macOS,Chrome,2026-05-02 09:48:37,2026-09-13 19:36:30
DEV002882,hash_68efd18f2266a77f,macOS,Chrome,2024-11-03 09:43:36,2026-09-01 07:39:11
DEV002883,hash_eb26cc824324887e,Windows,Chrome,2025-07-04 00:13:40,2026-09-03 04:25:16
DEV002884,hash_94a9922ef67ed93e,Windows,Edge,2026-02-04 02:11:30,2026-09-11 22:25:37
DEV002885,hash_2f63787731b77072,Android,Edge,2026-07-11 03:52:16,2026-09-05 20:51:50
DEV002886,hash_48f8672bd60112bd,Android,Chrome,2026-06-04 02:47:58,2026-08-26 23:39:32
DEV002887,hash_3b4a17cdb798e034,Linux,Chrome,2025-03-06 19:32:08,2026-08-28 05:37:56
DEV002888,hash_bcc141240cc664cb,Android,Firefox,2024-12-13 00:51:48,2026-08-29 18:46:41
DEV002889,hash_5ee886273ee05165,iOS,Firefox,2024-11-21 06:43:34,2026-08-21 01:32:10
DEV002890,hash_290ade9e226c8bcc,Windows,Edge,2024-11-22 09:55:31,2026-09-01 04:10:18
DEV002891,hash_163b600117f931b6,Linux,Firefox,2026-04-12 09:40:50,2026-09-13 09:43:46
DEV002892,hash_da2855e361dfd243,Android,Chrome,2026-09-12 03:07:08,2026-08-24 18:59:03
DEV002893,hash_f7102c896b7cbb92,Android,Firefox,2026-04-15 12:55:37,2026-08-21 07:02:22
DEV002894,hash_7c60e5a9761e8bb7,Android,Safari,2025-12-03 02:44:21,2026-09-02 12:12:38
DEV002895,hash_47eebcf26664b678,macOS,Chrome,2024-12-22 03:28:47,2026-08-30 20:52:16
DEV002896,hash_af61e25eec6874df,macOS,Chrome,2025-07-06 11:35:47,2026-09-12 15:55:22
DEV002897,hash_f9c2000379582b95,macOS,Firefox,2026-04-09 13:23:28,2026-08-15 17:43:18
DEV002898,hash_4808884b64137c20,iOS,Safari,2025-05-13 13:57:28,2026-08-18 15:52:02
DEV002899,hash_03c50ab302a48d6e,Linux,Safari,2025-12-16 11:45:27,2026-09-10 15:47:19
DEV002900,hash_76890ed43a6fd931,iOS,Firefox,2025-02-08 15:26:58,2026-09-03 11:59:18
DEV002901,hash_6c74eed44578f4e6,Android,Edge,2025-08-09 06:33:30,2026-08-31 04:10:37
DEV002902,hash_6cf4d2fdd37f6059,iOS,Firefox,2026-05-06 05:57:51,2026-09-02 09:02:58
DEV002903,hash_1c7fbd64ac5d2bd1,iOS,Firefox,2026-05-26 15:03:42,2026-08-21 18:55:29
DEV002904,hash_690dc911c9581c41,Android,Chrome,2025-10-22 21:06:50,2026-09-13 20:42:05
DEV002905,hash_efd5d562a4960505,Linux,Safari,2025-12-17 01:06:31,2026-08-26 10:34:47
DEV002906,hash_b669c307487a2d8b,Android,Edge,2024-12-05 23:09:06,2026-09-03 20:20:18
DEV002907,hash_2320a56a4cb7310c,iOS,Chrome,2024-09-21 07:31:57,2026-09-10 18:55:22
DEV002908,hash_5955d6c3639b5d1d,Windows,Safari,2026-07-08 05:25:33,2026-09-07 00:24:26
DEV002909,hash_ea57353c1dc61cb8,iOS,Edge,2025-05-17 13:32:16,2026-08-22 16:21:17
DEV002910,hash_76c397c22dbdc89a,macOS,Edge,2026-06-10 02:20:48,2026-08-30 01:35:26
DEV002911,hash_5cacd5a685fad950,macOS,Edge,2026-06-26 11:05:44,2026-08-26 06:48:28
DEV002912,hash_eb287ab1e4f08e67,Android,Edge,2025-10-07 09:48:08,2026-09-06 18:47:36
DEV002913,hash_b14aba86dbd0afca,iOS,Safari,2025-01-06 16:27:14,2026-09-13 20:31:26
DEV002914,hash_4ad551ad9aba4c01,iOS,Chrome,2025-04-22 07:04:16,2026-08-22 17:43:04
DEV002915,hash_47068498d19c2f8c,macOS,Chrome,2026-04-17 10:27:09,2026-08-17 07:46:46
DEV002916,hash_53ea4b54792f873e,Windows,Chrome,2025-12-23 08:11:03,2026-08-31 04:45:19
DEV002917,hash_8cec314982f8065a,macOS,Chrome,2025-05-12 02:23:58,2026-09-09 01:04:44
DEV002918,hash_1627a8eeff7d485c,macOS,Firefox,2026-03-03 00:40:49,2026-08-21 15:36:43
DEV002919,hash_4cbe5d5d2c24bc1b,iOS,Chrome,2025-04-14 13:46:15,2026-09-12 12:29:30
DEV002920,hash_2b2fedc6e1d82cb7,Windows,Firefox,2025-09-20 16:04:57,2026-08-26 03:04:50
DEV002921,hash_4ec24fb471fef0ab,Windows,Safari,2025-10-03 16:11:26,2026-08-29 19:22:57
DEV002922,hash_c4c1d18113e8b22b,macOS,Firefox,2026-03-15 02:22:33,2026-09-02 22:39:48
DEV002923,hash_44c771063811f9e9,Windows,Edge,2024-10-29 20:35:31,2026-08-31 19:54:27
DEV002924,hash_55d25c83c7e9607b,iOS,Edge,2025-01-10 18:49:19,2026-08-25 21:08:53
DEV002925,hash_416a4f9f9295e162,macOS,Chrome,2026-07-04 21:24:56,2026-08-26 13:59:37
DEV002926,hash_5be330e52a5eb81a,Windows,Safari,2026-03-12 04:47:11,2026-08-18 05:00:37
DEV002927,hash_39b3742dbecfbc0b,macOS,Firefox,2026-09-01 05:09:20,2026-08-24 08:20:23
DEV002928,hash_8f359e6c6b0376f0,Linux,Chrome,2026-07-11 15:45:37,2026-09-08 07:45:00
DEV002929,hash_b02ed1d747e75b71,macOS,Firefox,2026-04-02 03:52:49,2026-09-03 16:15:19
DEV002930,hash_8406132232a6f3f1,macOS,Safari,2025-05-04 11:54:26,2026-08-23 09:14:22
DEV002931,hash_a72052b4102f236d,Android,Chrome,2024-09-30 22:15:43,2026-09-11 06:09:57
DEV002932,hash_56c26218987a8f71,iOS,Safari,2025-07-15 20:58:45,2026-09-01 00:52:38
DEV002933,hash_e2b910f0a035d595,Windows,Edge,2025-08-08 07:03:04,2026-09-07 15:20:32
DEV002934,hash_f1903205bdee5f35,Windows,Firefox,2025-06-11 17:09:43,2026-09-03 15:44:12
DEV002935,hash_640c70d917640a6f,Windows,Firefox,2025-07-14 22:11:26,2026-08-19 03:26:46
DEV002936,hash_c7bd251a523fded7,Linux,Chrome,2025-10-29 03:58:46,2026-08-29 09:31:53
DEV002937,hash_cc4f2da9d5d19277,Android,Firefox,2025-04-21 11:53:38,2026-08-25 03:03:53
DEV002938,hash_889c02997a19c2f3,Android,Safari,2026-03-12 17:51:32,2026-09-11 06:14:38
DEV002939,hash_6d66392cac05ad5c,Android,Safari,2025-07-17 00:41:48,2026-08-20 09:09:05
DEV002940,hash_d8afa26c7d1d53ca,macOS,Chrome,2024-12-24 20:24:42,2026-08-31 08:34:33
DEV002941,hash_38dd71fd4b295ee5,macOS,Safari,2026-04-21 11:30:34,2026-09-12 19:57:43
DEV002942,hash_3657e50a469b4fde,macOS,Chrome,2026-07-18 16:57:40,2026-08-18 06:49:27
DEV002943,hash_ba4d436d656c0188,macOS,Chrome,2026-07-06 05:50:50,2026-08-30 10:02:16
DEV002944,hash_c0a007018acfbadc,macOS,Safari,2025-09-04 13:16:12,2026-08-23 14:29:02
DEV002945,hash_6a673cffe0e36d7a,Windows,Edge,2025-12-06 11:14:24,2026-08-22 08:02:10
DEV002946,hash_77a4802cd95d48ed,iOS,Edge,2025-08-23 09:33:21,2026-09-08 01:51:05
DEV002947,hash_3bdcf115c148e224,macOS,Chrome,2025-04-28 06:23:59,2026-08-22 16:29:49
DEV002948,hash_a8bc30fa5e2467ba,Windows,Chrome,2025-02-24 02:34:27,2026-08-26 05:54:48
DEV002949,hash_5f6da88484fbcda0,Linux,Chrome,2026-05-31 22:34:27,2026-08-25 03:43:14
DEV002950,hash_0f4fbd2bf039d524,iOS,Edge,2026-04-08 07:35:01,2026-08-16 02:24:22
DEV002951,hash_ecac375679b25e7e,iOS,Chrome,2025-06-22 12:37:26,2026-09-12 14:29:03
DEV002952,hash_c6ee1f6a02d6fd31,Linux,Safari,2024-12-02 08:41:29,2026-08-22 19:44:20
DEV002953,hash_0a7f9c8755a33387,macOS,Edge,2025-07-03 15:45:17,2026-09-05 09:23:11
DEV002954,hash_4a411b06053b2764,iOS,Safari,2026-02-23 22:01:25,2026-08-23 19:45:36
DEV002955,hash_c0bdf93969721c75,macOS,Chrome,2026-09-03 09:51:50,2026-08-18 09:23:49
DEV002956,hash_e640bc255663d6d5,Android,Firefox,2024-11-27 18:42:20,2026-09-01 22:03:04
DEV002957,hash_3f7b877db4b511b9,macOS,Safari,2025-09-17 05:55:49,2026-08-24 09:03:12
DEV002958,hash_6cc01241ea336701,Linux,Firefox,2024-10-24 22:23:50,2026-08-21 08:29:06
DEV002959,hash_06ecbbf336160e06,macOS,Edge,2025-10-19 12:39:15,2026-09-01 02:07:50
DEV002960,hash_70a5e979a5054cab,iOS,Chrome,2025-12-19 01:52:55,2026-09-05 17:12:16
DEV002961,hash_6790b027d142a871,macOS,Chrome,2025-01-07 13:45:37,2026-09-04 06:27:11
DEV002962,hash_eeda22598c494fb2,iOS,Firefox,2025-03-23 11:23:45,2026-08-17 07:22:14
DEV002963,hash_2ef3f589bc221d90,macOS,Edge,2024-12-15 10:53:09,2026-08-27 08:22:58
DEV002964,hash_db8d1836e34a4e23,macOS,Safari,2025-07-19 06:14:27,2026-09-08 09:03:23
DEV002965,hash_14ceea13c6ae96ec,Linux,Chrome,2025-05-07 06:47:21,2026-09-13 14:20:15
DEV002966,hash_830bed4fc566a2fa,macOS,Edge,2025-01-26 03:38:12,2026-09-02 21:06:20
DEV002967,hash_37d0d024543fb086,Linux,Safari,2026-05-09 19:08:05,2026-08-20 00:10:14
DEV002968,hash_9909131bad1ee6f0,Android,Edge,2026-05-11 06:11:57,2026-09-07 03:59:06
DEV002969,hash_c05db5447881a492,iOS,Edge,2026-07-17 23:04:19,2026-09-03 04:56:45
DEV002970,hash_4dff80fc34504da6,iOS,Edge,2025-04-15 22:38:41,2026-09-06 06:21:59
DEV002971,hash_66599ddefcc6febe,Android,Safari,2025-06-26 11:38:39,2026-08-16 05:17:02
DEV002972,hash_fe879e56cc7f7718,Windows,Chrome,2024-12-16 09:12:55,2026-08-21 07:38:49
DEV002973,hash_abb5fd1ed8060ff5,Windows,Firefox,2024-11-17 08:42:40,2026-08-21 13:57:59
DEV002974,hash_d4145ed223956ed7,Android,Edge,2025-09-29 03:56:19,2026-09-09 09:39:58
DEV002975,hash_432a23a80f05d46c,Linux,Edge,2025-03-07 21:20:21,2026-08-16 18:35:39
DEV002976,hash_b33d9b53c3d6a993,Android,Edge,2025-12-13 23:55:55,2026-09-12 11:20:18
DEV002977,hash_b9296f54aecb9625,macOS,Chrome,2025-12-02 22:51:12,2026-09-07 22:25:19
DEV002978,hash_640876fb6839ff36,iOS,Firefox,2025-04-14 18:50:46,2026-08-20 05:55:43
DEV002979,hash_0faa4b81d6c480da,Android,Edge,2026-05-24 03:53:10,2026-09-13 10:31:12
DEV002980,hash_29b12582c3545cd8,Linux,Chrome,2025-02-01 20:07:52,2026-09-03 07:06:42
DEV002981,hash_31107d36797d31c4,Linux,Firefox,2025-09-25 06:13:45,2026-09-05 17:00:45
DEV002982,hash_d6442ee9c448ebc5,Linux,Chrome,2025-05-03 22:08:31,2026-09-12 09:31:20
DEV002983,hash_fec52f69ac436e12,Linux,Firefox,2024-12-20 10:49:21,2026-08-20 11:37:24
DEV002984,hash_1eb830f67d93e703,Linux,Firefox,2025-05-24 18:57:13,2026-08-18 17:44:49
DEV002985,hash_b3d2510c6b2e9570,Windows,Firefox,2026-03-22 13:50:55,2026-09-10 18:00:42
DEV002986,hash_cde57aa6c5ca18e9,iOS,Edge,2025-02-04 18:50:33,2026-09-04 08:00:37
DEV002987,hash_75216a991726e178,Android,Edge,2026-06-07 13:12:09,2026-08-16 14:46:20
DEV002988,hash_d498ede9d28616ac,Windows,Safari,2025-07-17 01:08:44,2026-09-11 15:37:23
DEV002989,hash_67bcd5a72bef0136,Linux,Safari,2026-06-11 02:51:28,2026-09-10 16:44:13
DEV002990,hash_07bba5df2861536f,iOS,Firefox,2026-05-15 17:16:13,2026-09-10 09:21:46
DEV002991,hash_e25ff355f8f43249,Android,Firefox,2025-09-28 15:43:31,2026-08-18 18:15:06
DEV002992,hash_53ab7473f527fa92,Windows,Chrome,2025-10-22 05:15:50,2026-09-13 01:00:57
DEV002993,hash_48434dec1cea99dc,Windows,Edge,2025-11-06 19:35:41,2026-08-21 16:20:26
DEV002994,hash_06db51d3731baedd,macOS,Firefox,2026-04-22 10:39:26,2026-08-25 17:28:44
DEV002995,hash_9def23a1104226f6,Windows,Edge,2026-02-07 17:06:41,2026-08-21 08:27:39
DEV002996,hash_00828826309a11ec,Windows,Safari,2025-02-01 12:04:13,2026-09-13 17:46:16
DEV002997,hash_9b75459cff09338c,Linux,Firefox,2026-03-08 04:00:34,2026-08-24 09:24:30
DEV002998,hash_ffd4b196f5662788,Windows,Firefox,2024-09-18 07:29:33,2026-09-11 14:03:49
DEV002999,hash_e99729388fb8a4a3,Linux,Safari,2025-08-27 13:16:16,2026-08-30 21:56:51
DEV003000,hash_c94e36bfa89fd6ce,iOS,Chrome,2024-12-18 17:58:36,2026-08-17 13:22:16
DEV003001,hash_258e0162b2872686,Android,Edge,2024-12-23 05:33:00,2026-09-12 13:47:02
DEV003002,hash_89ed4d64b984933d,Android,Edge,2025-02-21 08:39:00,2026-08-23 11:35:22
DEV003003,hash_8082efd478b2a65d,Android,Edge,2024-11-21 09:20:48,2026-09-11 23:07:18
DEV003004,hash_607cdb47a24efba7,Windows,Firefox,2025-04-01 14:36:30,2026-08-17 08:33:00
DEV003005,hash_1d2867a0ad845afe,Windows,Chrome,2024-11-18 21:29:48,2026-08-21 17:04:19
DEV003006,hash_612e5c861a5b558b,Windows,Firefox,2025-10-12 07:32:04,2026-08-30 03:38:04
DEV003007,hash_d99472c6e6b87bf5,Linux,Chrome,2025-06-23 13:29:20,2026-09-11 02:04:10
DEV003008,hash_006083dd541d0136,iOS,Edge,2025-01-25 11:09:41,2026-09-05 04:39:23
DEV003009,hash_0bdfa5f0c653705e,Android,Edge,2026-02-07 09:13:33,2026-08-15 15:51:56
DEV003010,hash_efd9b5e10ded1b4d,Linux,Firefox,2025-03-26 01:35:05,2026-08-30 05:59:25
DEV003011,hash_a17cd064698a4888,Windows,Chrome,2024-10-20 00:50:51,2026-09-09 20:57:40
DEV003012,hash_e13ce64d723e860e,Android,Firefox,2026-08-17 19:34:33,2026-08-29 21:35:53
DEV003013,hash_835f996307f55f28,Linux,Chrome,2026-02-08 03:50:02,2026-09-10 14:02:25
DEV003014,hash_a3ffcbbd848036ad,Android,Edge,2025-08-25 18:09:41,2026-08-22 10:42:32
DEV003015,hash_66f0c1f528ca1d6f,iOS,Firefox,2025-12-06 09:38:16,2026-09-08 11:10:24
DEV003016,hash_f2247b8d99c36e15,macOS,Firefox,2026-03-08 01:52:37,2026-08-30 20:21:46
DEV003017,hash_dec01aa2a6ba6a87,Windows,Safari,2025-10-25 03:27:04,2026-09-01 18:00:44
DEV003018,hash_86cdc5b7d7aaa061,Windows,Chrome,2025-12-29 00:06:49,2026-09-10 18:49:32
DEV003019,hash_d9c4c947a917676b,Android,Edge,2025-10-15 18:20:24,2026-08-25 20:14:48
DEV003020,hash_842ede0725b5ca9a,Linux,Safari,2026-03-02 12:11:47,2026-08-20 11:07:12
DEV003021,hash_90a05c33f38f922c,iOS,Edge,2026-02-10 20:19:19,2026-08-17 19:53:12
DEV003022,hash_468e61e5a19fe22a,Android,Chrome,2025-03-17 08:07:01,2026-08-17 10:33:51
DEV003023,hash_8a32c05e6b403352,Android,Edge,2025-02-07 06:11:35,2026-08-22 12:49:13
DEV003024,hash_97a35a49efe31ce4,Android,Edge,2025-05-04 23:13:51,2026-08-26 02:30:26
DEV003025,hash_1c34abb3dbcbded5,iOS,Edge,2024-12-27 10:03:52,2026-09-13 21:18:54
DEV003026,hash_64546b2567f91636,iOS,Chrome,2025-11-16 23:35:18,2026-08-26 03:28:15
DEV003027,hash_0878d2bd8eb64f1d,Linux,Firefox,2025-12-17 19:53:00,2026-09-02 02:06:26
DEV003028,hash_0449464fd736466b,iOS,Chrome,2025-04-17 15:16:37,2026-08-21 21:28:12
DEV003029,hash_0e8ba9bd74cf633f,iOS,Edge,2026-04-03 11:44:14,2026-09-05 03:26:57
DEV003030,hash_ac2a20f631d281dc,Windows,Safari,2024-11-10 22:24:38,2026-09-11 08:23:10
DEV003031,hash_37e5436444f26286,Windows,Edge,2025-03-31 05:10:56,2026-08-28 07:28:25
DEV003032,hash_a6a55cfda155b585,iOS,Safari,2025-07-07 17:11:03,2026-08-23 14:02:49
DEV003033,hash_ff91e34055818a42,Linux,Edge,2025-07-21 21:53:36,2026-09-06 19:07:24
DEV003034,hash_0180acebe665c302,Android,Firefox,2024-11-17 20:12:52,2026-08-27 23:54:23
DEV003035,hash_bc5c62d002cdc06e,Windows,Firefox,2026-02-21 15:35:55,2026-09-05 07:19:37
DEV003036,hash_298ce7b44c5a8b5f,Windows,Firefox,2026-09-14 10:49:54,2026-08-22 14:39:26
DEV003037,hash_98bf6a3e6867035e,Android,Chrome,2025-11-04 10:13:36,2026-08-25 13:10:01
DEV003038,hash_ed10891ff0546821,iOS,Firefox,2024-11-07 23:32:36,2026-08-28 17:38:22
DEV003039,hash_5d3e4cae75622dff,iOS,Chrome,2026-01-18 22:27:19,2026-08-25 00:11:35
DEV003040,hash_8d2349a42ec1783f,Windows,Edge,2026-03-23 02:27:56,2026-09-02 17:20:35
DEV003041,hash_d2aac22c67b29aec,Android,Firefox,2025-11-25 23:17:50,2026-09-09 11:37:20
DEV003042,hash_6070e32e9c2be697,macOS,Chrome,2025-12-28 01:13:57,2026-08-23 14:53:24
DEV003043,hash_eb151b3a21c185b5,Windows,Firefox,2025-08-06 03:46:08,2026-08-23 02:35:47
DEV003044,hash_5178827d601c5a40,iOS,Safari,2025-05-17 21:37:48,2026-09-05 16:58:42
DEV003045,hash_5a181f580ac26396,Windows,Firefox,2025-07-05 12:14:06,2026-08-16 21:57:11
DEV003046,hash_c39bf1f8b2ca6bd2,macOS,Safari,2025-12-27 00:18:02,2026-08-27 16:07:18
DEV003047,hash_c0ff8a488050c038,Android,Edge,2024-11-13 09:24:33,2026-08-28 18:29:05
DEV003048,hash_5e01ea7dca2e8da6,Windows,Chrome,2024-12-19 23:21:14,2026-09-10 10:58:25
DEV003049,hash_3e39f028f88cb9b2,macOS,Safari,2024-12-08 14:36:38,2026-09-11 06:39:43
DEV003050,hash_e08ef0a0d72476da,Linux,Firefox,2025-07-27 03:11:54,2026-08-18 20:36:51
DEV003051,hash_5a2ee6fa1e6d6025,Linux,Edge,2025-05-27 23:54:54,2026-08-19 23:25:42
DEV003052,hash_7f97fe08ff82032f,iOS,Safari,2025-06-22 23:41:29,2026-08-31 20:20:31
DEV003053,hash_f066e6f746c51d5a,macOS,Edge,2026-05-11 12:32:23,2026-08-28 22:07:44
DEV003054,hash_ffc2934426fb2d42,iOS,Firefox,2025-01-05 20:01:41,2026-08-26 14:48:07
DEV003055,hash_6d8a09973b17172b,Android,Edge,2025-04-14 17:23:31,2026-08-16 03:15:27
DEV003056,hash_ce8a4293673a38f7,macOS,Edge,2024-11-29 06:06:28,2026-09-02 23:11:04
DEV003057,hash_95d6b0e448a0d015,Android,Firefox,2025-03-05 18:49:51,2026-09-03 00:54:17
DEV003058,hash_94dbaa545f71ff4c,Windows,Edge,2024-12-04 17:38:19,2026-08-21 15:39:29
DEV003059,hash_e94f9c81f7c12030,iOS,Firefox,2025-01-28 16:06:58,2026-09-10 05:09:17
DEV003060,hash_0ced6b07bf9d5992,Windows,Firefox,2026-04-02 21:15:11,2026-08-30 12:55:20
DEV003061,hash_86415cd29ad64879,macOS,Firefox,2025-12-15 12:46:40,2026-09-08 10:12:47
DEV003062,hash_f61437f12a70ec30,macOS,Firefox,2024-11-27 09:15:04,2026-09-10 08:02:57
DEV003063,hash_6242ca8002d61d66,macOS,Edge,2025-06-12 04:13:02,2026-09-12 10:22:42
DEV003064,hash_f76c703e129a98a8,macOS,Edge,2026-07-18 08:26:26,2026-08-29 08:18:57
DEV003065,hash_306bba502d4aad08,Windows,Edge,2025-11-16 13:44:18,2026-08-28 19:34:00
DEV003066,hash_fc3a70ac9c3ad6fc,Linux,Firefox,2025-12-30 00:15:02,2026-08-20 11:11:11
DEV003067,hash_ea3131cf96865cbe,Linux,Firefox,2026-08-11 13:31:36,2026-08-17 23:38:50
DEV003068,hash_5213e852372046a8,Linux,Edge,2025-01-24 19:12:31,2026-08-31 02:15:31
DEV003069,hash_f8f837f2dd7b362b,macOS,Edge,2026-04-21 04:10:23,2026-09-03 13:38:25
DEV003070,hash_7ed4a540b5ca2226,macOS,Firefox,2025-02-01 12:13:31,2026-09-01 09:55:18
DEV003071,hash_ea96dda45f4676a1,macOS,Chrome,2026-06-02 06:45:34,2026-09-10 11:13:14
DEV003072,hash_1f1540cc4d1567e8,iOS,Safari,2025-11-16 16:09:06,2026-09-13 12:32:42
DEV003073,hash_2c33e08a8672f96f,Android,Safari,2026-07-31 06:18:42,2026-09-04 04:53:19
DEV003074,hash_9ba67574e52caa86,iOS,Chrome,2025-09-19 13:35:44,2026-09-13 09:51:26
DEV003075,hash_333c82bf53ce8fb6,Linux,Firefox,2024-12-22 06:21:51,2026-08-28 05:35:38
DEV003076,hash_c3b210def9de4c5b,Linux,Chrome,2024-09-21 13:17:30,2026-09-09 14:06:47
DEV003077,hash_fdb4efd7279e3687,iOS,Edge,2026-03-22 03:40:48,2026-08-23 04:55:35
DEV003078,hash_07823bfb02851b01,Android,Chrome,2026-02-06 22:06:27,2026-08-21 18:59:45
DEV003079,hash_4c285c294a22c21e,Android,Edge,2025-01-02 23:48:37,2026-09-03 01:06:03
DEV003080,hash_661e0f0eee10f503,iOS,Chrome,2025-11-29 00:20:44,2026-08-28 15:16:28
DEV003081,hash_cadb5871f4e2b0db,Windows,Firefox,2024-10-25 05:42:50,2026-09-02 15:01:22
DEV003082,hash_08a436d9da581e29,Windows,Chrome,2026-03-17 17:02:49,2026-08-27 18:00:07
DEV003083,hash_4ceed03837bcf79a,Android,Chrome,2026-02-22 23:05:39,2026-09-14 04:57:23
DEV003084,hash_843efe2f34418d4c,Linux,Edge,2025-08-05 00:52:28,2026-09-06 21:07:34
DEV003085,hash_26fd8253524715af,Linux,Edge,2025-02-03 09:33:42,2026-09-05 23:11:29
DEV003086,hash_087df61d21e4a7e7,Linux,Edge,2025-06-16 03:18:38,2026-09-07 09:48:04
DEV003087,hash_53c50458a4f9315f,macOS,Safari,2025-10-09 06:28:40,2026-08-29 13:56:06
DEV003088,hash_be063f4428e69d58,iOS,Safari,2025-04-16 09:57:32,2026-09-05 10:08:54
DEV003089,hash_02e842e9e89966a5,Windows,Firefox,2025-10-23 12:50:02,2026-08-26 18:17:44
DEV003090,hash_84c253c30e3c8926,iOS,Firefox,2025-05-09 05:21:07,2026-08-19 21:03:40
DEV003091,hash_d4e711aa563aba44,iOS,Chrome,2025-05-09 14:11:22,2026-09-04 09:23:24
DEV003092,hash_eeb7898191fa7144,macOS,Edge,2026-05-05 16:52:07,2026-08-30 20:07:51
DEV003093,hash_9bcf41396d986e12,Android,Safari,2026-07-02 16:45:58,2026-08-20 00:47:15
DEV003094,hash_e7ded7f88f06eb0e,Linux,Edge,2026-01-20 03:28:37,2026-08-19 12:21:39
DEV003095,hash_ea55ee322006b538,Linux,Chrome,2024-11-12 17:54:40,2026-08-27 07:25:45
DEV003096,hash_fcdc5b25a6272842,Windows,Edge,2024-11-25 21:42:11,2026-08-23 16:08:12
DEV003097,hash_21b7a76588b0d2d9,Android,Chrome,2025-12-05 00:55:36,2026-08-18 10:39:19
DEV003098,hash_a8ac7981794ec323,Windows,Firefox,2024-11-18 21:01:37,2026-08-29 12:48:23
DEV003099,hash_ef6c1067a0c12b8a,Android,Edge,2025-11-18 14:31:58,2026-09-08 13:58:42
DEV003100,hash_6892e0c79d9daa19,macOS,Chrome,2026-06-04 00:55:29,2026-08-16 04:13:34
DEV003101,hash_86b48979efbb0288,macOS,Safari,2025-08-09 11:52:25,2026-09-09 08:25:26
DEV003102,hash_7af468fdfa6965f1,iOS,Safari,2026-09-08 10:12:50,2026-08-22 06:43:00
DEV003103,hash_d8bc6e12d97db059,Android,Safari,2025-09-21 17:40:51,2026-09-08 19:45:04
DEV003104,hash_cb9f82a53f76f3b0,Windows,Edge,2025-10-19 04:45:21,2026-09-10 12:04:04
DEV003105,hash_1eda228c41f3e01c,iOS,Safari,2026-03-10 05:42:31,2026-08-21 17:02:32
DEV003106,hash_f6e0a26e39bce100,Android,Firefox,2025-07-26 02:46:54,2026-08-16 07:57:39
DEV003107,hash_a914f7017b6ef5d2,Linux,Safari,2026-01-05 20:39:40,2026-08-24 21:20:47
DEV003108,hash_679ab1a7d9b523c9,Android,Chrome,2026-08-22 16:23:57,2026-08-16 00:15:35
DEV003109,hash_7f07014d0d44b7c1,macOS,Edge,2026-03-22 21:09:17,2026-09-05 06:54:08
DEV003110,hash_a471f0a6324a803a,iOS,Chrome,2026-03-13 21:30:17,2026-09-10 14:17:58
DEV003111,hash_fd969b8d7f0f6ba8,Windows,Chrome,2026-04-19 11:04:10,2026-09-01 09:47:27
DEV003112,hash_6b4672f839cb20e8,Android,Firefox,2025-03-22 20:57:11,2026-09-10 07:03:37
DEV003113,hash_0b845de2f74ba82f,iOS,Safari,2026-02-27 12:23:10,2026-09-14 05:31:41
DEV003114,hash_9f3c4ac3d554da12,Linux,Chrome,2024-10-17 01:49:07,2026-09-14 03:24:27
DEV003115,hash_32c2368c973dc559,Linux,Edge,2025-08-28 15:43:34,2026-08-23 20:07:13
DEV003116,hash_35c0690e31811ada,macOS,Chrome,2026-02-20 02:15:02,2026-09-10 01:42:24
DEV003117,hash_4c5b6bf4309bcc9a,iOS,Safari,2026-08-17 04:16:24,2026-08-26 13:59:24
DEV003118,hash_ff0df117da0e862a,Windows,Safari,2025-01-27 23:01:08,2026-08-19 07:17:24
DEV003119,hash_72d46e94d8bca7d6,Windows,Chrome,2025-06-26 06:34:17,2026-08-22 03:05:37
DEV003120,hash_455be7a1c79c6ed5,macOS,Edge,2025-10-18 04:01:08,2026-09-01 19:22:50
DEV003121,hash_71a57dee06927c51,Linux,Edge,2024-10-23 17:12:47,2026-09-05 04:16:23
DEV003122,hash_20f091a1ddb2441e,iOS,Safari,2025-10-04 01:10:55,2026-09-03 01:26:36
DEV003123,hash_10d0fd27fc87aa39,Android,Edge,2025-01-24 14:17:51,2026-09-02 18:40:23
DEV003124,hash_52442cd569ddaebc,Android,Chrome,2024-12-11 03:04:18,2026-09-01 01:30:59
DEV003125,hash_78a1ad7fc95351ad,Android,Safari,2026-08-25 03:16:59,2026-08-27 18:45:49
DEV003126,hash_7bbaf12316fefed9,iOS,Firefox,2026-06-22 04:45:00,2026-09-10 19:53:09
DEV003127,hash_89c8521edd271b92,Linux,Safari,2026-07-06 23:52:47,2026-08-21 09:05:21
DEV003128,hash_449aa2841415c20e,Windows,Edge,2025-04-27 11:26:41,2026-08-30 04:20:01
DEV003129,hash_f8bad003314d4b4e,Windows,Chrome,2025-09-24 10:20:34,2026-08-29 21:46:15
DEV003130,hash_d05e92789ae27ece,Android,Safari,2025-04-07 19:33:30,2026-08-26 00:00:21
DEV003131,hash_005f655282463029,Windows,Safari,2024-09-15 21:53:47,2026-09-12 06:30:54
DEV003132,hash_bdf2e68f8b6b7f7a,Android,Chrome,2025-07-16 21:52:56,2026-08-26 05:07:44
DEV003133,hash_e52baa7c522a7f0e,macOS,Safari,2026-09-01 03:15:50,2026-08-30 10:54:24
DEV003134,hash_b7e3602d45708ada,Linux,Edge,2026-09-05 20:05:35,2026-09-09 16:24:03
DEV003135,hash_5da17dc9ab489f7a,iOS,Chrome,2026-06-17 12:55:12,2026-08-17 09:02:38
DEV003136,hash_65fbafaaebfcc182,Android,Edge,2026-09-10 17:38:02,2026-09-07 03:15:59
DEV003137,hash_790915e4d23df990,Android,Chrome,2026-08-08 09:32:18,2026-09-14 15:29:43
DEV003138,hash_02e5134348f975a1,Linux,Firefox,2026-07-05 02:40:10,2026-09-08 08:38:15
DEV003139,hash_d4312053e46b32c9,Android,Safari,2024-10-28 20:03:46,2026-09-01 22:14:16
DEV003140,hash_e48dc8b951a59b65,Windows,Chrome,2024-09-18 18:03:51,2026-09-14 12:54:38
DEV003141,hash_46bb08ea8a21ab25,Android,Firefox,2025-09-06 17:51:51,2026-08-31 14:33:24
DEV003142,hash_ec518d979aad4f09,Linux,Firefox,2025-05-03 21:54:19,2026-09-01 20:04:51
DEV003143,hash_14d8eae02d9f3daf,Linux,Chrome,2024-12-06 09:55:44,2026-08-15 21:46:17
DEV003144,hash_35816cb4ae5438c8,Linux,Edge,2025-06-12 19:31:51,2026-08-24 16:39:20
DEV003145,hash_c4d99bd464c6a7c7,iOS,Chrome,2025-07-23 11:20:18,2026-09-01 20:49:34
DEV003146,hash_8384907b3d117149,Windows,Edge,2024-09-21 01:28:41,2026-08-20 13:49:59
DEV003147,hash_f2d22f14af3ae9ef,Windows,Chrome,2025-08-14 19:00:40,2026-09-08 13:02:29
DEV003148,hash_71df76c1a8fa71a6,Linux,Chrome,2025-02-14 14:44:28,2026-08-19 18:29:59
DEV003149,hash_6449368726cc18ad,Windows,Firefox,2025-10-30 03:19:15,2026-09-09 14:59:26
DEV003150,hash_b2a3f8e59bab29cf,Windows,Chrome,2026-08-13 01:41:08,2026-08-23 02:51:07
DEV003151,hash_e6bb4d53f8880fc3,macOS,Safari,2025-07-30 04:36:15,2026-08-21 16:03:11
DEV003152,hash_6ff4d125b12a22b4,Linux,Firefox,2026-08-24 09:50:01,2026-09-08 07:38:32
DEV003153,hash_34273c22ddf08ae0,iOS,Safari,2024-09-19 13:03:58,2026-08-23 05:05:19
DEV003154,hash_6ae2d4fab8888244,iOS,Firefox,2026-05-04 19:47:20,2026-08-27 19:11:39
DEV003155,hash_eebafafd0e34d6f5,iOS,Edge,2025-03-08 18:58:00,2026-09-07 12:10:11
DEV003156,hash_437e60684ccb8ee7,Android,Chrome,2025-07-18 06:16:07,2026-09-02 19:52:05
DEV003157,hash_c4c467dec3182415,macOS,Edge,2025-05-04 15:19:19,2026-09-02 08:26:03
DEV003158,hash_816e49e90ae5f73f,Linux,Edge,2025-08-12 21:06:35,2026-08-24 12:01:24
DEV003159,hash_f804ab4dfe0df098,Android,Firefox,2025-11-04 19:58:38,2026-08-28 17:44:06
DEV003160,hash_faa2e2d80a80b290,Android,Chrome,2024-12-07 14:28:03,2026-09-05 22:44:22
DEV003161,hash_d6cef9758a753c9e,Windows,Firefox,2026-02-05 22:11:07,2026-09-05 23:39:13
DEV003162,hash_1785274c14303825,iOS,Firefox,2025-01-17 21:03:22,2026-08-22 10:43:53
DEV003163,hash_63c9c6fecf8dc32d,macOS,Chrome,2025-06-15 22:23:46,2026-09-05 17:21:58
DEV003164,hash_55d549a218a3be10,Linux,Safari,2024-09-18 16:33:23,2026-09-02 02:18:26
DEV003165,hash_56a827e68db51d32,Linux,Chrome,2026-08-01 11:18:05,2026-08-25 06:59:38
DEV003166,hash_29bafb6357c8f6f6,macOS,Firefox,2024-12-09 03:12:11,2026-08-24 20:37:39
DEV003167,hash_a87bd62a2fbc8b9b,Android,Chrome,2025-04-23 11:09:45,2026-08-17 14:40:05
DEV003168,hash_a7fc93ca98105b90,macOS,Chrome,2024-12-27 00:13:41,2026-09-03 19:26:43
DEV003169,hash_fe8390214b96b952,macOS,Firefox,2025-08-07 05:17:40,2026-08-31 17:39:28
DEV003170,hash_04a182cf2590c1ab,Windows,Firefox,2026-08-15 00:03:45,2026-08-17 04:35:25
DEV003171,hash_e7ad053899c23641,macOS,Chrome,2025-01-16 16:41:15,2026-08-25 07:36:30
DEV003172,hash_7a37593d79de5576,Windows,Safari,2025-09-21 10:57:07,2026-08-28 13:26:42
DEV003173,hash_474cd1a1b60f1d69,Windows,Edge,2024-12-15 10:41:42,2026-09-05 02:22:39
DEV003174,hash_b2becd65b9f5f903,Android,Firefox,2025-09-29 01:07:52,2026-09-11 08:42:23
DEV003175,hash_a3fc8e0deb250927,iOS,Chrome,2025-10-04 02:17:44,2026-08-21 20:14:14
DEV003176,hash_c02edc3d719c6ba4,Android,Safari,2025-05-24 12:35:30,2026-09-04 01:39:19
DEV003177,hash_bef3294863f15a67,Android,Safari,2025-10-08 23:34:05,2026-09-03 12:48:26
DEV003178,hash_3e6ef9f8baac807c,Linux,Safari,2024-12-25 06:02:56,2026-08-20 23:36:50
DEV003179,hash_e05bb3176bd55f21,macOS,Edge,2024-12-06 23:16:02,2026-08-16 16:24:36
DEV003180,hash_687e187eff6ff682,iOS,Edge,2024-12-21 03:21:36,2026-08-23 04:59:08
DEV003181,hash_3f89d9ad2e0780aa,Windows,Edge,2025-06-08 11:07:05,2026-09-08 22:18:33
DEV003182,hash_00b5ee14ec3fd690,Windows,Firefox,2024-09-24 18:40:51,2026-08-27 03:18:51
DEV003183,hash_037be86ef9e9c0da,iOS,Edge,2024-10-24 14:20:20,2026-09-01 06:23:21
DEV003184,hash_bd67ab9012dc3274,Linux,Safari,2025-08-13 21:46:59,2026-09-13 15:25:21
DEV003185,hash_2136a1f40435aa87,Windows,Edge,2026-04-09 22:58:00,2026-08-16 01:07:13
DEV003186,hash_8e36d254d01dc98b,macOS,Chrome,2025-08-17 12:42:59,2026-09-07 23:13:53
DEV003187,hash_e8274a4f3751237f,macOS,Edge,2025-04-27 00:17:42,2026-08-29 08:34:48
DEV003188,hash_54a517670c652ac0,Android,Edge,2025-09-26 14:37:25,2026-08-19 16:01:09
DEV003189,hash_0aa1b5133c8b8741,macOS,Edge,2026-04-28 04:26:53,2026-09-05 11:31:52
DEV003190,hash_6f18d5e83d1bd63a,Android,Safari,2025-03-25 14:35:25,2026-09-14 15:20:15
DEV003191,hash_21178e9f0b44af4d,Linux,Chrome,2025-01-10 14:58:20,2026-09-09 11:24:13
DEV003192,hash_a21f1f28a5a07046,macOS,Safari,2025-02-06 07:34:24,2026-08-27 18:24:57
DEV003193,hash_020d396ad66122f9,Linux,Chrome,2025-04-20 13:03:13,2026-08-21 05:46:26
DEV003194,hash_dc0d81f302cd8d8f,iOS,Chrome,2026-07-17 09:28:58,2026-08-28 10:48:05
DEV003195,hash_1e46a7e397a53ed0,iOS,Chrome,2026-03-12 15:00:31,2026-08-27 15:57:17
DEV003196,hash_bda3c0e3ce34dc5e,iOS,Chrome,2026-02-13 17:32:45,2026-09-05 11:46:21
DEV003197,hash_5d65ec0124a64a6b,iOS,Chrome,2025-02-15 06:55:20,2026-09-07 15:53:28
DEV003198,hash_432596e49bba3501,Windows,Firefox,2026-03-16 21:37:54,2026-08-20 15:50:43
DEV003199,hash_33353b1bb0457086,macOS,Safari,2026-03-12 18:32:07,2026-09-09 01:01:39
DEV003200,hash_77ad7bd591843738,Linux,Safari,2026-01-01 19:59:02,2026-08-24 10:51:56
DEV003201,hash_db8307d93b343275,Android,Firefox,2025-02-07 17:17:27,2026-09-13 08:33:34
DEV003202,hash_6475d814f81be7e1,Android,Chrome,2026-01-15 15:56:21,2026-08-22 21:02:40
DEV003203,hash_b7739c479f8f57a4,Linux,Edge,2025-03-11 08:16:38,2026-08-21 12:06:48
DEV003204,hash_220f6e180b01e963,macOS,Safari,2024-12-25 22:25:07,2026-09-04 03:17:41
DEV003205,hash_d091fc34eacfae57,macOS,Safari,2024-10-13 23:26:53,2026-08-28 22:50:16
DEV003206,hash_5259ab00a95db6f8,Windows,Safari,2025-02-10 10:41:32,2026-08-22 18:06:43
DEV003207,hash_a15275d6fb426ef0,Linux,Firefox,2025-08-11 07:06:34,2026-08-16 12:20:35
DEV003208,hash_51ab79e00b3968c3,Windows,Safari,2026-01-06 00:01:50,2026-08-25 08:22:03
DEV003209,hash_490a4abdb18848f9,Windows,Firefox,2024-11-23 19:24:19,2026-08-18 03:08:00
DEV003210,hash_172f220383880cf3,Android,Chrome,2025-07-06 14:32:00,2026-09-04 10:18:06
DEV003211,hash_8fa19d9fa1706c93,Android,Edge,2025-10-26 22:25:05,2026-08-30 12:48:05
DEV003212,hash_a1168f53590d674b,Windows,Firefox,2026-03-12 00:09:11,2026-08-26 21:23:55
DEV003213,hash_e2e58a89488c7a64,Windows,Safari,2025-03-05 10:26:10,2026-08-31 23:26:30
DEV003214,hash_faf846f765ec4cf2,macOS,Firefox,2025-08-11 02:52:32,2026-09-07 22:04:08
DEV003215,hash_2af9ca18ddf0d124,Linux,Safari,2024-10-31 19:53:16,2026-09-09 09:48:01
DEV003216,hash_1f93bb9d263f9b57,macOS,Edge,2025-08-11 21:27:38,2026-08-18 03:56:56
DEV003217,hash_509d1c7a0d65b0dd,macOS,Edge,2025-05-08 12:37:21,2026-08-20 23:59:21
DEV003218,hash_3c1782b60317201f,macOS,Chrome,2025-04-11 07:21:25,2026-09-02 07:21:46
DEV003219,hash_6b850f21cf948688,iOS,Safari,2025-04-20 02:11:16,2026-09-01 16:44:21
DEV003220,hash_6c4d79e08ab0d57f,Android,Edge,2026-03-20 21:09:47,2026-09-04 22:51:28
DEV003221,hash_4bdc759502af2537,macOS,Firefox,2025-03-25 00:04:30,2026-08-31 04:24:27
DEV003222,hash_6bedefb2c1fd2d6d,macOS,Chrome,2026-08-10 10:14:08,2026-08-17 23:10:23
DEV003223,hash_325d930b218e942e,Windows,Chrome,2025-02-02 08:20:31,2026-08-17 15:24:19
DEV003224,hash_810409fe5db05f47,Windows,Chrome,2024-09-14 14:14:11,2026-08-18 04:30:09
DEV003225,hash_5fdc889f122d774d,iOS,Chrome,2026-02-09 03:34:03,2026-08-31 06:30:12
DEV003226,hash_70f3bbcd115eb800,iOS,Chrome,2025-02-25 19:47:38,2026-08-29 12:11:04
DEV003227,hash_7f3eb2406c543e3f,Android,Safari,2025-09-15 20:02:53,2026-08-29 06:10:31
DEV003228,hash_0dd0e2b36c59e618,Windows,Edge,2026-08-20 19:34:39,2026-09-14 02:24:54
DEV003229,hash_0fd4a3c99273f0c1,Windows,Firefox,2024-12-01 10:34:49,2026-09-05 13:48:35
DEV003230,hash_4172f01c2de2da2b,Windows,Chrome,2025-02-04 17:54:48,2026-08-27 21:40:25
DEV003231,hash_3ecba673358d6616,Linux,Safari,2025-09-30 18:29:14,2026-09-02 07:22:08
DEV003232,hash_713d0a0f4ebe4453,Linux,Safari,2025-05-31 19:43:01,2026-08-30 10:22:02
DEV003233,hash_b5abf66e0e7e4811,macOS,Safari,2024-12-09 19:17:24,2026-08-20 08:38:52
DEV003234,hash_bece704dbb5f4cf5,Windows,Firefox,2026-02-15 18:19:55,2026-08-16 07:40:58
DEV003235,hash_ae1518b718d9d476,Windows,Edge,2026-02-26 15:34:17,2026-09-11 10:37:21
DEV003236,hash_0dee17619561dee0,Windows,Edge,2026-05-05 14:43:45,2026-08-21 23:35:09
DEV003237,hash_929a78001f840586,Android,Edge,2025-05-29 10:28:49,2026-09-02 03:51:32
DEV003238,hash_f6e47acc6f4a4880,Windows,Edge,2026-04-12 22:55:56,2026-09-02 04:48:36
DEV003239,hash_36fda98d94ab24e9,macOS,Safari,2026-04-14 05:30:09,2026-09-13 05:53:50
DEV003240,hash_e29acf4c636a76b6,Android,Firefox,2025-10-29 22:56:58,2026-09-14 00:18:31
DEV003241,hash_e190371931def4b2,Windows,Edge,2025-06-29 19:13:42,2026-08-27 05:21:00
DEV003242,hash_a090433b438b398d,Linux,Edge,2026-02-01 05:45:13,2026-08-29 01:16:03
DEV003243,hash_8c042b51655f7974,Android,Safari,2025-02-24 07:33:02,2026-09-13 00:33:23
DEV003244,hash_77fd35a0afc94350,Android,Firefox,2025-07-09 11:26:42,2026-08-19 21:23:52
DEV003245,hash_3e2dde07f877389b,macOS,Edge,2026-08-04 06:44:14,2026-08-20 19:41:27
DEV003246,hash_bb25367dcd214444,Android,Safari,2024-12-24 12:40:13,2026-09-13 20:57:17
DEV003247,hash_db04954b3e8e6b61,Android,Chrome,2024-12-16 15:48:49,2026-08-17 15:34:47
DEV003248,hash_2f840b62904c2647,iOS,Chrome,2025-12-13 18:32:38,2026-08-24 21:38:14
DEV003249,hash_5c21245e9a7d0275,macOS,Edge,2025-02-11 00:40:31,2026-09-06 07:07:32
DEV003250,hash_378e38ad3decdd27,iOS,Firefox,2026-09-03 00:49:42,2026-08-20 10:41:13
DEV003251,hash_b4db1963b0b128a2,Linux,Edge,2024-11-11 08:06:10,2026-09-11 04:34:36
DEV003252,hash_c940138d367399cd,iOS,Firefox,2026-01-07 23:26:08,2026-09-01 07:16:16
DEV003253,hash_ff9007e890c61381,macOS,Safari,2025-05-06 08:10:25,2026-09-07 16:14:50
DEV003254,hash_0a3813134252d29f,iOS,Firefox,2026-04-28 06:05:27,2026-08-25 11:06:43
DEV003255,hash_3d756daf52791436,iOS,Edge,2025-11-02 14:28:47,2026-08-23 02:48:26
DEV003256,hash_cdcc049eef4d2c57,macOS,Edge,2024-10-18 04:56:39,2026-08-21 20:42:04
DEV003257,hash_dc05fa819e082083,Linux,Firefox,2025-02-10 01:55:06,2026-09-04 23:01:08
DEV003258,hash_2a5395ae421f1de9,macOS,Edge,2025-11-15 18:13:45,2026-08-27 21:58:46
DEV003259,hash_3c9c1cd2eb1f4a1c,Linux,Firefox,2026-08-07 16:37:33,2026-09-11 20:36:59
DEV003260,hash_b88edf3a394d35ac,Linux,Safari,2025-06-10 23:07:27,2026-09-02 10:12:03
DEV003261,hash_2404595da6d62d00,Android,Firefox,2025-08-28 12:33:38,2026-08-21 08:34:50
DEV003262,hash_af9e62a23d0120f7,iOS,Chrome,2026-08-22 15:42:19,2026-09-05 19:53:22
DEV003263,hash_180b3063934261a2,Windows,Chrome,2024-11-05 18:25:26,2026-09-08 02:17:34
DEV003264,hash_6c5c113810b4caaf,Linux,Firefox,2025-08-05 15:02:59,2026-09-10 01:59:38
DEV003265,hash_c2da6c783a5b23ea,iOS,Safari,2026-09-07 13:32:20,2026-09-09 02:48:59
DEV003266,hash_2367a2cc4b180203,iOS,Safari,2026-05-21 11:24:51,2026-08-16 17:15:07
DEV003267,hash_a8eb77097ea0fd8d,Android,Firefox,2025-01-21 20:08:32,2026-09-13 17:49:50
DEV003268,hash_9bacf5bee3b384ca,Android,Edge,2025-04-15 02:44:49,2026-08-21 21:59:07
DEV003269,hash_d1e38b2654d697a8,Windows,Chrome,2025-04-27 03:49:55,2026-08-17 20:42:49
DEV003270,hash_d7bde1f55408906f,Windows,Safari,2025-11-27 22:30:31,2026-08-18 14:35:43
DEV003271,hash_e58e137020786fea,macOS,Chrome,2026-05-24 04:45:21,2026-08-24 21:21:16
DEV003272,hash_ed0d1578ea32df39,macOS,Safari,2026-04-12 12:10:41,2026-09-03 22:52:47
DEV003273,hash_918245136fb90ec6,Linux,Chrome,2025-10-03 16:11:51,2026-09-10 12:08:18
DEV003274,hash_8d15d0d333a53356,iOS,Chrome,2026-07-22 02:59:18,2026-09-09 14:01:21
DEV003275,hash_00f7bcd2078a53cf,macOS,Safari,2024-11-11 10:04:39,2026-08-23 16:36:31
DEV003276,hash_3ef058b3fc141344,iOS,Firefox,2025-08-20 04:24:11,2026-09-09 09:07:06
DEV003277,hash_c60144152f2e9dbd,macOS,Firefox,2025-07-09 13:19:44,2026-09-11 23:07:28
DEV003278,hash_20d705c7e9e26867,macOS,Edge,2026-05-12 12:47:47,2026-09-03 14:26:12
DEV003279,hash_778446d077aa1c1a,iOS,Firefox,2025-07-22 12:36:44,2026-09-14 03:13:36
DEV003280,hash_134f86eff0719a6a,macOS,Chrome,2025-04-13 01:15:52,2026-08-25 16:51:02
DEV003281,hash_65ff3b15f4770dfe,macOS,Safari,2025-02-04 03:29:29,2026-08-15 19:57:39
DEV003282,hash_7a678b77bae8b3cc,Android,Edge,2025-01-16 10:55:09,2026-09-12 10:04:31
DEV003283,hash_3513ee5300e208d1,Linux,Safari,2025-03-02 08:28:34,2026-09-13 09:37:38
DEV003284,hash_3cf033eb0d677625,macOS,Chrome,2026-03-09 08:04:51,2026-08-16 02:05:25
DEV003285,hash_9d46df4155c65dc2,Windows,Firefox,2026-07-29 00:53:00,2026-09-09 13:12:58
DEV003286,hash_80e05a649fb83bc9,Windows,Firefox,2025-09-02 22:16:53,2026-09-09 02:45:22
DEV003287,hash_49a4582aa1531da4,Android,Chrome,2026-03-17 21:44:14,2026-09-10 03:31:14
DEV003288,hash_79111299a3eb9098,Windows,Chrome,2025-04-03 05:16:23,2026-08-30 09:15:52
DEV003289,hash_e5d6ab9b21dcde12,macOS,Safari,2026-07-08 07:32:00,2026-08-26 08:28:35
DEV003290,hash_ace6d9cb04bc969a,macOS,Edge,2025-05-02 08:51:56,2026-08-28 16:36:30
DEV003291,hash_c23450bbc81076dd,Windows,Firefox,2025-11-17 01:05:07,2026-08-21 10:31:53
DEV003292,hash_7414d8f76d933815,macOS,Firefox,2025-01-25 01:57:03,2026-08-26 12:39:46
DEV003293,hash_91b56e0b5f0a41ed,Android,Edge,2024-10-19 14:31:26,2026-09-10 13:24:55
DEV003294,hash_28ef4623d4958480,Android,Chrome,2025-03-18 04:55:43,2026-08-29 19:47:17
DEV003295,hash_b4e2fbce3ebf8bd9,macOS,Firefox,2024-10-14 12:56:56,2026-08-22 20:21:39
DEV003296,hash_8223a973ce0aaa92,Windows,Edge,2026-08-01 11:47:24,2026-08-29 03:22:33
DEV003297,hash_f487f4cee20eca24,Windows,Edge,2026-09-04 09:24:03,2026-08-22 02:41:20
DEV003298,hash_122b5652ba9b0f09,Windows,Edge,2025-04-12 05:31:01,2026-08-18 03:47:28
DEV003299,hash_50a7db25446b87ee,Linux,Edge,2026-01-26 03:41:40,2026-08-27 17:52:53
DEV003300,hash_9611116ba54bddbb,iOS,Chrome,2026-06-15 17:43:33,2026-08-25 20:24:06
DEV003301,hash_ece136fe85d0e33a,iOS,Edge,2025-11-03 09:49:04,2026-08-21 07:07:52
DEV003302,hash_930655b3bfa1bbd9,Linux,Safari,2024-09-15 06:20:35,2026-09-01 12:35:18
DEV003303,hash_ff4c2889d794c0de,Linux,Chrome,2026-01-18 14:18:35,2026-09-14 00:49:41
DEV003304,hash_9947296641f7ce31,Linux,Edge,2025-06-27 20:57:29,2026-08-31 09:54:29
DEV003305,hash_96dae0bb08cd3d26,Linux,Safari,2024-11-17 20:04:00,2026-09-11 07:43:04
DEV003306,hash_5046f4a1d059a088,Android,Safari,2025-04-07 06:16:28,2026-08-22 03:26:05
DEV003307,hash_b3c3655898e31b8f,iOS,Firefox,2025-07-28 08:18:32,2026-09-14 08:11:39
DEV003308,hash_6abcf7ecd2d3ea0a,macOS,Safari,2025-05-01 05:29:37,2026-08-31 09:59:36
DEV003309,hash_20a7b4a8376b1e42,iOS,Firefox,2024-10-28 15:42:49,2026-08-16 03:53:33
DEV003310,hash_97298a48f9b12bdf,Windows,Edge,2026-06-16 03:26:52,2026-09-01 21:56:02
DEV003311,hash_2179a34219f744dd,Android,Firefox,2025-03-03 11:54:50,2026-08-29 05:37:42
DEV003312,hash_8c4d2daeb7f63ccc,Linux,Chrome,2025-01-29 10:49:47,2026-08-28 02:00:46
DEV003313,hash_ddf547e3a918aef5,Android,Safari,2024-09-26 07:46:07,2026-09-10 17:52:09
DEV003314,hash_49cf1e859daccac2,Linux,Safari,2026-02-06 17:32:02,2026-09-12 23:18:52
DEV003315,hash_4060d9e93a5ccb68,Android,Chrome,2024-12-05 20:28:56,2026-09-03 04:48:22
DEV003316,hash_12bf7a23b3264e5e,iOS,Edge,2026-02-04 00:25:20,2026-08-28 03:35:41
DEV003317,hash_bdc6a8046fdb20da,iOS,Firefox,2026-07-21 22:42:08,2026-09-13 23:52:30
DEV003318,hash_316f8ff5e8dccba9,Linux,Safari,2025-11-16 01:21:09,2026-08-25 15:57:31
DEV003319,hash_7f69c5def0655f62,Windows,Firefox,2026-06-10 15:22:42,2026-09-06 02:56:55
DEV003320,hash_e3b683d4d3a35339,iOS,Safari,2025-03-04 13:15:21,2026-08-31 09:33:35
DEV003321,hash_b712eb5865cf1f1d,macOS,Edge,2025-04-10 22:55:12,2026-08-25 13:20:54
DEV003322,hash_d8e5080a107053c4,Linux,Firefox,2025-12-09 23:14:42,2026-09-03 20:30:51
DEV003323,hash_f716c1dae8b3cb11,iOS,Firefox,2025-01-13 01:36:48,2026-09-06 07:27:32
DEV003324,hash_869ebbf47343aa18,Linux,Edge,2025-03-13 03:52:42,2026-09-05 17:18:01
DEV003325,hash_546f97fb0ecc8af9,Linux,Safari,2025-06-27 12:11:38,2026-08-22 20:35:16
DEV003326,hash_634f91081140a324,Linux,Chrome,2026-08-15 21:52:45,2026-09-07 21:50:58
DEV003327,hash_b29139a9626953e6,Android,Firefox,2024-11-25 22:46:26,2026-09-08 17:36:09
DEV003328,hash_b92c972eb2aa1712,Windows,Safari,2025-02-02 03:54:13,2026-09-06 22:59:39
DEV003329,hash_4e5290ae669bbff2,macOS,Safari,2025-02-04 21:25:06,2026-08-24 04:56:59
DEV003330,hash_0645b9986433c61a,Windows,Edge,2025-02-07 20:51:00,2026-09-12 07:27:56
DEV003331,hash_719e5eb1afcb7996,Linux,Safari,2025-09-30 04:10:17,2026-08-24 09:57:18
DEV003332,hash_c6694eaf913f1871,macOS,Firefox,2026-01-30 03:43:08,2026-08-29 08:22:17
DEV003333,hash_ada326e9e233384e,Linux,Firefox,2024-09-30 12:35:46,2026-08-30 17:07:44
DEV003334,hash_00f2f636f897baf0,Linux,Edge,2025-01-18 17:16:11,2026-08-24 06:50:29
DEV003335,hash_338a673a27776076,macOS,Chrome,2026-06-11 03:32:08,2026-09-03 19:02:21
DEV003336,hash_d6e39e870cfa5dd9,Linux,Chrome,2026-03-02 01:41:32,2026-09-14 03:55:48
DEV003337,hash_e14b698592ed1507,iOS,Edge,2025-02-07 01:59:13,2026-08-19 00:41:09
DEV003338,hash_625a58c6156ba919,macOS,Firefox,2025-01-03 15:41:48,2026-08-19 03:42:32
DEV003339,hash_195535d301e58ea3,macOS,Safari,2025-08-11 08:49:32,2026-08-27 13:30:27
DEV003340,hash_e69f4f215b385a6a,Windows,Edge,2025-09-02 14:30:40,2026-09-04 04:43:03
DEV003341,hash_81ae6716af33c727,macOS,Safari,2024-12-01 00:44:22,2026-09-10 05:30:27
DEV003342,hash_7fcfa67b549e87aa,Linux,Edge,2024-12-29 19:32:28,2026-08-16 05:30:02
DEV003343,hash_53e946d9528da2fe,Windows,Edge,2025-12-26 18:27:08,2026-08-20 11:57:35
DEV003344,hash_19917aee5a20efbe,iOS,Safari,2025-07-04 16:20:56,2026-09-03 07:08:51
DEV003345,hash_6e52f6237862fa7d,Windows,Chrome,2024-09-30 06:25:07,2026-08-20 23:58:00
DEV003346,hash_0d63bcae01c0d446,macOS,Edge,2026-06-18 04:28:59,2026-08-16 07:33:19
DEV003347,hash_856188e7566b8b3a,macOS,Firefox,2026-04-30 03:54:23,2026-08-17 18:43:37
DEV003348,hash_aeec50224a8a2052,Android,Safari,2024-12-25 20:14:31,2026-08-27 17:06:23
DEV003349,hash_6a2b4c6412402261,macOS,Safari,2026-05-05 08:16:45,2026-08-19 17:09:43
DEV003350,hash_53397fbe415ee12f,Android,Firefox,2025-04-10 01:43:28,2026-08-22 13:56:55
DEV003351,hash_e44b4ef12cd4ff6e,Windows,Safari,2026-09-13 04:59:17,2026-09-13 18:23:38
DEV003352,hash_11970cc74290274e,Linux,Edge,2024-09-24 15:50:47,2026-08-16 02:42:48
DEV003353,hash_4bcd9c1eeed60834,Android,Firefox,2026-05-22 01:52:16,2026-08-20 19:39:35
DEV003354,hash_d9187ff5cd3a9adb,iOS,Firefox,2025-11-09 10:45:31,2026-09-01 02:01:08
DEV003355,hash_6812bc74877f226b,Linux,Edge,2026-07-08 12:06:10,2026-08-19 18:45:27
DEV003356,hash_83370bc204595ccb,iOS,Safari,2025-02-18 07:47:41,2026-08-22 09:58:51
DEV003357,hash_784ec5e9d211ad6b,Android,Chrome,2025-09-22 08:01:30,2026-09-11 23:32:07
DEV003358,hash_0516d89d73dfe835,iOS,Edge,2026-08-08 07:36:24,2026-09-06 05:26:37
DEV003359,hash_0bab40d631a90ecf,Linux,Safari,2026-06-09 13:36:50,2026-08-23 13:50:35
DEV003360,hash_efc5a8dccf54f88a,Windows,Firefox,2025-05-10 22:19:03,2026-08-31 18:17:24
DEV003361,hash_36502aefea9317e9,Linux,Edge,2025-09-21 03:44:43,2026-08-23 03:47:13
DEV003362,hash_2c6138810f8e2c42,Android,Safari,2025-03-22 13:10:21,2026-08-18 08:51:56
DEV003363,hash_0c6b3d43bb37eb79,Linux,Firefox,2025-11-10 08:18:47,2026-08-28 15:22:32
DEV003364,hash_fbadb44807c81588,Linux,Safari,2026-01-14 13:25:48,2026-09-11 01:07:15
DEV003365,hash_11b4accdbf283a6e,iOS,Safari,2024-12-18 18:32:24,2026-08-16 16:28:30
DEV003366,hash_941121bbab004e65,Android,Edge,2026-06-16 21:57:39,2026-08-17 19:38:32
DEV003367,hash_10f35eeba3520153,Linux,Edge,2024-12-03 00:51:44,2026-09-11 02:19:12
DEV003368,hash_7c1b422798ac23c0,Linux,Edge,2025-05-02 15:51:09,2026-08-20 15:15:51
DEV003369,hash_d738177c228abcd7,Windows,Safari,2025-10-16 12:05:16,2026-09-04 19:36:28
DEV003370,hash_27219bbbfd72c77d,Linux,Safari,2025-01-02 08:14:33,2026-08-15 17:10:34
DEV003371,hash_35b1d7d41c093b82,Windows,Edge,2026-08-23 16:16:14,2026-08-26 13:06:33
DEV003372,hash_45327fbb9c012c23,Linux,Chrome,2024-10-02 19:39:17,2026-08-26 15:51:42
DEV003373,hash_515995344c7fbca1,Android,Edge,2025-08-11 22:37:39,2026-09-03 08:46:11
DEV003374,hash_5a9ba58634638bf0,macOS,Edge,2025-01-06 15:32:36,2026-09-01 19:24:07
DEV003375,hash_fce434484c956e1e,Linux,Chrome,2026-02-05 05:07:39,2026-08-29 13:57:58
DEV003376,hash_5265f22792b28bea,macOS,Firefox,2025-03-08 15:02:10,2026-09-03 08:01:30
DEV003377,hash_404f9c8692b290a6,Android,Safari,2026-03-01 14:29:51,2026-08-21 02:43:54
DEV003378,hash_d4112c1295a05959,Linux,Chrome,2025-10-01 04:26:46,2026-08-23 21:19:00
DEV003379,hash_a869959e23ee5bf6,macOS,Chrome,2024-12-08 17:19:24,2026-08-26 13:21:13
DEV003380,hash_b79c31502b287004,Linux,Safari,2024-12-02 04:44:50,2026-08-29 08:06:12
DEV003381,hash_25aae4ba453013c6,Android,Firefox,2025-06-18 16:56:53,2026-08-19 08:39:01
DEV003382,hash_170bc3e2f82dac3a,Windows,Firefox,2026-01-05 09:39:56,2026-08-31 20:35:01
DEV003383,hash_854506ed55060c69,Windows,Chrome,2024-12-15 02:28:05,2026-09-02 03:46:17
DEV003384,hash_30f3201577f90adb,Windows,Firefox,2026-09-01 08:10:15,2026-08-19 18:34:13
DEV003385,hash_3a341cc80a766472,Android,Edge,2026-08-10 19:11:18,2026-08-17 18:16:07
DEV003386,hash_75b7d56faa3ca596,macOS,Safari,2025-12-27 17:03:42,2026-08-22 23:48:49
DEV003387,hash_6fd13b5e8857d802,macOS,Safari,2025-01-30 11:40:12,2026-09-05 11:09:15
DEV003388,hash_5d8447149c12d6f0,Android,Safari,2025-10-31 05:07:19,2026-08-31 21:53:15
DEV003389,hash_8373c5c71112d66c,macOS,Safari,2025-12-23 21:48:51,2026-08-24 11:04:19
DEV003390,hash_e8b7b97dfe516a8a,Linux,Firefox,2026-02-23 21:48:03,2026-09-05 07:12:42
DEV003391,hash_00f20f7433935094,Linux,Firefox,2025-01-08 20:33:01,2026-08-30 07:06:48
DEV003392,hash_9b3b50fbd6cf3239,Windows,Edge,2026-01-12 10:35:03,2026-08-29 14:09:06
DEV003393,hash_83a95baeb242c5dc,Windows,Chrome,2025-06-11 18:37:33,2026-08-20 16:50:40
DEV003394,hash_6b97c617920faa6a,iOS,Firefox,2025-04-12 17:47:27,2026-09-08 21:26:07
DEV003395,hash_c43644fea58e5128,iOS,Firefox,2026-02-10 03:49:09,2026-09-02 13:48:48
DEV003396,hash_e4395bfef8984efa,macOS,Chrome,2026-09-08 18:25:26,2026-08-28 12:58:50
DEV003397,hash_a4902e72bca0cdb4,Windows,Edge,2026-06-05 21:09:04,2026-08-19 08:44:34
DEV003398,hash_9f69f5d2b7680e3d,Windows,Firefox,2026-05-19 21:35:24,2026-08-15 18:18:16
DEV003399,hash_6b8476fb75912faf,macOS,Safari,2026-07-15 11:45:31,2026-08-22 20:56:51
DEV003400,hash_842fc231ed976c7e,iOS,Chrome,2026-05-11 07:11:29,2026-08-22 18:33:17
DEV003401,hash_fb70d096d96c270c,macOS,Firefox,2025-05-20 22:15:02,2026-08-22 19:56:33
DEV003402,hash_00a30b00b325b0ac,macOS,Edge,2025-07-14 13:32:59,2026-09-06 08:12:14
DEV003403,hash_d7eaa90f2e8a0175,Linux,Firefox,2026-03-28 11:03:46,2026-09-07 21:10:47
DEV003404,hash_f77384cda83e78b1,Android,Safari,2026-06-08 22:25:06,2026-08-18 22:11:31
DEV003405,hash_fb52654c179f2f47,Linux,Chrome,2024-12-11 01:46:35,2026-09-12 17:00:06
DEV003406,hash_8a77444a77ff4810,Linux,Firefox,2025-08-12 04:33:01,2026-08-29 04:12:51
DEV003407,hash_c76892ba4b7ea28d,iOS,Edge,2025-01-04 13:02:59,2026-08-20 01:08:40
DEV003408,hash_5c9fd48dd2c5ab6b,Windows,Safari,2025-05-23 02:23:53,2026-08-21 20:21:21
DEV003409,hash_9f7397946a10d71e,Linux,Chrome,2025-02-02 10:35:31,2026-09-03 08:20:38
DEV003410,hash_6b9fe3a3eefe1006,iOS,Firefox,2025-06-15 01:20:59,2026-08-31 03:47:45
DEV003411,hash_75cd9559222e34e7,iOS,Firefox,2025-10-03 00:55:21,2026-09-05 05:33:58
DEV003412,hash_794826b3a75d0978,Android,Edge,2025-09-23 00:06:53,2026-09-04 18:02:46
DEV003413,hash_80a9891e9fea9f54,Linux,Chrome,2025-12-25 13:33:02,2026-08-31 20:16:52
DEV003414,hash_26c8fd99fb0ee501,iOS,Firefox,2024-12-30 12:52:38,2026-08-27 14:16:11
DEV003415,hash_ade73cc078b5f340,Linux,Chrome,2025-07-08 19:20:10,2026-09-04 23:32:23
DEV003416,hash_b55ba18409318013,macOS,Safari,2025-11-14 20:40:19,2026-09-08 18:55:56
DEV003417,hash_45d1cfbdd2ec8e7a,Linux,Edge,2025-11-06 15:13:21,2026-09-10 13:39:14
DEV003418,hash_abcd21c30e3db0ba,Linux,Safari,2025-10-01 19:00:06,2026-09-10 12:08:37
DEV003419,hash_774cc9decf56e78b,macOS,Safari,2025-11-04 15:58:21,2026-08-26 19:52:08
DEV003420,hash_426df154b4094d74,Android,Edge,2025-07-09 22:13:04,2026-08-19 17:11:16
DEV003421,hash_7f140af56bb4420a,Windows,Safari,2025-12-09 10:11:55,2026-09-05 03:14:46
DEV003422,hash_97e5ae8933d8ae7b,Linux,Chrome,2025-10-28 11:13:49,2026-09-12 17:02:27
DEV003423,hash_d18c0aecfd242766,Linux,Chrome,2026-05-10 08:58:50,2026-08-26 07:18:31
DEV003424,hash_73d2a687d7ce6242,iOS,Edge,2026-03-14 06:51:19,2026-08-19 21:25:11
DEV003425,hash_10f99efe83a1d8c4,Windows,Chrome,2025-03-15 20:33:45,2026-09-02 05:11:17
DEV003426,hash_7e7e2824520619e0,Linux,Chrome,2024-09-16 09:40:27,2026-08-25 12:36:14
DEV003427,hash_94be70be8ecdb525,Windows,Safari,2026-07-06 20:29:17,2026-08-16 11:45:09
DEV003428,hash_fcd123a0828aa03e,Linux,Edge,2025-06-22 15:50:33,2026-09-11 18:19:10
DEV003429,hash_67ad3af12aeaff2e,Linux,Firefox,2025-09-17 06:52:24,2026-08-22 03:24:46
DEV003430,hash_43799f1c816a47ad,Linux,Edge,2026-08-30 11:08:34,2026-08-21 00:06:27
DEV003431,hash_3492abcf6938edd8,Linux,Chrome,2024-10-30 10:50:56,2026-09-01 14:47:07
DEV003432,hash_27d26d0cdc7a85e6,Android,Edge,2025-06-21 11:08:12,2026-08-22 10:07:11
DEV003433,hash_144b45a4660a3c58,iOS,Firefox,2025-05-01 01:48:06,2026-09-07 00:09:26
DEV003434,hash_662e922797fb450f,Android,Firefox,2025-01-04 03:12:53,2026-09-11 10:18:38
DEV003435,hash_ef8708461d50f098,Linux,Chrome,2026-09-07 13:42:53,2026-09-05 02:21:22
DEV003436,hash_d9878d2da1cd08f8,Windows,Chrome,2025-03-21 12:43:31,2026-08-25 21:17:34
DEV003437,hash_e0e4fb328c141f23,Linux,Chrome,2026-06-19 03:57:47,2026-08-26 13:25:44
DEV003438,hash_edab832d27998565,Linux,Edge,2024-10-27 13:39:27,2026-08-22 08:18:58
DEV003439,hash_a7d98c3ed8eaea6e,Android,Firefox,2024-12-14 05:40:47,2026-08-22 14:27:44
DEV003440,hash_cef4b59bd0c34115,Android,Edge,2025-07-04 08:37:30,2026-08-16 22:27:44
DEV003441,hash_ea58341101cd8f3c,macOS,Edge,2026-03-08 20:54:38,2026-09-05 06:35:15
DEV003442,hash_c2ab3876b71bd82d,Linux,Chrome,2025-06-29 20:56:32,2026-08-18 06:46:39
DEV003443,hash_1e50e261df81ee4a,Android,Edge,2026-03-12 23:19:21,2026-08-20 19:16:35
DEV003444,hash_21c7d06f960d08d7,iOS,Edge,2026-02-10 22:45:05,2026-09-12 21:23:14
DEV003445,hash_25906585c7828c90,Linux,Firefox,2024-11-10 11:25:26,2026-09-07 19:18:33
DEV003446,hash_8da3b59e633b35fd,Linux,Firefox,2026-06-26 15:12:24,2026-09-13 11:44:22
DEV003447,hash_465fe8be3951c0c7,Linux,Edge,2026-07-22 07:06:47,2026-08-23 08:03:04
DEV003448,hash_4dc50fb3a94e6d31,Linux,Edge,2024-10-07 14:56:56,2026-08-22 18:54:05
DEV003449,hash_0bd515d8ebdba48c,iOS,Safari,2025-06-24 20:53:30,2026-08-22 12:21:58
DEV003450,hash_6bb482c70b533a90,macOS,Safari,2024-11-14 12:47:16,2026-08-27 13:15:54
DEV003451,hash_82d3066f75d265de,Linux,Edge,2024-11-13 00:50:50,2026-08-16 06:18:13
DEV003452,hash_84c0a2e5dcbc8f64,iOS,Firefox,2025-11-30 06:35:20,2026-09-04 21:01:04
DEV003453,hash_5ab445ac569c16ba,macOS,Chrome,2025-01-08 11:10:38,2026-08-24 12:18:21
DEV003454,hash_7ca170c6cce4c94c,macOS,Firefox,2025-09-14 01:17:43,2026-08-22 11:00:31
DEV003455,hash_19ffec0dbd5f4732,iOS,Firefox,2026-04-18 05:58:25,2026-09-10 06:17:23
DEV003456,hash_52a9e05019a36ee8,Windows,Safari,2026-03-10 18:25:17,2026-08-30 04:43:04
DEV003457,hash_0aeeeac9a1d2fc0f,Windows,Edge,2025-09-14 09:07:13,2026-09-04 15:13:28
DEV003458,hash_e7b28e4aad1624e1,Android,Safari,2026-03-29 09:41:33,2026-09-01 00:47:31
DEV003459,hash_a4ca03182081a780,Android,Edge,2025-08-25 00:30:52,2026-08-16 07:09:22
DEV003460,hash_9a7f3ebd9e2c8d55,iOS,Safari,2025-04-24 22:00:32,2026-08-21 01:24:04
DEV003461,hash_d2799a25b5fe16c1,Windows,Safari,2025-01-13 06:11:48,2026-08-18 13:40:19
DEV003462,hash_4fa977fc0b7246e2,Windows,Firefox,2026-07-30 14:12:20,2026-08-17 05:11:15
DEV003463,hash_f8cbb96e1acbb1ba,Android,Safari,2025-12-27 10:51:29,2026-08-24 02:00:06
DEV003464,hash_4efe5cf1105b2fdc,macOS,Chrome,2025-10-10 02:21:10,2026-08-23 10:35:09
DEV003465,hash_eb747d0da6c2325b,Android,Firefox,2024-09-22 14:49:56,2026-09-03 21:35:41
DEV003466,hash_3a10fd0fefab64b5,Windows,Chrome,2026-06-22 22:31:41,2026-09-05 05:19:12
DEV003467,hash_668d7b7232cdc1d0,Linux,Edge,2026-02-24 06:34:00,2026-09-06 17:03:35
DEV003468,hash_5305482b1d240480,macOS,Chrome,2025-11-18 14:27:40,2026-08-28 04:25:16
DEV003469,hash_0997ed80be602590,Linux,Edge,2026-08-29 02:26:53,2026-09-12 10:16:13
DEV003470,hash_df6a056ae0dafc08,macOS,Edge,2025-10-08 23:49:35,2026-08-30 12:19:17
DEV003471,hash_0dae08ee89a87774,iOS,Firefox,2026-03-19 03:32:27,2026-08-26 16:36:25
DEV003472,hash_f938c93ca38905fd,Windows,Safari,2025-08-09 06:01:55,2026-08-23 06:27:07
DEV003473,hash_6d2562495b6ededf,Linux,Safari,2025-04-13 07:28:47,2026-08-20 02:52:47
DEV003474,hash_6979bafa436e7bb8,macOS,Safari,2025-10-24 05:43:48,2026-09-02 23:39:20
DEV003475,hash_ea3c179f065557aa,iOS,Edge,2024-12-20 08:54:03,2026-08-25 22:36:21
DEV003476,hash_db318c10b9c2d65b,macOS,Safari,2025-07-22 04:17:17,2026-08-18 09:00:25
DEV003477,hash_058ac91fd07cbff2,Android,Edge,2025-03-03 04:57:26,2026-09-03 16:49:05
DEV003478,hash_f008a20237ca34f6,iOS,Safari,2025-02-03 20:32:46,2026-09-11 19:23:28
DEV003479,hash_37f81f317ad1ef02,macOS,Firefox,2025-12-28 03:49:05,2026-08-19 09:43:17
DEV003480,hash_1e786fa2de5cd5a3,Windows,Edge,2026-06-10 10:00:21,2026-09-07 09:32:01
DEV003481,hash_73f833d35db58cdc,iOS,Firefox,2025-09-19 23:55:49,2026-08-30 20:39:30
DEV003482,hash_706e3f71a99ca3da,iOS,Chrome,2026-02-03 03:27:18,2026-09-04 07:44:30
DEV003483,hash_64bc999b8250b470,Linux,Firefox,2026-06-18 17:22:20,2026-09-03 03:02:45
DEV003484,hash_09a9b688b5ee7e5b,iOS,Chrome,2025-01-20 04:47:41,2026-08-18 07:27:47
DEV003485,hash_8f286cdb54d861dc,Windows,Safari,2026-05-31 03:34:31,2026-09-02 16:34:10
DEV003486,hash_29e6c348a47d0a49,iOS,Firefox,2026-01-29 10:37:24,2026-09-05 06:01:13
DEV003487,hash_4cd26e062cd0196c,Android,Edge,2025-02-12 10:17:14,2026-08-28 18:14:42
DEV003488,hash_fe1f4ee7dac2e65c,Windows,Chrome,2024-12-07 08:59:06,2026-08-20 17:24:03
DEV003489,hash_58d256138ccc2888,Windows,Firefox,2024-11-13 14:42:11,2026-09-02 06:20:38
DEV003490,hash_6ecff11d954498b4,macOS,Chrome,2025-12-26 16:31:32,2026-08-31 22:37:08
DEV003491,hash_7770b90ef25d2c85,iOS,Safari,2024-10-05 23:06:53,2026-08-27 06:50:19
DEV003492,hash_cb720f384aa8b839,macOS,Edge,2025-04-21 08:57:52,2026-08-23 13:23:44
DEV003493,hash_412dff6cb58244ab,macOS,Firefox,2025-11-08 19:48:13,2026-08-20 19:48:22
DEV003494,hash_1f5121a6ba26dbc3,Windows,Safari,2024-11-03 21:53:01,2026-08-25 22:39:32
DEV003495,hash_488f39a68b76011a,Android,Edge,2025-12-21 23:11:50,2026-08-16 04:33:18
DEV003496,hash_bda01104448a441e,Linux,Chrome,2026-04-24 18:49:40,2026-08-30 15:55:01
DEV003497,hash_104ad7ea6cb8cc22,macOS,Chrome,2025-02-07 00:02:39,2026-09-11 10:31:59
DEV003498,hash_035c5a0b5630033c,iOS,Firefox,2025-02-17 20:41:23,2026-08-17 05:28:34
DEV003499,hash_837c9e6313b1329b,Android,Edge,2025-03-19 20:25:05,2026-08-28 17:22:10
DEV003500,hash_8d43830e9085f5b7,Android,Safari,2024-11-19 05:29:40,2026-09-12 08:00:26
DEV003501,hash_ff99581de428539a,Android,Firefox,2025-11-26 20:49:18,2026-08-17 20:02:55
DEV003502,hash_c3619cd3c9a90afc,Windows,Safari,2025-11-26 01:06:31,2026-09-08 03:26:31
DEV003503,hash_7ac15877aaeadea2,macOS,Chrome,2024-10-19 15:47:40,2026-08-17 23:44:49
DEV003504,hash_973e9598b48a2d14,Windows,Firefox,2025-05-16 12:26:52,2026-08-20 04:21:52
DEV003505,hash_7ca26cbab1a9a576,macOS,Safari,2025-05-11 21:03:27,2026-08-16 01:38:40
DEV003506,hash_bc66d391069cd309,iOS,Firefox,2025-06-18 04:40:04,2026-08-29 08:47:18
DEV003507,hash_67b28af789383fb3,Windows,Firefox,2025-07-20 10:02:46,2026-09-08 22:33:36
DEV003508,hash_33873e37f899945f,Android,Firefox,2025-02-12 13:08:30,2026-08-30 22:09:11
DEV003509,hash_f634cd4f6cbc9250,Windows,Chrome,2026-04-21 03:36:06,2026-09-03 14:53:46
DEV003510,hash_b9dbb9fa933c3dec,Linux,Edge,2026-03-31 20:03:11,2026-09-01 22:20:47
DEV003511,hash_d1b520ecb50334d2,iOS,Chrome,2024-12-23 18:36:57,2026-08-20 09:13:18
DEV003512,hash_e4045f1e8ecdf68c,iOS,Edge,2025-05-29 12:27:53,2026-09-04 10:17:21
DEV003513,hash_73d1ca2b608a626f,macOS,Chrome,2026-08-11 12:25:32,2026-09-09 02:28:38
DEV003514,hash_bf0a8f68998b6416,macOS,Edge,2024-12-01 15:04:34,2026-09-09 00:50:41
DEV003515,hash_6f7d696b69f2ebec,Android,Chrome,2026-06-03 09:01:53,2026-08-22 22:44:46
DEV003516,hash_ff546b6023b989fa,Windows,Edge,2024-10-02 13:46:20,2026-09-13 03:52:30
DEV003517,hash_3d921577ea4f2cb7,Windows,Firefox,2026-05-25 12:03:12,2026-09-03 04:57:30
DEV003518,hash_f33bb643cfb1dce1,Android,Firefox,2025-09-19 15:17:42,2026-09-13 02:55:22
DEV003519,hash_d95a017ccb1e7a8c,iOS,Firefox,2026-07-21 00:04:55,2026-08-17 11:20:59
DEV003520,hash_b2ee47dbae17b72b,iOS,Safari,2025-04-27 12:27:48,2026-08-23 11:36:16
DEV003521,hash_96a0465b9d1ca8c6,Linux,Chrome,2025-01-09 21:06:56,2026-09-07 03:19:26
DEV003522,hash_e64f17e31286dfff,iOS,Edge,2024-11-14 08:18:20,2026-08-20 04:27:28
DEV003523,hash_6c626aa7f8d1aae8,Linux,Firefox,2026-03-26 05:21:42,2026-08-26 21:33:53
DEV003524,hash_6bc515b3e41f5845,macOS,Safari,2026-08-02 02:41:44,2026-08-26 03:00:47
DEV003525,hash_bd88d9589e009ef4,Android,Chrome,2026-06-03 08:41:25,2026-08-22 11:52:58
DEV003526,hash_dd3f1d3b796f3266,macOS,Chrome,2026-05-04 08:11:46,2026-08-23 11:23:58
DEV003527,hash_26540ba453d05823,Windows,Safari,2025-10-08 19:07:08,2026-09-09 17:18:00
DEV003528,hash_6752aefbd072d994,Android,Safari,2026-04-03 04:35:00,2026-09-14 04:59:54
DEV003529,hash_06e308f54b343a6f,Linux,Firefox,2026-02-02 03:07:38,2026-09-10 01:26:23
DEV003530,hash_3eccd90a3617050a,Windows,Chrome,2026-09-06 16:56:16,2026-09-01 05:32:37
DEV003531,hash_4dd5ec39753a531b,macOS,Safari,2025-08-27 17:52:54,2026-08-22 00:37:20
DEV003532,hash_e1b5eaf46f2d0a1b,Windows,Firefox,2025-06-04 12:03:00,2026-08-29 18:37:16
DEV003533,hash_cf1ae19dde598930,macOS,Chrome,2025-06-21 01:01:47,2026-09-05 13:48:09
DEV003534,hash_8cb1a2291c2bd267,macOS,Firefox,2024-10-15 06:08:26,2026-09-03 11:23:33
DEV003535,hash_c06960367d577db0,iOS,Edge,2025-03-18 21:35:28,2026-08-25 19:03:35
DEV003536,hash_11051eba37dafdb6,Linux,Safari,2026-01-01 06:41:19,2026-09-14 02:49:44
DEV003537,hash_e79398c7bc2d2926,macOS,Safari,2024-11-11 10:18:55,2026-08-23 01:19:35
DEV003538,hash_9528688e5b23ccfe,iOS,Firefox,2025-11-28 12:02:38,2026-09-08 19:25:19
DEV003539,hash_af706ace7c685f75,macOS,Edge,2024-11-28 20:01:34,2026-08-16 09:10:28
DEV003540,hash_e17c0533d9ce8b26,Windows,Chrome,2025-01-02 22:55:21,2026-08-30 16:24:32
DEV003541,hash_9b9c72a24c730d60,Android,Chrome,2025-11-13 03:36:04,2026-08-19 21:19:25
DEV003542,hash_ed632454376186d8,Linux,Safari,2025-10-06 16:38:41,2026-08-20 05:25:00
DEV003543,hash_f90999a500a289d0,iOS,Safari,2025-09-02 10:28:44,2026-08-30 21:16:29
DEV003544,hash_10448af357e0dffa,iOS,Safari,2025-01-24 00:00:43,2026-08-30 00:10:28
DEV003545,hash_49de4eebc78c7f0f,Windows,Edge,2025-01-17 14:18:41,2026-08-18 23:10:49
DEV003546,hash_2403b9a97b2a1997,iOS,Firefox,2025-04-19 18:00:41,2026-09-12 15:27:03
DEV003547,hash_003402c6929a097e,Windows,Edge,2025-06-23 09:10:33,2026-09-01 19:28:12
DEV003548,hash_3dbf4e1cc14988c8,iOS,Chrome,2024-11-22 11:35:59,2026-08-19 02:38:35
DEV003549,hash_ecd6b98840b05a6b,Windows,Safari,2025-01-31 08:31:11,2026-09-07 00:34:06
DEV003550,hash_bb30e92a60c2ad65,Android,Safari,2025-04-02 12:40:21,2026-09-07 15:09:18
DEV003551,hash_7b7192b0afc77dad,Windows,Firefox,2025-04-01 00:55:20,2026-09-06 02:47:10
DEV003552,hash_5b8b8ccd2618dd5d,Android,Chrome,2026-02-01 06:34:08,2026-08-22 11:23:56
DEV003553,hash_b259c52842be2d2d,Linux,Edge,2026-09-14 03:56:14,2026-08-21 16:11:50
DEV003554,hash_845df42586a6d4ba,macOS,Safari,2025-11-29 22:12:21,2026-09-08 08:37:44
DEV003555,hash_1043595936b22d4e,iOS,Chrome,2024-10-14 22:18:23,2026-09-02 07:14:30
DEV003556,hash_039325354a1d8a01,Linux,Safari,2026-07-13 09:13:38,2026-08-29 13:42:30
DEV003557,hash_3e6d9f974910f373,macOS,Edge,2025-07-22 14:17:41,2026-09-04 12:19:27
DEV003558,hash_6f796fc6a68fc907,macOS,Chrome,2026-07-11 19:54:06,2026-08-21 22:02:37
DEV003559,hash_31bee6d3838a8b8c,Android,Safari,2025-08-22 13:52:10,2026-09-02 11:02:24
DEV003560,hash_0d358bc380863f67,Android,Chrome,2025-10-17 05:33:06,2026-08-30 21:11:22
DEV003561,hash_b25b9a6db91c3516,Linux,Edge,2025-07-01 10:12:14,2026-08-19 17:02:22
DEV003562,hash_3e42ee14f70c276c,Android,Safari,2026-02-26 01:23:33,2026-09-04 17:10:20
DEV003563,hash_95116c5f34c4f6ad,Android,Safari,2025-10-12 03:41:47,2026-09-06 12:09:41
DEV003564,hash_f035a81d1793d050,Android,Safari,2025-04-06 07:42:16,2026-08-17 17:29:12
DEV003565,hash_6ee1e14b3a95416f,macOS,Edge,2026-01-09 05:19:27,2026-08-18 10:14:39
DEV003566,hash_a19d5b962bbb87e0,Android,Chrome,2026-04-12 18:16:50,2026-08-27 12:59:54
DEV003567,hash_cc6606e77c62f997,Linux,Chrome,2026-03-11 16:26:37,2026-09-11 21:08:45
DEV003568,hash_74c377c58c7dacfa,Android,Chrome,2024-09-20 08:18:48,2026-08-23 03:50:38
DEV003569,hash_abe015719d79c79e,macOS,Safari,2026-07-08 18:25:59,2026-08-20 18:26:49
DEV003570,hash_4d1af0536c59c38c,iOS,Safari,2025-04-27 22:33:08,2026-09-02 21:37:48
DEV003571,hash_74429e4ac2cffc0f,Android,Edge,2025-01-15 01:24:57,2026-09-12 08:01:12
DEV003572,hash_8c4437c9a46ebe69,Android,Firefox,2025-07-21 07:22:21,2026-08-19 04:47:32
DEV003573,hash_6d8533a2dd1d125f,Linux,Firefox,2025-03-06 10:13:24,2026-09-03 12:04:43
DEV003574,hash_ecabe1e93e906a8c,Android,Safari,2026-07-25 03:44:55,2026-09-07 02:21:34
DEV003575,hash_43662f06f12b37c6,iOS,Firefox,2026-02-15 22:07:00,2026-08-20 04:42:18
DEV003576,hash_677c8f550321fd27,Android,Chrome,2025-06-12 04:55:16,2026-09-07 06:33:10
DEV003577,hash_31fb18bc2f47980c,Android,Firefox,2025-09-13 01:30:30,2026-09-10 15:13:16
DEV003578,hash_809057faf57cefc8,macOS,Safari,2026-08-14 07:49:13,2026-09-07 05:21:32
DEV003579,hash_a5a3e252fa1002b7,Windows,Chrome,2024-12-07 22:22:21,2026-08-19 19:45:23
DEV003580,hash_5391a1f4acdf286c,iOS,Firefox,2025-02-01 04:47:06,2026-08-20 22:00:03
DEV003581,hash_bdaba6d849ce7695,Android,Chrome,2026-08-27 18:56:47,2026-09-03 22:14:25
DEV003582,hash_c9cb7eca4a0dff8a,iOS,Chrome,2026-05-03 20:50:32,2026-09-05 16:22:51
DEV003583,hash_68aae55f6759eb93,macOS,Chrome,2025-02-16 02:39:18,2026-09-04 03:34:16
DEV003584,hash_50a645681a648d30,Android,Safari,2025-05-27 12:02:34,2026-08-18 18:52:51
DEV003585,hash_bd10a6f251dbb17f,Linux,Firefox,2025-05-18 14:51:52,2026-09-01 06:43:06
DEV003586,hash_186f4fa504e34cb1,macOS,Edge,2025-12-27 14:30:31,2026-09-08 06:20:27
DEV003587,hash_3ff616dae490ee09,iOS,Firefox,2025-02-26 08:03:11,2026-09-07 18:36:07
DEV003588,hash_22bc266b20f41f0b,iOS,Safari,2024-12-11 23:26:43,2026-08-29 04:05:47
DEV003589,hash_0810da5609904f9b,Windows,Firefox,2025-09-02 06:12:22,2026-08-17 12:22:05
DEV003590,hash_fa315198de7ac752,Linux,Firefox,2025-11-11 13:17:47,2026-08-23 05:13:03
DEV003591,hash_aa32e76f2f270678,iOS,Chrome,2025-09-14 05:04:34,2026-08-22 17:18:07
DEV003592,hash_60b63cc65f581cc5,iOS,Chrome,2026-01-24 10:44:40,2026-08-26 00:28:36
DEV003593,hash_f5fc402b18799ef1,Linux,Chrome,2025-05-20 20:57:26,2026-09-12 05:46:29
DEV003594,hash_1355a620d9afa521,Android,Firefox,2024-10-08 12:09:13,2026-09-13 20:04:19
DEV003595,hash_88c05a8b418aeb2e,Windows,Firefox,2026-05-08 12:28:59,2026-09-03 02:49:48
DEV003596,hash_936c9d62393fa137,Android,Firefox,2024-11-01 15:28:16,2026-09-02 04:56:08
DEV003597,hash_a4493a033a52bbe6,iOS,Safari,2026-05-20 10:41:42,2026-09-05 12:52:48
DEV003598,hash_845ba11c2e791bbb,macOS,Chrome,2025-09-16 21:14:29,2026-08-26 00:25:09
DEV003599,hash_36f51698cbee70fb,iOS,Firefox,2024-10-26 04:19:26,2026-08-25 22:10:23
DEV003600,hash_99032fa5bba1c927,Windows,Safari,2026-07-20 09:19:22,2026-08-16 18:29:46
DEV003601,hash_dc239ca9d5186ad4,macOS,Safari,2026-04-26 09:52:50,2026-09-05 04:30:14
DEV003602,hash_20514ac655504d75,iOS,Safari,2025-04-11 18:34:46,2026-08-27 21:27:01
DEV003603,hash_802725052f88198b,macOS,Safari,2026-01-20 22:18:58,2026-08-24 04:56:38
DEV003604,hash_cddd3fc7c5c38c43,Windows,Edge,2024-11-18 02:30:02,2026-08-22 12:54:09
DEV003605,hash_cb0568b66d9e4e0f,Android,Firefox,2024-11-06 23:19:42,2026-08-28 22:53:20
DEV003606,hash_956a135143826ccb,Linux,Edge,2025-07-25 19:16:11,2026-08-19 14:57:50
DEV003607,hash_317ddb7c6ded13fe,Windows,Firefox,2025-05-03 21:38:49,2026-09-06 13:42:34
DEV003608,hash_0df4495abed40c9c,Linux,Safari,2026-07-22 22:15:09,2026-09-05 00:46:39
DEV003609,hash_6ff0a0203f5d49d9,macOS,Edge,2025-10-26 18:48:57,2026-08-26 01:12:59
DEV003610,hash_e7a83acba006b58f,iOS,Safari,2026-02-16 07:19:20,2026-08-28 06:02:38
DEV003611,hash_92a63189a97060ed,Linux,Safari,2025-02-04 03:42:50,2026-08-18 06:22:49
DEV003612,hash_9f3047fb2d669be9,macOS,Firefox,2024-11-24 23:28:33,2026-09-05 11:02:41
DEV003613,hash_679ebc275b30ab41,Android,Safari,2025-06-06 19:56:42,2026-08-30 01:41:07
DEV003614,hash_2d74cf85b0383895,macOS,Edge,2025-01-19 23:22:07,2026-08-25 07:09:29
DEV003615,hash_d06729725ef506de,Windows,Chrome,2025-06-12 11:13:38,2026-09-05 00:03:15
DEV003616,hash_7ce8abfb447b9b0c,macOS,Firefox,2025-09-23 06:23:29,2026-09-07 17:45:47
DEV003617,hash_c99bd7825ea6c0a0,iOS,Chrome,2025-11-04 02:48:24,2026-08-23 10:58:57
DEV003618,hash_ea86ff039e9d5a73,macOS,Edge,2026-03-09 07:29:26,2026-09-05 20:39:22
DEV003619,hash_1af01dd64cd66378,Windows,Edge,2025-06-16 16:11:28,2026-09-12 08:14:00
DEV003620,hash_fe1c4a28c862b70c,Windows,Firefox,2025-07-13 10:18:12,2026-08-16 03:20:13
DEV003621,hash_678180493fcc7644,Linux,Safari,2025-11-23 20:20:14,2026-09-13 15:28:17
DEV003622,hash_49ddfe2128c4de0d,macOS,Safari,2025-02-15 09:40:20,2026-08-19 10:25:11
DEV003623,hash_c3c25410ec7e6a42,macOS,Edge,2026-03-29 12:47:31,2026-09-12 17:45:18
DEV003624,hash_515a1417b83ce50d,iOS,Safari,2026-01-06 00:52:11,2026-08-22 16:15:26
DEV003625,hash_8faa586e3558483c,Linux,Edge,2025-05-23 15:03:31,2026-08-31 00:31:59
DEV003626,hash_c30b2db620958a69,Linux,Safari,2024-09-25 04:42:24,2026-08-22 23:07:07
DEV003627,hash_3ff59f4ebf78d7c8,iOS,Safari,2026-08-11 12:14:17,2026-09-06 22:08:33
DEV003628,hash_e09f3c1f33da2f19,macOS,Edge,2026-09-09 11:54:05,2026-08-22 19:36:01
DEV003629,hash_97a6e2bcec7cc6e6,iOS,Safari,2025-10-07 02:35:17,2026-08-31 00:24:28
DEV003630,hash_56b8a1c51a6f19ab,macOS,Chrome,2024-12-11 10:01:54,2026-09-04 09:14:27
DEV003631,hash_a4158988281a7dd1,macOS,Edge,2025-04-06 07:14:36,2026-09-09 22:24:57
DEV003632,hash_324edaa7f36e525b,Linux,Firefox,2026-03-29 04:38:01,2026-08-15 20:02:59
DEV003633,hash_457df92352f074c3,iOS,Safari,2025-08-30 03:16:26,2026-08-21 18:14:14
DEV003634,hash_8c6c6191692bc7c4,Windows,Edge,2026-01-19 20:19:32,2026-09-06 11:16:18
DEV003635,hash_ab3395f83f10dc05,Linux,Chrome,2026-01-23 10:30:39,2026-09-12 17:37:27
DEV003636,hash_c8e8253169b7aabc,Android,Edge,2024-11-28 20:46:20,2026-08-17 10:16:31
DEV003637,hash_89d49382bb110f4b,iOS,Safari,2025-03-02 23:40:11,2026-08-24 18:24:08
DEV003638,hash_786b687490c50d15,Linux,Firefox,2025-08-06 12:53:47,2026-09-11 04:00:09
DEV003639,hash_9bc150d99dac59ca,Linux,Chrome,2026-05-08 15:49:03,2026-08-23 17:17:16
DEV003640,hash_189f59f56a4fd3ab,Windows,Firefox,2025-12-24 22:38:32,2026-09-02 23:39:05
DEV003641,hash_f2435fb4ac7edd94,Linux,Chrome,2025-03-01 01:20:13,2026-09-01 13:18:54
DEV003642,hash_64c656e119fc4dff,Linux,Firefox,2025-02-24 02:30:47,2026-08-24 22:28:56
DEV003643,hash_763f61f1b1d3cf22,Android,Chrome,2026-02-24 01:26:05,2026-09-12 15:49:45
DEV003644,hash_05eb49253eae0a11,macOS,Firefox,2024-09-25 08:08:28,2026-09-02 15:08:45
DEV003645,hash_217c0678795700a0,macOS,Chrome,2026-06-08 06:11:33,2026-09-02 07:37:02
DEV003646,hash_b0ee1d5478b63685,iOS,Chrome,2024-09-26 18:04:23,2026-08-30 07:33:24
DEV003647,hash_186d5e1cf167749b,Windows,Edge,2026-08-11 15:06:18,2026-08-30 13:24:24
DEV003648,hash_7b629e6ad0844473,Linux,Chrome,2025-10-09 03:47:33,2026-08-21 17:06:17
DEV003649,hash_e56fd1128e518e43,iOS,Edge,2026-03-11 08:27:45,2026-09-08 21:17:43
DEV003650,hash_466cdaddbb5ed054,Linux,Firefox,2026-01-31 04:50:11,2026-09-06 19:02:30
DEV003651,hash_21be9f381e29c15e,Android,Safari,2025-08-01 18:46:01,2026-09-04 13:54:05
DEV003652,hash_c8a41ff065f28679,iOS,Safari,2025-06-14 08:56:58,2026-09-01 18:07:18
DEV003653,hash_c5f46ccbc8728188,macOS,Edge,2026-06-19 10:44:58,2026-09-10 23:47:09
DEV003654,hash_52c4c1082f16ec7f,Windows,Firefox,2025-08-10 22:39:01,2026-09-10 01:18:11
DEV003655,hash_9401cf76bfa886b5,iOS,Edge,2026-05-01 10:23:32,2026-08-31 23:01:56
DEV003656,hash_b3d916f2d7aaabb2,Windows,Safari,2024-12-11 05:48:08,2026-08-24 04:36:14
DEV003657,hash_67cc3176c02ac52a,iOS,Firefox,2025-09-05 13:20:14,2026-09-05 10:52:09
DEV003658,hash_1bdfdf34990c8fb9,macOS,Firefox,2025-06-30 23:44:05,2026-08-24 05:51:50
DEV003659,hash_ee457bb8bf8048b4,Linux,Safari,2025-11-17 12:19:10,2026-09-13 12:51:55
DEV003660,hash_37196a5002e7b683,macOS,Safari,2025-01-18 12:23:41,2026-09-11 00:07:50
DEV003661,hash_d8b2f3368170c721,Android,Chrome,2025-08-18 17:34:00,2026-09-03 04:19:10
DEV003662,hash_a45c26e92e783af9,macOS,Edge,2025-04-23 13:33:06,2026-09-05 21:28:59
DEV003663,hash_4ac92390b7f6840c,Linux,Edge,2026-01-19 16:51:42,2026-08-29 09:46:27
DEV003664,hash_9ed3f7e116a36d0d,macOS,Edge,2026-03-13 12:12:04,2026-08-20 11:22:18
DEV003665,hash_ac1796a6fd54c0c9,Android,Edge,2024-11-21 05:36:16,2026-08-20 16:42:57
DEV003666,hash_e395f2fcae92d5ea,Linux,Firefox,2024-11-22 19:13:06,2026-08-16 10:54:15
DEV003667,hash_542186b737ec649a,iOS,Chrome,2026-01-05 20:10:19,2026-09-04 14:56:29
DEV003668,hash_1ad95dfa08699c3c,macOS,Chrome,2024-12-03 16:53:37,2026-09-08 18:07:11
DEV003669,hash_599354c62b788de2,Linux,Chrome,2026-04-19 16:12:34,2026-09-11 02:25:36
DEV003670,hash_66bf02ee1d142405,iOS,Safari,2024-11-30 14:49:38,2026-09-06 05:11:02
DEV003671,hash_95c930eabb3bd320,Android,Chrome,2025-10-10 03:35:05,2026-09-12 20:57:08
DEV003672,hash_39f6c0f731d708f2,iOS,Safari,2026-06-02 02:45:49,2026-08-17 05:47:21
DEV003673,hash_459b082cf8d91bd6,iOS,Edge,2026-02-14 19:15:54,2026-08-29 17:31:45
DEV003674,hash_aa775836eaea93f6,macOS,Edge,2026-07-07 17:10:58,2026-09-05 01:50:53
DEV003675,hash_ccd3da48a8237c27,iOS,Safari,2025-02-25 17:48:36,2026-08-26 11:26:21
DEV003676,hash_cb68abfa8892161c,Android,Safari,2026-05-10 14:20:37,2026-09-06 17:26:53
DEV003677,hash_d35594550babd139,Linux,Safari,2025-11-16 14:35:24,2026-09-03 03:45:22
DEV003678,hash_ba767b8b16af3442,Android,Chrome,2024-12-12 02:42:05,2026-08-25 03:36:37
DEV003679,hash_6f25222ddd6f0420,macOS,Firefox,2026-07-11 07:37:47,2026-09-07 10:51:35
DEV003680,hash_12ebfd9409a686a9,Windows,Chrome,2024-12-19 19:59:10,2026-09-01 16:15:38
DEV003681,hash_668454901a8e041a,Android,Safari,2026-05-23 16:50:28,2026-09-07 04:18:13
DEV003682,hash_a78a380b940e370f,Linux,Chrome,2025-07-31 21:54:27,2026-09-03 20:54:59
DEV003683,hash_0660d917c58b72cd,Android,Safari,2024-09-20 02:00:57,2026-09-02 20:15:27
DEV003684,hash_e62224bea7f9ead2,iOS,Chrome,2026-05-14 17:26:14,2026-08-26 12:40:16
DEV003685,hash_879647bc26889e4a,Linux,Edge,2025-10-13 09:51:55,2026-08-29 10:11:21
DEV003686,hash_6ac01a5cda6c59b2,Android,Edge,2025-04-10 00:50:31,2026-08-28 11:55:47
DEV003687,hash_8b56abbcea7d9349,Android,Chrome,2025-05-10 22:32:08,2026-09-04 18:56:45
DEV003688,hash_9eefa930e04cbe7a,Linux,Chrome,2026-02-19 03:28:58,2026-08-27 09:11:50
DEV003689,hash_4abf132d3f173407,iOS,Chrome,2024-09-17 09:44:54,2026-09-04 18:45:34
DEV003690,hash_d87b589ef46c0289,iOS,Safari,2024-10-09 13:20:42,2026-08-16 09:51:35
DEV003691,hash_e5339b2a807f690e,Windows,Safari,2024-10-04 13:31:20,2026-08-23 02:27:40
DEV003692,hash_42d99eff8db34e0e,iOS,Chrome,2026-05-21 04:25:22,2026-09-02 19:58:49
DEV003693,hash_51ba772535a3bfe3,iOS,Chrome,2026-06-29 05:19:40,2026-09-09 20:24:07
DEV003694,hash_0fb6d2b36ceb699e,macOS,Chrome,2026-06-13 02:47:42,2026-09-13 18:45:12
DEV003695,hash_d65b7bc27c5470da,Linux,Chrome,2025-05-18 18:20:01,2026-08-31 22:10:27
DEV003696,hash_ebb848a73495ad7d,Linux,Edge,2025-01-24 12:55:57,2026-09-12 10:24:46
DEV003697,hash_14703aa50f0af0b7,Windows,Edge,2025-08-14 04:23:38,2026-08-27 09:31:11
DEV003698,hash_daef38021950555f,Android,Edge,2025-11-19 19:58:57,2026-09-03 15:44:10
DEV003699,hash_340a09db1db293e7,iOS,Chrome,2025-02-10 19:41:46,2026-09-14 13:46:12
DEV003700,hash_ae8d67b5953d4f7d,Windows,Chrome,2026-01-27 17:22:23,2026-09-03 18:00:52
DEV003701,hash_22a6df25ff115e61,Windows,Edge,2026-06-19 17:32:08,2026-08-18 03:51:44
DEV003702,hash_de10014cab440950,Android,Firefox,2026-05-29 14:09:02,2026-09-12 17:00:51
DEV003703,hash_eecf6a72f87c7b50,Linux,Chrome,2025-08-13 11:17:43,2026-08-21 21:54:39
DEV003704,hash_178e564d4a116962,Android,Firefox,2026-09-13 19:46:36,2026-09-03 14:37:43
DEV003705,hash_889b2b65d72352ce,macOS,Safari,2026-04-02 17:15:02,2026-08-24 02:09:41
DEV003706,hash_22ffe9fc512e5e8e,macOS,Chrome,2025-07-24 06:55:45,2026-08-31 02:24:30
DEV003707,hash_edef86d1c5c99369,Linux,Firefox,2025-10-20 22:59:23,2026-08-23 08:21:58
DEV003708,hash_6fa6dbccf841b86c,macOS,Safari,2025-08-19 22:00:09,2026-08-26 20:51:54
DEV003709,hash_616cab197da8f7d7,Windows,Edge,2024-11-30 12:30:47,2026-08-21 18:57:05
DEV003710,hash_9aee253d30017603,Android,Firefox,2025-10-10 20:16:43,2026-08-21 09:40:49
DEV003711,hash_c9e2dec18dda0124,Android,Chrome,2026-01-17 15:09:38,2026-09-12 15:56:33
DEV003712,hash_a31c6761eb002062,macOS,Safari,2026-05-16 08:18:32,2026-09-03 16:29:36
DEV003713,hash_f87aeedb9d5ac380,Android,Edge,2026-06-30 23:28:40,2026-08-28 06:57:22
DEV003714,hash_c84f20dc1f42e0cd,Linux,Safari,2026-06-26 13:21:19,2026-09-11 11:56:51
DEV003715,hash_3fdf77a22b5881f8,iOS,Chrome,2025-01-15 17:12:43,2026-08-31 07:23:41
DEV003716,hash_48b18785592d899e,Android,Chrome,2025-02-19 10:39:21,2026-08-20 04:24:55
DEV003717,hash_3ccabde2b5c1accc,Android,Safari,2024-11-25 14:50:21,2026-08-16 21:38:20
DEV003718,hash_54dcf02d37c16995,Android,Edge,2025-08-19 22:21:55,2026-08-16 05:12:32
DEV003719,hash_a9d87a6498c8ab51,macOS,Firefox,2026-01-15 15:40:56,2026-09-13 10:59:49
DEV003720,hash_110182d163771964,macOS,Safari,2025-01-11 01:16:44,2026-08-17 00:10:36
DEV003721,hash_582a344fd06c0d92,Windows,Firefox,2026-01-07 06:27:30,2026-09-11 01:11:25
DEV003722,hash_52bb9866ff933b6d,iOS,Edge,2026-08-30 05:22:09,2026-08-19 11:32:33
DEV003723,hash_4fd7e25dbd5602ab,Android,Chrome,2025-12-02 07:15:20,2026-09-03 05:18:00
DEV003724,hash_a20c10722390f607,Windows,Safari,2024-10-03 19:41:00,2026-08-21 23:51:56
DEV003725,hash_b87d6e7a7c8f1e1a,Android,Edge,2025-09-01 13:56:37,2026-09-02 01:00:27
DEV003726,hash_8af52b5e95709b28,Linux,Safari,2025-02-06 01:53:11,2026-08-27 07:03:44
DEV003727,hash_86950cd28545ce6d,Windows,Edge,2026-02-03 00:09:04,2026-08-26 10:07:46
DEV003728,hash_9ac11a8763f301a9,Windows,Firefox,2025-05-02 19:16:58,2026-08-25 01:35:35
DEV003729,hash_0ef04ec3fb2d6908,Android,Safari,2025-11-04 01:08:47,2026-08-27 13:30:29
DEV003730,hash_9741c0fa1b20a57e,Windows,Edge,2026-04-01 07:41:40,2026-09-03 00:17:33
DEV003731,hash_590de23b73901c46,macOS,Firefox,2026-05-05 13:23:10,2026-08-28 07:14:49
DEV003732,hash_5d3325355d994b1e,Linux,Safari,2026-02-08 05:42:01,2026-08-18 04:03:28
DEV003733,hash_2548f600e2f27f04,iOS,Edge,2025-04-15 17:57:43,2026-08-19 16:25:31
DEV003734,hash_b972ff40a35de603,Android,Edge,2026-09-10 09:27:36,2026-08-22 15:16:11
DEV003735,hash_63c4722c27f3b303,macOS,Firefox,2026-01-14 12:32:18,2026-08-16 18:43:37
DEV003736,hash_a745e323c2aafe29,Windows,Edge,2026-01-23 00:38:03,2026-09-12 18:45:47
DEV003737,hash_06a0bfb45df0fb26,Windows,Edge,2026-07-19 13:09:40,2026-08-20 16:15:29
DEV003738,hash_020bf53bdfbc2770,macOS,Chrome,2024-12-09 08:09:34,2026-09-06 22:41:19
DEV003739,hash_0af721a9a9d0716a,Android,Safari,2026-09-04 08:29:19,2026-09-13 14:02:00
DEV003740,hash_ffba331adbe8d3ef,Windows,Chrome,2024-12-18 11:14:51,2026-08-20 20:31:10
DEV003741,hash_38f49961d6bdb561,Android,Edge,2025-01-02 08:14:57,2026-08-29 08:51:33
DEV003742,hash_a5f5cec4825dd0ea,macOS,Firefox,2025-04-05 16:10:50,2026-08-24 10:12:45
DEV003743,hash_0a5fdcff42bbba8c,Linux,Edge,2024-11-25 05:44:14,2026-08-19 09:55:19
DEV003744,hash_cedad670c72cee50,Android,Chrome,2025-10-03 01:38:29,2026-09-02 04:49:28
DEV003745,hash_f7ea059900e0d047,macOS,Edge,2026-08-24 02:33:49,2026-08-25 18:04:17
DEV003746,hash_997929e38a9f70e6,Android,Safari,2025-07-14 17:17:24,2026-08-20 13:03:25
DEV003747,hash_f8d4b975fcff9ed9,Android,Edge,2025-09-30 13:50:18,2026-08-16 17:20:52
DEV003748,hash_894ade1822b51524,iOS,Chrome,2025-08-01 13:00:51,2026-08-19 05:29:17
DEV003749,hash_685b58a978c2249a,iOS,Firefox,2025-09-27 01:35:08,2026-08-19 08:40:36
DEV003750,hash_b85975b0806272a1,Android,Chrome,2025-02-24 12:26:49,2026-09-05 00:59:36
DEV003751,hash_dec4390559e68fe2,iOS,Firefox,2025-07-02 15:29:40,2026-08-30 21:07:08
DEV003752,hash_249031eb3ab7e477,Linux,Firefox,2026-01-19 06:30:27,2026-09-06 13:04:39
DEV003753,hash_2ccc181e2e54ca50,Linux,Firefox,2026-06-04 04:41:34,2026-08-23 11:27:55
DEV003754,hash_035f2c0648ae3a47,Linux,Safari,2025-01-31 20:04:51,2026-08-30 03:50:27
DEV003755,hash_53a55fb678963d04,iOS,Firefox,2024-09-22 01:16:29,2026-08-24 07:56:23
DEV003756,hash_fffb00415ba05fa5,Linux,Safari,2026-02-08 13:19:08,2026-09-12 04:42:40
DEV003757,hash_005476f5082ddc63,Windows,Chrome,2026-01-17 10:55:00,2026-09-14 02:34:12
DEV003758,hash_b9ee224709fccdac,Linux,Safari,2026-07-10 03:02:22,2026-08-17 04:24:30
DEV003759,hash_9af7884873ce9813,Android,Firefox,2024-12-14 05:08:43,2026-09-01 07:10:09
DEV003760,hash_e3d0ef715f7e9ce0,Android,Chrome,2025-06-10 12:45:47,2026-09-08 03:33:47
DEV003761,hash_3f0bdbdaef9e83f4,Windows,Chrome,2026-01-04 02:07:43,2026-09-13 18:48:30
DEV003762,hash_da5dcf8dd3778853,Windows,Firefox,2025-11-12 15:25:24,2026-08-15 21:36:30
DEV003763,hash_f7993edc51954d56,macOS,Firefox,2025-01-15 04:49:02,2026-09-09 23:38:50
DEV003764,hash_c421fa752a2be014,Linux,Firefox,2026-04-13 06:28:37,2026-08-28 00:16:52
DEV003765,hash_d35d46c4ec6cd6e0,Android,Edge,2026-09-03 21:00:30,2026-08-21 13:25:58
DEV003766,hash_1e1efa474a0d7cd8,Windows,Edge,2025-02-10 23:08:32,2026-09-14 01:56:10
DEV003767,hash_fb04f2748e78646b,Android,Edge,2024-10-07 03:11:44,2026-09-10 16:11:52
DEV003768,hash_3d81f28086315f2b,Android,Firefox,2024-10-02 01:42:31,2026-09-09 19:16:26
DEV003769,hash_8a5ae470ed37e6c8,Android,Chrome,2025-10-16 15:51:32,2026-08-23 01:15:43
DEV003770,hash_e51bc4b406132523,Windows,Chrome,2025-03-01 04:29:31,2026-09-02 08:53:40
DEV003771,hash_49a69acc9f3f4d91,Windows,Firefox,2024-12-12 08:03:28,2026-08-26 04:32:24
DEV003772,hash_13c376ce4d20d60f,Linux,Safari,2024-10-07 02:07:17,2026-08-31 13:22:39
DEV003773,hash_c2516191df2053a3,iOS,Chrome,2024-12-30 19:17:07,2026-08-26 07:48:22
DEV003774,hash_a7e19facee09a932,Windows,Safari,2024-11-17 23:43:54,2026-08-21 19:14:34
DEV003775,hash_8e40669a78332ea1,macOS,Edge,2025-04-10 00:29:42,2026-08-28 22:36:38
DEV003776,hash_bb966a3d49afb037,iOS,Chrome,2025-09-23 05:27:08,2026-08-25 07:53:40
DEV003777,hash_15c2b8712cdf8e10,Linux,Firefox,2024-11-24 14:41:17,2026-09-01 13:51:36
DEV003778,hash_62b1d31f05c75509,iOS,Safari,2026-03-18 03:52:50,2026-09-11 10:18:24
DEV003779,hash_fb3904f07f6ab37d,Linux,Chrome,2026-02-02 13:00:00,2026-08-29 22:40:29
DEV003780,hash_fed1aaf9ac76dac0,iOS,Edge,2025-09-11 22:34:21,2026-09-08 17:25:01
DEV003781,hash_95ce8a808eed7ac9,Android,Firefox,2025-08-18 21:01:50,2026-09-09 13:03:15
DEV003782,hash_38cfa8b618ebb9ac,Linux,Edge,2025-07-21 19:42:29,2026-08-25 00:41:26
DEV003783,hash_ee60b3e1402613bb,iOS,Edge,2025-03-27 10:19:13,2026-08-24 01:16:42
DEV003784,hash_9361a97398a494d1,Android,Safari,2025-02-14 20:55:49,2026-08-29 07:15:04
DEV003785,hash_54f99b39d0775ab4,Linux,Safari,2025-07-16 07:03:07,2026-08-20 15:38:49
DEV003786,hash_582fe1b6f533cc86,macOS,Safari,2025-12-11 12:14:17,2026-09-13 04:20:42
DEV003787,hash_927968e997a4acb5,Windows,Chrome,2025-05-14 04:36:50,2026-08-23 16:45:57
DEV003788,hash_c2728e4a8b7381ea,Windows,Firefox,2026-05-23 23:20:03,2026-08-25 15:34:39
DEV003789,hash_e5112379936f017a,Android,Edge,2026-03-29 00:25:35,2026-09-08 08:07:52
DEV003790,hash_f6f9c71f9a4d5aaf,macOS,Chrome,2025-08-16 20:44:37,2026-09-06 07:34:39
DEV003791,hash_4c4c2c7db08122b0,Windows,Firefox,2025-08-09 07:16:56,2026-09-13 14:32:26
DEV003792,hash_9b94a51085130c5e,Linux,Edge,2026-04-17 10:48:47,2026-08-28 20:17:21
DEV003793,hash_6094413d03c82477,Android,Chrome,2026-06-09 21:34:44,2026-08-31 03:08:06
DEV003794,hash_54e114bf637536e0,macOS,Edge,2026-01-11 00:08:53,2026-08-20 21:04:53
DEV003795,hash_3bc881603d977c5f,macOS,Safari,2025-12-29 21:03:27,2026-09-03 06:02:48
DEV003796,hash_71ad673d5f0a8b79,Android,Chrome,2025-08-13 15:13:12,2026-08-25 08:27:27
DEV003797,hash_517f37196629a922,iOS,Edge,2025-11-28 16:32:23,2026-09-01 18:56:32
DEV003798,hash_17de253f6a147272,iOS,Edge,2025-07-01 15:22:29,2026-08-18 18:38:30
DEV003799,hash_8f654132a9f42e23,Android,Safari,2025-08-29 05:43:56,2026-08-23 18:37:31
DEV003800,hash_e61f82b0967683ab,Linux,Chrome,2026-08-06 00:47:24,2026-08-17 07:05:57
DEV003801,hash_5b932aef23d7eb5c,iOS,Chrome,2025-10-16 08:37:40,2026-08-27 22:36:23
DEV003802,hash_47c534e3831448cb,iOS,Edge,2025-12-14 00:16:54,2026-09-04 13:13:38
DEV003803,hash_66020424b90f0ddf,Linux,Firefox,2025-04-30 02:59:22,2026-09-13 23:20:23
DEV003804,hash_9ce505e9a3e0b8c8,macOS,Safari,2026-06-18 06:47:52,2026-09-10 09:50:28
DEV003805,hash_4d219a3c44f455a3,macOS,Edge,2025-06-14 18:43:27,2026-09-03 23:49:37
DEV003806,hash_e8ce4dc4dc14124d,iOS,Safari,2024-10-07 10:22:02,2026-08-21 05:20:34
DEV003807,hash_e05e5522cd7e3ac6,Android,Safari,2025-01-31 21:54:14,2026-08-31 07:43:00
DEV003808,hash_2f26cb42ace1415e,iOS,Firefox,2025-08-13 16:35:46,2026-08-24 16:22:21
DEV003809,hash_4022e192e6a4ee0e,iOS,Firefox,2025-06-19 01:05:14,2026-08-27 13:34:56
DEV003810,hash_832507834d2de4cb,Android,Chrome,2024-11-09 14:21:36,2026-08-26 02:28:25
DEV003811,hash_147bf656461ebf44,macOS,Firefox,2026-02-06 10:46:03,2026-09-02 16:46:54
DEV003812,hash_1c50ff9e4ecce990,Windows,Safari,2025-06-30 02:09:46,2026-08-22 16:44:58
DEV003813,hash_f13a5d893f21360a,macOS,Chrome,2026-05-12 15:27:02,2026-08-30 22:07:49
DEV003814,hash_88da0ce153df7070,Windows,Safari,2024-12-18 04:09:02,2026-08-16 02:59:21
DEV003815,hash_48234c9a75629bb8,Linux,Chrome,2025-05-19 15:10:41,2026-08-16 04:28:00
DEV003816,hash_2c92f14d625924b2,macOS,Edge,2026-03-24 22:24:55,2026-08-31 14:55:36
DEV003817,hash_2982c35f03d38568,Windows,Firefox,2025-02-27 05:15:10,2026-09-07 05:58:09
DEV003818,hash_73c1f6a25e71b662,Android,Firefox,2025-11-28 22:38:22,2026-08-31 06:24:43
DEV003819,hash_c34cafdfff2af7ad,iOS,Firefox,2026-08-13 06:02:53,2026-08-26 22:49:17
DEV003820,hash_24f753a3a83b9212,Linux,Safari,2025-11-24 09:59:07,2026-08-18 20:56:08
DEV003821,hash_998b6dd0acf7d36b,Windows,Safari,2025-07-10 16:10:52,2026-08-29 10:12:02
DEV003822,hash_ee509b8d2e689243,iOS,Chrome,2025-12-25 14:38:48,2026-08-25 22:58:05
DEV003823,hash_a3d9653a5278faea,Linux,Firefox,2025-10-28 17:07:44,2026-08-26 05:07:45
DEV003824,hash_630a3b56867e0a97,iOS,Chrome,2024-12-03 02:49:03,2026-09-11 21:19:49
DEV003825,hash_052f7be7478f8cad,iOS,Edge,2025-04-18 03:26:42,2026-09-14 04:01:33
DEV003826,hash_2f0ee497646e6d6b,Linux,Chrome,2026-08-01 07:16:20,2026-08-19 06:56:33
DEV003827,hash_286e3525714faa88,Android,Edge,2025-12-03 23:25:10,2026-09-05 03:08:26
DEV003828,hash_f386fc844ba548a8,iOS,Firefox,2026-02-26 00:06:24,2026-09-05 18:49:02
DEV003829,hash_218aa7c0d447c810,Android,Safari,2025-05-19 00:09:21,2026-08-31 04:44:04
DEV003830,hash_6842e7f5164679a4,macOS,Firefox,2025-02-15 02:02:15,2026-08-25 05:25:52
DEV003831,hash_1e856dede7b96323,Windows,Firefox,2024-10-22 17:58:14,2026-09-08 15:14:28
DEV003832,hash_2d146d3997208a86,macOS,Edge,2025-10-06 11:46:26,2026-08-17 22:16:57
DEV003833,hash_35bd0f089aa7d84c,macOS,Chrome,2025-04-15 07:43:15,2026-09-05 02:32:35
DEV003834,hash_38a68341656e5a10,iOS,Safari,2024-12-15 19:23:43,2026-08-21 16:20:40
DEV003835,hash_0873cccfc063e4ed,iOS,Chrome,2025-08-31 20:46:20,2026-08-23 23:09:30
DEV003836,hash_3b0a71edd6c8cdd4,Linux,Firefox,2025-12-25 07:43:35,2026-08-31 12:36:10
DEV003837,hash_0b8f743d8007519f,Windows,Safari,2025-12-17 08:28:26,2026-09-03 05:49:38
DEV003838,hash_2f58a84801f169fb,iOS,Chrome,2025-03-16 19:28:12,2026-09-12 15:20:12
DEV003839,hash_186050e96b012fae,Linux,Chrome,2024-09-30 16:43:24,2026-08-29 11:51:29
DEV003840,hash_939281001b32bc3b,iOS,Firefox,2024-09-28 00:44:19,2026-09-12 14:34:25
DEV003841,hash_5fa8f48a362e75cf,Linux,Firefox,2024-09-17 18:52:21,2026-09-07 01:46:09
DEV003842,hash_9aac8b797d49e8f9,macOS,Chrome,2025-04-23 01:12:33,2026-08-22 00:27:35
DEV003843,hash_0fd1be3b9a8c4492,Android,Chrome,2026-06-29 21:36:22,2026-09-04 05:04:28
DEV003844,hash_058cbf65a5689f3a,iOS,Safari,2024-10-12 22:07:43,2026-09-10 13:18:00
DEV003845,hash_19758e626e274881,macOS,Firefox,2026-08-28 05:38:57,2026-09-10 06:21:50
DEV003846,hash_d778c1a02f281d8e,Windows,Edge,2024-10-14 13:30:01,2026-09-01 00:51:13
DEV003847,hash_b7cb05a0b72dc421,Windows,Edge,2026-01-27 23:44:08,2026-08-16 10:43:28
DEV003848,hash_839d8c611061abba,Windows,Safari,2024-11-07 02:57:52,2026-09-07 11:13:53
DEV003849,hash_998613d9f8469cb3,Windows,Chrome,2024-11-27 01:24:28,2026-09-04 19:22:04
DEV003850,hash_73123d26ba22d6d5,Linux,Firefox,2026-03-29 22:40:18,2026-08-30 06:27:16
DEV003851,hash_001ed5203a1669da,Windows,Safari,2025-04-15 12:31:55,2026-08-31 01:19:07
DEV003852,hash_cdc5ee2bba19cf04,iOS,Firefox,2026-04-22 14:05:18,2026-09-01 10:40:50
DEV003853,hash_3bfd3c43be2eaf0a,Android,Edge,2025-07-22 03:12:20,2026-08-19 12:42:05
DEV003854,hash_a0a5741ea6a0b2d0,macOS,Edge,2025-11-20 09:13:46,2026-08-30 20:38:27
DEV003855,hash_c826a9b4ea823045,Linux,Chrome,2025-10-02 17:41:31,2026-09-14 09:10:16
DEV003856,hash_54dd07dc48ecd5e0,macOS,Safari,2024-10-20 17:44:46,2026-09-03 18:01:33
DEV003857,hash_bbe1fa3b70eb6a37,Windows,Firefox,2025-05-03 23:38:31,2026-09-06 17:23:32
DEV003858,hash_034a0aab71a5e9e3,Android,Safari,2025-10-02 08:42:26,2026-08-21 13:13:20
DEV003859,hash_c1c69f79f1ea44de,Windows,Firefox,2026-07-01 00:18:54,2026-09-02 19:23:53
DEV003860,hash_9d41601dad7c61a7,Android,Chrome,2026-09-12 12:18:39,2026-09-14 15:45:41
DEV003861,hash_738c5016ab8a5d03,macOS,Edge,2024-12-02 23:31:33,2026-08-17 01:53:21
DEV003862,hash_6bb45123f81d4272,macOS,Safari,2025-03-07 04:10:35,2026-08-17 23:29:49
DEV003863,hash_5837c2f90ef42cd8,iOS,Edge,2026-06-17 07:52:16,2026-08-16 03:52:42
DEV003864,hash_e575eeb5a5ea0d8f,macOS,Chrome,2024-12-30 22:26:35,2026-08-20 18:15:29
DEV003865,hash_06c8e1aa20016ab7,Linux,Firefox,2025-05-22 22:46:29,2026-09-05 19:22:22
DEV003866,hash_162785588dc42764,Windows,Edge,2025-03-08 23:33:10,2026-08-23 22:03:12
DEV003867,hash_0e10d0458c2506c4,macOS,Chrome,2024-11-21 12:59:48,2026-08-24 22:28:59
DEV003868,hash_b8ab2113cc1241a5,Linux,Chrome,2026-03-30 14:35:45,2026-09-02 13:32:30
DEV003869,hash_21cdbab627e7bad6,iOS,Chrome,2026-06-10 02:20:25,2026-09-10 18:04:01
DEV003870,hash_1d270e2bacd819c6,macOS,Edge,2024-09-18 00:21:34,2026-08-18 04:55:21
DEV003871,hash_8c0e6204a045b3f3,macOS,Chrome,2025-04-03 21:10:31,2026-08-17 17:57:12
DEV003872,hash_a113384e62e9ee62,macOS,Edge,2024-12-09 05:46:29,2026-08-17 23:41:38
DEV003873,hash_55d632793459f752,iOS,Firefox,2025-05-08 12:37:28,2026-08-19 07:11:47
DEV003874,hash_32cbd13426b2fc9a,macOS,Chrome,2025-04-07 00:28:34,2026-08-31 15:27:43
DEV003875,hash_5b117f208a05ce06,Linux,Firefox,2026-03-02 12:02:02,2026-09-14 09:40:20
DEV003876,hash_de77178712552f58,iOS,Edge,2026-05-22 01:15:30,2026-09-03 01:58:53
DEV003877,hash_a2c11893d198a560,Linux,Safari,2025-04-11 19:46:17,2026-08-23 22:13:29
DEV003878,hash_833ba35ea5a9c1be,Windows,Edge,2026-09-02 12:51:23,2026-08-22 08:16:19
DEV003879,hash_e95f9710387dd826,macOS,Chrome,2025-12-11 08:36:07,2026-09-07 00:30:47
DEV003880,hash_493bafc41547c5db,iOS,Safari,2024-12-16 07:22:14,2026-08-21 18:54:11
DEV003881,hash_0585d67d314bf2c9,Android,Chrome,2025-05-20 05:02:19,2026-08-22 20:12:01
DEV003882,hash_bf17d94ff05fa9e7,iOS,Edge,2026-04-22 01:49:57,2026-09-13 00:19:38
DEV003883,hash_562ed43fd4868d2d,iOS,Firefox,2026-08-04 18:00:28,2026-09-04 17:17:18
DEV003884,hash_3e483c18dfaae657,Android,Firefox,2026-01-21 20:59:26,2026-09-06 08:18:08
DEV003885,hash_4278a00e24a8d5fa,macOS,Safari,2026-02-15 05:03:14,2026-08-21 14:20:28
DEV003886,hash_a8a0edf59974c84e,Linux,Edge,2025-10-24 10:37:35,2026-09-10 06:27:06
DEV003887,hash_9cd3bbe56146fc90,iOS,Firefox,2025-03-19 23:55:41,2026-09-12 17:03:02
DEV003888,hash_7a8f36a2f88cd2b0,Linux,Safari,2025-09-20 09:26:51,2026-09-08 10:46:42
DEV003889,hash_7daae2b31a70a81a,Linux,Firefox,2025-04-20 01:55:14,2026-08-31 06:49:12
DEV003890,hash_aed9d391cd2ba7af,macOS,Edge,2026-05-07 07:22:25,2026-09-08 02:09:35
DEV003891,hash_91f3b11c57adfb93,Android,Safari,2025-03-08 14:01:55,2026-08-20 02:43:12
DEV003892,hash_35d6d4bee540967a,Linux,Firefox,2025-04-07 02:03:31,2026-08-30 00:54:14
DEV003893,hash_18209c030a8ef997,Android,Safari,2026-03-20 17:21:22,2026-08-19 16:13:42
DEV003894,hash_deeca16faad41a73,Android,Edge,2025-06-15 08:49:25,2026-09-11 18:29:00
DEV003895,hash_5a64b5e8cdc7b3a0,iOS,Edge,2026-06-25 03:52:46,2026-08-27 10:09:17
DEV003896,hash_4af75f8c64965ca5,iOS,Edge,2026-02-08 09:51:31,2026-08-25 15:38:48
DEV003897,hash_dda4fad571f326a8,iOS,Safari,2026-03-07 23:20:02,2026-08-19 10:39:43
DEV003898,hash_ce3413ea1048fc1f,iOS,Edge,2024-11-11 13:02:21,2026-09-08 16:01:24
DEV003899,hash_fe50fbba2ede3ede,Windows,Safari,2024-10-30 23:42:11,2026-08-25 23:19:04
DEV003900,hash_586dda5df16cd8d0,iOS,Firefox,2024-09-24 08:58:18,2026-08-26 03:34:55
DEV003901,hash_f33f24e77d2fb0ae,Windows,Edge,2025-09-12 19:12:06,2026-09-03 08:23:37
DEV003902,hash_ee2b918650634f9e,macOS,Edge,2025-02-07 03:16:51,2026-09-08 07:54:51
DEV003903,hash_6925c72bfa38b5d4,Windows,Edge,2024-12-04 08:54:52,2026-09-01 04:25:09
DEV003904,hash_4b2327aa82e52a40,Linux,Edge,2025-02-23 05:58:39,2026-09-13 07:46:31
DEV003905,hash_2a28e8cd28e4e653,Windows,Safari,2026-04-28 17:32:46,2026-09-10 06:31:00
DEV003906,hash_5e1b914db549d451,Android,Chrome,2025-10-18 08:32:44,2026-08-30 20:51:21
DEV003907,hash_6823c8694e8c378e,iOS,Safari,2026-04-27 20:46:08,2026-08-30 19:04:08
DEV003908,hash_f5651938017cff67,macOS,Firefox,2026-03-18 11:52:25,2026-09-06 16:44:24
DEV003909,hash_91468a8cf87f7210,macOS,Safari,2026-02-05 03:43:29,2026-08-23 03:11:16
DEV003910,hash_88a934a162115e17,Windows,Chrome,2026-07-04 16:30:49,2026-09-09 03:33:52
DEV003911,hash_d18432b5249b4a0e,Android,Edge,2024-12-05 05:54:00,2026-08-21 23:17:51
DEV003912,hash_205a00dec4130c74,macOS,Edge,2025-03-03 02:41:27,2026-09-02 07:26:30
DEV003913,hash_7e002a34b60199e4,iOS,Firefox,2025-07-10 15:53:56,2026-09-06 14:53:14
DEV003914,hash_51cfc712bd5ca81b,Android,Edge,2026-07-20 06:18:23,2026-09-09 13:59:42
DEV003915,hash_c712823d95952125,iOS,Safari,2025-02-18 20:49:36,2026-09-04 02:02:19
DEV003916,hash_e09912deaf50061f,Windows,Firefox,2025-02-07 03:57:10,2026-08-18 23:44:12
DEV003917,hash_2188966e12acccff,Linux,Chrome,2025-04-17 23:31:47,2026-09-05 04:42:22
DEV003918,hash_6fe4e2144d18f030,Windows,Chrome,2025-01-19 17:05:14,2026-08-30 13:37:04
DEV003919,hash_25b85a8e2fa0bdbd,iOS,Safari,2026-07-21 19:04:41,2026-09-12 16:18:07
DEV003920,hash_7e51471be49a4f58,macOS,Chrome,2026-01-30 18:58:50,2026-08-20 14:40:46
DEV003921,hash_e92425d649709b55,Windows,Edge,2025-01-06 13:55:32,2026-09-07 00:48:59
DEV003922,hash_91367d62b9191ede,macOS,Firefox,2026-07-26 17:43:40,2026-08-20 20:37:55
DEV003923,hash_1dc06c565fa2f598,Linux,Safari,2026-04-15 20:32:14,2026-08-21 00:09:26
DEV003924,hash_a7caddebb2b7a188,Android,Edge,2025-03-20 00:39:19,2026-08-16 11:05:32
DEV003925,hash_341fe7010633c388,iOS,Firefox,2026-08-09 15:26:30,2026-09-07 00:41:29
DEV003926,hash_4ae8285c17f6a4cf,macOS,Firefox,2025-02-06 10:44:01,2026-08-28 14:33:36
DEV003927,hash_3e364321c6301690,iOS,Edge,2024-10-06 09:07:56,2026-09-07 18:37:35
DEV003928,hash_bb2bc475a525c6d1,iOS,Chrome,2026-02-10 06:41:10,2026-09-10 10:17:32
DEV003929,hash_914035e8ed2ccc5a,Windows,Safari,2025-08-31 18:05:03,2026-09-01 17:49:31
DEV003930,hash_b7bfa04910645aa4,macOS,Edge,2025-04-08 10:59:32,2026-08-21 09:37:34
DEV003931,hash_c414777b66739343,macOS,Chrome,2026-09-04 03:25:52,2026-09-11 08:55:01
DEV003932,hash_327722a7653a8465,macOS,Firefox,2024-11-18 11:21:51,2026-09-01 20:42:11
DEV003933,hash_23fffc04abc041a3,Linux,Edge,2025-08-15 07:29:51,2026-08-25 22:50:27
DEV003934,hash_011cb53c33516dac,Android,Chrome,2025-01-09 04:00:26,2026-09-03 22:13:14
DEV003935,hash_2368d3c1fd0a5f40,iOS,Chrome,2025-10-09 05:45:12,2026-09-05 13:44:27
DEV003936,hash_f2fb62c6d25b53f5,Android,Safari,2025-10-13 16:41:18,2026-08-31 20:36:02
DEV003937,hash_eb08fc4380dd7f64,Windows,Firefox,2024-10-25 11:09:56,2026-09-06 01:57:54
DEV003938,hash_d12de8e263403148,Windows,Firefox,2025-04-13 21:40:15,2026-09-02 14:35:30
DEV003939,hash_fe2b7fe8346030ec,iOS,Edge,2024-11-29 03:36:25,2026-08-18 01:00:42
DEV003940,hash_738c410cd95f9ea0,Linux,Edge,2026-01-30 23:25:54,2026-09-03 05:26:13
DEV003941,hash_f26e5ef705df756b,Linux,Firefox,2026-04-05 17:44:42,2026-09-05 04:07:02
DEV003942,hash_fa31346bf041d961,Linux,Edge,2025-02-11 19:23:37,2026-08-29 22:18:28
DEV003943,hash_b949c1257faf15be,Android,Firefox,2025-02-08 07:50:35,2026-09-04 04:56:11
DEV003944,hash_023befcb6195b4ec,Windows,Safari,2025-01-29 09:08:58,2026-09-13 11:53:00
DEV003945,hash_ead7bec59b4974a5,Windows,Edge,2025-04-16 11:52:26,2026-09-10 08:45:05
DEV003946,hash_ea7dbecde06ff0d4,Linux,Firefox,2025-12-29 23:54:00,2026-09-08 14:52:14
DEV003947,hash_8ff251cf06269f70,Windows,Edge,2025-10-21 23:59:41,2026-09-05 16:54:22
DEV003948,hash_9179703b47a99b30,Android,Chrome,2024-12-07 23:35:37,2026-08-18 01:52:14
DEV003949,hash_30137a80ddf9693a,iOS,Safari,2026-01-29 04:59:15,2026-08-27 17:48:25
DEV003950,hash_5e9d870c9f23403a,Android,Firefox,2024-12-09 10:58:46,2026-08-26 07:35:42
DEV003951,hash_0cc7754d5fcb995b,Android,Chrome,2024-12-12 15:30:15,2026-08-18 05:40:33
DEV003952,hash_e61fc0611bb85112,Windows,Safari,2026-08-10 09:20:42,2026-08-17 09:20:44
DEV003953,hash_1c16e6a26439a29b,macOS,Safari,2025-12-04 23:19:11,2026-08-28 13:53:10
DEV003954,hash_e64e2b2dc97e4828,Linux,Chrome,2025-03-18 15:11:17,2026-08-18 20:29:01
DEV003955,hash_e0b5ddd08a77fcc0,Android,Firefox,2025-11-01 11:54:01,2026-08-20 13:28:36
DEV003956,hash_861fcba0f39fe641,Linux,Chrome,2025-04-16 03:10:58,2026-08-26 15:37:01
DEV003957,hash_415a16b4492ce47f,Android,Chrome,2026-07-31 17:06:28,2026-09-04 07:06:43
DEV003958,hash_0fba42444827075f,Windows,Firefox,2025-07-15 13:56:32,2026-09-03 17:30:38
DEV003959,hash_593bf230105a1242,macOS,Edge,2024-12-01 20:41:40,2026-08-26 07:57:16
DEV003960,hash_824bef98e4c49882,Windows,Chrome,2026-04-07 05:35:16,2026-08-28 16:19:11
DEV003961,hash_36acf970afe6052b,Windows,Firefox,2025-10-03 18:54:53,2026-08-25 15:25:48
DEV003962,hash_a261d6dc85beac2f,Android,Safari,2025-01-25 00:27:35,2026-08-25 12:56:55
DEV003963,hash_a54e507383da6bc6,iOS,Edge,2025-06-11 04:35:49,2026-08-29 15:18:06
DEV003964,hash_7544d3e64f6f727a,Windows,Safari,2026-03-16 10:18:22,2026-09-13 14:31:17
DEV003965,hash_0cc8c8078174a096,iOS,Chrome,2025-04-25 20:33:24,2026-08-15 19:23:09
DEV003966,hash_a3a01a1b9fdcf6ea,Android,Chrome,2024-11-26 09:03:17,2026-08-24 15:23:54
DEV003967,hash_673fb5b0ec139f07,Linux,Safari,2025-10-10 01:19:20,2026-09-07 19:13:47
DEV003968,hash_4826284661a59adc,macOS,Chrome,2026-04-11 05:53:46,2026-08-30 11:29:40
DEV003969,hash_d73e56327cafd9ae,macOS,Safari,2026-07-08 09:11:23,2026-08-27 05:46:40
DEV003970,hash_175991ea093d4e37,Linux,Chrome,2025-01-24 09:36:40,2026-08-30 22:53:55
DEV003971,hash_e379cc86279edbac,macOS,Chrome,2026-02-25 11:15:17,2026-08-19 00:41:11
DEV003972,hash_e5bfca3367a0deec,Linux,Firefox,2025-01-21 14:44:33,2026-08-24 18:02:17
DEV003973,hash_b3a45d117bd5ea4d,Android,Edge,2025-05-30 04:04:11,2026-09-06 18:07:53
DEV003974,hash_1b50e4d617e9a413,Windows,Edge,2025-01-02 08:13:01,2026-08-16 06:36:11
DEV003975,hash_fb1fb5e86c9e7b87,Linux,Edge,2026-02-13 11:58:15,2026-09-07 16:42:57
DEV003976,hash_15ced8491ce1f3af,Linux,Edge,2025-08-12 13:18:02,2026-08-31 20:58:02
DEV003977,hash_d4e4085ed39c2bfc,macOS,Edge,2024-09-30 08:29:12,2026-08-24 06:35:10
DEV003978,hash_9442ae6b5b330f17,Linux,Firefox,2025-04-07 02:26:04,2026-08-19 09:27:03
DEV003979,hash_32ff2dc2a9fb9d74,iOS,Edge,2025-01-24 18:47:34,2026-08-16 03:06:24
DEV003980,hash_79fb464e10cff03f,Android,Safari,2025-12-19 13:18:17,2026-09-01 18:02:35
DEV003981,hash_07308155dd65fdf2,Windows,Firefox,2025-09-17 05:04:49,2026-09-12 23:11:43
DEV003982,hash_30890e765ffb0456,Windows,Safari,2024-09-14 23:00:29,2026-09-08 08:41:07
DEV003983,hash_8a03abeba4c487d5,Android,Safari,2026-07-24 10:13:10,2026-08-27 16:08:11
DEV003984,hash_53c00a596c070379,macOS,Firefox,2025-09-16 05:33:24,2026-08-20 23:12:36
DEV003985,hash_5e9f40f88ba17407,iOS,Safari,2024-10-19 06:23:50,2026-08-16 12:01:40
DEV003986,hash_3d4a5466f3acca68,iOS,Firefox,2025-11-28 18:51:51,2026-08-29 18:24:28
DEV003987,hash_28c2cbfc484411ef,macOS,Edge,2026-06-25 00:28:01,2026-08-26 17:44:25
DEV003988,hash_245bd570a8d23fe2,Android,Edge,2025-10-27 03:58:24,2026-09-09 01:58:27
DEV003989,hash_c6dad79be7c9b4b3,macOS,Safari,2025-01-22 03:01:56,2026-08-22 18:32:51
DEV003990,hash_0b16a65d8f3f329b,Android,Safari,2026-05-09 08:04:32,2026-08-20 05:10:45
DEV003991,hash_d07b77248a17d00a,Windows,Edge,2024-11-30 20:14:26,2026-08-30 10:39:12
DEV003992,hash_8c4d33b56d817b6b,macOS,Firefox,2026-05-31 13:53:26,2026-08-31 22:51:30
DEV003993,hash_d095e5bb0119d5d3,iOS,Chrome,2025-08-31 17:37:35,2026-09-08 11:25:42
DEV003994,hash_c9e7cab326d0e3c4,Linux,Safari,2026-04-07 22:11:26,2026-09-01 16:27:20
DEV003995,hash_2857d66d345aac28,macOS,Firefox,2025-11-12 01:06:44,2026-08-28 03:35:18
DEV003996,hash_c102da6e7a9f143b,macOS,Edge,2026-02-11 11:04:38,2026-09-08 06:34:18
DEV003997,hash_8f67ab4697afd8f2,iOS,Safari,2025-03-30 02:30:55,2026-09-02 08:11:38
DEV003998,hash_11d36d4051105a80,Windows,Chrome,2025-09-05 11:58:48,2026-08-16 07:33:57
DEV003999,hash_51e745ff2a23a71c,iOS,Safari,2026-06-19 02:36:53,2026-09-01 18:36:20
DEV004000,hash_4cc147aff181dd0c,macOS,Chrome,2025-05-06 01:47:28,2026-08-31 20:36:00
DEV004001,hash_3d11d205f7e14071,Android,Edge,2026-08-07 12:37:56,2026-09-09 19:04:58
DEV004002,hash_30c0e64ad1748912,Android,Edge,2026-05-08 18:27:45,2026-09-13 13:51:27
DEV004003,hash_e2d0f78820040a26,Android,Edge,2025-09-25 09:16:29,2026-08-21 03:08:32
DEV004004,hash_d4227f59c3f97e60,iOS,Firefox,2025-04-11 20:14:41,2026-09-09 20:48:17
DEV004005,hash_7bd90579f33bc9d7,macOS,Edge,2026-04-02 19:10:03,2026-08-16 15:54:54
DEV004006,hash_eb7b8ad874b49650,Android,Chrome,2025-01-07 01:18:32,2026-09-04 13:49:20
DEV004007,hash_c28c708de0fa546a,Linux,Safari,2026-07-11 06:11:32,2026-08-26 08:22:56
DEV004008,hash_51ac914923e4b52d,iOS,Edge,2026-02-08 07:44:10,2026-08-22 12:46:50
DEV004009,hash_8103265ea7087c37,macOS,Firefox,2025-06-18 14:49:56,2026-09-08 19:46:57
DEV004010,hash_c7bd55950047dfb9,Linux,Chrome,2024-10-08 04:21:03,2026-08-27 12:28:30
DEV004011,hash_714d466c0234eddf,Android,Firefox,2025-12-06 19:11:45,2026-09-05 13:35:30
DEV004012,hash_0c4d007312bc2507,iOS,Safari,2025-06-20 08:19:09,2026-08-25 16:07:54
DEV004013,hash_3186bbb9240c4622,Windows,Safari,2026-04-15 08:13:03,2026-08-19 23:46:40
DEV004014,hash_377383357d25eadb,Android,Safari,2025-02-11 17:43:29,2026-09-02 23:54:34
DEV004015,hash_a89d145cbd25e347,macOS,Edge,2026-01-23 07:06:22,2026-08-20 21:30:56
DEV004016,hash_783b0d47fc46d1b7,Android,Edge,2025-04-14 22:33:26,2026-09-11 02:38:23
DEV004017,hash_1ecc9af6ef46e612,Linux,Edge,2026-08-13 14:56:51,2026-09-06 11:12:10
DEV004018,hash_604e86b11bbbefac,Windows,Edge,2026-07-26 15:48:01,2026-09-10 05:39:25
DEV004019,hash_c599f9ca5990e243,macOS,Edge,2025-01-28 01:35:32,2026-08-28 12:52:25
DEV004020,hash_748bd9d3c508c7e7,macOS,Safari,2026-08-22 05:58:39,2026-09-01 14:12:00
DEV004021,hash_9b751b4f0a6ac930,Linux,Edge,2026-08-04 21:40:15,2026-08-31 17:38:13
DEV004022,hash_dacd40ba8625dbc0,iOS,Firefox,2025-07-14 21:30:11,2026-09-13 06:10:23
DEV004023,hash_c76b25ad499e52b5,Windows,Chrome,2025-08-04 07:10:31,2026-08-29 01:37:02
DEV004024,hash_9d7032c104789ccf,Windows,Firefox,2025-05-12 10:27:01,2026-08-24 21:47:57
DEV004025,hash_efa8c7a729568c67,Windows,Firefox,2024-10-16 02:24:18,2026-09-12 18:57:07
DEV004026,hash_aca9af9efc859916,macOS,Safari,2025-10-23 03:11:51,2026-09-01 07:42:35
DEV004027,hash_c7c3cb29323f2ffd,macOS,Firefox,2026-06-24 02:19:52,2026-09-14 09:13:33
DEV004028,hash_b1ce8621f50a455f,iOS,Firefox,2024-12-18 16:24:36,2026-09-05 16:46:59
DEV004029,hash_1697201fd6794fe3,Linux,Chrome,2026-05-24 22:19:33,2026-09-06 17:54:42
DEV004030,hash_4224b70ec29f06c7,iOS,Chrome,2025-11-28 07:35:57,2026-09-01 12:02:52
DEV004031,hash_0570b7f6756a64f9,Windows,Safari,2025-04-26 04:34:15,2026-08-21 00:08:50
DEV004032,hash_abf896587a6dfc6d,iOS,Edge,2024-09-20 15:37:10,2026-09-08 21:03:29
DEV004033,hash_c323aba40cd14fc1,Android,Safari,2026-09-04 09:07:21,2026-08-22 19:11:10
DEV004034,hash_c9e116b97e2ae0da,Linux,Chrome,2025-09-11 09:02:01,2026-08-22 22:47:38
DEV004035,hash_e86a5ba5152652ea,Windows,Chrome,2025-10-25 13:08:35,2026-08-29 17:23:10
DEV004036,hash_b3bcc2dabec6d834,Android,Chrome,2026-01-11 16:37:48,2026-09-11 18:02:50
DEV004037,hash_659f86ba11b9e56c,iOS,Edge,2026-02-12 04:04:28,2026-08-23 13:13:00
DEV004038,hash_07ddebf30248256f,Linux,Chrome,2025-05-08 00:36:37,2026-09-08 06:57:29
DEV004039,hash_66bd483a2271e3be,Windows,Firefox,2025-04-26 01:48:04,2026-08-18 19:02:59
DEV004040,hash_42fbc4a0ab5f69c9,macOS,Safari,2026-05-28 09:19:13,2026-08-29 23:08:51
DEV004041,hash_74a9b142990e3a80,Linux,Firefox,2024-09-26 06:54:34,2026-09-06 16:32:57
DEV004042,hash_5192afa7387cfb13,Windows,Firefox,2024-10-15 23:40:01,2026-08-26 04:58:06
DEV004043,hash_7df37d455bb0273f,Android,Firefox,2025-04-22 00:04:15,2026-09-13 10:44:40
DEV004044,hash_489fc7771b9894c5,Linux,Edge,2024-12-19 01:15:20,2026-08-18 05:44:26
DEV004045,hash_91f453b678d493ab,Android,Safari,2025-09-28 12:03:23,2026-08-30 12:04:26
DEV004046,hash_3e12400c62684b43,Linux,Edge,2024-09-18 03:08:06,2026-09-05 13:07:42
DEV004047,hash_a231a9d9fc25c2dc,macOS,Safari,2025-06-14 18:45:53,2026-08-15 16:30:49
DEV004048,hash_d4eddb5aadc47057,iOS,Firefox,2024-10-22 22:29:15,2026-08-27 20:42:26
DEV004049,hash_e0689f1905dfc5bb,iOS,Chrome,2024-12-30 03:30:37,2026-09-01 15:47:59
DEV004050,hash_feb2b833f141dd13,macOS,Firefox,2026-07-28 16:48:47,2026-08-29 09:47:39
DEV004051,hash_a84b588ed139b53f,macOS,Edge,2026-05-17 02:36:53,2026-09-09 00:37:50
DEV004052,hash_2570d1045d67ef18,Linux,Firefox,2026-02-12 22:49:17,2026-09-11 21:05:10
DEV004053,hash_649183fb4f74edc2,Linux,Safari,2025-01-12 14:20:43,2026-08-19 19:58:02
DEV004054,hash_dbba4c4f438cf5de,Linux,Firefox,2026-03-22 03:12:13,2026-08-28 19:07:05
DEV004055,hash_b87984befd0e6b7b,macOS,Firefox,2025-01-02 23:19:39,2026-08-25 04:58:12
DEV004056,hash_00ab4b074a43e10c,Android,Chrome,2025-08-15 18:15:23,2026-09-13 01:36:08
DEV004057,hash_e16dac5bb06fcf8c,iOS,Chrome,2026-08-28 09:51:00,2026-08-19 13:48:33
DEV004058,hash_6420a2868bcd7eb4,Android,Chrome,2025-04-28 01:11:19,2026-08-26 06:45:14
DEV004059,hash_aaa258644ddfabf5,macOS,Chrome,2024-10-09 03:19:02,2026-09-07 15:03:29
DEV004060,hash_16052cda51d33ded,Linux,Chrome,2026-09-08 19:24:38,2026-09-01 20:56:33
DEV004061,hash_c40445238f39f8f3,Windows,Safari,2025-03-26 08:52:53,2026-09-03 09:46:09
DEV004062,hash_d2eb35a1355e6329,iOS,Edge,2025-08-08 09:23:48,2026-09-04 00:46:01
DEV004063,hash_1d529926e09e0c95,macOS,Firefox,2026-08-17 11:03:46,2026-08-20 10:06:21
DEV004064,hash_0e98ddb8bac93cc8,iOS,Firefox,2026-08-08 19:35:59,2026-08-28 08:09:25
DEV004065,hash_e60aada151fd198f,macOS,Firefox,2026-08-29 21:54:28,2026-08-30 07:38:52
DEV004066,hash_9928662561a2bcaa,iOS,Chrome,2025-12-21 21:51:21,2026-08-30 17:47:58
DEV004067,hash_e83608fe16e384c4,Android,Chrome,2025-01-26 18:49:44,2026-09-12 00:45:57
DEV004068,hash_09a7c5f9b8ee0531,Linux,Chrome,2025-08-18 16:27:00,2026-08-31 07:28:56
DEV004069,hash_d21d069686bd20ac,Linux,Firefox,2026-05-31 22:58:50,2026-09-12 17:22:47
DEV004070,hash_8d94508a10e32e3b,macOS,Chrome,2024-12-31 06:40:53,2026-08-25 08:12:29
DEV004071,hash_00e8c059ba246f05,Windows,Chrome,2025-03-27 08:57:54,2026-08-22 05:51:26
DEV004072,hash_86d79a322c69da1d,iOS,Safari,2025-08-03 12:52:11,2026-09-11 13:33:12
DEV004073,hash_f3abbd8bb2f2feb7,Windows,Chrome,2025-02-16 03:37:39,2026-08-30 06:31:44
DEV004074,hash_8b33894c55c94df7,Linux,Firefox,2025-05-09 01:47:07,2026-08-19 19:29:41
DEV004075,hash_aed557269fff8f80,Android,Firefox,2025-05-03 02:57:22,2026-09-12 03:58:43
DEV004076,hash_ec6808bc0ca37141,Windows,Firefox,2026-09-04 06:59:25,2026-09-07 01:02:59
DEV004077,hash_71880139a223b2ec,macOS,Edge,2025-11-12 03:16:02,2026-08-24 13:24:36
DEV004078,hash_3e10a57c16a946ed,macOS,Edge,2025-07-03 04:45:33,2026-09-05 20:46:59
DEV004079,hash_88a66f332b9eebab,Android,Chrome,2024-11-27 18:36:15,2026-08-22 09:15:29
DEV004080,hash_fc2bedfc23ecb390,iOS,Edge,2025-10-28 04:14:54,2026-09-06 02:37:06
DEV004081,hash_11187b8885190182,Windows,Safari,2026-03-07 07:49:49,2026-08-30 20:44:27
DEV004082,hash_75781b4dc7a19d75,Windows,Edge,2025-10-10 12:02:29,2026-09-02 00:21:09
DEV004083,hash_00f57d76d8c828ac,Windows,Firefox,2025-09-12 23:27:40,2026-09-01 20:25:54
DEV004084,hash_fe568d3412dabc46,Android,Chrome,2025-08-12 08:34:38,2026-09-07 07:20:21
DEV004085,hash_594e5567fabf14cd,Linux,Firefox,2025-08-06 19:02:23,2026-09-04 13:45:07
DEV004086,hash_c79e0484aca1c130,iOS,Chrome,2025-09-07 11:12:10,2026-08-17 00:00:26
DEV004087,hash_9ce53da9dcad357e,macOS,Edge,2026-08-23 23:33:56,2026-09-11 18:56:32
DEV004088,hash_33eae5b5ee0bde13,Linux,Edge,2024-10-04 16:47:24,2026-09-05 02:10:18
DEV004089,hash_80fb89ee9e6557d0,Windows,Firefox,2024-11-21 20:40:54,2026-08-22 11:33:36
DEV004090,hash_8ec565cb183bee9b,Linux,Chrome,2026-01-05 00:33:52,2026-08-30 08:04:33
DEV004091,hash_4ef4ec7ebf3b21fb,iOS,Edge,2026-05-18 04:07:51,2026-08-27 10:28:07
DEV004092,hash_3b97810d9b3d4cfa,macOS,Edge,2025-12-08 22:14:24,2026-09-09 12:31:49
DEV004093,hash_dd0f46d4bbc326e5,Windows,Chrome,2025-06-30 23:32:31,2026-08-21 20:03:07
DEV004094,hash_ba7d3996c1e96e0e,Android,Edge,2026-01-09 10:28:11,2026-09-11 00:43:15
DEV004095,hash_7c5ed0a2cff287e1,macOS,Edge,2026-08-14 03:49:45,2026-09-12 02:42:29
DEV004096,hash_dde4e5a0b0a9065c,Android,Edge,2026-07-27 23:43:18,2026-08-29 21:32:08
DEV004097,hash_65ebbf767a8d25b4,iOS,Firefox,2024-10-25 18:13:47,2026-09-03 17:14:50
DEV004098,hash_ed452fa368bf2bda,iOS,Edge,2024-12-20 23:51:37,2026-09-04 05:13:39
DEV004099,hash_86a59dc38b748936,Windows,Chrome,2026-02-16 15:25:42,2026-08-15 22:42:06
DEV004100,hash_ba8cb85a1678daa2,macOS,Firefox,2025-09-08 15:36:32,2026-09-09 19:17:22
DEV004101,hash_eca021c675bb5dd7,macOS,Firefox,2025-09-06 15:22:57,2026-08-18 07:05:02
DEV004102,hash_28aeac669795795d,iOS,Edge,2024-11-18 22:24:21,2026-08-18 07:29:16
DEV004103,hash_6f5aeff36ea84a38,macOS,Chrome,2025-04-12 00:40:12,2026-08-20 20:29:13
DEV004104,hash_b30131e091e3644d,iOS,Edge,2025-05-31 04:49:41,2026-09-13 12:13:19
DEV004105,hash_65a72b5fa4c1bf91,Android,Edge,2024-11-28 19:53:46,2026-08-29 18:18:45
DEV004106,hash_d1286916fd508f47,Windows,Firefox,2025-11-27 08:52:30,2026-09-08 00:43:00
DEV004107,hash_8ce042982ff05b76,Linux,Chrome,2026-03-04 13:49:51,2026-08-31 17:46:02
DEV004108,hash_4a9b69e376bb914e,Linux,Firefox,2026-07-17 12:13:45,2026-08-18 14:40:43
DEV004109,hash_5167dd70cef4d789,Linux,Chrome,2024-12-17 12:06:06,2026-09-13 00:53:41
DEV004110,hash_52ce32e822b54f37,Windows,Edge,2026-02-20 00:12:56,2026-09-09 10:54:56
DEV004111,hash_77009e437af31f44,iOS,Edge,2026-04-11 10:58:45,2026-08-18 05:32:21
DEV004112,hash_f97ae55a529d8531,Linux,Edge,2026-03-13 02:30:30,2026-08-25 14:41:00
DEV004113,hash_4bdff0e061539a40,Android,Firefox,2025-10-20 04:06:18,2026-08-22 15:42:54
DEV004114,hash_8e9a6a6ae981ad2e,Windows,Chrome,2025-11-24 17:36:12,2026-09-08 16:50:16
DEV004115,hash_0781eccd512caa25,Android,Safari,2024-12-29 02:58:39,2026-08-26 12:12:47
DEV004116,hash_c5f0dfb31ff2ca83,macOS,Chrome,2026-08-10 09:13:51,2026-08-23 04:05:33
DEV004117,hash_f27d4e92e4564927,macOS,Safari,2025-05-05 21:17:00,2026-08-30 17:58:48
DEV004118,hash_8d2ae9c07b9bcabf,Linux,Firefox,2026-03-26 18:01:31,2026-08-15 23:16:54
DEV004119,hash_11e99ec492581fd6,iOS,Safari,2026-06-01 22:01:57,2026-09-08 04:46:47
DEV004120,hash_657fd330de0e1824,Windows,Chrome,2026-01-11 14:11:03,2026-08-25 09:35:54
DEV004121,hash_886a9dcb88cd565c,macOS,Chrome,2024-12-12 06:34:27,2026-08-18 21:59:32
DEV004122,hash_1d38fbc5a5f625dd,Windows,Edge,2024-09-14 04:54:42,2026-08-23 02:02:59
DEV004123,hash_0e5b6b910a14a9f1,Windows,Chrome,2025-12-27 03:43:11,2026-08-21 12:46:53
DEV004124,hash_b7e90497011deb99,Linux,Firefox,2025-10-22 22:26:27,2026-08-20 08:37:13
DEV004125,hash_450fa0b1430b3d76,Linux,Firefox,2025-03-25 04:30:05,2026-08-25 13:47:07
DEV004126,hash_f2a930fe85d9b1ba,macOS,Edge,2024-12-03 15:37:15,2026-09-07 15:42:57
DEV004127,hash_a3b3207c597e2005,macOS,Chrome,2024-10-03 07:52:27,2026-09-09 05:04:15
DEV004128,hash_3ba049a6a05fa3ef,Android,Firefox,2025-08-24 21:34:25,2026-09-03 14:58:50
DEV004129,hash_3238a70896f35771,Android,Chrome,2024-10-27 09:41:46,2026-08-21 13:41:12
DEV004130,hash_bb287a6d1a07657b,iOS,Safari,2025-05-05 03:13:48,2026-09-04 07:06:34
DEV004131,hash_036099c9a234ed21,Android,Edge,2025-09-24 21:25:53,2026-08-24 14:11:34
DEV004132,hash_a024f779d5eabe9a,Android,Edge,2026-06-13 07:12:18,2026-08-27 01:28:36
DEV004133,hash_2bc11bf74675ef60,Linux,Chrome,2026-06-29 23:03:32,2026-09-11 04:44:24
DEV004134,hash_a95c7f2566c8b707,Linux,Safari,2025-04-04 08:03:32,2026-09-14 09:40:59
DEV004135,hash_fed6b3b626344184,iOS,Firefox,2026-02-25 08:58:47,2026-09-05 23:23:22
DEV004136,hash_d9d9f6103a20bb07,iOS,Edge,2026-07-13 15:01:04,2026-09-14 14:48:28
DEV004137,hash_35f856e89acf760b,Android,Chrome,2024-12-18 20:47:45,2026-09-05 15:29:40
DEV004138,hash_2b0bc27a626ac6c9,Android,Chrome,2025-01-05 18:28:33,2026-08-16 16:59:57
DEV004139,hash_f3c50e77c84f3c33,macOS,Firefox,2025-02-04 17:18:51,2026-08-22 12:50:32
DEV004140,hash_f0bf602305127656,iOS,Safari,2026-06-11 23:07:33,2026-08-27 08:10:51
DEV004141,hash_2c3a11e7c9164a3b,macOS,Edge,2025-01-24 19:43:55,2026-09-09 11:43:27
DEV004142,hash_4272adf3238e7ae4,Linux,Edge,2026-04-13 05:52:42,2026-09-11 04:41:44
DEV004143,hash_3d3d64725d0d072e,macOS,Safari,2025-02-16 19:03:36,2026-09-07 18:31:51
DEV004144,hash_065eb4e1fe801c84,Windows,Edge,2025-09-22 08:47:24,2026-08-29 17:40:57
DEV004145,hash_c82a3eb4e25650f9,Android,Safari,2025-04-26 23:58:01,2026-08-20 12:17:50
DEV004146,hash_641a6d824e196e19,Linux,Safari,2025-12-15 11:35:55,2026-09-08 14:06:39
DEV004147,hash_6873214fe6bb097f,macOS,Safari,2025-06-26 11:56:56,2026-08-29 00:22:32
DEV004148,hash_b86995ca0cb91e87,macOS,Edge,2025-07-15 00:32:30,2026-09-03 09:16:47
DEV004149,hash_3551bf83c9faf9b7,Windows,Safari,2026-03-10 01:26:06,2026-08-20 20:49:17
DEV004150,hash_f09314cb40ce922c,Windows,Firefox,2025-09-09 13:09:22,2026-09-04 21:29:08
DEV004151,hash_548ef512411f6fa2,Android,Safari,2026-06-08 00:51:57,2026-09-05 06:43:56
DEV004152,hash_a7c2d086617d3cd9,macOS,Edge,2025-01-07 06:16:13,2026-08-17 00:21:15
DEV004153,hash_ed6f3a745a9b89dc,Linux,Firefox,2025-04-22 07:37:09,2026-09-06 20:18:20
DEV004154,hash_bf5eabf2aa8fd309,Windows,Firefox,2024-12-16 11:33:58,2026-09-12 01:07:02
DEV004155,hash_4bf2cc01c95b44d8,Linux,Firefox,2025-07-13 15:44:10,2026-08-16 04:36:17
DEV004156,hash_f095562ea94e4372,Windows,Edge,2025-12-09 02:15:36,2026-08-30 08:30:32
DEV004157,hash_28f724f6a146704d,macOS,Edge,2024-10-10 15:36:33,2026-09-06 05:37:19
DEV004158,hash_6f26324b3740eaf1,macOS,Safari,2024-10-17 06:57:37,2026-09-01 21:03:10
DEV004159,hash_502d3593848076ab,iOS,Firefox,2024-12-31 09:03:07,2026-09-07 08:55:02
DEV004160,hash_dc554e9c07801bde,macOS,Edge,2026-07-31 13:49:30,2026-09-06 21:46:57
DEV004161,hash_864743c75d6b4e01,macOS,Chrome,2025-04-17 06:06:41,2026-08-16 02:23:30
DEV004162,hash_82053ed3ec9fb045,Linux,Safari,2025-01-15 03:26:34,2026-09-02 00:34:20
DEV004163,hash_28b8afe23e635507,macOS,Firefox,2025-10-08 00:49:18,2026-09-09 02:02:35
DEV004164,hash_d44141d4a829c2ae,Windows,Safari,2025-02-24 21:28:21,2026-09-01 14:11:14
DEV004165,hash_df0b63633e6d48ce,macOS,Safari,2026-08-16 05:00:26,2026-09-10 03:30:01
DEV004166,hash_891b3e6addd44b03,Android,Safari,2025-07-14 14:00:40,2026-09-09 13:30:25
DEV004167,hash_c35e62d8061664a3,Windows,Safari,2024-11-01 22:17:05,2026-08-24 03:04:10
DEV004168,hash_0f403393ccb9c92d,Windows,Chrome,2026-02-05 15:28:01,2026-08-23 00:09:47
DEV004169,hash_2cc42de6988ba37a,Linux,Safari,2025-06-14 11:31:20,2026-09-11 23:52:50
DEV004170,hash_76a6b24866a0ed04,iOS,Chrome,2025-06-04 17:05:24,2026-09-06 23:06:04
DEV004171,hash_7537fe4f0d174a20,iOS,Safari,2026-03-23 16:12:39,2026-08-22 10:55:25
DEV004172,hash_eaf2b5ee2c164dc4,Linux,Firefox,2025-04-18 08:52:56,2026-08-30 08:42:18
DEV004173,hash_0bb19467913062ca,macOS,Edge,2026-09-01 11:06:14,2026-09-03 18:43:34
DEV004174,hash_ea285bde3a2ecb54,macOS,Firefox,2024-11-06 03:46:28,2026-09-08 03:22:10
DEV004175,hash_f8dc2be1d8338894,Linux,Safari,2025-07-03 15:08:18,2026-09-07 13:23:50
DEV004176,hash_a28b2e14450732a8,Windows,Chrome,2025-12-28 17:57:20,2026-08-24 09:55:03
DEV004177,hash_8fee2edb3ddf5688,Android,Chrome,2025-12-05 14:23:25,2026-09-09 06:26:27
DEV004178,hash_2340c8966bf531f9,Windows,Safari,2026-05-09 10:42:44,2026-09-10 03:56:27
DEV004179,hash_5ab682201c24f102,Android,Firefox,2025-04-03 12:34:09,2026-08-21 22:33:13
DEV004180,hash_b27bd350b06aab8f,Android,Safari,2026-03-10 03:35:51,2026-08-31 09:20:33
DEV004181,hash_57ef661efe11ac4f,Android,Firefox,2025-12-15 13:14:41,2026-09-12 20:21:34
DEV004182,hash_8ff4a938f59ca4ca,Android,Safari,2025-06-11 13:12:40,2026-09-13 00:45:00
DEV004183,hash_57ea38ad35b00f9f,iOS,Chrome,2026-01-06 18:48:53,2026-09-04 06:11:48
DEV004184,hash_e8aac4a523a724e7,macOS,Safari,2024-11-05 15:50:30,2026-08-17 20:06:44
DEV004185,hash_af0c363bc59349d1,iOS,Firefox,2024-10-07 02:34:23,2026-08-23 09:13:25
DEV004186,hash_7dd10830c0271c77,Linux,Safari,2025-03-13 03:31:39,2026-08-20 08:14:37
DEV004187,hash_1423acc93026b66b,Android,Chrome,2026-02-12 21:36:34,2026-08-20 19:31:18
DEV004188,hash_3d2f24d32469980a,Windows,Chrome,2025-10-07 02:22:07,2026-09-07 18:49:38
DEV004189,hash_fe66f86146576837,iOS,Edge,2025-05-23 13:41:39,2026-08-26 21:31:24
DEV004190,hash_2f45428a5ba3e762,macOS,Safari,2026-05-06 14:35:03,2026-08-27 03:26:42
DEV004191,hash_8d25f8e126240543,macOS,Edge,2024-12-05 01:38:14,2026-08-24 02:29:18
DEV004192,hash_2ee4cbbde7f6dec2,Windows,Chrome,2026-04-02 18:11:28,2026-09-03 07:15:20
DEV004193,hash_0d15b670b12067d8,Linux,Safari,2026-04-24 05:38:16,2026-09-05 01:10:01
DEV004194,hash_3933a7d47ef3f84e,Linux,Firefox,2026-08-31 14:34:38,2026-08-18 18:45:44
DEV004195,hash_b7047f418dd36a90,Windows,Safari,2024-11-01 06:38:32,2026-09-14 08:41:07
DEV004196,hash_579bd4244ae4eca0,Android,Safari,2025-03-27 17:36:12,2026-08-21 05:08:15
DEV004197,hash_c1b07882a1c58ede,macOS,Chrome,2024-10-13 05:46:23,2026-08-19 04:40:45
DEV004198,hash_9a8765d7cc55f077,Android,Firefox,2025-08-23 02:55:58,2026-09-02 19:52:58
DEV004199,hash_18011cfb52fd641f,Android,Edge,2025-12-29 06:50:46,2026-08-17 02:05:19
DEV004200,hash_e6e16ab1aa6248e0,Windows,Safari,2026-09-01 12:28:54,2026-08-24 02:34:08
DEV004201,hash_5b83c0a6d42c0ff9,Windows,Firefox,2025-05-21 15:05:16,2026-08-20 21:12:00
DEV004202,hash_74295188b04a908e,Android,Edge,2026-03-10 21:26:15,2026-09-06 11:28:58
DEV004203,hash_7951ec7b22be0d3b,iOS,Chrome,2025-07-04 11:45:35,2026-08-22 02:58:29
DEV004204,hash_74a401316a6d7c9d,iOS,Firefox,2026-01-22 06:09:52,2026-09-12 12:16:04
DEV004205,hash_400bc861713812b7,macOS,Chrome,2025-11-20 09:33:56,2026-08-25 08:28:24
DEV004206,hash_d7ebc00bff68728e,iOS,Chrome,2025-02-13 04:41:35,2026-08-27 21:56:38
DEV004207,hash_51451785aaf4fd66,macOS,Safari,2025-09-30 15:04:11,2026-09-05 21:30:28
DEV004208,hash_6c556b84f69c511b,iOS,Edge,2026-02-23 10:54:32,2026-08-29 13:05:03
DEV004209,hash_e20a558241e04166,Android,Firefox,2025-03-08 07:48:22,2026-08-25 10:10:21
DEV004210,hash_6c9fe79bc0d57ad6,Android,Safari,2026-04-13 14:59:51,2026-08-23 12:36:50
DEV004211,hash_1e57deb086958649,Linux,Edge,2025-08-17 07:46:01,2026-09-10 07:32:51
DEV004212,hash_28e796b2646ad281,Android,Chrome,2026-06-04 06:59:19,2026-08-24 23:48:25
DEV004213,hash_922e5cc66c847a07,iOS,Chrome,2024-11-19 23:44:36,2026-09-12 21:58:15
DEV004214,hash_d50edd869a7f7500,macOS,Firefox,2024-10-03 00:10:09,2026-08-20 07:51:15
DEV004215,hash_ca43f7c5052a5c27,iOS,Safari,2025-02-19 06:29:58,2026-08-17 06:29:33
DEV004216,hash_12e184cef3276dbb,macOS,Edge,2026-06-05 07:54:19,2026-08-22 11:32:00
DEV004217,hash_0f2f5a82f0e7025c,Windows,Safari,2026-08-09 00:23:51,2026-08-15 21:52:00
DEV004218,hash_b657c7e808510276,Windows,Firefox,2025-06-20 10:56:56,2026-09-04 11:09:08
DEV004219,hash_d225c7f3eaed6c60,iOS,Edge,2025-11-29 14:01:59,2026-09-11 04:34:44
DEV004220,hash_3a41a2bc70d294b7,Android,Firefox,2026-07-17 15:31:45,2026-08-19 03:36:41
DEV004221,hash_c2b5f675f3c7da4a,iOS,Safari,2025-06-05 19:33:55,2026-08-24 15:39:40
DEV004222,hash_3aa9b02bc819dcb4,Linux,Chrome,2026-02-26 04:22:51,2026-09-10 07:06:38
DEV004223,hash_80886f1a4efede13,Windows,Chrome,2025-10-04 13:37:38,2026-08-24 21:17:29
DEV004224,hash_4ab047e0a8568d84,iOS,Chrome,2026-06-22 17:21:39,2026-08-25 17:29:30
DEV004225,hash_5e8a4525252f152a,Linux,Firefox,2025-12-01 04:42:53,2026-09-07 15:42:17
DEV004226,hash_4c3b4e466696c1a6,Windows,Chrome,2025-10-08 04:46:19,2026-09-01 17:59:57
DEV004227,hash_adf52580dbe8cd0d,iOS,Firefox,2025-06-18 01:36:42,2026-09-11 18:41:44
DEV004228,hash_b8ec0c1dc912280e,iOS,Chrome,2026-07-09 01:10:40,2026-08-22 08:24:01
DEV004229,hash_415ebabd3f0e9926,iOS,Edge,2026-05-29 19:04:35,2026-08-18 22:00:25
DEV004230,hash_c4613bbc5c9fb42d,Windows,Edge,2025-08-21 01:31:34,2026-09-05 09:51:12
DEV004231,hash_77705cdc60ebb712,iOS,Chrome,2026-01-12 23:51:54,2026-09-02 21:58:32
DEV004232,hash_b7e4d6981c360249,Windows,Safari,2026-07-25 00:21:23,2026-08-19 02:19:58
DEV004233,hash_063766dd97290c02,Windows,Safari,2025-11-30 06:00:58,2026-08-19 10:48:36
DEV004234,hash_e532638031af6411,Android,Firefox,2024-12-21 23:17:02,2026-09-09 18:24:08
DEV004235,hash_4c956585a59b0682,iOS,Edge,2025-05-03 19:36:00,2026-08-20 13:20:17
DEV004236,hash_9d731175e207dbb6,Windows,Firefox,2024-12-14 18:34:26,2026-09-08 20:48:28
DEV004237,hash_cba8dd6eea5479f2,Android,Chrome,2025-03-12 06:26:52,2026-08-18 03:44:36
DEV004238,hash_a7366835af887619,iOS,Edge,2025-12-25 08:49:28,2026-09-10 21:32:18
DEV004239,hash_1e6346ad7bd01a0c,Android,Safari,2025-05-29 05:02:17,2026-08-16 18:01:48
DEV004240,hash_6872b415040b7232,iOS,Chrome,2025-03-07 04:18:15,2026-08-29 17:31:11
DEV004241,hash_ac5355e0f2df8f17,macOS,Firefox,2026-08-31 12:40:01,2026-08-27 20:38:49
DEV004242,hash_e73b63f363cbb148,Windows,Chrome,2025-07-14 10:19:18,2026-09-02 00:45:21
DEV004243,hash_73b0aaf0e8e23a61,iOS,Firefox,2024-11-05 22:58:42,2026-08-23 07:41:23
DEV004244,hash_1c8e1029825d22b4,macOS,Firefox,2025-04-25 22:14:29,2026-08-19 06:53:15
DEV004245,hash_9d484003af705e12,Android,Chrome,2025-11-03 06:37:40,2026-09-12 14:06:15
DEV004246,hash_80e01d95bb2ced3f,macOS,Firefox,2025-03-20 16:14:18,2026-09-09 18:59:59
DEV004247,hash_9e597f5dd1f1df71,iOS,Firefox,2026-09-07 22:25:32,2026-09-14 07:55:15
DEV004248,hash_97fcfb3a19134417,Linux,Firefox,2025-10-07 13:47:52,2026-08-30 19:33:04
DEV004249,hash_913406a465a664a2,Android,Safari,2025-07-21 06:14:23,2026-08-18 09:45:57
DEV004250,hash_37c3c8f77151bed7,macOS,Edge,2025-11-12 05:20:07,2026-08-21 00:56:39
DEV004251,hash_7bea76c1c72beda0,Android,Chrome,2025-12-10 19:54:47,2026-09-07 12:29:45
DEV004252,hash_230c77f15be66e9e,Linux,Edge,2026-09-11 21:49:44,2026-08-28 10:14:42
DEV004253,hash_004025e17cc14251,macOS,Safari,2026-02-03 13:22:23,2026-08-17 02:41:34
DEV004254,hash_d9b69c3f58a44e03,Linux,Chrome,2024-10-09 05:53:26,2026-09-01 01:37:02
DEV004255,hash_dd070b9d5f876ba1,iOS,Chrome,2025-08-07 11:49:03,2026-08-28 07:42:52
DEV004256,hash_462f9d6e41198320,Windows,Chrome,2025-02-16 22:02:48,2026-08-31 21:32:05
DEV004257,hash_cf11be9402a6727c,iOS,Chrome,2026-08-04 22:17:18,2026-08-18 12:57:45
DEV004258,hash_c6af63a82184c4e8,macOS,Firefox,2024-12-31 08:46:27,2026-08-25 13:42:54
DEV004259,hash_7e8eda3e8f7a64a5,Linux,Chrome,2025-11-13 02:41:36,2026-08-31 15:47:19
DEV004260,hash_368a3eaae315fe90,Windows,Safari,2026-09-02 00:06:10,2026-08-18 16:23:02
DEV004261,hash_0e277ff4e1684d2b,iOS,Safari,2025-03-16 04:28:08,2026-09-08 14:47:58
DEV004262,hash_665700be80c48989,macOS,Edge,2024-11-09 19:25:20,2026-09-12 00:42:22
DEV004263,hash_3cdc82710c1752fd,Android,Safari,2026-08-17 14:03:53,2026-09-14 06:28:10
DEV004264,hash_9ac63645022da24e,iOS,Safari,2026-03-14 06:48:32,2026-08-17 08:57:57
DEV004265,hash_af51f151687862c4,macOS,Safari,2025-06-09 19:16:29,2026-08-19 02:12:39
DEV004266,hash_a01c6ce54c2f589c,Android,Firefox,2025-08-03 11:31:31,2026-09-13 16:39:30
DEV004267,hash_c9ef4cdf3d76c659,macOS,Chrome,2026-04-11 09:35:57,2026-09-14 09:18:06
DEV004268,hash_135514960b6e6982,iOS,Firefox,2026-09-06 00:50:20,2026-08-19 13:39:51
DEV004269,hash_2c2a7a457247be4a,Android,Chrome,2026-08-04 12:47:33,2026-09-11 10:13:23
DEV004270,hash_c0167336df10a1ff,Windows,Chrome,2025-09-21 01:11:36,2026-08-21 22:36:11
DEV004271,hash_3e9bf4923e62196e,Windows,Edge,2025-04-12 06:53:17,2026-08-17 16:23:52
DEV004272,hash_19bda5ca0f6322ae,Linux,Safari,2024-12-04 00:05:16,2026-08-17 09:14:35
DEV004273,hash_261e217f28e0fd9e,Android,Chrome,2025-10-04 21:28:47,2026-09-09 07:10:04
DEV004274,hash_891119e83c2a5ce4,Linux,Firefox,2025-03-08 03:07:04,2026-09-01 15:50:45
DEV004275,hash_cbccd4fe5c95e249,iOS,Firefox,2025-08-15 08:16:45,2026-09-07 20:12:06
DEV004276,hash_c55cdd1908121b35,Linux,Firefox,2025-05-07 20:22:26,2026-08-26 17:07:12
DEV004277,hash_bb3030c3af656bef,Android,Edge,2024-09-30 19:58:38,2026-08-18 08:15:40
DEV004278,hash_1f1e74f585e17c3c,macOS,Firefox,2024-10-04 15:31:00,2026-08-25 04:19:32
DEV004279,hash_d752133c6a53747a,Android,Firefox,2025-11-03 02:11:32,2026-09-14 04:17:57
DEV004280,hash_90ba24118997b384,Android,Edge,2026-07-14 09:17:50,2026-09-03 01:47:08
DEV004281,hash_3edb4050fd880bfa,macOS,Chrome,2026-02-25 20:33:06,2026-08-16 12:50:53
DEV004282,hash_bfc41c8b7742614d,Linux,Safari,2025-11-17 07:31:02,2026-09-08 01:32:19
DEV004283,hash_7c708586a5e46132,macOS,Edge,2024-10-24 16:12:50,2026-09-03 10:47:57
DEV004284,hash_0bd1fe082f26e55a,Android,Chrome,2026-05-01 21:35:02,2026-09-02 23:16:06
DEV004285,hash_212075d15a84c172,Android,Safari,2026-03-08 08:11:50,2026-08-21 17:40:41
DEV004286,hash_b79f18ebb2e13d23,Android,Chrome,2025-08-13 22:46:56,2026-09-05 09:03:47
DEV004287,hash_7950cd1ff76e173b,Android,Edge,2025-11-15 00:30:21,2026-08-22 08:16:49
DEV004288,hash_6f0711811d3845db,iOS,Safari,2024-12-12 22:52:23,2026-09-05 22:01:05
DEV004289,hash_5d7cb0478f855b48,Android,Safari,2024-12-14 19:47:12,2026-09-14 13:03:14
DEV004290,hash_2e285c721aacd28e,iOS,Edge,2026-08-16 23:39:46,2026-09-02 12:10:39
DEV004291,hash_8772338901a4b9bd,Windows,Chrome,2025-06-14 10:04:12,2026-08-25 01:22:46
DEV004292,hash_1c316d04c3c68354,Linux,Chrome,2025-06-07 16:34:17,2026-09-05 20:21:15
DEV004293,hash_43cbfd819f49889b,Windows,Safari,2026-08-28 06:17:06,2026-08-18 11:15:02
DEV004294,hash_ef4b21094271534a,Windows,Edge,2025-03-18 04:03:38,2026-08-26 22:06:16
DEV004295,hash_78fd07ff9b02912b,iOS,Edge,2024-11-24 15:04:44,2026-09-13 05:33:18
DEV004296,hash_56a372ff58180fb9,macOS,Chrome,2024-09-21 23:35:06,2026-08-26 16:23:13
DEV004297,hash_2fa1ea72999c35a0,macOS,Edge,2025-08-01 00:20:41,2026-09-10 16:30:17
DEV004298,hash_1408049b7f9ec3a0,iOS,Edge,2025-11-29 09:26:23,2026-08-17 21:06:12
DEV004299,hash_bbff1e4b7236b469,Android,Edge,2026-05-29 22:16:05,2026-08-16 09:07:27
DEV004300,hash_243096bdc00579db,macOS,Firefox,2026-07-24 10:54:51,2026-08-27 18:56:48
DEV004301,hash_5ab858a095abe7ae,macOS,Chrome,2026-06-07 08:36:58,2026-08-18 10:02:25
DEV004302,hash_bdffd9c6226cc1ec,macOS,Edge,2024-11-12 16:23:28,2026-08-18 09:46:24
DEV004303,hash_c6bf9d33ec756a2a,macOS,Firefox,2024-12-21 14:24:05,2026-09-05 22:43:14
DEV004304,hash_06776680f0a0eebb,Windows,Safari,2025-02-01 10:45:09,2026-08-29 09:00:51
DEV004305,hash_351cf7397e923c57,macOS,Chrome,2024-10-18 03:14:07,2026-08-30 21:44:57
DEV004306,hash_8b626ce43212a83b,Linux,Edge,2025-06-12 18:31:12,2026-09-13 21:37:53
DEV004307,hash_4957c530bf58359f,Android,Firefox,2026-02-05 02:13:34,2026-08-27 12:19:53
DEV004308,hash_23c944abbabc7d4b,iOS,Safari,2025-04-29 07:12:51,2026-08-21 22:53:47
DEV004309,hash_617ad8f1aaceb98c,Android,Safari,2025-12-28 23:12:48,2026-09-03 23:15:30
DEV004310,hash_c996e7fc4c1003df,macOS,Edge,2025-09-20 23:53:10,2026-08-21 14:20:41
DEV004311,hash_7e8673bf2d085b30,macOS,Firefox,2026-02-06 03:58:34,2026-08-19 09:14:56
DEV004312,hash_37e9df35ba3ed4f4,Android,Safari,2024-11-12 12:01:58,2026-08-27 19:16:08
DEV004313,hash_ae12f4b6f390ca5d,Android,Chrome,2026-09-13 00:44:00,2026-09-11 01:09:35
DEV004314,hash_75031dcfce379bbb,macOS,Chrome,2025-02-21 01:46:21,2026-09-08 16:24:01
DEV004315,hash_4c5632d4af27966d,iOS,Chrome,2026-03-15 23:09:20,2026-09-01 23:39:09
DEV004316,hash_2f8170515fe5581d,Windows,Firefox,2026-08-12 09:28:18,2026-08-26 08:25:09
DEV004317,hash_99d8dfd21cd98e6b,macOS,Edge,2025-08-24 16:27:54,2026-08-30 08:27:33
DEV004318,hash_e31de8bd350ba522,macOS,Safari,2025-06-26 04:23:05,2026-09-11 10:12:01
DEV004319,hash_06f770ff7aacb531,Windows,Edge,2025-04-29 12:15:37,2026-08-27 12:17:11
DEV004320,hash_608a20f7502d76db,Linux,Edge,2025-10-28 09:20:00,2026-08-28 15:28:02
DEV004321,hash_82b1089197d90588,macOS,Chrome,2025-05-19 20:12:27,2026-09-10 22:33:54
DEV004322,hash_609d941037694eb6,Linux,Firefox,2025-10-10 05:08:55,2026-08-20 17:22:31
DEV004323,hash_073f1d9100c3f267,Windows,Firefox,2024-10-26 02:49:59,2026-09-01 11:37:32
DEV004324,hash_aed348557c861c03,Linux,Firefox,2026-08-14 13:23:30,2026-09-04 14:25:20
DEV004325,hash_ba9b953166ccef46,iOS,Chrome,2026-03-16 03:45:01,2026-09-08 06:14:20
DEV004326,hash_5832295fc3f8525a,Linux,Firefox,2025-04-19 11:47:42,2026-08-19 11:09:44
DEV004327,hash_f3bc1432bf2f97f3,iOS,Chrome,2025-02-19 06:47:06,2026-08-22 07:32:09
DEV004328,hash_a4d34b17a94c4f2f,iOS,Edge,2026-06-29 17:33:05,2026-09-09 22:46:09
DEV004329,hash_0ec238d5ef5eecaf,macOS,Safari,2025-03-12 05:44:50,2026-08-30 11:02:45
DEV004330,hash_391a1488992ada0b,Windows,Chrome,2026-04-13 10:25:33,2026-09-11 12:01:04
DEV004331,hash_e86863630b2eadb9,Windows,Chrome,2025-02-24 21:16:36,2026-08-21 14:46:40
DEV004332,hash_be29e59b608af5ee,iOS,Chrome,2025-06-30 10:05:54,2026-08-22 13:09:46
DEV004333,hash_8b1035df14fb11b7,macOS,Firefox,2024-10-12 00:52:04,2026-08-27 01:41:00
DEV004334,hash_8378dd1820d71ec8,iOS,Safari,2026-03-10 14:17:00,2026-09-06 00:43:35
DEV004335,hash_1fc386097ad51b22,Linux,Firefox,2026-01-31 23:24:39,2026-09-06 16:26:17
DEV004336,hash_1666bc2b053a6494,Linux,Chrome,2024-12-11 21:48:31,2026-08-16 16:34:13
DEV004337,hash_b24f59f97243fed5,Linux,Edge,2025-10-06 16:33:20,2026-08-17 07:05:41
DEV004338,hash_0dad7a5fa6e9b5ae,macOS,Safari,2025-04-12 02:58:36,2026-08-29 03:37:17
DEV004339,hash_72bd355aad596310,Linux,Safari,2025-12-15 01:50:14,2026-09-03 07:21:51
DEV004340,hash_9398daadd5274a01,macOS,Safari,2025-05-05 12:20:50,2026-08-19 18:12:28
DEV004341,hash_9d42cad094e60ced,macOS,Chrome,2024-10-30 13:30:30,2026-08-29 04:55:56
DEV004342,hash_29465d2950d346e8,iOS,Chrome,2026-07-09 22:39:52,2026-09-14 06:10:25
DEV004343,hash_1fce1d867d866eaa,Android,Safari,2025-07-09 09:20:12,2026-09-08 16:53:57
DEV004344,hash_da89f0cc8bd959db,macOS,Safari,2024-09-28 19:36:25,2026-09-03 05:30:49
DEV004345,hash_6ae1dd7efce364dd,Windows,Chrome,2025-07-09 22:53:19,2026-09-06 05:05:11
DEV004346,hash_9eabeffc8d8a5399,Linux,Chrome,2024-10-18 16:12:43,2026-08-26 13:16:03
DEV004347,hash_f0c3ad82feb1d313,Android,Edge,2025-02-20 23:20:00,2026-09-03 01:42:50
DEV004348,hash_7e15878913b445ba,iOS,Safari,2025-02-04 10:12:38,2026-09-05 14:00:59
DEV004349,hash_dc8fe37c6808ab5d,iOS,Chrome,2025-11-01 18:36:55,2026-08-18 04:39:10
DEV004350,hash_686e677bfe3f4d89,iOS,Chrome,2026-02-09 03:02:24,2026-08-30 11:17:21
DEV004351,hash_98ac352b2b0cba41,macOS,Safari,2024-10-08 11:50:02,2026-09-10 22:42:59
DEV004352,hash_5a36d3dfd5329488,macOS,Firefox,2026-04-29 19:31:41,2026-09-01 12:59:15
DEV004353,hash_dde2482cbeae4132,macOS,Chrome,2026-09-12 03:21:56,2026-08-16 22:02:56
DEV004354,hash_98c03fd66b264020,Windows,Edge,2026-08-22 00:52:56,2026-09-14 04:59:55
DEV004355,hash_7cedcd0c37c98360,Linux,Chrome,2026-04-23 04:44:12,2026-08-31 23:29:19
DEV004356,hash_92eef5bb16b3bada,iOS,Chrome,2026-08-31 20:35:46,2026-08-28 09:38:20
DEV004357,hash_87c860bf6457be65,iOS,Chrome,2026-06-05 12:16:59,2026-09-13 08:16:58
DEV004358,hash_c37beeab1d23dfce,iOS,Chrome,2025-03-01 08:55:17,2026-08-16 23:37:31
DEV004359,hash_13ad147a7fe5339c,macOS,Edge,2025-06-05 23:54:36,2026-09-05 17:30:04
DEV004360,hash_30432eca591a6550,iOS,Chrome,2026-07-18 14:51:07,2026-09-05 09:53:49
DEV004361,hash_38c81b7c6396a633,iOS,Edge,2026-05-15 01:12:13,2026-08-18 10:18:50
DEV004362,hash_1edb568bebc19f82,iOS,Chrome,2026-06-03 07:12:41,2026-08-20 23:00:18
DEV004363,hash_9d29e050785f7313,Linux,Safari,2025-11-17 22:23:48,2026-09-03 11:56:51
DEV004364,hash_9411bd98448bfa0a,Android,Chrome,2026-03-28 10:11:49,2026-08-29 14:37:58
DEV004365,hash_b0727fa84f7b1ca3,Linux,Chrome,2026-07-13 00:06:31,2026-09-10 14:48:29
DEV004366,hash_79e9a90b3e1fcad1,iOS,Safari,2025-09-09 04:33:34,2026-09-05 05:34:10
DEV004367,hash_4bbd0ebfbfeea37a,Windows,Safari,2025-12-02 22:19:52,2026-09-12 05:53:13
DEV004368,hash_399388f980e6d3de,Windows,Edge,2026-05-04 11:40:31,2026-09-09 20:20:36
DEV004369,hash_f7ba4319e75fc9d8,iOS,Chrome,2025-04-04 04:52:29,2026-08-23 13:08:57
DEV004370,hash_7b5926b12734bf11,Windows,Firefox,2025-07-07 08:01:34,2026-09-07 08:14:52
DEV004371,hash_a1d275059a8fcb92,iOS,Firefox,2026-04-16 07:52:07,2026-08-27 05:19:14
DEV004372,hash_5278db82e9289e9d,Windows,Chrome,2024-12-25 14:31:53,2026-08-16 09:27:21
DEV004373,hash_cf086740701d2fe4,Windows,Chrome,2025-04-20 04:52:32,2026-08-28 23:27:24
DEV004374,hash_99a6a259d56891ca,iOS,Safari,2024-11-19 14:46:07,2026-08-27 18:57:31
DEV004375,hash_e16dfe378ec23f07,Android,Safari,2026-05-06 07:03:03,2026-09-11 00:10:45
DEV004376,hash_7e580c89d502a21b,macOS,Firefox,2025-05-01 22:49:20,2026-09-01 01:01:11
DEV004377,hash_ef5ffb6ee7941ab1,Android,Firefox,2025-12-01 17:59:52,2026-09-03 19:30:35
DEV004378,hash_30183922b4e838bd,macOS,Chrome,2024-10-14 03:55:04,2026-09-14 12:55:50
DEV004379,hash_b23b0c421f1b8f72,Linux,Edge,2025-04-15 05:00:26,2026-09-02 05:10:16
DEV004380,hash_924a6fea3bb7a577,Linux,Safari,2025-04-10 22:03:35,2026-08-27 19:38:06
DEV004381,hash_4219eb725ba6612b,Android,Firefox,2026-05-14 21:43:45,2026-09-14 04:08:11
DEV004382,hash_c5c68438b92c0430,Linux,Safari,2024-09-23 18:15:50,2026-08-21 16:35:36
DEV004383,hash_3bd75053517eaaa6,Android,Safari,2025-05-10 13:11:11,2026-09-12 06:02:52
DEV004384,hash_37b678c463bd994c,Android,Firefox,2026-02-09 10:00:44,2026-08-31 05:44:45
DEV004385,hash_e50ebfaf0238a72d,macOS,Edge,2026-06-25 12:24:42,2026-08-28 11:57:04
DEV004386,hash_a95697508574fe6d,Windows,Chrome,2026-07-04 12:31:07,2026-08-24 08:03:54
DEV004387,hash_964f05a1a68e851a,macOS,Safari,2025-08-24 21:26:22,2026-09-07 02:52:44
DEV004388,hash_e1c61e1f5cc3c950,Linux,Edge,2024-09-27 14:07:13,2026-09-06 00:17:51
DEV004389,hash_a12ff09f22b76d0e,Windows,Chrome,2024-09-21 01:36:28,2026-09-07 07:12:27
DEV004390,hash_fc3ac0878ff9aa6c,Linux,Firefox,2024-10-12 22:02:46,2026-09-02 01:42:34
DEV004391,hash_1b8c674ab3dec96d,macOS,Edge,2025-09-22 03:58:13,2026-09-11 16:15:42
DEV004392,hash_c6c2236ca2d43fa4,iOS,Safari,2025-03-02 09:07:28,2026-09-04 11:49:56
DEV004393,hash_f219ec35a69e22fd,Android,Edge,2024-10-29 16:20:47,2026-09-12 19:00:52
DEV004394,hash_821adae466848d4a,Android,Chrome,2026-09-13 09:23:06,2026-08-19 12:26:41
DEV004395,hash_34c93ebfe099ab65,iOS,Edge,2025-04-16 21:34:00,2026-09-14 06:51:01
DEV004396,hash_ef2ea5e6312e1608,macOS,Edge,2025-11-16 11:58:46,2026-08-30 21:38:00
DEV004397,hash_7a6c9048075e5026,iOS,Chrome,2024-11-02 22:06:11,2026-09-06 00:54:55
DEV004398,hash_a828211d7a9410b6,iOS,Safari,2025-01-31 20:02:02,2026-08-28 04:21:57
DEV004399,hash_02de5777f980c29c,iOS,Safari,2026-05-02 03:05:20,2026-08-29 01:29:51
DEV004400,hash_a6844cf321f257f2,iOS,Firefox,2025-04-03 18:26:14,2026-09-08 16:24:00
DEV004401,hash_d9da15e6bc275719,Windows,Chrome,2024-12-21 23:50:42,2026-08-26 16:43:42
DEV004402,hash_9de1f9efb0376816,Linux,Firefox,2026-01-16 18:36:05,2026-08-24 03:04:04
DEV004403,hash_cf33671ccf8ddcd6,Android,Edge,2025-01-06 06:41:37,2026-09-14 15:43:45
DEV004404,hash_e9909a64ac783741,iOS,Firefox,2026-02-05 16:33:54,2026-08-18 01:31:50
DEV004405,hash_3c148b57bbc7f19e,macOS,Safari,2025-03-13 21:34:30,2026-08-21 05:06:21
DEV004406,hash_e6db8a5b4efc8d6d,Android,Chrome,2026-02-04 14:53:24,2026-08-17 12:37:26
DEV004407,hash_8b55cfe6e43d482d,Android,Safari,2025-02-04 07:01:02,2026-09-09 06:08:12
DEV004408,hash_44b97f9c4a49d83b,iOS,Safari,2026-07-14 14:26:19,2026-09-06 00:45:47
DEV004409,hash_f8d690afc2c26d9f,Linux,Safari,2025-12-08 14:11:33,2026-08-31 01:29:15
DEV004410,hash_ab5deee327c1d438,Android,Firefox,2024-10-16 18:21:17,2026-09-11 12:31:58
DEV004411,hash_478e018eb170c9b9,iOS,Safari,2026-03-25 08:45:46,2026-08-26 17:20:59
DEV004412,hash_b29ce74001dfe951,Linux,Safari,2024-10-31 09:52:48,2026-08-28 05:35:12
DEV004413,hash_694e69c370709b65,Windows,Chrome,2025-04-02 03:22:12,2026-08-16 10:32:42
DEV004414,hash_ab1635f01e3640b1,Linux,Edge,2026-02-23 02:18:41,2026-09-01 19:25:52
DEV004415,hash_10ac12e9a84966af,Windows,Edge,2025-11-07 22:48:11,2026-08-17 19:53:02
DEV004416,hash_46228884fd5c8bcd,Android,Safari,2025-12-24 15:50:49,2026-08-27 01:12:27
DEV004417,hash_4f15fdac1a617eb4,macOS,Safari,2025-06-12 19:40:45,2026-08-20 22:57:02
DEV004418,hash_9ef9ab9a31417cc0,Linux,Chrome,2024-11-13 08:33:43,2026-09-09 06:23:29
DEV004419,hash_31490475e5b27ed0,macOS,Chrome,2025-08-24 21:30:51,2026-08-21 03:38:00
DEV004420,hash_4fa0b71651e63610,iOS,Safari,2025-10-16 02:38:19,2026-08-19 10:00:07
DEV004421,hash_53254d59d6b9ad4a,Android,Chrome,2025-03-17 05:50:58,2026-08-25 13:29:31
DEV004422,hash_e8c7c8678231b35c,iOS,Edge,2025-05-25 05:23:38,2026-09-12 08:17:25
DEV004423,hash_137ad987dc2e10f5,Android,Chrome,2025-06-29 14:53:10,2026-09-04 20:24:21
DEV004424,hash_331b36c7a49bed7b,Windows,Edge,2024-11-08 15:06:40,2026-09-05 08:38:45
DEV004425,hash_9dd3225e51cc6390,Windows,Firefox,2026-07-26 11:19:55,2026-08-29 09:35:00
DEV004426,hash_93f1b9e1bfd554ff,Linux,Firefox,2025-01-03 07:26:27,2026-08-16 20:32:14
DEV004427,hash_a2592eb5090501a0,iOS,Firefox,2025-05-25 19:24:10,2026-09-14 02:56:01
DEV004428,hash_61d9e4fe7af3f398,macOS,Edge,2026-05-19 08:41:47,2026-09-02 03:31:50
DEV004429,hash_a9f99d4f9545201e,macOS,Firefox,2025-06-01 08:50:01,2026-09-04 11:16:50
DEV004430,hash_2afa3f05c67e7ffb,Linux,Safari,2026-08-12 04:50:58,2026-09-02 20:20:29
DEV004431,hash_3b5187cb3bd59326,Linux,Edge,2025-09-14 18:27:03,2026-08-29 22:22:27
DEV004432,hash_9195164c17e093ca,Windows,Chrome,2026-01-10 05:36:27,2026-08-17 04:04:01
DEV004433,hash_10bfb144d5b31d9a,Linux,Firefox,2025-01-16 16:41:37,2026-09-02 12:52:08
DEV004434,hash_ad433e2d9bdc44e5,Android,Firefox,2024-10-18 19:50:51,2026-08-29 18:39:26
DEV004435,hash_cb430603c88fa1b8,Windows,Firefox,2026-09-06 18:27:13,2026-08-22 22:36:08
DEV004436,hash_a759361d47cb1782,iOS,Safari,2026-08-23 10:47:04,2026-09-13 08:35:45
DEV004437,hash_60e86fd500903816,macOS,Firefox,2024-10-04 00:15:30,2026-08-20 19:32:07
DEV004438,hash_bea35692832bd042,iOS,Safari,2025-12-31 05:32:24,2026-08-25 22:09:27
DEV004439,hash_30fa0cb468fd116b,iOS,Safari,2026-06-03 19:05:44,2026-08-30 20:33:38
DEV004440,hash_8473d2d6acaf08fb,Linux,Firefox,2025-10-15 22:10:34,2026-09-09 07:50:28
DEV004441,hash_3cf61621f3c818b7,Windows,Firefox,2026-05-15 17:07:56,2026-09-12 21:14:49
DEV004442,hash_5ef512bb78feec67,Android,Edge,2026-03-21 20:33:04,2026-09-01 08:36:59
DEV004443,hash_e70c32806fa97de7,Linux,Safari,2026-09-14 05:59:40,2026-08-26 02:06:22
DEV004444,hash_098b5863bb4db99f,Linux,Edge,2025-07-05 10:19:47,2026-09-12 22:38:41
DEV004445,hash_cef1878fc6aaf4fc,Windows,Safari,2024-10-09 11:56:43,2026-08-22 22:36:56
DEV004446,hash_48c67ec32cfc8075,iOS,Firefox,2025-07-07 04:16:20,2026-08-19 11:09:40
DEV004447,hash_f19b583f623b6901,Linux,Firefox,2024-11-13 05:26:08,2026-08-26 13:25:19
DEV004448,hash_546bc5098df2bbdd,Windows,Chrome,2025-11-27 08:06:37,2026-09-09 02:22:52
DEV004449,hash_44dc6f427323eab3,iOS,Safari,2025-12-04 08:34:11,2026-09-11 06:30:13
DEV004450,hash_d53690b0d239abdf,Android,Safari,2026-04-07 06:05:20,2026-09-04 22:51:53
DEV004451,hash_f95d62ff29c036fc,Linux,Safari,2025-11-06 19:19:34,2026-08-21 13:01:25
DEV004452,hash_45a071179bd8ea38,macOS,Chrome,2026-07-04 12:33:48,2026-09-10 06:38:48
DEV004453,hash_91bed6c83fad566f,macOS,Edge,2026-05-27 03:52:33,2026-08-18 03:41:17
DEV004454,hash_53a67d03488b8a9c,iOS,Safari,2025-12-29 17:26:52,2026-09-07 14:04:10
DEV004455,hash_189bb8d499d72f60,macOS,Edge,2026-02-08 04:34:58,2026-09-10 02:47:32
DEV004456,hash_0b781dbb5400ceae,Windows,Edge,2025-10-23 08:00:43,2026-09-06 01:35:19
DEV004457,hash_cd7514b11fe5d69e,Linux,Firefox,2025-05-18 08:25:26,2026-08-28 17:23:12
DEV004458,hash_09a27c560128e485,Linux,Safari,2025-02-12 15:44:57,2026-09-12 13:58:25
DEV004459,hash_22e96c154622d06e,Linux,Edge,2025-04-29 19:22:45,2026-08-27 12:04:49
DEV004460,hash_ef3f6b9a3657197b,Windows,Safari,2025-05-27 11:22:09,2026-08-27 10:58:01
DEV004461,hash_bacf5012bd549545,Linux,Edge,2026-05-27 18:47:47,2026-09-02 05:29:09
DEV004462,hash_609629e6aabe05a3,Linux,Edge,2025-03-12 12:21:38,2026-09-06 18:50:10
DEV004463,hash_73317cff6e00c90c,Linux,Safari,2025-05-16 16:50:55,2026-08-21 06:14:11
DEV004464,hash_0432dd0574fcfa93,macOS,Chrome,2026-03-06 12:03:56,2026-08-27 08:36:20
DEV004465,hash_b3458e147523b4be,Android,Edge,2025-08-25 19:47:12,2026-09-04 13:21:51
DEV004466,hash_0d2e773e9590e345,Android,Safari,2025-06-22 06:11:59,2026-08-19 12:36:42
DEV004467,hash_70b877509f08a213,Android,Chrome,2025-06-14 13:42:53,2026-09-11 20:44:45
DEV004468,hash_f69face806bcb3c0,iOS,Safari,2025-10-11 22:07:23,2026-08-19 08:49:46
DEV004469,hash_f38ece7ccbce5f02,macOS,Chrome,2026-08-25 14:17:16,2026-09-02 05:52:21
DEV004470,hash_64667f7056336f85,macOS,Safari,2026-02-03 15:11:55,2026-09-08 03:50:49
DEV004471,hash_6ea0682e6b3887b0,Windows,Chrome,2025-12-28 06:20:17,2026-08-26 20:08:35
DEV004472,hash_56b5783da7120dfe,Android,Edge,2025-08-28 21:36:59,2026-09-04 23:45:43
DEV004473,hash_051ee74af195321d,Android,Edge,2025-03-11 15:20:40,2026-09-12 07:05:52
DEV004474,hash_a9850bd97dcc0c66,Windows,Safari,2026-06-19 03:56:59,2026-08-21 17:43:45
DEV004475,hash_e3068822901f2323,iOS,Firefox,2026-09-03 04:51:38,2026-09-10 18:08:02
DEV004476,hash_b1bd449c48b9e631,iOS,Safari,2025-03-23 10:19:54,2026-09-04 10:40:29
DEV004477,hash_e33938389c569701,macOS,Safari,2026-02-19 18:28:35,2026-09-13 01:03:19
DEV004478,hash_e208945f04c60509,Windows,Safari,2026-02-13 09:34:16,2026-08-22 08:42:39
DEV004479,hash_e8c9ec24c26c8bb3,Android,Safari,2025-12-28 12:26:07,2026-08-28 07:00:47
DEV004480,hash_68b1a6e5c812feae,macOS,Firefox,2026-05-25 08:04:34,2026-08-29 14:00:41
DEV004481,hash_57d90d127c0664aa,Windows,Chrome,2025-06-06 11:36:21,2026-08-30 21:25:16
DEV004482,hash_d327aa9722be2e23,Windows,Firefox,2024-12-14 19:15:17,2026-08-19 14:43:38
DEV004483,hash_8f9d0bb5cb9fa5ec,macOS,Chrome,2025-07-28 11:17:24,2026-09-05 02:17:34
DEV004484,hash_d4d92be878bcab5b,Linux,Firefox,2025-10-11 10:36:42,2026-08-22 20:39:46
DEV004485,hash_54c5237be6463332,macOS,Chrome,2025-12-05 13:53:00,2026-09-08 15:33:04
DEV004486,hash_f57ecb8e4cf83b40,Android,Firefox,2026-01-18 13:19:10,2026-08-25 06:34:27
DEV004487,hash_0e42291254979c9e,iOS,Safari,2026-08-14 03:05:05,2026-08-24 09:22:59
DEV004488,hash_b4aa6acedf0d13ac,macOS,Edge,2026-07-26 21:37:56,2026-09-06 16:47:42
DEV004489,hash_2c2459bfbe9c0533,macOS,Safari,2024-09-26 05:24:55,2026-08-23 18:04:06
DEV004490,hash_fe22a8c383a022e0,Android,Edge,2024-12-16 23:54:48,2026-09-04 23:30:01
DEV004491,hash_c18119a6c2b619f5,iOS,Safari,2025-04-06 17:55:58,2026-09-11 13:53:49
DEV004492,hash_3e97257392ae2d72,macOS,Chrome,2026-03-20 17:21:55,2026-09-07 11:11:34
DEV004493,hash_62a71fd7abd20197,iOS,Safari,2026-04-14 04:02:53,2026-08-20 13:26:03
DEV004494,hash_59cda20b831c3139,iOS,Chrome,2024-12-21 08:28:28,2026-08-17 07:28:01
DEV004495,hash_d7039652b857d87a,Android,Chrome,2026-06-23 20:29:46,2026-09-05 14:24:24
DEV004496,hash_1457e890c510559c,iOS,Edge,2024-10-02 18:21:39,2026-08-23 18:15:36
DEV004497,hash_93feba888c9d0e58,macOS,Safari,2024-11-09 21:20:20,2026-08-22 01:59:50
DEV004498,hash_f782b24b1584e6bf,Linux,Firefox,2025-10-19 02:37:24,2026-09-10 08:27:23
DEV004499,hash_c253dac4006484a9,Windows,Safari,2026-08-28 16:37:12,2026-09-03 11:57:06
DEV004500,hash_e813bdc625bdf494,macOS,Edge,2026-08-17 12:52:53,2026-09-05 03:50:58
DEV004501,hash_8630b78959abd41c,macOS,Edge,2025-06-16 10:08:24,2026-08-21 20:15:34
DEV004502,hash_e43b8b4c0c7c5d57,iOS,Edge,2025-07-23 15:59:16,2026-09-11 16:38:56
DEV004503,hash_6a3a6b2153da2de8,iOS,Chrome,2025-03-20 16:55:08,2026-08-29 21:35:32
DEV004504,hash_31bdd7def202c05a,macOS,Firefox,2024-12-15 15:07:10,2026-09-01 00:10:34
DEV004505,hash_4dd5dda940f46987,Windows,Firefox,2026-08-12 05:29:06,2026-08-31 23:58:50
DEV004506,hash_985aaa57a0fd7ea0,Windows,Edge,2025-12-17 14:11:42,2026-09-14 05:01:11
DEV004507,hash_c7e7f31f82383310,Linux,Edge,2026-01-06 03:03:17,2026-08-20 21:19:45
DEV004508,hash_bd1eb06fbf490d20,iOS,Firefox,2026-03-29 02:38:57,2026-08-17 20:28:18
DEV004509,hash_89870d1b1ade1bad,Android,Firefox,2024-11-10 11:05:35,2026-09-01 21:19:18
DEV004510,hash_38ebf35d32389b8d,Windows,Edge,2025-08-28 20:15:42,2026-09-04 12:08:22
DEV004511,hash_6bf32690adfc11fc,Android,Edge,2026-01-17 03:48:24,2026-09-06 11:46:01
DEV004512,hash_d79b37a1b6ccece5,Android,Edge,2026-04-12 11:50:52,2026-09-05 19:22:54
DEV004513,hash_38477d4de1fedffb,Android,Edge,2025-04-26 21:01:25,2026-09-07 19:38:05
DEV004514,hash_47aa2d024d2c0893,Windows,Edge,2026-03-11 23:18:40,2026-08-22 04:35:34
DEV004515,hash_e2da32dd762831bf,macOS,Firefox,2026-04-06 20:37:01,2026-08-24 13:30:06
DEV004516,hash_69d99775acda0a9c,iOS,Edge,2026-03-30 07:07:51,2026-09-13 06:39:04
DEV004517,hash_f1759e253eb88403,macOS,Edge,2026-08-26 22:05:46,2026-09-09 09:13:47
DEV004518,hash_502b5dc089c6589a,Android,Edge,2024-11-18 06:11:43,2026-08-23 01:09:27
DEV004519,hash_7ef32adcd04fc75a,Windows,Edge,2026-08-10 19:25:29,2026-08-16 00:50:05
DEV004520,hash_c5fc71d6f75820c1,Windows,Safari,2025-12-19 04:52:52,2026-09-13 10:43:02
DEV004521,hash_496f48e1af23b0ab,iOS,Safari,2025-06-28 11:11:43,2026-09-06 16:09:48
DEV004522,hash_809f9b4fd6dd12af,Windows,Firefox,2025-07-05 20:18:03,2026-08-31 05:06:07
DEV004523,hash_5aa9060996620519,iOS,Edge,2025-08-20 20:06:04,2026-08-24 05:39:44
DEV004524,hash_75ae9fb5bff9bf1d,Windows,Chrome,2025-10-14 06:29:23,2026-09-13 04:55:47
DEV004525,hash_c0d42af4f6597e63,iOS,Edge,2025-04-19 02:46:03,2026-08-20 08:39:40
DEV004526,hash_773a24b663a8bb64,macOS,Edge,2025-03-13 13:57:08,2026-08-30 02:12:08
DEV004527,hash_0667daa2480957a4,Windows,Firefox,2025-10-02 07:54:10,2026-09-01 05:11:47
DEV004528,hash_f552fd9d05c45acf,macOS,Edge,2024-10-21 16:23:55,2026-09-12 01:01:36
DEV004529,hash_5acd0fb5779d6d31,Android,Safari,2025-10-21 06:27:24,2026-09-10 03:39:39
DEV004530,hash_71f57def98c61a6d,Windows,Firefox,2025-12-08 13:01:38,2026-09-09 07:53:40
DEV004531,hash_1698a88d4c4cd8ab,Android,Safari,2026-07-01 18:45:57,2026-09-05 08:53:43
DEV004532,hash_789f8cfec11f1ed9,iOS,Firefox,2025-04-23 17:49:32,2026-08-31 07:51:19
DEV004533,hash_9f3ac1330f348245,Linux,Chrome,2025-07-09 11:47:16,2026-08-31 02:56:12
DEV004534,hash_084601b2c9ec979e,Android,Safari,2026-04-25 09:20:43,2026-08-24 07:38:08
DEV004535,hash_089344bfbd0cafd8,macOS,Safari,2025-01-03 09:37:24,2026-08-17 16:37:23
DEV004536,hash_5b68d4a965ff6086,Linux,Firefox,2026-06-08 10:04:00,2026-08-25 21:13:36
DEV004537,hash_beaf7c573dfebb6e,Windows,Safari,2025-08-14 14:02:58,2026-09-09 20:36:07
DEV004538,hash_3e81ac7557e9687c,Linux,Safari,2025-04-18 07:19:05,2026-09-12 13:51:00
DEV004539,hash_a83fe708a79a08d9,macOS,Safari,2026-07-29 08:52:31,2026-09-14 12:50:57
DEV004540,hash_578a75683ef9f977,iOS,Firefox,2025-05-16 08:28:44,2026-08-20 11:39:10
DEV004541,hash_ad44fe0cdd6b5802,iOS,Edge,2025-06-10 23:14:15,2026-08-29 11:34:17
DEV004542,hash_fbddcffc6e09d12d,Android,Chrome,2025-01-20 19:06:53,2026-08-21 09:53:17
DEV004543,hash_f53e0a4cdc986ec2,Android,Safari,2025-04-25 18:01:53,2026-08-28 22:49:21
DEV004544,hash_076632767766fa13,Linux,Chrome,2025-09-27 03:47:36,2026-09-05 23:08:28
DEV004545,hash_0f57928f11f4aaf7,iOS,Safari,2025-03-06 21:04:26,2026-08-23 21:02:20
DEV004546,hash_fd566c8695bcf1b9,Windows,Edge,2025-04-26 05:52:51,2026-08-28 06:01:22
DEV004547,hash_142359e313ea7ae0,Linux,Edge,2025-12-29 00:04:38,2026-08-20 19:24:15
DEV004548,hash_5079c6f8d563680d,Android,Chrome,2026-09-02 06:28:14,2026-08-26 21:41:11
DEV004549,hash_1a0fb76e8c30bb02,Windows,Firefox,2026-02-13 19:28:08,2026-08-29 04:23:31
DEV004550,hash_f62f7486bfb65261,macOS,Safari,2025-01-01 16:44:05,2026-08-20 07:35:10
DEV004551,hash_6d27951866dbe857,Android,Safari,2025-02-21 20:04:52,2026-09-11 11:04:59
DEV004552,hash_4e710f53baec2ca3,macOS,Edge,2026-06-27 16:25:29,2026-09-09 08:26:32
DEV004553,hash_ec5e7dae6cd01753,Android,Edge,2026-04-23 11:56:41,2026-08-23 20:29:36
DEV004554,hash_7ca2e89382d8dfa7,Android,Safari,2024-10-05 10:05:21,2026-09-13 16:56:34
DEV004555,hash_7628aedeb875c81f,Linux,Edge,2026-08-16 04:50:07,2026-08-17 14:04:20
DEV004556,hash_abd4b9a0665f8993,macOS,Firefox,2026-08-06 23:03:42,2026-09-10 20:42:48
DEV004557,hash_9d3651cfb54a9d93,Android,Safari,2025-11-05 23:43:32,2026-08-25 03:06:43
DEV004558,hash_22173f70b6469a1f,Windows,Edge,2024-09-19 08:29:33,2026-09-08 08:45:13
DEV004559,hash_fa5afb3757d4f8c4,Linux,Safari,2026-06-22 19:15:16,2026-08-16 21:47:55
DEV004560,hash_86d95abd044b6c42,Linux,Chrome,2025-06-28 04:58:53,2026-08-25 12:26:32
DEV004561,hash_b7e469eb46b6c5a8,iOS,Firefox,2025-04-21 02:04:41,2026-09-12 09:13:18
DEV004562,hash_3b4757e5b1105482,Android,Firefox,2025-08-11 10:49:48,2026-09-06 06:01:27
DEV004563,hash_b451b3f293022639,iOS,Edge,2025-10-23 18:24:43,2026-08-21 18:46:29
DEV004564,hash_e88442c06c3d7a28,Windows,Chrome,2026-06-21 15:54:49,2026-09-06 16:32:20
DEV004565,hash_473ab3de50c79b16,macOS,Firefox,2025-05-01 06:21:20,2026-08-20 23:28:36
DEV004566,hash_88f7b88e9f863762,macOS,Firefox,2026-03-24 12:07:50,2026-08-21 11:30:25
DEV004567,hash_27d32d45ea24ea3a,Android,Safari,2025-08-25 08:33:24,2026-09-05 15:23:32
DEV004568,hash_5ac401de0e070e00,Android,Firefox,2025-10-02 07:11:45,2026-08-28 10:14:57
DEV004569,hash_1696dbfbe02bf2dd,Linux,Edge,2024-11-20 15:30:18,2026-08-22 07:10:14
DEV004570,hash_084053356047db30,Windows,Edge,2025-04-18 10:59:23,2026-08-21 07:27:17
DEV004571,hash_737924444eba2d22,iOS,Firefox,2025-06-15 22:05:11,2026-08-19 11:53:09
DEV004572,hash_973d68a58d405bf9,Android,Safari,2026-04-15 06:35:05,2026-08-26 10:55:46
DEV004573,hash_bbb51d4b742b1e85,Linux,Safari,2026-04-02 03:14:56,2026-08-19 06:23:25
DEV004574,hash_42dabc8c2aebbd96,macOS,Safari,2025-05-26 06:07:30,2026-08-23 06:21:59
DEV004575,hash_4d6d1283dd5fdcf6,iOS,Chrome,2025-10-13 00:31:58,2026-08-31 22:27:44
DEV004576,hash_53cadfcd301f4cda,Linux,Safari,2025-04-16 15:16:22,2026-09-06 16:05:24
DEV004577,hash_1a6585ab4832daf1,Android,Firefox,2026-01-16 23:55:42,2026-09-09 13:16:22
DEV004578,hash_b8d573fcea943434,iOS,Edge,2026-02-18 04:45:10,2026-08-19 06:05:07
DEV004579,hash_39c4dffaa527e02f,Windows,Chrome,2026-03-17 04:08:08,2026-08-30 22:32:46
DEV004580,hash_ea705729898a9024,macOS,Edge,2026-08-08 05:24:40,2026-08-17 12:27:18
DEV004581,hash_ecf8c9224f624e9b,macOS,Edge,2025-08-16 18:59:26,2026-08-20 12:47:08
DEV004582,hash_18737a1d4d6d1f82,iOS,Chrome,2026-09-08 08:50:43,2026-09-09 23:07:15
DEV004583,hash_341c3b08f828edb0,Windows,Chrome,2025-05-18 19:22:55,2026-08-24 21:35:47
DEV004584,hash_ac9ff95f81674d9b,iOS,Chrome,2026-06-29 17:39:27,2026-09-11 18:04:53
DEV004585,hash_5af7a91c242fcaa4,Linux,Safari,2026-02-09 16:36:37,2026-08-17 09:17:06
DEV004586,hash_447d38ec321289ec,macOS,Safari,2026-01-20 00:07:49,2026-08-16 01:03:09
DEV004587,hash_d091259688d5c2b6,Android,Safari,2025-03-24 04:24:37,2026-08-22 07:14:11
DEV004588,hash_f36bf8bf35c50282,Linux,Safari,2025-12-13 14:28:43,2026-09-02 22:04:53
DEV004589,hash_2af41faaa3400266,Android,Edge,2026-07-23 13:38:40,2026-08-26 08:19:43
DEV004590,hash_9a31797d8ce58787,Windows,Safari,2026-02-19 04:21:20,2026-08-25 03:44:52
DEV004591,hash_9f63e175e0778f89,Linux,Chrome,2025-04-08 05:32:11,2026-09-07 11:29:24
DEV004592,hash_93cc50accf10869c,Linux,Safari,2025-01-09 19:09:49,2026-09-08 04:15:28
DEV004593,hash_e2dd8660b4b4aba9,Android,Firefox,2026-06-08 07:51:40,2026-08-24 17:45:32
DEV004594,hash_ff7a3f96f89baffc,Linux,Edge,2026-04-06 22:48:30,2026-09-08 18:29:39
DEV004595,hash_5c6ae28e548e0580,Linux,Chrome,2025-04-21 16:17:09,2026-08-22 01:18:53
DEV004596,hash_75f1743060754bc1,Windows,Firefox,2025-02-15 09:54:52,2026-08-19 23:07:21
DEV004597,hash_89bcc9fc3712e715,iOS,Chrome,2025-10-20 04:53:30,2026-08-26 01:18:52
DEV004598,hash_3868272e966cbc20,Windows,Chrome,2024-09-16 15:51:20,2026-09-05 17:47:03
DEV004599,hash_e43b37eb8c382431,Android,Chrome,2024-11-05 10:05:13,2026-09-08 11:27:45
DEV004600,hash_32322ae9fe2507bc,Linux,Chrome,2025-11-21 09:13:13,2026-09-14 07:53:08
DEV004601,hash_421974c2d1b2205f,macOS,Firefox,2025-02-23 03:50:36,2026-08-24 07:17:06
DEV004602,hash_208befee42556846,Linux,Firefox,2024-10-14 07:46:04,2026-09-04 22:57:25
DEV004603,hash_ea2b9b894fcf4a3e,iOS,Chrome,2026-03-02 13:09:13,2026-08-28 10:16:09
DEV004604,hash_9bb754cfb06b4ec8,Windows,Edge,2026-01-03 14:26:41,2026-09-03 02:50:10
DEV004605,hash_d757d743be9bab1a,iOS,Chrome,2026-01-17 07:25:49,2026-09-13 00:03:27
DEV004606,hash_966edc31d72588e3,Android,Firefox,2025-03-15 11:39:55,2026-09-01 14:02:07
DEV004607,hash_83d7b90810355c49,Windows,Firefox,2025-09-25 07:00:16,2026-09-10 09:47:53
DEV004608,hash_e7940b0878e0e9ac,iOS,Safari,2026-02-06 10:30:47,2026-08-24 09:33:22
DEV004609,hash_fd7a39501736aadc,Android,Safari,2026-07-28 01:17:43,2026-08-30 05:24:31
DEV004610,hash_66cdc6e5b9464f11,Android,Firefox,2026-06-29 03:52:41,2026-08-26 21:56:29
DEV004611,hash_157706e63fdc848e,Windows,Safari,2026-07-25 20:09:24,2026-08-29 20:06:20
DEV004612,hash_321e746b5cc91412,Android,Chrome,2026-02-15 00:13:03,2026-09-08 04:54:06
DEV004613,hash_39347ab6521b3730,Android,Firefox,2025-09-29 22:38:45,2026-09-03 16:43:26
DEV004614,hash_cef7b77e0f13280b,Windows,Safari,2025-12-22 12:49:50,2026-09-01 23:51:00
DEV004615,hash_7324cc7c02a09432,macOS,Chrome,2025-11-10 06:12:16,2026-09-08 00:07:26
DEV004616,hash_b65365bfabf5c0bc,Android,Chrome,2025-05-01 15:13:20,2026-08-20 08:14:07
DEV004617,hash_fff3f7ef9ddc0c0b,macOS,Safari,2025-03-03 05:24:25,2026-08-21 02:41:01
DEV004618,hash_8c8d33d09d294bd2,Windows,Safari,2026-07-30 09:19:21,2026-08-29 14:27:41
DEV004619,hash_74e4f34c51dc3a8e,macOS,Edge,2025-08-06 02:02:44,2026-09-06 08:45:37
DEV004620,hash_bfd2ef7c3cc4fe31,Windows,Safari,2025-05-24 22:05:12,2026-08-27 16:00:13
DEV004621,hash_e2e7855ffcea8251,Windows,Chrome,2026-02-10 16:36:58,2026-09-05 06:46:12
DEV004622,hash_8ef0cbccc87849c1,iOS,Chrome,2024-12-13 03:16:19,2026-08-24 05:02:51
DEV004623,hash_681791ea24301bac,Linux,Safari,2025-09-10 03:33:06,2026-08-31 03:19:06
DEV004624,hash_27176819575bb6ff,Android,Edge,2026-02-09 06:57:44,2026-08-21 04:02:43
DEV004625,hash_af3731504e898769,Android,Chrome,2025-06-11 03:34:49,2026-09-03 23:34:25
DEV004626,hash_6b5a967205dd4991,Android,Edge,2026-03-15 15:01:15,2026-08-21 20:57:51
DEV004627,hash_a405ff2dfb719d04,macOS,Chrome,2026-05-08 02:43:11,2026-09-08 03:21:45
DEV004628,hash_0f12543f046bc3d7,Linux,Firefox,2026-06-28 17:14:00,2026-09-08 09:41:44
DEV004629,hash_aa05fbd528f8344e,Windows,Firefox,2025-12-25 00:47:38,2026-09-04 15:47:03
DEV004630,hash_bd742407ccd0d9c4,Android,Edge,2026-03-01 22:59:29,2026-08-27 01:23:52
DEV004631,hash_24327c6f89199f95,macOS,Firefox,2024-10-06 16:08:49,2026-08-29 18:43:27
DEV004632,hash_afe027b426e5dd77,Android,Edge,2025-04-10 06:42:32,2026-09-09 07:01:54
DEV004633,hash_ed88ee885b184e8c,macOS,Firefox,2025-02-28 06:06:56,2026-09-04 12:17:32
DEV004634,hash_c83be551a67f8850,macOS,Edge,2024-10-31 09:42:03,2026-09-11 22:50:36
DEV004635,hash_2560f364f460e485,Android,Firefox,2026-05-06 15:36:57,2026-08-31 08:18:43
DEV004636,hash_455f9ac0a1a5366b,macOS,Chrome,2025-04-05 08:55:17,2026-08-31 01:49:05
DEV004637,hash_00fe6cccbee9d208,Android,Safari,2025-07-30 14:06:42,2026-09-03 15:45:17
DEV004638,hash_3afb233e91968637,iOS,Safari,2026-06-04 13:40:06,2026-09-06 02:40:37
DEV004639,hash_212752587e05d727,iOS,Edge,2025-08-10 10:32:06,2026-09-04 00:15:41
DEV004640,hash_b415e6c80c95821c,iOS,Firefox,2025-04-04 16:02:05,2026-08-18 07:25:06
DEV004641,hash_07cf3600255100c2,Android,Edge,2025-04-10 14:02:30,2026-09-08 05:25:15
DEV004642,hash_d8649c33e9b1c858,Windows,Safari,2026-04-02 18:37:58,2026-08-26 06:51:33
DEV004643,hash_7e4be8949d9d817c,iOS,Safari,2025-06-05 03:21:06,2026-08-17 20:55:37
DEV004644,hash_30fdececce188222,Linux,Edge,2025-05-11 19:18:05,2026-09-06 09:18:00
DEV004645,hash_1f41b98bf0745dda,iOS,Safari,2025-07-29 11:41:13,2026-08-26 09:36:39
DEV004646,hash_4b94f3d9169f915e,Windows,Firefox,2025-12-02 20:31:32,2026-08-23 17:47:37
DEV004647,hash_b79ba014e6a5cf84,Android,Safari,2025-11-04 12:15:16,2026-08-25 16:00:26
DEV004648,hash_feeffc7fad48c174,Linux,Chrome,2026-05-12 16:08:55,2026-08-21 00:17:35
DEV004649,hash_ee03f18eb4dcfd71,iOS,Edge,2026-01-03 13:03:38,2026-09-14 07:20:35
DEV004650,hash_ce56e8a604145aec,macOS,Chrome,2025-05-28 06:00:16,2026-08-21 22:18:46
DEV004651,hash_8d6b456e49bcbc58,Android,Firefox,2025-12-28 01:32:25,2026-09-10 20:38:26
DEV004652,hash_ef70014eca924da8,iOS,Safari,2024-09-29 15:34:48,2026-08-16 16:22:12
DEV004653,hash_6b23686b03467306,Windows,Safari,2026-05-30 10:18:22,2026-09-03 01:33:08
DEV004654,hash_7a239fffe2ebb14a,Windows,Edge,2024-11-23 06:40:42,2026-08-31 20:04:29
DEV004655,hash_cdfd1fe9f461eef8,macOS,Safari,2026-08-23 17:25:08,2026-09-01 18:41:31
DEV004656,hash_b7cff80b0aaa1a18,Linux,Chrome,2026-05-02 19:13:04,2026-09-11 11:56:04
DEV004657,hash_dee1421341d64371,Android,Safari,2024-11-02 11:18:55,2026-08-18 01:06:21
DEV004658,hash_646374836f86dcc9,Windows,Firefox,2025-10-22 00:33:51,2026-08-25 20:58:25
DEV004659,hash_180133f10907ec9e,macOS,Safari,2025-06-22 10:14:14,2026-09-10 15:38:13
DEV004660,hash_d74b9eeaa0836609,Windows,Edge,2025-02-15 07:25:56,2026-08-23 06:40:33
DEV004661,hash_22710801ce257693,iOS,Edge,2026-06-27 04:28:36,2026-09-10 15:54:01
DEV004662,hash_82377bd087e555c1,Linux,Edge,2025-07-18 09:23:25,2026-08-26 18:57:36
DEV004663,hash_e14c7ea0ba5e8d20,macOS,Safari,2025-04-27 13:43:58,2026-08-23 11:48:56
DEV004664,hash_b27f6e826cf2059b,Linux,Firefox,2026-08-22 12:03:46,2026-09-02 19:22:04
DEV004665,hash_34bca6b412f62dc7,macOS,Chrome,2025-05-29 15:53:36,2026-09-04 17:24:23
DEV004666,hash_a5abe7f96aac39e9,iOS,Firefox,2025-02-28 15:36:10,2026-09-11 12:00:03
DEV004667,hash_9771ab1dd7e58438,Android,Chrome,2026-04-06 18:35:21,2026-08-27 17:31:37
DEV004668,hash_19020277fe06ba7d,iOS,Edge,2026-09-14 07:22:24,2026-08-16 07:39:32
DEV004669,hash_ec0f11570255c994,Windows,Edge,2024-10-12 04:43:56,2026-08-16 15:06:03
DEV004670,hash_96d0ae38d4a94520,Windows,Edge,2026-04-23 16:44:12,2026-09-10 05:14:51
DEV004671,hash_e1d852f3e70d9181,Android,Chrome,2024-12-02 19:22:15,2026-09-09 00:03:18
DEV004672,hash_8249dfeb36dd9d1e,Android,Firefox,2025-07-20 06:20:13,2026-09-08 04:42:55
DEV004673,hash_1f0a7308544b1a44,Windows,Safari,2024-10-17 00:29:55,2026-08-23 06:37:15
DEV004674,hash_3ef2c525bad79fa1,Linux,Firefox,2025-04-22 01:25:15,2026-08-30 06:59:59
DEV004675,hash_b7dfc38cf36397c0,Linux,Safari,2024-10-03 00:11:37,2026-08-26 19:44:29
DEV004676,hash_12cb83024edbb0cb,Linux,Chrome,2026-01-17 17:17:38,2026-08-27 15:54:06
DEV004677,hash_75a870a14276290d,Linux,Chrome,2024-10-10 09:54:50,2026-08-28 21:12:10
DEV004678,hash_5c978975f5002058,iOS,Safari,2026-04-19 15:40:56,2026-08-21 15:49:13
DEV004679,hash_20ce29eb70c497ac,Linux,Firefox,2026-06-07 15:35:13,2026-09-03 00:00:04
DEV004680,hash_5bc0905e96a98189,Android,Edge,2026-02-05 03:28:31,2026-09-04 02:40:29
DEV004681,hash_370db45e796746be,Android,Safari,2024-12-25 01:51:51,2026-08-28 18:20:14
DEV004682,hash_38979041ba8cecfc,iOS,Edge,2026-07-15 16:47:12,2026-08-19 18:42:04
DEV004683,hash_0200eb7f7e510fa2,Linux,Safari,2024-11-12 14:48:51,2026-08-19 05:51:16
DEV004684,hash_82b248b6dd51ef25,Linux,Edge,2025-10-11 00:59:16,2026-09-04 19:43:08
DEV004685,hash_a07546aad08faff0,Linux,Edge,2024-09-29 19:56:50,2026-08-16 08:56:29
DEV004686,hash_ccb77f3bd5afc2dd,Windows,Edge,2026-04-14 00:16:56,2026-09-10 22:53:23
DEV004687,hash_a92c1fd3b0530141,iOS,Firefox,2025-12-27 23:52:29,2026-08-23 00:40:52
DEV004688,hash_c6386ae05e1868c9,Linux,Firefox,2024-11-27 09:33:05,2026-09-13 05:03:49
DEV004689,hash_e2cabd0cdf652d96,iOS,Firefox,2026-05-22 19:45:14,2026-09-03 15:27:30
DEV004690,hash_8959765bb78707bd,Android,Chrome,2025-02-12 01:57:49,2026-09-14 01:26:52
DEV004691,hash_37e4b92786e5b158,iOS,Firefox,2026-07-13 14:48:58,2026-08-30 19:29:36
DEV004692,hash_35acd71b5f9ec8e9,Android,Edge,2026-05-16 17:27:07,2026-08-31 08:56:06
DEV004693,hash_828c4bace5f5883f,Linux,Safari,2025-08-10 09:40:01,2026-09-09 12:42:13
DEV004694,hash_89016a1b6d5606d3,Windows,Edge,2026-04-14 15:46:49,2026-08-16 19:03:58
DEV004695,hash_e81a13f07c263cec,macOS,Edge,2025-05-06 20:48:16,2026-08-28 23:03:25
DEV004696,hash_04ba966f809c187c,Linux,Edge,2025-09-05 14:52:02,2026-08-25 11:53:23
DEV004697,hash_52ee3db5474e8557,Linux,Firefox,2024-11-30 14:24:05,2026-08-28 11:39:46
DEV004698,hash_f93b9f4f7ac9080c,Windows,Safari,2026-02-05 17:55:03,2026-09-12 15:05:20
DEV004699,hash_5350f06993148969,Linux,Edge,2025-09-15 07:47:08,2026-09-02 22:30:52
DEV004700,hash_2584e91255b06753,Android,Firefox,2025-04-28 09:19:41,2026-09-05 12:12:36
DEV004701,hash_a2dc95f55b7f7f66,iOS,Chrome,2024-11-25 11:03:17,2026-08-26 10:42:34
DEV004702,hash_7a426a39f0086838,Windows,Safari,2025-07-26 18:47:58,2026-09-11 21:22:26
DEV004703,hash_c98bf146af05977a,Windows,Firefox,2025-04-18 12:56:30,2026-09-08 02:54:32
DEV004704,hash_80c117e5ec7be9e9,Linux,Edge,2025-04-23 02:16:29,2026-09-10 12:59:37
DEV004705,hash_899642b346481f0d,macOS,Safari,2025-10-12 15:50:00,2026-08-27 12:45:43
DEV004706,hash_f78b36a31644b00b,Android,Safari,2025-07-08 04:51:15,2026-08-16 11:49:12
DEV004707,hash_86ccdb09f881ec7b,macOS,Firefox,2025-10-05 05:38:52,2026-09-03 18:23:45
DEV004708,hash_719a704d6db4f3b8,Windows,Chrome,2025-06-30 16:34:47,2026-09-11 04:34:46
DEV004709,hash_bf898112d6cab354,Android,Edge,2026-03-23 04:57:33,2026-08-20 21:56:59
DEV004710,hash_41d6045c6ca587a3,Windows,Firefox,2025-08-31 11:10:35,2026-08-26 12:48:57
DEV004711,hash_9cf5fe1644aa1ea7,macOS,Safari,2025-12-07 00:42:01,2026-08-16 20:46:02
DEV004712,hash_517bafa0c981602a,Android,Safari,2025-07-19 19:21:40,2026-08-26 22:12:01
DEV004713,hash_a42df296c75596ad,macOS,Safari,2025-08-27 10:31:11,2026-09-02 14:38:22
DEV004714,hash_1c915117e3001ec4,Linux,Edge,2025-09-19 12:33:36,2026-09-11 23:53:14
DEV004715,hash_8785ffc670cb2492,Linux,Edge,2024-12-07 19:11:32,2026-08-30 17:39:10
DEV004716,hash_ef7419b83cd23aaf,Android,Chrome,2025-05-30 09:17:33,2026-08-22 15:16:18
DEV004717,hash_f495f84d90d35298,iOS,Safari,2026-06-05 01:47:23,2026-08-19 17:12:26
DEV004718,hash_811ae804bc8493da,iOS,Chrome,2024-11-27 06:25:35,2026-09-11 21:14:41
DEV004719,hash_1c39d22bd5c729d1,macOS,Firefox,2025-01-23 15:24:04,2026-08-25 17:43:58
DEV004720,hash_09a2b826d64dbbb0,Android,Safari,2026-07-17 21:48:11,2026-09-08 10:26:16
DEV004721,hash_79b3d03b935afe43,iOS,Firefox,2025-12-19 02:12:05,2026-08-27 19:00:04
DEV004722,hash_47e151e5ec05e1e7,iOS,Firefox,2024-11-18 08:02:46,2026-08-22 12:25:41
DEV004723,hash_47e02c05863a329b,Linux,Firefox,2025-07-24 08:20:49,2026-09-14 14:01:38
DEV004724,hash_c5b504dd4e28c5e9,Linux,Firefox,2026-06-27 03:00:38,2026-09-07 15:27:02
DEV004725,hash_61ae99037ac6e470,macOS,Chrome,2025-10-25 17:14:05,2026-09-12 03:56:55
DEV004726,hash_a0e0c1c891567743,Linux,Safari,2026-04-27 22:30:53,2026-08-26 22:33:59
DEV004727,hash_a7a7f9556f96be80,Android,Chrome,2024-10-29 22:50:09,2026-09-08 14:38:22
DEV004728,hash_a23ea4cbcdf160a1,Linux,Chrome,2025-03-28 22:18:40,2026-09-04 15:36:58
DEV004729,hash_02134726464bcffb,iOS,Firefox,2025-05-14 02:11:14,2026-09-01 01:24:41
DEV004730,hash_4ccd97d3e8f50fb0,Linux,Chrome,2026-06-24 05:09:43,2026-08-22 23:14:30
DEV004731,hash_d6a84942126de6c4,Windows,Firefox,2024-10-12 12:50:11,2026-08-31 06:16:27
DEV004732,hash_bf6c9c59704a4a29,iOS,Safari,2026-03-03 08:05:32,2026-09-12 02:24:09
DEV004733,hash_e192abeccb685168,Linux,Edge,2025-12-23 05:23:02,2026-09-04 09:24:46
DEV004734,hash_fc9c9a0f667676eb,macOS,Chrome,2026-07-23 00:50:23,2026-08-15 22:15:27
DEV004735,hash_588e3ff3edb50d4c,Windows,Safari,2025-04-10 10:49:45,2026-08-25 19:31:47
DEV004736,hash_6ab54bfa45c6dc78,Android,Safari,2026-04-23 15:10:23,2026-09-11 23:01:14
DEV004737,hash_95f50f193ebb7dfe,iOS,Edge,2026-05-24 10:26:57,2026-09-08 09:10:27
DEV004738,hash_9d74321a0a789cfd,macOS,Edge,2025-11-11 22:45:26,2026-09-08 22:05:36
DEV004739,hash_446f4fd0db15304f,macOS,Firefox,2025-05-15 07:17:25,2026-08-27 02:25:20
DEV004740,hash_22d30f667eeaf42d,Android,Safari,2025-05-22 03:44:25,2026-09-07 01:18:12
DEV004741,hash_34ca3002bfd7d03f,macOS,Safari,2026-03-18 18:30:23,2026-09-08 02:29:51
DEV004742,hash_92c965d19fc1cc6e,Android,Chrome,2025-10-18 17:56:13,2026-09-11 14:09:48
DEV004743,hash_b0dd1d66996bc6f2,iOS,Safari,2026-07-13 02:41:47,2026-08-19 14:38:38
DEV004744,hash_71c74f6268a5057c,iOS,Safari,2026-08-30 17:13:31,2026-08-20 18:09:03
DEV004745,hash_0ae61ce2bce49724,iOS,Chrome,2025-08-10 19:54:25,2026-08-19 10:03:55
DEV004746,hash_e1990278e12587f7,Windows,Safari,2025-07-02 23:32:30,2026-08-21 20:03:39
DEV004747,hash_e2d54777b8ffe8b1,iOS,Firefox,2026-04-25 01:38:13,2026-08-16 07:38:23
DEV004748,hash_05052c45dc63a396,macOS,Edge,2025-01-18 01:52:50,2026-09-09 21:32:20
DEV004749,hash_dfefbce257164e3c,Windows,Firefox,2026-04-18 06:44:59,2026-08-21 13:17:52
DEV004750,hash_ea08154316df0a19,iOS,Edge,2025-01-21 06:22:56,2026-08-25 05:42:57
DEV004751,hash_6ab26bc82eb14ec4,Windows,Firefox,2025-08-20 01:43:29,2026-08-21 04:11:41
DEV004752,hash_9b7aa110f140ab80,Windows,Edge,2024-10-14 12:24:48,2026-09-05 05:58:27
DEV004753,hash_a42f5d7c7a4a0e76,Linux,Safari,2025-10-03 19:09:17,2026-08-23 22:40:18
DEV004754,hash_bf96600149dfd018,macOS,Chrome,2026-01-13 12:48:21,2026-09-10 02:57:24
DEV004755,hash_8fa967a97220abf9,Linux,Chrome,2025-09-27 14:11:20,2026-08-22 10:43:15
DEV004756,hash_7b01e4c2d4c8d608,Windows,Chrome,2026-04-18 22:29:44,2026-09-11 05:09:59
DEV004757,hash_c801be4caa92e1d3,Linux,Chrome,2025-08-04 23:04:39,2026-09-04 01:06:26
DEV004758,hash_813f51fc9b6e2c87,Android,Edge,2024-09-21 08:50:15,2026-08-30 01:30:22
DEV004759,hash_5fe8b0457bb7e068,Windows,Chrome,2024-12-14 12:09:26,2026-09-05 19:08:10
DEV004760,hash_9295096427369729,Windows,Safari,2025-04-30 16:58:21,2026-08-28 19:37:45
DEV004761,hash_cb208d251891f883,Windows,Firefox,2025-10-24 23:58:52,2026-08-31 07:22:23
DEV004762,hash_34bcfbd056cc310a,Android,Edge,2026-01-04 22:33:00,2026-09-02 16:44:54
DEV004763,hash_468d3d28eaeb4c59,Linux,Firefox,2025-11-26 02:26:00,2026-08-23 17:06:24
DEV004764,hash_c263cf0d851f9a50,iOS,Safari,2025-01-02 02:19:31,2026-08-29 17:52:11
DEV004765,hash_920368b2a9b7fb58,macOS,Safari,2025-10-25 14:21:22,2026-08-25 13:58:53
DEV004766,hash_71e7ac0c70a23023,macOS,Safari,2026-05-30 17:46:43,2026-09-14 11:07:39
DEV004767,hash_c7b6ba726115914c,Windows,Chrome,2026-03-23 03:01:18,2026-09-02 16:18:27
DEV004768,hash_04cc47737b3d9b73,Windows,Safari,2025-10-22 14:11:13,2026-09-14 00:04:49
DEV004769,hash_b9ac39834d90e891,Linux,Safari,2025-03-28 07:41:14,2026-09-07 13:48:51
DEV004770,hash_cb35eba9a60d69d9,iOS,Safari,2025-09-08 16:57:28,2026-08-25 21:09:10
DEV004771,hash_fbe6cd4138ffecca,macOS,Edge,2026-09-11 08:19:32,2026-08-31 16:27:01
DEV004772,hash_7e1cf27da8410ef7,Android,Safari,2026-09-04 06:15:44,2026-08-22 05:26:51
DEV004773,hash_69184fe9dc1d6309,Linux,Firefox,2025-01-19 17:52:05,2026-09-10 02:42:40
DEV004774,hash_240faa2ff36450ac,Android,Safari,2026-03-23 14:19:48,2026-09-07 15:51:54
DEV004775,hash_9ccc3ea8c486ca71,Android,Edge,2024-09-21 19:19:34,2026-08-31 01:53:58
DEV004776,hash_f254f70f67a887ef,iOS,Safari,2025-08-03 12:41:43,2026-08-24 08:34:45
DEV004777,hash_1cd04b14dd79170f,Windows,Firefox,2025-01-08 22:57:21,2026-09-07 11:55:50
DEV004778,hash_97ff7fd85c2528d3,macOS,Edge,2024-11-05 06:06:41,2026-08-15 22:17:36
DEV004779,hash_fe7df3501fff4d86,Android,Chrome,2025-05-14 09:22:28,2026-08-24 18:25:21
DEV004780,hash_1f8178d21c1b2fdd,Windows,Safari,2025-02-15 22:51:50,2026-08-20 05:06:24
DEV004781,hash_7471527a765c2768,iOS,Safari,2025-11-05 20:17:15,2026-09-06 22:03:58
DEV004782,hash_f6003f099d53e7f8,Windows,Firefox,2025-05-29 07:11:17,2026-08-20 06:06:59
DEV004783,hash_125ea338a9c84868,Windows,Edge,2024-10-31 15:22:40,2026-09-07 09:50:03
DEV004784,hash_2c465f0f222c8612,Windows,Safari,2025-12-19 21:40:49,2026-08-23 06:02:49
DEV004785,hash_f640ab2877e267ad,Linux,Safari,2024-11-05 00:57:59,2026-09-01 16:04:23
DEV004786,hash_412afff666baff8a,Android,Firefox,2026-01-21 10:32:57,2026-09-11 19:13:48
DEV004787,hash_45368ab557b535d1,macOS,Safari,2026-08-01 06:57:23,2026-08-26 15:06:34
DEV004788,hash_64bcef25186109a9,Linux,Safari,2025-06-09 02:43:08,2026-08-16 08:13:41
DEV004789,hash_a61149c9e0232429,Windows,Edge,2026-09-04 21:10:25,2026-08-25 00:12:31
DEV004790,hash_9e9c6f2a36c87c6c,Windows,Firefox,2025-04-15 10:47:59,2026-08-29 10:52:07
DEV004791,hash_dc570f3f3cdfa052,iOS,Safari,2026-06-13 16:13:03,2026-09-05 08:17:06
DEV004792,hash_5f75047ef77c2763,Windows,Chrome,2025-12-12 03:31:35,2026-08-30 11:59:27
DEV004793,hash_c6769625d5805bc0,Linux,Safari,2025-06-26 10:44:40,2026-09-04 05:36:28
DEV004794,hash_bf30bbb67c69797c,Linux,Safari,2026-09-09 21:00:29,2026-08-28 00:34:14
DEV004795,hash_7ce06759d5369970,Windows,Chrome,2025-11-24 00:08:14,2026-09-10 22:05:47
DEV004796,hash_68a6143da753b685,macOS,Chrome,2026-01-25 12:31:29,2026-08-25 11:47:54
DEV004797,hash_c99404b227c73e18,Linux,Safari,2024-11-13 08:30:20,2026-09-13 10:14:26
DEV004798,hash_a3e910bfa0c92f46,Android,Firefox,2025-01-10 13:35:40,2026-08-20 15:44:31
DEV004799,hash_2aeabc3a691973ce,iOS,Firefox,2026-04-04 16:41:59,2026-08-26 03:56:19
DEV004800,hash_bc6e8fd5bddda93f,Windows,Edge,2025-04-19 15:33:17,2026-08-24 07:31:48
DEV004801,hash_4cf30233007b453d,Android,Edge,2025-04-06 09:45:30,2026-09-12 00:28:38
DEV004802,hash_406a57f51a0d12e1,macOS,Edge,2024-12-02 15:40:07,2026-08-21 19:23:13
DEV004803,hash_b76091dfa2338347,Android,Safari,2026-05-26 03:14:58,2026-09-10 00:18:37
DEV004804,hash_faa47f5cbac2b1e1,macOS,Edge,2025-12-14 08:37:46,2026-09-03 05:55:52
DEV004805,hash_cf320d68b869cac8,iOS,Safari,2025-05-28 14:52:41,2026-09-12 14:27:13
DEV004806,hash_8e541da71fde4909,Windows,Safari,2026-05-06 18:58:18,2026-09-13 09:41:38
DEV004807,hash_570d3b3892686857,Android,Firefox,2025-12-27 22:04:23,2026-08-29 02:46:16
DEV004808,hash_f0572b067fd30610,Windows,Safari,2026-06-03 05:24:03,2026-09-14 13:19:36
DEV004809,hash_c43ecc48b6c12525,macOS,Chrome,2026-02-15 09:55:54,2026-09-07 15:19:30
DEV004810,hash_7623850e1f66b98f,Android,Firefox,2025-02-23 18:00:21,2026-08-23 19:36:57
DEV004811,hash_d31bf9f19bc58ca7,macOS,Chrome,2024-09-16 06:01:59,2026-08-26 21:52:07
DEV004812,hash_13ecde6004f08423,macOS,Safari,2025-03-01 07:02:40,2026-08-20 02:10:58
DEV004813,hash_ad8498a29da368c9,Android,Chrome,2026-09-06 04:15:36,2026-09-14 12:12:14
DEV004814,hash_1ad81d87c20ae0f1,macOS,Chrome,2025-01-05 23:02:54,2026-08-22 14:45:41
DEV004815,hash_621a8cbff0ab8589,macOS,Safari,2025-01-20 04:41:00,2026-09-07 17:43:18
DEV004816,hash_088fc1e1931a8fd8,macOS,Edge,2026-07-25 12:14:04,2026-08-15 16:03:13
DEV004817,hash_98ee0e5cb362fb84,iOS,Safari,2025-05-23 07:42:03,2026-08-19 10:23:42
DEV004818,hash_ae0e317d50563fa8,Android,Edge,2026-08-11 02:01:36,2026-08-18 04:34:15
DEV004819,hash_b42176c0e763b8fe,iOS,Chrome,2024-12-29 13:38:37,2026-09-09 11:56:45
DEV004820,hash_cc520538bfcf939e,Windows,Firefox,2026-06-03 04:11:08,2026-09-06 00:02:27
DEV004821,hash_8cb7a5eaaa2213a7,Linux,Edge,2025-08-10 14:23:01,2026-09-07 13:19:25
DEV004822,hash_66dca49671f6a2e0,iOS,Safari,2025-05-26 05:38:01,2026-08-30 08:16:19
DEV004823,hash_32ac5061ff8afa10,macOS,Edge,2025-10-07 19:54:50,2026-08-21 08:25:35
DEV004824,hash_3d7aa6a5fff6a3fa,Windows,Safari,2025-03-20 04:34:41,2026-09-11 20:22:56
DEV004825,hash_86f5cdaab406f1c1,Linux,Edge,2025-07-16 14:53:42,2026-09-02 23:21:48
DEV004826,hash_7d325d960ba4475b,Android,Edge,2026-05-08 07:09:12,2026-09-03 08:56:27
DEV004827,hash_2201c38820ca516d,Linux,Firefox,2026-03-16 17:35:58,2026-09-07 16:34:22
DEV004828,hash_c77278074524a8de,Android,Firefox,2025-06-16 21:46:11,2026-08-30 18:59:41
DEV004829,hash_cd0435373b00feb6,Windows,Chrome,2026-06-27 13:48:16,2026-09-09 23:55:24
DEV004830,hash_31a0261ec0d70f89,Linux,Chrome,2025-05-18 09:01:51,2026-09-10 10:03:34
DEV004831,hash_45a8abb1130c93bd,iOS,Chrome,2024-11-13 21:59:36,2026-09-14 01:05:09
DEV004832,hash_77d51bca9a8598af,Windows,Firefox,2026-06-30 07:49:42,2026-08-26 00:58:36
DEV004833,hash_a29fef1e7e14686b,Windows,Firefox,2025-01-21 04:52:42,2026-08-29 03:21:10
DEV004834,hash_67ba704b6ea58753,iOS,Safari,2026-03-20 16:43:40,2026-08-22 14:14:16
DEV004835,hash_b657294f7ad320e2,Linux,Edge,2026-06-28 12:40:17,2026-09-05 21:11:29
DEV004836,hash_c4c4a450710ea061,Android,Safari,2025-11-23 12:27:35,2026-09-06 02:19:19
DEV004837,hash_f698918085293585,Android,Firefox,2025-09-29 20:15:04,2026-08-27 19:39:54
DEV004838,hash_c4844fccb41eb704,Android,Chrome,2026-02-28 12:25:26,2026-08-21 11:51:20
DEV004839,hash_74ce90caea073d86,iOS,Safari,2025-11-21 12:21:02,2026-09-05 19:03:34
DEV004840,hash_a0fef4d6c6309f00,macOS,Safari,2026-02-02 16:07:27,2026-09-01 13:25:32
DEV004841,hash_d052857e8f8b55d1,iOS,Edge,2025-01-30 10:38:16,2026-08-16 21:14:15
DEV004842,hash_0672d829d3096484,Linux,Firefox,2026-07-18 22:14:12,2026-09-02 09:49:21
DEV004843,hash_d98c8b2ef96c57ab,Windows,Firefox,2026-07-10 13:32:30,2026-09-07 06:47:01
DEV004844,hash_fddd99adf2d65ef9,macOS,Firefox,2026-05-05 19:58:12,2026-09-01 10:52:31
DEV004845,hash_babddfeae59cfdf4,macOS,Safari,2026-04-03 00:18:43,2026-09-05 05:51:09
DEV004846,hash_c74577f9b52178c0,Android,Firefox,2025-02-27 05:23:36,2026-09-14 14:35:35
DEV004847,hash_81af3834e2e8396d,Linux,Edge,2025-11-22 23:33:46,2026-08-24 22:16:43
DEV004848,hash_f0609f3e6dddb4ed,Linux,Chrome,2025-07-08 05:46:08,2026-09-02 19:44:51
DEV004849,hash_cf6c678f16a55b73,iOS,Firefox,2025-01-31 05:09:08,2026-08-16 04:12:01
DEV004850,hash_32352fdbf4f85212,iOS,Chrome,2025-02-13 06:53:43,2026-09-06 02:49:38
DEV004851,hash_a06a5d3a438bf10a,iOS,Safari,2025-06-21 13:36:47,2026-09-10 04:36:12
DEV004852,hash_28b89843dde27d0a,macOS,Chrome,2025-02-12 13:13:59,2026-08-15 22:18:27
DEV004853,hash_1bb359e4ec5b9ce6,Linux,Edge,2025-12-13 11:35:24,2026-08-30 17:23:50
DEV004854,hash_a4544a75ca2af73a,Linux,Firefox,2025-05-27 07:01:36,2026-08-20 05:24:37
DEV004855,hash_55491a19d7c86ae2,Linux,Safari,2026-08-22 19:16:36,2026-09-02 13:31:40
DEV004856,hash_fa0c01ac64f1ca6b,Windows,Edge,2026-08-26 12:07:40,2026-08-27 23:25:05
DEV004857,hash_439c725df6b90ae0,Windows,Edge,2025-10-09 16:59:36,2026-08-16 06:54:20
DEV004858,hash_5f4f2723ea2aaae9,iOS,Firefox,2025-12-29 11:20:27,2026-08-28 21:51:59
DEV004859,hash_afba959b5ff1e393,Windows,Safari,2024-10-10 05:15:24,2026-08-29 00:06:27
DEV004860,hash_ecae483249522dc6,Android,Chrome,2026-01-25 13:55:03,2026-09-07 21:31:57
DEV004861,hash_18f969a785514ed6,Linux,Safari,2025-07-20 12:59:04,2026-08-17 18:56:00
DEV004862,hash_36bd822c15d80f71,macOS,Edge,2026-03-08 09:17:18,2026-08-27 22:34:36
DEV004863,hash_82de9e7330054231,Android,Safari,2025-04-15 03:13:00,2026-08-18 10:26:25
DEV004864,hash_0ed511e424f661b4,iOS,Chrome,2025-12-02 14:28:17,2026-08-17 03:12:55
DEV004865,hash_97d63070b0a4efb5,iOS,Edge,2026-07-16 15:11:12,2026-09-07 12:17:55
DEV004866,hash_f38321e3d6667cff,macOS,Safari,2025-12-30 01:43:45,2026-09-06 17:16:28
DEV004867,hash_19870d8cc7c33f17,Linux,Safari,2025-09-30 00:06:34,2026-08-24 02:13:26
DEV004868,hash_7f24c98edca91aee,Android,Safari,2025-09-16 21:57:51,2026-09-11 03:25:17
DEV004869,hash_abb6f92261cadf6b,iOS,Firefox,2026-06-03 07:50:42,2026-08-20 16:48:12
DEV004870,hash_f234d465072489f7,Android,Safari,2024-10-13 20:13:34,2026-09-02 14:18:15
DEV004871,hash_85b0b47da970b211,iOS,Firefox,2024-10-06 13:48:22,2026-09-14 09:52:12
DEV004872,hash_52da47ac3e30ed5e,Windows,Chrome,2026-08-09 18:33:23,2026-08-23 02:14:50
DEV004873,hash_18f23779e63f174d,Android,Firefox,2026-03-16 06:19:16,2026-08-24 05:52:42
DEV004874,hash_2b4288737162ef9f,Linux,Firefox,2026-07-22 15:14:42,2026-08-22 01:08:50
DEV004875,hash_63a0793be952b547,Android,Firefox,2024-11-17 12:12:32,2026-09-05 00:36:12
DEV004876,hash_8216a806006a218f,macOS,Edge,2026-06-24 00:20:02,2026-08-21 10:54:30
DEV004877,hash_4a8435edeb8deb4e,macOS,Edge,2024-10-27 17:03:23,2026-09-06 04:20:20
DEV004878,hash_bb78f7a70bd46916,Linux,Chrome,2026-01-22 07:42:00,2026-08-18 16:22:49
DEV004879,hash_6bfa4a3efdcb6139,macOS,Edge,2025-05-16 06:02:24,2026-08-20 09:19:59
DEV004880,hash_f8a8b40f1bc095f0,Linux,Firefox,2026-07-12 12:28:49,2026-09-11 01:40:09
DEV004881,hash_770c5816c685d4ec,macOS,Firefox,2025-04-17 16:48:50,2026-08-25 02:00:17
DEV004882,hash_9a8c1761bd8ef507,Windows,Chrome,2026-02-05 00:17:33,2026-09-14 11:07:56
DEV004883,hash_6bcb18397bb1df10,macOS,Chrome,2026-04-09 23:22:41,2026-08-16 11:11:35
DEV004884,hash_6a815581a2f23a9f,iOS,Chrome,2025-05-30 13:34:15,2026-08-31 00:29:32
DEV004885,hash_25b441ff7fbda7a0,Android,Safari,2026-08-12 11:16:00,2026-08-23 20:54:51
DEV004886,hash_86078b108bac739c,Linux,Edge,2026-08-18 16:10:44,2026-09-13 03:29:34
DEV004887,hash_0ca09c818f981207,Windows,Chrome,2026-03-29 01:49:41,2026-09-02 10:29:09
DEV004888,hash_63d2848e8041ca31,Linux,Firefox,2025-10-20 05:31:47,2026-08-16 08:16:36
DEV004889,hash_39e778780b7283ce,iOS,Edge,2026-02-12 07:20:13,2026-09-04 05:29:48
DEV004890,hash_4c20a369d84eaf52,Windows,Edge,2025-08-03 14:06:29,2026-08-18 15:23:58
DEV004891,hash_9d60cc7341b74316,macOS,Edge,2024-11-03 15:05:35,2026-08-25 00:33:26
DEV004892,hash_1bf3c2e54c6b3119,Linux,Chrome,2026-06-17 00:14:49,2026-09-09 00:05:09
DEV004893,hash_0979286366ba2851,Windows,Firefox,2025-01-06 18:06:19,2026-08-28 14:25:10
DEV004894,hash_ae85e8619bf63df3,Android,Edge,2024-11-18 09:32:10,2026-08-24 00:50:32
DEV004895,hash_e966a932c8dd57fd,Windows,Chrome,2025-08-24 13:48:00,2026-08-17 19:37:19
DEV004896,hash_9086fcf7f71b0645,macOS,Chrome,2025-04-16 04:24:46,2026-09-14 04:45:13
DEV004897,hash_4c61d5053abe6b28,iOS,Safari,2025-02-15 11:58:23,2026-09-09 04:40:35
DEV004898,hash_a97912a9d0794a04,Android,Edge,2025-07-29 01:14:50,2026-08-24 01:17:19
DEV004899,hash_0d96abacaec3ec41,Android,Chrome,2026-01-20 15:05:27,2026-08-15 19:31:22
DEV004900,hash_dd063badbcc5c886,Windows,Chrome,2025-05-13 20:46:23,2026-08-28 22:43:23
DEV004901,hash_65a8bdc130158278,Linux,Firefox,2025-11-23 13:49:49,2026-09-01 16:20:36
DEV004902,hash_64299af4945f2b79,macOS,Chrome,2024-12-14 14:36:17,2026-09-01 05:35:13
DEV004903,hash_46fb4c7e765dfb30,iOS,Chrome,2025-09-11 07:49:06,2026-09-12 05:44:09
DEV004904,hash_550569a3f5f21b99,iOS,Chrome,2026-06-25 14:23:04,2026-08-19 20:04:27
DEV004905,hash_3fbc6187992e31ac,macOS,Firefox,2025-11-27 22:46:45,2026-09-07 03:12:23
DEV004906,hash_dfe7b319c7eceb5e,Windows,Firefox,2024-11-21 15:42:14,2026-08-21 07:13:14
DEV004907,hash_cbbf77ab66ca9c9c,Android,Firefox,2026-08-28 05:12:47,2026-08-20 01:16:41
DEV004908,hash_1cf2ea662c9a7b9a,macOS,Chrome,2025-02-02 22:18:38,2026-08-19 20:26:59
DEV004909,hash_b534efc58ce73502,Linux,Edge,2025-02-05 09:10:43,2026-08-31 01:40:54
DEV004910,hash_caec3e305de91f0f,Windows,Chrome,2025-12-17 08:03:12,2026-08-16 15:11:34
DEV004911,hash_dd661ebb243d9300,Linux,Firefox,2026-05-02 16:59:26,2026-08-23 21:03:23
DEV004912,hash_c5cfd69632f0cc06,Windows,Firefox,2026-05-19 19:21:48,2026-08-16 03:55:41
DEV004913,hash_80e46e2bc18990d5,Windows,Firefox,2025-03-02 03:13:18,2026-09-02 20:07:28
DEV004914,hash_d6d58e12aeb494ff,Linux,Chrome,2025-09-06 17:46:31,2026-08-19 14:27:29
DEV004915,hash_68834f5701174bf8,Windows,Edge,2026-07-27 12:24:33,2026-08-27 15:13:47
DEV004916,hash_e2a8e2f83d439f5e,Windows,Chrome,2025-05-11 05:43:27,2026-08-24 22:23:51
DEV004917,hash_4fbe5bf97ae2755c,Windows,Safari,2026-04-17 16:56:56,2026-08-22 02:24:48
DEV004918,hash_92ebc686609c17ac,iOS,Safari,2025-05-13 08:08:40,2026-08-18 05:54:22
DEV004919,hash_06a7d3051f431bd3,iOS,Chrome,2025-07-05 19:06:19,2026-08-29 14:14:04
DEV004920,hash_0c0dc1864de3dd66,Android,Firefox,2025-01-30 10:28:54,2026-08-29 04:46:55
DEV004921,hash_8b07475ae92f924a,iOS,Firefox,2025-01-01 05:58:40,2026-09-12 02:05:07
DEV004922,hash_9244704e1637401e,Windows,Safari,2025-05-17 06:21:22,2026-09-04 18:05:27
DEV004923,hash_f396523a8362dbe6,Linux,Edge,2025-03-08 16:27:10,2026-08-24 19:05:15
DEV004924,hash_94042b7f90f68142,Android,Firefox,2025-04-14 01:35:45,2026-08-25 07:52:46
DEV004925,hash_cedaccec56c07f2b,Linux,Edge,2025-01-29 17:51:16,2026-08-29 23:23:13
DEV004926,hash_7e26f4ae19976388,macOS,Chrome,2025-04-03 14:57:24,2026-09-05 23:56:07
DEV004927,hash_7c661196db65aeb8,Android,Firefox,2025-04-07 15:43:30,2026-08-20 03:26:02
DEV004928,hash_586c1d23085c4bf0,macOS,Edge,2025-09-29 16:22:36,2026-09-01 21:32:58
DEV004929,hash_0e967fb8e85580e4,Linux,Safari,2025-12-07 15:55:28,2026-09-02 07:24:22
DEV004930,hash_212b770912dee971,Windows,Edge,2025-06-12 03:27:10,2026-09-10 01:09:18
DEV004931,hash_54783b99013b67f3,Android,Edge,2025-08-29 10:45:39,2026-08-23 22:23:00
DEV004932,hash_8a767f5640dcdba4,iOS,Safari,2024-10-12 16:57:47,2026-09-13 01:36:01
DEV004933,hash_3d338c193576237c,macOS,Edge,2025-07-10 17:51:19,2026-08-23 05:10:28
DEV004934,hash_424526028f016e18,Android,Edge,2025-11-06 00:20:17,2026-09-12 06:21:46
DEV004935,hash_d52daf3fc393256a,macOS,Edge,2025-02-24 19:17:06,2026-09-05 17:14:31
DEV004936,hash_dd9c829a76fc5c77,macOS,Chrome,2025-06-10 15:19:55,2026-08-29 16:06:47
DEV004937,hash_6345239e02676114,Windows,Firefox,2025-02-22 07:20:15,2026-09-01 06:26:09
DEV004938,hash_5318d0ae4f66e880,Linux,Edge,2026-03-11 14:44:19,2026-09-09 02:41:42
DEV004939,hash_a290d3acad2375a1,iOS,Chrome,2025-11-16 15:01:27,2026-08-28 17:06:56
DEV004940,hash_c3370882a398f60d,macOS,Firefox,2024-11-23 16:05:18,2026-09-09 13:46:18
DEV004941,hash_3a470c640b6b60bc,iOS,Firefox,2026-05-07 21:38:05,2026-08-25 21:16:30
DEV004942,hash_9484533243a2647c,macOS,Edge,2025-04-02 17:42:04,2026-08-26 06:03:05
DEV004943,hash_e993a0e555552e00,macOS,Safari,2025-09-12 10:35:09,2026-08-28 07:40:25
DEV004944,hash_de47abaefe9a7df9,Windows,Chrome,2024-10-08 14:28:48,2026-08-21 06:05:53
DEV004945,hash_00151f29c78c1b73,Windows,Safari,2025-10-20 18:22:49,2026-08-24 16:58:03
DEV004946,hash_88884491e59b9185,Android,Safari,2025-09-18 06:47:57,2026-08-22 10:39:45
DEV004947,hash_df8d0ac1b36ece45,macOS,Firefox,2025-09-12 02:21:32,2026-09-13 03:27:42
DEV004948,hash_1df8252ed7fc8bd6,Linux,Chrome,2025-05-23 01:14:02,2026-09-02 17:30:25
DEV004949,hash_582d1e50fda6d971,macOS,Chrome,2025-11-26 01:40:11,2026-09-03 00:03:48
DEV004950,hash_57458fc4db40076b,Windows,Firefox,2026-02-07 11:56:13,2026-09-13 05:17:27
DEV004951,hash_0d2cc4dc7bd06794,macOS,Safari,2026-08-15 05:13:40,2026-08-17 07:12:14
DEV004952,hash_94689f11d150190b,Windows,Edge,2025-05-22 13:41:47,2026-08-20 17:38:56
DEV004953,hash_d4fb02df69ded796,Android,Chrome,2026-01-16 02:27:22,2026-09-02 01:53:47
DEV004954,hash_0d1d14a01b8549f8,macOS,Edge,2026-07-21 09:42:54,2026-08-16 00:58:05
DEV004955,hash_4e82263e64678700,macOS,Safari,2025-01-15 11:34:11,2026-09-05 02:44:30
DEV004956,hash_ac71c3d14a38da42,Windows,Edge,2025-09-18 12:07:57,2026-08-31 21:44:03
DEV004957,hash_761a082057675574,iOS,Edge,2025-06-02 16:15:50,2026-08-20 12:30:59
DEV004958,hash_2a9a762526d5db2f,macOS,Firefox,2025-02-06 12:15:27,2026-09-02 00:52:17
DEV004959,hash_81c4d9434bc97e36,Windows,Safari,2025-05-10 01:38:15,2026-08-23 13:22:42
DEV004960,hash_fd2dd4e4f17a5c4e,Android,Firefox,2025-09-11 18:47:50,2026-09-11 04:48:31
DEV004961,hash_02aaa83a9478ea2c,Linux,Safari,2025-02-05 18:32:00,2026-08-16 17:06:23
DEV004962,hash_af6e95c8f4e63ead,macOS,Safari,2025-08-21 03:57:41,2026-09-14 14:10:17
DEV004963,hash_6ab77dd4bddc50ba,Android,Edge,2025-09-03 17:00:36,2026-09-13 11:19:50
DEV004964,hash_b93b8ca761034446,Linux,Firefox,2025-12-05 13:00:56,2026-09-05 18:32:28
DEV004965,hash_dd918930ec134367,macOS,Chrome,2026-04-04 22:13:56,2026-09-04 01:01:24
DEV004966,hash_84f797c237ee8f02,iOS,Edge,2025-09-17 00:16:09,2026-08-27 11:34:03
DEV004967,hash_8c40a4edc8233e35,macOS,Chrome,2025-03-29 08:34:51,2026-09-02 18:35:34
DEV004968,hash_c47cd4139ff29cff,macOS,Edge,2025-12-24 22:36:55,2026-09-01 01:25:22
DEV004969,hash_74ca8521e3ef54b7,macOS,Safari,2025-09-23 23:46:17,2026-09-04 03:08:36
DEV004970,hash_0a77201e77e83c58,iOS,Edge,2025-05-05 07:52:55,2026-08-17 14:31:11
DEV004971,hash_6051d2a324f1d56e,iOS,Edge,2026-09-05 17:51:58,2026-08-27 00:44:56
DEV004972,hash_96d9b70b77eb6995,iOS,Edge,2026-04-29 22:49:18,2026-09-09 06:25:05
DEV004973,hash_ab8a5c0611dbbb3f,Android,Chrome,2024-12-06 22:48:53,2026-09-05 02:15:01
DEV004974,hash_7013fa67f244281a,iOS,Safari,2025-08-10 23:29:23,2026-08-28 17:35:39
DEV004975,hash_2148c1f41f8a3673,Linux,Edge,2025-12-06 17:24:09,2026-09-04 02:40:25
DEV004976,hash_2ffb80322c21d58c,Android,Edge,2025-12-18 19:59:06,2026-08-17 01:02:07
DEV004977,hash_f7828ca18a25cb4a,iOS,Safari,2025-01-19 13:54:42,2026-09-09 12:31:38
DEV004978,hash_29f9824433a3aced,iOS,Firefox,2025-01-21 09:52:56,2026-08-30 05:58:13
DEV004979,hash_f10f5e2daf358d31,iOS,Chrome,2026-08-03 19:34:45,2026-09-13 15:08:53
DEV004980,hash_24a20a3ac9acd635,iOS,Firefox,2026-03-10 01:02:23,2026-09-10 02:22:11
DEV004981,hash_47a9087e409238d6,macOS,Chrome,2025-02-15 07:50:54,2026-09-12 05:31:13
DEV004982,hash_66b0d207c99979a6,Android,Edge,2026-04-21 03:44:51,2026-08-22 10:21:09
DEV004983,hash_fc231b0c90e54bc6,Windows,Firefox,2024-12-24 01:35:11,2026-08-31 19:54:38
DEV004984,hash_eac90c4dae17d199,Android,Edge,2026-05-19 16:14:43,2026-08-18 06:26:51
DEV004985,hash_58029c5e9caa3398,iOS,Firefox,2024-11-23 09:23:56,2026-08-30 16:05:45
DEV004986,hash_700991ec574d5150,Linux,Edge,2026-05-23 00:17:30,2026-08-22 12:34:48
DEV004987,hash_c74d9c9452b7e822,iOS,Safari,2026-05-29 17:05:44,2026-09-01 11:00:16
DEV004988,hash_22f44bda1720c826,Linux,Safari,2025-09-05 11:17:09,2026-09-03 21:07:56
DEV004989,hash_7b7e2f8d3e108df1,Android,Chrome,2025-01-20 14:26:45,2026-09-07 00:23:22
DEV004990,hash_61ee270fc9148dc1,Windows,Safari,2024-09-14 19:57:52,2026-08-22 19:36:20
DEV004991,hash_e2c28f4e87f3b67e,Linux,Safari,2025-02-16 20:05:40,2026-08-24 00:14:25
DEV004992,hash_881e04ef498a6c25,macOS,Safari,2025-05-06 04:33:21,2026-08-30 14:03:38
DEV004993,hash_1b4c5a823ed31eb3,Android,Chrome,2024-11-15 14:32:59,2026-08-24 14:49:59
DEV004994,hash_2aae11d341844e37,Windows,Safari,2025-03-16 15:01:37,2026-08-25 12:39:12
DEV004995,hash_4f9ee382f68cc63e,iOS,Chrome,2025-08-19 06:06:25,2026-08-20 00:49:05
DEV004996,hash_3f617ca852f094d3,macOS,Edge,2026-03-30 15:05:22,2026-08-27 12:54:00
DEV004997,hash_fe4cb3d1c2980d47,Windows,Firefox,2025-01-11 21:35:07,2026-09-11 14:47:37
DEV004998,hash_5540e2e15d7b5b55,Android,Edge,2026-07-03 00:38:51,2026-09-02 19:48:29
DEV004999,hash_dc115b328ea02003,macOS,Edge,2024-09-18 00:25:24,2026-09-07 19:54:44
DEV005000,hash_659a69e38b5af1d2,Android,Firefox,2025-01-15 22:22:08,2026-09-01 09:23:04
DEV005001,hash_3a8b17bd0ac35863,Linux,Firefox,2024-11-30 18:46:05,2026-09-07 12:17:19
DEV005002,hash_1f51e3c62b356a41,iOS,Chrome,2025-11-15 05:48:10,2026-09-03 18:51:52
DEV005003,hash_7b046535eac3ff36,Android,Chrome,2026-03-10 22:26:41,2026-08-25 23:20:13
DEV005004,hash_f805d2659f162c70,Windows,Edge,2026-08-24 04:41:14,2026-09-07 14:02:32
DEV005005,hash_6a2a26faf6e6b949,iOS,Firefox,2026-02-15 08:48:43,2026-09-02 22:10:39
DEV005006,hash_cfa4e7648a39dfaf,macOS,Edge,2026-06-21 21:40:38,2026-09-07 03:45:50
DEV005007,hash_eb70833a28d3a709,Linux,Edge,2026-03-16 17:13:03,2026-08-27 10:34:51
DEV005008,hash_d38cbef333f6ac67,Android,Safari,2026-04-29 20:38:38,2026-08-20 07:24:36
DEV005009,hash_285246aacd2b1777,Windows,Safari,2025-07-12 05:08:51,2026-08-21 21:28:56
DEV005010,hash_68a0072bcc158832,iOS,Chrome,2025-05-19 10:50:42,2026-08-22 03:20:07
DEV005011,hash_ea6c32b47950d1be,Linux,Edge,2025-07-21 18:36:57,2026-08-31 12:52:44
DEV005012,hash_4ce821f14f491f7c,Android,Edge,2026-08-12 16:34:34,2026-08-29 09:42:42
DEV005013,hash_3c053a870222b300,iOS,Firefox,2026-06-12 22:15:33,2026-09-05 06:27:07
DEV005014,hash_8e84687a8aba1684,Linux,Chrome,2025-12-21 19:59:35,2026-09-03 18:38:06
DEV005015,hash_012632587893f0a7,Android,Safari,2025-11-03 00:52:28,2026-08-19 03:15:08
DEV005016,hash_b39aff5d141de088,Android,Firefox,2025-06-10 14:19:08,2026-09-08 08:41:15
DEV005017,hash_7cd7d30386ee20c1,Windows,Safari,2026-02-16 11:39:08,2026-09-13 03:00:19
DEV005018,hash_144c3815af4d65d4,iOS,Chrome,2024-10-05 01:37:44,2026-08-26 10:03:30
DEV005019,hash_ae5cf00725aaf06d,iOS,Chrome,2026-08-03 00:48:19,2026-09-14 04:44:45
DEV005020,hash_b920ea47150f95db,macOS,Safari,2025-01-30 13:23:23,2026-08-27 01:44:40
DEV005021,hash_5dd7cb884c2cb985,Windows,Chrome,2025-06-27 21:22:33,2026-09-02 05:51:12
DEV005022,hash_46825e8265fa309f,Linux,Edge,2025-06-05 03:31:37,2026-09-09 00:00:16
DEV005023,hash_23327bfd9e9877f7,Android,Chrome,2026-06-15 14:31:02,2026-08-15 17:37:13
DEV005024,hash_e356fae8de525433,Windows,Edge,2026-01-01 10:01:51,2026-09-13 17:50:59
DEV005025,hash_21b1107e6a40e034,macOS,Safari,2026-04-21 00:39:36,2026-09-03 23:40:49
DEV005026,hash_bd5e628ba675bb7b,Android,Chrome,2026-08-25 13:21:53,2026-08-19 09:47:30
DEV005027,hash_2bce57b35b02d0e3,macOS,Edge,2026-01-28 14:40:43,2026-08-26 19:49:16
DEV005028,hash_46992fb440bb9671,iOS,Chrome,2024-12-30 10:14:31,2026-09-08 22:14:58
DEV005029,hash_de22f95d3ad4f204,macOS,Chrome,2025-02-07 04:16:16,2026-08-17 19:19:07
DEV005030,hash_88d8845d7b3542fb,Windows,Safari,2025-02-25 05:54:08,2026-08-30 07:32:57
DEV005031,hash_8af8689bbc2552e8,iOS,Firefox,2025-08-18 08:42:07,2026-08-20 03:56:40
DEV005032,hash_92a74604036df96e,Windows,Edge,2025-06-04 22:36:00,2026-09-03 07:14:09
DEV005033,hash_e6ef2a35244a4cc2,iOS,Firefox,2026-02-04 04:31:38,2026-08-24 09:20:11
DEV005034,hash_88efc6f665dc8a7e,Android,Edge,2025-08-10 20:04:49,2026-08-22 23:23:59
DEV005035,hash_cbadd0cc0c89956d,Android,Safari,2025-04-23 12:21:44,2026-08-30 18:12:52
DEV005036,hash_7207fa0d55e81c69,Linux,Firefox,2025-07-11 15:00:35,2026-09-07 23:45:58
DEV005037,hash_2273fa053aa79ba9,macOS,Edge,2024-10-11 05:27:43,2026-08-28 07:52:33
DEV005038,hash_449482cb13527b16,Linux,Safari,2025-08-07 17:59:29,2026-08-24 08:55:10
DEV005039,hash_b42557ec800afc1e,Android,Edge,2025-01-19 04:54:22,2026-09-03 23:43:17
DEV005040,hash_187cc42801c89c55,Windows,Chrome,2026-02-26 03:58:53,2026-09-09 18:31:15
DEV005041,hash_1b5b0268b8ed0933,Linux,Edge,2026-06-24 03:28:01,2026-08-20 19:46:00
DEV005042,hash_9bfb5f8a7f10e373,macOS,Firefox,2025-09-10 07:02:00,2026-08-19 16:02:57
DEV005043,hash_9e0f93750717ec47,iOS,Safari,2025-06-10 03:30:04,2026-08-20 13:54:41
DEV005044,hash_924b064412d85d3c,iOS,Chrome,2026-02-05 14:31:22,2026-09-04 07:00:43
DEV005045,hash_d92fcf511e812495,Linux,Firefox,2026-05-31 07:30:30,2026-08-16 06:00:31
DEV005046,hash_b94c6fd18cb9b57e,Windows,Firefox,2025-01-17 03:20:13,2026-08-31 03:27:29
DEV005047,hash_3a127eae3cff9604,iOS,Edge,2024-12-23 04:07:28,2026-09-12 13:19:09
DEV005048,hash_00f5d0ccd77eb5b7,Windows,Firefox,2025-10-12 22:51:35,2026-09-03 07:08:49
DEV005049,hash_7a039604c102ec3b,Linux,Safari,2026-03-01 05:46:48,2026-09-06 17:31:14
DEV005050,hash_2959b9688169d0cf,Linux,Chrome,2024-09-23 04:16:27,2026-09-08 06:09:34
DEV005051,hash_89183f4257fad2ab,Windows,Safari,2026-02-04 00:16:57,2026-09-04 03:47:04
DEV005052,hash_1ff8fc14cf80790b,Android,Edge,2025-08-08 07:24:59,2026-08-18 07:16:34
DEV005053,hash_3604ebe1d7a22491,Linux,Edge,2025-05-07 11:43:39,2026-09-05 06:54:18
DEV005054,hash_484cd5ce1551f6cf,Linux,Firefox,2025-04-03 01:48:49,2026-08-21 06:52:02
DEV005055,hash_04f73813f93d8ee6,macOS,Safari,2025-12-27 00:50:15,2026-09-06 12:22:07
DEV005056,hash_efb2ad6bd49afd34,macOS,Safari,2025-10-09 03:21:08,2026-09-02 18:08:20
DEV005057,hash_dbf54731b22c79f6,Android,Safari,2026-05-13 19:12:25,2026-09-07 15:29:19
DEV005058,hash_2efb118eea2c6b95,Windows,Edge,2026-03-21 05:19:32,2026-08-31 22:08:36
DEV005059,hash_3cfc3cd4d3a44e2f,Linux,Edge,2026-07-01 20:41:08,2026-09-10 15:06:51
DEV005060,hash_62aebdb62890440c,iOS,Safari,2025-06-24 13:45:46,2026-08-21 01:52:24
DEV005061,hash_1469153999ee2665,Linux,Firefox,2026-05-17 06:55:44,2026-08-24 08:07:45
DEV005062,hash_11f168ffb16f0ae5,iOS,Safari,2025-08-09 13:23:34,2026-09-10 11:15:18
DEV005063,hash_933a10eea733dfe6,macOS,Edge,2026-04-27 04:25:02,2026-09-03 06:32:35
DEV005064,hash_c27d55713c5289ca,macOS,Edge,2026-07-22 04:04:49,2026-08-19 12:59:00
DEV005065,hash_2bfe6eb67ae25bd2,Windows,Safari,2025-01-08 23:40:01,2026-08-15 23:52:16
DEV005066,hash_a2a6b74730f70723,Windows,Firefox,2025-06-03 00:32:16,2026-09-13 07:20:39
DEV005067,hash_e222af50a131b298,Windows,Safari,2025-04-02 10:40:04,2026-08-25 06:00:07
DEV005068,hash_e59079069f6510f5,macOS,Edge,2025-10-19 02:36:30,2026-09-14 11:44:02
DEV005069,hash_9a859d272a2fbccd,macOS,Safari,2026-04-02 08:13:45,2026-09-06 17:52:01
DEV005070,hash_1c3dc6fd79ff5f76,Windows,Edge,2025-08-17 23:08:48,2026-08-18 00:19:24
DEV005071,hash_b6045b36c0afdaf5,Windows,Firefox,2025-09-10 04:03:34,2026-08-29 07:59:11
DEV005072,hash_84be35c1e4f29f67,Android,Firefox,2024-10-15 03:00:01,2026-08-21 13:23:01
DEV005073,hash_ea712e4e9d06b0ab,Linux,Chrome,2026-07-20 07:00:48,2026-09-08 10:12:59
DEV005074,hash_ce5b4e8bc34d5cbe,iOS,Safari,2025-09-06 15:56:28,2026-09-02 11:28:24
DEV005075,hash_88b05aafed97af62,Android,Safari,2024-10-23 01:41:02,2026-09-13 18:02:02
DEV005076,hash_4b02cd012017a988,macOS,Edge,2026-03-01 07:26:20,2026-09-02 14:01:39
DEV005077,hash_0cf1ce3af604ab96,Android,Chrome,2025-03-29 03:57:31,2026-09-05 07:44:43
DEV005078,hash_497e1b15914fd104,Android,Chrome,2025-06-03 06:59:20,2026-08-30 00:47:57
DEV005079,hash_b2f1c6db6b405218,Windows,Edge,2026-05-02 19:03:47,2026-08-16 19:10:51
DEV005080,hash_7a567dd03a61c7f5,macOS,Firefox,2025-11-09 17:48:41,2026-08-28 15:07:05
DEV005081,hash_e104e84c49b94f84,iOS,Edge,2025-01-30 23:58:51,2026-08-29 21:24:54
DEV005082,hash_b1cc3f7c61c7041e,iOS,Firefox,2025-06-18 09:04:17,2026-09-04 21:40:35
DEV005083,hash_42feb5895db00973,Linux,Firefox,2024-09-27 18:49:25,2026-09-06 08:17:27
DEV005084,hash_087628b5ec3f6c13,iOS,Edge,2025-05-24 07:50:07,2026-08-30 02:35:32
DEV005085,hash_997f14d6c829f373,iOS,Chrome,2026-01-21 03:49:22,2026-08-17 09:15:38
DEV005086,hash_c2ae7799986e4827,Android,Safari,2025-12-20 22:22:11,2026-08-21 01:53:11
DEV005087,hash_d486f3b8ec469e83,Android,Chrome,2025-06-18 15:45:57,2026-08-17 10:25:21
DEV005088,hash_5503b3e2adc3dd66,iOS,Edge,2025-10-31 19:48:33,2026-09-03 21:23:22
DEV005089,hash_1bd5f0143de1cef6,Android,Edge,2025-03-26 06:59:02,2026-08-24 03:55:41
DEV005090,hash_d1d0cc642f3157fa,iOS,Edge,2024-11-18 10:59:35,2026-09-10 15:04:08
DEV005091,hash_e9544e994f8c9946,Android,Safari,2024-11-26 15:12:24,2026-08-21 18:37:49
DEV005092,hash_f5c2aa4a7dc89bfc,Windows,Edge,2026-04-01 16:32:43,2026-08-22 16:17:20
DEV005093,hash_f83b88a89252ed84,Android,Chrome,2026-01-18 18:43:49,2026-09-08 14:40:38
DEV005094,hash_10d6a6f8a256a20a,Linux,Safari,2025-08-15 00:32:33,2026-08-28 23:48:37
DEV005095,hash_eb1cad6920394286,Linux,Firefox,2025-06-09 10:42:46,2026-09-06 21:24:38
DEV005096,hash_fa98a0fe37a95691,Windows,Safari,2026-03-03 07:59:13,2026-09-14 14:54:14
DEV005097,hash_cd16aeab72c8b629,Windows,Firefox,2025-03-22 18:36:46,2026-09-10 01:45:22
DEV005098,hash_9340de4b286d17da,Linux,Firefox,2025-11-30 04:26:51,2026-09-06 21:51:49
DEV005099,hash_cb3f5768d58539af,Windows,Edge,2024-10-15 17:50:56,2026-08-19 08:56:13
DEV005100,hash_6a5a2d72af344e9d,macOS,Edge,2025-05-25 20:17:47,2026-09-02 18:06:14
DEV005101,hash_ef2a4dcacc18998d,Android,Safari,2024-10-13 21:58:28,2026-08-22 18:44:33
DEV005102,hash_dcf07d7d3fcb545c,Linux,Chrome,2025-12-31 11:25:06,2026-08-20 13:34:57
DEV005103,hash_2b372e07ca261add,iOS,Edge,2025-07-07 19:37:13,2026-09-09 13:01:33
DEV005104,hash_e9ababc8c4e6e27c,iOS,Safari,2026-03-31 14:39:53,2026-08-19 11:32:01
DEV005105,hash_ba85241b77087d96,iOS,Edge,2025-06-03 12:47:10,2026-08-30 07:36:18
DEV005106,hash_02b6892e530ef98a,Android,Firefox,2025-08-08 08:46:28,2026-09-04 02:39:41
DEV005107,hash_9ae8be7a24ac0060,Linux,Chrome,2024-10-01 13:30:15,2026-08-24 14:03:37
DEV005108,hash_09b6258c931c387a,Android,Edge,2026-04-17 04:59:33,2026-08-28 03:01:38
DEV005109,hash_d7a949924cf509eb,macOS,Edge,2026-03-28 15:43:56,2026-08-19 12:08:16
DEV005110,hash_dd5ab402114b32aa,Windows,Safari,2026-06-26 04:19:21,2026-09-05 16:45:17
DEV005111,hash_739cb83225494071,Linux,Edge,2024-12-13 14:34:24,2026-08-24 23:02:49
DEV005112,hash_d78f95c33fd9f587,Windows,Safari,2025-12-01 14:30:09,2026-08-28 07:49:29
DEV005113,hash_a89ddb8c4282c052,Android,Safari,2025-05-07 16:19:48,2026-09-14 12:58:13
DEV005114,hash_a42c150f2d10b3d5,iOS,Chrome,2025-10-18 10:38:17,2026-09-10 19:55:48
DEV005115,hash_9e86b8f8668a9942,macOS,Firefox,2026-07-09 16:30:06,2026-08-27 11:45:29
DEV005116,hash_b49078bdb95fd288,Android,Edge,2026-03-07 10:08:13,2026-08-18 00:39:30
DEV005117,hash_f34b182071603b59,Windows,Safari,2025-07-01 20:31:04,2026-09-12 11:45:03
DEV005118,hash_9226c970f232e871,iOS,Firefox,2025-09-16 12:05:02,2026-08-26 02:30:11
DEV005119,hash_f4b9a6d84e47671d,iOS,Edge,2026-04-28 01:04:36,2026-09-05 20:50:40
DEV005120,hash_04ebe955966539d0,Windows,Safari,2025-04-15 14:38:32,2026-08-24 16:08:16
DEV005121,hash_364665abda8a3993,Linux,Firefox,2025-04-17 05:10:30,2026-09-09 00:07:46
DEV005122,hash_fdc89a97ca8b116c,Windows,Firefox,2026-02-17 16:47:17,2026-08-17 21:03:34
DEV005123,hash_7803ec73836d24e6,Linux,Firefox,2025-12-27 19:13:39,2026-09-04 00:15:03
DEV005124,hash_74e88fa4559986e7,iOS,Firefox,2026-08-21 19:08:54,2026-08-24 10:56:59
DEV005125,hash_cc5322e3d3c5b45d,Linux,Chrome,2026-02-22 22:57:51,2026-08-29 11:42:47
DEV005126,hash_38a81aaae455f625,iOS,Chrome,2025-04-13 23:21:31,2026-08-15 21:39:03
DEV005127,hash_7b3d2792ef2b4115,iOS,Safari,2025-07-27 10:41:00,2026-08-25 17:05:50
DEV005128,hash_3fa11c73572398eb,iOS,Chrome,2024-09-28 17:11:33,2026-09-04 18:29:22
DEV005129,hash_fc5ac9062e4827e2,iOS,Edge,2026-02-06 15:34:49,2026-08-21 22:57:20
DEV005130,hash_19f9fe884f6afb49,iOS,Firefox,2025-04-15 14:18:18,2026-08-28 14:54:20
DEV005131,hash_c21650554b09edf3,macOS,Safari,2025-09-08 08:46:31,2026-09-13 17:44:39
DEV005132,hash_a22fbed1058a1ecf,Linux,Safari,2026-05-20 23:43:37,2026-08-31 02:26:55
DEV005133,hash_b6eeac6130dd57bd,macOS,Firefox,2024-11-28 15:12:37,2026-08-26 09:37:36
DEV005134,hash_3de1dade0e122b19,iOS,Safari,2025-03-07 19:17:01,2026-08-16 12:49:21
DEV005135,hash_52fe8d720b797acf,Android,Edge,2026-03-18 21:07:21,2026-08-31 09:57:46
DEV005136,hash_2021a70d0c56b028,iOS,Firefox,2025-03-04 21:03:38,2026-08-18 18:00:29
DEV005137,hash_1888cfc2539f916e,Android,Edge,2026-01-02 01:18:44,2026-08-29 15:06:50
DEV005138,hash_16fb74d5b56d7ac7,Windows,Safari,2026-04-02 18:12:22,2026-09-14 05:40:15
DEV005139,hash_88c949cb53031bdb,macOS,Chrome,2026-06-18 12:10:37,2026-09-07 00:27:19
DEV005140,hash_9677593ecdd118d0,Windows,Chrome,2025-12-14 19:45:37,2026-09-05 01:59:33
DEV005141,hash_26e1f75645fc6aff,iOS,Safari,2026-01-20 05:15:58,2026-09-13 13:15:36
DEV005142,hash_57447fcff240ef38,macOS,Safari,2025-05-27 12:37:40,2026-09-10 22:36:37
DEV005143,hash_14256fbe123a9587,Linux,Firefox,2025-07-13 08:28:05,2026-09-07 17:53:01
DEV005144,hash_d02191ac5f0fdbea,Windows,Chrome,2026-09-06 10:19:46,2026-09-11 17:29:01
DEV005145,hash_521c242821b044fc,iOS,Chrome,2024-09-23 22:30:58,2026-09-01 07:19:57
DEV005146,hash_7c7f14c5f0fe4ca8,Linux,Chrome,2025-06-05 17:24:55,2026-08-31 04:10:37
DEV005147,hash_17547fcd961d2aae,iOS,Safari,2025-06-10 04:58:55,2026-09-06 05:30:35
DEV005148,hash_057553c4e7467207,Windows,Firefox,2025-01-10 01:36:17,2026-09-07 01:58:26
DEV005149,hash_b04701f9baae8df2,Windows,Safari,2026-07-09 18:35:45,2026-09-08 21:06:49
DEV005150,hash_c3187084ee7d6068,Android,Edge,2025-02-24 18:48:42,2026-09-10 11:52:15
DEV005151,hash_554b631f1c2de327,macOS,Safari,2026-03-10 02:47:22,2026-08-23 21:50:45
DEV005152,hash_7f057f985ba21b8c,Android,Edge,2026-02-18 21:36:48,2026-09-03 14:13:13
DEV005153,hash_cc2bb3da6ea7751c,iOS,Firefox,2025-03-31 18:42:05,2026-09-04 05:13:23
DEV005154,hash_83d2863ef5736bb8,iOS,Safari,2024-10-09 05:44:14,2026-09-12 09:23:39
DEV005155,hash_3efbe96d68da3509,Android,Edge,2024-11-14 05:36:54,2026-09-08 06:37:28
DEV005156,hash_beb70b531ecd97f5,macOS,Firefox,2025-11-24 04:06:58,2026-09-01 10:04:07
DEV005157,hash_da2187c8d86a8dbf,Android,Safari,2024-11-17 17:11:35,2026-08-25 17:34:50
DEV005158,hash_f2cfea1de44b847c,macOS,Firefox,2026-04-18 04:10:47,2026-09-10 08:47:06
DEV005159,hash_21a4f52550e19f95,Android,Chrome,2025-06-27 22:28:25,2026-08-30 09:59:23
DEV005160,hash_6f91cbb3754cb07d,Android,Safari,2025-04-28 20:13:18,2026-08-30 23:09:41
DEV005161,hash_4a06819d0aa212d9,iOS,Chrome,2025-08-30 20:48:03,2026-09-07 08:18:12
DEV005162,hash_9b6bc8bd507c0388,Linux,Edge,2024-10-07 03:22:10,2026-08-23 05:24:12
DEV005163,hash_cf055ebe803fe303,Windows,Edge,2026-01-12 12:31:51,2026-09-13 01:16:01
DEV005164,hash_72053f92987c48d7,macOS,Chrome,2025-01-21 16:23:55,2026-09-01 17:26:25
DEV005165,hash_3099d7f64e5abb0e,iOS,Edge,2025-11-26 22:36:15,2026-09-05 14:32:09
DEV005166,hash_e9b411e40623778d,Linux,Chrome,2025-08-02 19:43:57,2026-08-16 19:02:19
DEV005167,hash_c3f54f4fbec2ff04,Linux,Chrome,2026-04-20 19:08:28,2026-08-29 10:31:09
DEV005168,hash_0b4c30c01bfb5dbf,Android,Safari,2025-11-20 09:01:47,2026-09-08 11:32:21
DEV005169,hash_c11a7ae5c3ea13fd,macOS,Chrome,2025-03-15 11:43:02,2026-09-02 21:00:14
DEV005170,hash_0cd06a34d97e049e,iOS,Firefox,2026-08-30 16:12:59,2026-09-10 18:06:25
DEV005171,hash_d4c037c47c4fc4f3,Linux,Chrome,2024-12-25 11:15:48,2026-09-03 00:40:03
DEV005172,hash_98099f1289b6e4cd,iOS,Chrome,2025-12-29 17:48:56,2026-08-21 15:38:49
DEV005173,hash_cc9b8fc747f2bc0d,macOS,Chrome,2024-11-28 12:04:51,2026-09-03 20:50:52
DEV005174,hash_f032822a62c89efd,iOS,Chrome,2025-03-02 17:45:12,2026-08-25 21:57:16
DEV005175,hash_f785cd0d685a8e53,Linux,Edge,2024-12-09 02:35:25,2026-09-12 08:43:56
DEV005176,hash_8920cd4db52d3d21,Windows,Chrome,2025-04-26 22:06:07,2026-08-24 07:52:34
DEV005177,hash_d13a962d8706741a,Windows,Edge,2026-07-17 23:01:32,2026-08-23 09:09:05
DEV005178,hash_988be34cee53a2ef,Android,Safari,2026-05-02 19:49:31,2026-09-04 03:06:02
DEV005179,hash_0901db16a0b1a2d9,Linux,Edge,2025-11-15 10:18:02,2026-09-04 11:43:19
DEV005180,hash_fe465a135585b3b3,macOS,Firefox,2025-06-14 14:27:38,2026-08-26 05:27:58
DEV005181,hash_7a87b07c61545cec,iOS,Chrome,2025-08-04 23:41:10,2026-09-13 17:56:28
DEV005182,hash_7aaab71203147f77,iOS,Edge,2025-04-18 18:56:27,2026-08-31 03:53:53
DEV005183,hash_d2f9a8de28167a6f,Android,Chrome,2026-05-05 15:24:03,2026-09-02 06:53:43
DEV005184,hash_ab3426b9ac58c5d2,Windows,Edge,2026-01-16 17:26:09,2026-08-20 18:50:39
DEV005185,hash_a1dcaf262782ae78,iOS,Edge,2026-02-12 02:28:33,2026-08-31 02:00:03
DEV005186,hash_5a09550f35f591b7,macOS,Safari,2025-10-09 07:53:01,2026-09-10 15:49:00
DEV005187,hash_7752fc64048ac7a3,Linux,Firefox,2025-11-01 18:55:19,2026-09-03 16:40:52
DEV005188,hash_b9743fb4ba269dde,Android,Firefox,2025-03-08 00:23:58,2026-09-04 06:25:14
DEV005189,hash_c4c604cb0cba3ea3,macOS,Edge,2025-10-03 12:36:20,2026-09-07 04:15:54
DEV005190,hash_e2620152f3c9ee87,Linux,Safari,2025-04-24 12:57:21,2026-09-06 11:25:12
DEV005191,hash_a43c2d7b1a6df344,Windows,Safari,2025-01-14 02:20:16,2026-08-24 06:42:58
DEV005192,hash_48b7de64fa18e71f,Linux,Firefox,2025-07-21 21:47:59,2026-08-29 15:47:08
DEV005193,hash_7621a04369624b67,Android,Safari,2024-09-16 18:27:33,2026-09-10 12:21:59
DEV005194,hash_7b1619ac63350ca2,Windows,Chrome,2026-06-20 18:04:30,2026-08-31 20:58:05
DEV005195,hash_6f4dd75af19e24ab,macOS,Edge,2026-04-29 18:23:00,2026-09-07 04:23:25
DEV005196,hash_5f610696730e8658,Android,Safari,2026-02-05 20:31:32,2026-08-24 00:28:33
DEV005197,hash_7dcded63c34ae3df,Android,Chrome,2026-02-26 22:50:47,2026-08-20 10:19:14
DEV005198,hash_4de80b736ccbeb85,Windows,Edge,2025-07-08 22:28:18,2026-09-12 19:41:56
DEV005199,hash_59e150a50ba18cf1,Linux,Safari,2026-02-03 10:59:29,2026-09-04 22:53:16
DEV005200,hash_66f4a892d22ed018,iOS,Safari,2025-08-05 01:21:22,2026-09-04 13:47:34
DEV005201,hash_ed16bee53fbac7d4,Android,Chrome,2025-02-07 21:07:49,2026-08-17 01:36:04
DEV005202,hash_a03587beea85dbc1,macOS,Firefox,2026-01-07 20:55:49,2026-08-26 12:58:09
DEV005203,hash_ee9765f796ac9b5d,iOS,Chrome,2024-12-30 19:24:58,2026-09-14 06:07:30
DEV005204,hash_08498f04b842231b,iOS,Safari,2026-01-08 16:23:52,2026-09-09 02:13:28
DEV005205,hash_d5bba4bc877d51d2,Windows,Edge,2024-11-15 16:58:59,2026-09-13 18:18:49
DEV005206,hash_c227ed5054ce894d,iOS,Firefox,2025-12-01 08:42:57,2026-09-04 12:01:25
DEV005207,hash_783fed58c5417a7f,macOS,Edge,2024-10-01 21:53:44,2026-08-31 10:26:31
DEV005208,hash_3df0b5f6cb6b078b,Android,Firefox,2025-12-31 19:58:30,2026-08-27 18:58:05
DEV005209,hash_60e738531973b2bd,macOS,Edge,2025-01-21 11:15:51,2026-09-12 07:03:21
DEV005210,hash_9786eef21bb74787,iOS,Edge,2026-01-13 00:19:13,2026-09-07 13:35:06
DEV005211,hash_5f056ef91b944560,Windows,Edge,2026-02-27 17:41:53,2026-08-20 01:44:58
DEV005212,hash_2758d04fac5d3cf5,Android,Chrome,2025-06-28 19:03:44,2026-08-16 18:14:10
DEV005213,hash_433b244024c17bb6,Android,Firefox,2026-04-14 06:07:28,2026-09-13 20:22:51
DEV005214,hash_5ffca038f4352c2e,Windows,Safari,2026-08-01 10:06:44,2026-09-03 13:22:45
DEV005215,hash_06161fb0523d6ef8,Android,Safari,2025-11-16 23:20:28,2026-09-09 11:30:54
DEV005216,hash_9700abb04bb8b91d,Android,Chrome,2026-07-16 19:54:07,2026-08-25 00:39:51
DEV005217,hash_90471f74aa726452,Linux,Firefox,2026-07-06 15:09:17,2026-08-23 11:47:11
DEV005218,hash_d8bd2133916a50b7,macOS,Edge,2025-09-04 17:40:36,2026-09-02 13:45:25
DEV005219,hash_754fb7dda18f9968,iOS,Edge,2026-03-29 19:03:48,2026-08-27 06:35:19
DEV005220,hash_4f52bf2122963760,macOS,Chrome,2025-01-28 06:24:56,2026-09-07 13:52:57
DEV005221,hash_36ed1588644845b1,Android,Firefox,2026-09-12 01:49:06,2026-08-25 08:31:58
DEV005222,hash_cb266123cc5f9dc1,Windows,Firefox,2025-05-22 20:15:40,2026-08-22 02:18:52
DEV005223,hash_3842203186b1e44d,Android,Chrome,2025-04-29 17:49:29,2026-08-18 19:16:42
DEV005224,hash_948c1f8007a8180d,Android,Safari,2026-08-09 21:55:18,2026-08-17 03:45:19
DEV005225,hash_501856273930d972,iOS,Safari,2025-02-21 23:08:28,2026-09-12 16:43:17
DEV005226,hash_efd4a45f9e537b3b,iOS,Chrome,2025-09-07 09:15:24,2026-09-06 22:45:52
DEV005227,hash_b10f71f57de14528,Windows,Chrome,2025-03-23 12:15:09,2026-09-13 22:36:07
DEV005228,hash_fdd8d2b2700bfc96,Linux,Edge,2025-08-24 18:32:27,2026-08-27 09:34:51
DEV005229,hash_fd88dd38506853a2,Windows,Edge,2026-05-26 00:48:32,2026-08-24 05:50:37
DEV005230,hash_63324743c12d2090,iOS,Edge,2025-09-07 13:28:53,2026-09-08 22:33:31
DEV005231,hash_31d4acf6b174b4a5,Windows,Chrome,2026-01-25 08:25:19,2026-08-21 01:16:25
DEV005232,hash_9b0aec9485993420,macOS,Firefox,2026-05-31 10:03:25,2026-09-13 23:29:06
DEV005233,hash_563a14f625308df2,iOS,Edge,2026-06-26 23:22:35,2026-08-31 17:42:39
DEV005234,hash_53ca59b9c72a4b39,macOS,Chrome,2026-07-23 13:05:50,2026-08-23 09:19:30
DEV005235,hash_2a7a9fa20111c814,iOS,Firefox,2025-03-23 08:49:54,2026-09-07 02:16:56
DEV005236,hash_21300a3f099018a3,iOS,Safari,2026-03-29 00:09:50,2026-08-19 01:08:17
DEV005237,hash_5f4dc37c09f8d252,macOS,Edge,2024-09-19 12:33:37,2026-08-17 05:25:28
DEV005238,hash_da65c703739c937a,Android,Firefox,2026-02-25 22:05:14,2026-09-04 09:11:39
DEV005239,hash_142d0e7c5c035317,Windows,Chrome,2026-07-19 15:27:59,2026-09-09 21:20:20
DEV005240,hash_432c4995d3790bc3,Android,Firefox,2025-09-14 09:34:52,2026-09-03 08:41:28
DEV005241,hash_dcafc9fac5af1533,Linux,Chrome,2024-11-07 19:57:22,2026-09-04 21:42:38
DEV005242,hash_11c7753756397555,macOS,Edge,2025-04-04 03:32:33,2026-09-10 17:48:51
DEV005243,hash_0b1f2e106e6d605a,Linux,Chrome,2024-12-17 03:30:48,2026-09-14 02:56:43
DEV005244,hash_2e00595ad98c8a46,iOS,Firefox,2026-01-29 18:51:56,2026-09-10 14:07:12
DEV005245,hash_86f6de0b7ce03d69,Linux,Safari,2026-03-23 08:25:00,2026-08-16 19:24:07
DEV005246,hash_468154a7c5757f5b,macOS,Chrome,2025-08-20 18:52:20,2026-09-07 23:56:51
DEV005247,hash_8e8f4854956d92e2,macOS,Firefox,2026-06-19 02:41:45,2026-08-18 13:25:19
DEV005248,hash_1538c7116a9199ed,Windows,Firefox,2025-04-29 17:28:24,2026-09-03 23:55:55
DEV005249,hash_64128cf579402a7e,Linux,Safari,2026-06-19 13:01:17,2026-08-17 14:15:37
DEV005250,hash_8d394846d441b7f0,Windows,Safari,2025-06-23 10:00:53,2026-09-04 01:08:06
DEV005251,hash_27c1445c4d8ce279,Android,Firefox,2026-03-24 19:05:50,2026-09-09 11:46:34
DEV005252,hash_cc9b4d6f28fa6446,Windows,Firefox,2026-01-15 22:39:19,2026-09-06 00:27:23
DEV005253,hash_896496a940459b31,Linux,Edge,2025-08-13 01:42:55,2026-08-21 16:18:10
DEV005254,hash_b964502130ff1f0f,Android,Firefox,2024-12-03 15:55:08,2026-08-22 17:50:58
DEV005255,hash_76242c71de49531a,iOS,Edge,2026-07-04 02:46:57,2026-08-28 09:35:59
DEV005256,hash_4cda219d13a9c831,Windows,Chrome,2026-04-25 21:16:46,2026-09-12 19:17:45
DEV005257,hash_f169e2ce39f2f9ac,Android,Chrome,2026-04-22 11:57:19,2026-08-21 02:00:12
DEV005258,hash_887393d3e9d491ba,Android,Firefox,2026-03-28 23:11:37,2026-08-23 20:36:40
DEV005259,hash_add5901e6158a7f8,macOS,Chrome,2025-06-25 19:38:22,2026-09-04 16:49:16
DEV005260,hash_437956f8eb8acd15,Android,Firefox,2026-02-06 02:58:58,2026-09-01 03:42:07
DEV005261,hash_92e17ce5ab66b8e7,macOS,Chrome,2025-01-02 10:23:15,2026-08-27 10:57:41
DEV005262,hash_15d43d73621bacb1,Android,Safari,2026-05-25 02:25:50,2026-09-08 02:01:31
DEV005263,hash_ee4100c0744674ec,Android,Chrome,2025-02-24 08:30:50,2026-08-28 11:56:23
DEV005264,hash_1a187531d4b0927b,Linux,Firefox,2024-11-28 14:48:01,2026-08-31 16:16:26
DEV005265,hash_50b95cecbbcfae06,macOS,Firefox,2026-01-25 20:39:23,2026-08-19 06:03:48
DEV005266,hash_4dc41ea9e36d9559,macOS,Edge,2025-09-05 02:29:47,2026-09-08 12:29:41
DEV005267,hash_8d5dbc9f8f69321e,iOS,Safari,2026-04-21 15:54:32,2026-08-27 12:53:43
DEV005268,hash_f804be96103a5cbe,Android,Firefox,2026-04-25 03:23:12,2026-08-28 06:41:15
DEV005269,hash_14180cac4307877f,Windows,Chrome,2025-06-07 03:50:40,2026-08-29 23:48:22
DEV005270,hash_c17036d232b06656,Android,Chrome,2026-03-03 11:45:20,2026-09-06 05:50:47
DEV005271,hash_f1a158d11c619ade,Linux,Chrome,2025-05-29 00:13:04,2026-09-06 12:29:32
DEV005272,hash_027c30264fe28a28,Windows,Chrome,2026-03-11 13:01:15,2026-08-28 04:16:00
DEV005273,hash_b430ea3cb2894d91,iOS,Firefox,2025-11-29 12:50:35,2026-08-29 00:30:45
DEV005274,hash_a2dcc03b509ada07,Android,Edge,2025-12-19 21:11:22,2026-08-17 09:24:41
DEV005275,hash_9655c748dfb63993,Android,Safari,2026-04-28 12:19:50,2026-08-22 10:54:08
DEV005276,hash_734fc5394fd360ea,Android,Safari,2025-01-07 03:36:46,2026-09-09 23:40:58
DEV005277,hash_00595cd26a008647,Linux,Safari,2025-04-26 04:58:44,2026-08-16 21:59:20
DEV005278,hash_0c3a6af0cad9bca9,macOS,Edge,2025-03-04 20:23:10,2026-09-02 15:50:20
DEV005279,hash_4bc0e6a0199f5582,Linux,Edge,2025-11-25 21:22:57,2026-09-02 06:22:13
DEV005280,hash_3672349186cd19b5,Android,Chrome,2026-03-22 14:30:03,2026-08-29 19:03:36
DEV005281,hash_1ac4de3532abb4a5,Windows,Safari,2025-05-10 08:51:13,2026-08-23 08:12:06
DEV005282,hash_e9119ba1c34f36da,macOS,Safari,2025-11-29 01:49:16,2026-08-30 10:48:55
DEV005283,hash_794b0a0950905784,iOS,Firefox,2025-09-18 08:11:51,2026-09-06 00:14:34
DEV005284,hash_53ffd1eb752d7125,macOS,Safari,2026-02-19 03:04:15,2026-08-29 23:19:32
DEV005285,hash_0dfdb74fca621b3e,macOS,Safari,2025-01-12 03:14:25,2026-08-21 21:32:28
DEV005286,hash_38f4b81906fe88d3,iOS,Edge,2025-01-05 23:41:28,2026-09-14 03:29:45
DEV005287,hash_421e103443f96c59,Linux,Edge,2025-04-29 05:43:33,2026-09-03 07:25:21
DEV005288,hash_9ab158f300f322d0,iOS,Firefox,2025-04-02 00:46:23,2026-08-26 17:18:35
DEV005289,hash_1b4660889bc3f140,iOS,Edge,2024-10-05 22:17:29,2026-08-25 22:22:12
DEV005290,hash_f83c5357bf6f6cc4,Linux,Safari,2025-12-11 04:26:53,2026-08-30 08:44:09
DEV005291,hash_2f9209fe16c62fb8,macOS,Safari,2025-01-07 09:56:22,2026-09-13 00:26:56
DEV005292,hash_011a436112207f72,macOS,Chrome,2024-09-23 13:11:09,2026-08-28 06:00:49
DEV005293,hash_2af6e2d83961b8ce,macOS,Edge,2025-06-24 00:42:50,2026-09-09 08:19:05
DEV005294,hash_3bd6916f59c074d1,Android,Chrome,2026-04-16 04:34:34,2026-09-09 17:54:09
DEV005295,hash_7d293be25901bfc5,macOS,Firefox,2025-07-26 09:44:18,2026-09-07 19:28:53
DEV005296,hash_af795462166c3d7f,Android,Chrome,2026-01-07 13:10:33,2026-08-23 22:18:29
DEV005297,hash_ff17662b06d9e391,Linux,Edge,2025-06-08 12:51:05,2026-08-23 05:22:32
DEV005298,hash_5510c77aa4dda659,Windows,Edge,2025-12-14 05:14:37,2026-09-08 23:35:03
DEV005299,hash_18391686c96c14c6,iOS,Safari,2025-05-16 07:09:09,2026-09-10 01:29:54
DEV005300,hash_656b0e9939d1ec1c,Android,Edge,2025-07-01 22:52:13,2026-09-03 00:08:35
DEV005301,hash_49e30733ee5763cc,Android,Chrome,2026-07-18 08:37:59,2026-09-08 05:07:06
DEV005302,hash_70d913b647e8fc2a,Windows,Edge,2026-01-30 18:51:36,2026-08-23 20:48:22
DEV005303,hash_99755d8d76c0c89e,Windows,Edge,2026-07-22 12:48:14,2026-09-10 03:42:41
DEV005304,hash_a2b536e4c65fad0a,Linux,Safari,2025-09-23 14:21:20,2026-08-24 04:06:25
DEV005305,hash_4098699c823e761e,Linux,Chrome,2025-09-25 02:37:50,2026-09-03 02:20:58
DEV005306,hash_031a1a4077a0c83f,iOS,Edge,2024-09-25 05:33:39,2026-08-18 19:12:30
DEV005307,hash_1b4522cfcee13087,Android,Chrome,2025-06-07 02:25:46,2026-08-26 13:42:23
DEV005308,hash_e45c500eebddcd37,macOS,Edge,2025-05-12 10:10:13,2026-08-25 16:16:25
DEV005309,hash_c0e4f44d010178e9,Android,Edge,2025-03-07 09:41:14,2026-08-22 22:37:54
DEV005310,hash_f31e80817c7d471a,iOS,Edge,2025-04-18 08:25:26,2026-09-14 04:53:04
DEV005311,hash_92f9a8fd502dc916,Windows,Firefox,2026-05-11 11:29:05,2026-08-21 11:06:00
DEV005312,hash_33b58ba1cf170059,Android,Edge,2026-02-01 01:03:43,2026-08-25 05:13:13
DEV005313,hash_1a6f78bd871e3cfe,Android,Chrome,2025-06-18 01:54:54,2026-09-08 20:53:55
DEV005314,hash_1b4b41ec713dd54e,Linux,Edge,2025-09-05 22:37:24,2026-09-12 07:10:28
DEV005315,hash_0d548373d5079c79,Android,Safari,2026-08-24 02:15:14,2026-08-16 05:58:51
DEV005316,hash_060c5b629db7e77f,iOS,Chrome,2026-06-28 14:33:17,2026-09-10 02:24:29
DEV005317,hash_495f8947449ee4c0,Windows,Chrome,2026-08-12 18:41:23,2026-08-26 17:50:16
DEV005318,hash_f8c3dfcaf1df46a0,Windows,Safari,2026-04-13 00:31:52,2026-08-25 11:43:50
DEV005319,hash_9787f16dd965b593,macOS,Edge,2025-06-23 13:30:06,2026-08-17 06:01:41
DEV005320,hash_3a3a2365478141fd,iOS,Firefox,2025-07-20 16:39:39,2026-08-20 10:55:23
DEV005321,hash_a9777c3aaa63ab55,Linux,Safari,2025-05-28 02:51:08,2026-09-09 06:56:57
DEV005322,hash_908c8cf2a9e128a6,macOS,Safari,2024-11-05 08:54:09,2026-08-28 20:03:20
DEV005323,hash_f0abe9c85fc02441,iOS,Firefox,2025-11-17 22:12:58,2026-09-10 14:47:58
DEV005324,hash_fc52cc61914ac113,Android,Edge,2026-07-03 18:07:07,2026-09-10 18:15:57
DEV005325,hash_ae0136ccc6b216df,Android,Firefox,2026-07-23 22:58:48,2026-08-19 12:19:44
DEV005326,hash_3bf07cc4ba15a44a,Windows,Firefox,2026-05-26 22:30:43,2026-08-18 08:58:53
DEV005327,hash_0052b9cce828bb22,Android,Safari,2025-08-27 02:05:09,2026-09-12 04:01:19
DEV005328,hash_b1d9f12d9e0015f6,Linux,Firefox,2025-10-25 08:43:05,2026-08-27 16:40:27
DEV005329,hash_a062cf97627d74d0,macOS,Safari,2025-03-23 05:38:24,2026-08-28 02:06:42
DEV005330,hash_b826ba1b36e5b16a,macOS,Chrome,2026-05-26 10:26:00,2026-08-24 12:36:32
DEV005331,hash_bd5ced10f50dffc0,Linux,Edge,2026-03-03 21:10:04,2026-08-27 13:18:47
DEV005332,hash_d4db54a3a5c8c072,macOS,Firefox,2025-03-10 12:48:39,2026-09-06 19:07:17
DEV005333,hash_fe943ff11a9062c7,macOS,Firefox,2025-01-29 23:47:37,2026-08-17 14:38:26
DEV005334,hash_91638880f626c43a,Windows,Edge,2025-12-31 07:23:45,2026-08-28 13:24:10
DEV005335,hash_e9bce624b1c8d325,iOS,Safari,2025-11-16 21:49:05,2026-08-29 03:02:59
DEV005336,hash_7ecca1bc81ae5c26,iOS,Firefox,2024-11-24 03:18:17,2026-08-24 21:08:55
DEV005337,hash_bf0a2066caf39eb8,Linux,Safari,2026-04-06 18:38:35,2026-08-18 17:56:44
DEV005338,hash_86ab5a4cd8862f93,macOS,Safari,2026-08-18 23:56:16,2026-08-22 02:11:48
DEV005339,hash_a947f157f84176db,iOS,Firefox,2025-10-25 01:25:39,2026-08-30 08:30:29
DEV005340,hash_7aaa6336dda23bfd,macOS,Edge,2024-10-31 10:51:14,2026-08-25 17:47:29
DEV005341,hash_17ad582ea9ed947f,Windows,Chrome,2025-03-09 22:45:40,2026-08-27 11:58:39
DEV005342,hash_ece64222fdb455e7,iOS,Safari,2025-12-13 02:03:50,2026-09-12 20:59:42
DEV005343,hash_3364e3a69395f587,Android,Edge,2025-09-19 21:25:59,2026-09-07 04:40:52
DEV005344,hash_9be4acb1eadb7253,macOS,Edge,2024-11-29 12:08:09,2026-09-10 17:20:20
DEV005345,hash_088b7879efee0434,macOS,Chrome,2026-07-30 23:13:12,2026-08-18 03:16:54
DEV005346,hash_5d2474ab5d83baf5,Linux,Chrome,2025-05-19 20:11:46,2026-08-19 04:52:50
DEV005347,hash_df6a28de7a49f42b,iOS,Safari,2025-02-13 17:53:20,2026-09-07 21:01:29
DEV005348,hash_9b86c1247666e4c8,iOS,Chrome,2024-12-13 14:13:06,2026-09-06 02:36:52
DEV005349,hash_b793c642e17e7d37,Android,Edge,2024-11-17 22:40:39,2026-09-07 18:23:16
DEV005350,hash_56c8c80c22e11d85,Android,Edge,2025-02-14 11:58:43,2026-08-20 12:07:47
DEV005351,hash_cfbc4cd9b28e70a8,Linux,Firefox,2025-11-09 10:44:02,2026-09-13 06:26:19
DEV005352,hash_e07d0865ef38f3cc,Windows,Safari,2025-02-28 04:01:25,2026-09-13 16:49:43
DEV005353,hash_4d60e38564a52526,macOS,Firefox,2025-09-27 14:53:02,2026-08-30 05:14:45
DEV005354,hash_97b0056dd1d1fad2,Linux,Edge,2025-11-30 09:18:46,2026-08-16 02:57:13
DEV005355,hash_1a040d3303fcc1fa,Windows,Safari,2025-12-10 00:10:21,2026-09-05 12:28:03
DEV005356,hash_7c6a57385c518a84,Android,Firefox,2026-07-15 01:02:32,2026-08-21 01:42:03
DEV005357,hash_b7a4129c996bb5dc,iOS,Safari,2026-03-27 09:40:23,2026-09-06 03:28:52
DEV005358,hash_21dfbdc3a9524bf2,macOS,Chrome,2026-05-10 23:57:19,2026-08-25 02:43:23
DEV005359,hash_8a7f65abb96ba20a,macOS,Edge,2025-12-15 14:50:15,2026-09-14 11:36:34
DEV005360,hash_bf5330fef429eb12,Linux,Firefox,2026-04-24 00:35:21,2026-09-06 19:20:27
DEV005361,hash_5278b2fc5cb3a01e,iOS,Chrome,2024-09-14 13:28:33,2026-08-27 21:04:24
DEV005362,hash_061b4492544ad8e5,Linux,Firefox,2026-04-23 06:16:07,2026-09-04 10:09:08
DEV005363,hash_fc23322e63b1b181,Android,Chrome,2025-12-25 06:17:59,2026-08-28 19:12:17
DEV005364,hash_aab401a90c43dbfb,Android,Chrome,2025-10-01 19:04:17,2026-08-24 05:26:26
DEV005365,hash_c54dc556aacf1558,Android,Chrome,2025-05-27 10:31:42,2026-09-09 06:48:18
DEV005366,hash_53a2cdf5d166e47f,macOS,Chrome,2025-09-24 13:13:54,2026-09-09 14:51:10
DEV005367,hash_1206994d6a4fab5f,Linux,Edge,2025-04-22 13:50:08,2026-08-30 04:52:07
DEV005368,hash_8fd54714314969e5,Windows,Safari,2025-04-07 09:17:21,2026-09-10 11:48:44
DEV005369,hash_c574f80af7cb1a77,Linux,Chrome,2025-03-26 14:21:09,2026-09-01 05:13:32
DEV005370,hash_f293373b23aa26eb,Android,Firefox,2025-04-15 23:59:34,2026-09-11 21:41:11
DEV005371,hash_0c003f75004f1f84,Linux,Firefox,2025-10-09 22:00:24,2026-08-30 15:32:55
DEV005372,hash_c3872f7da7b7d0fd,iOS,Safari,2026-01-13 08:16:21,2026-09-06 00:27:15
DEV005373,hash_f8b51be4aa7f97c6,macOS,Chrome,2024-12-09 18:11:54,2026-08-24 12:01:17
DEV005374,hash_ae2ea482c3a01f7d,Linux,Edge,2025-09-27 21:24:15,2026-08-15 23:21:33
DEV005375,hash_20bb37ad7a62e1a7,iOS,Firefox,2025-05-20 02:42:21,2026-09-09 09:25:56
DEV005376,hash_0fb5600a12d5e6b5,Windows,Safari,2025-09-14 15:07:11,2026-09-08 17:24:03
DEV005377,hash_1ff76911877b4f5b,macOS,Edge,2025-01-18 21:13:33,2026-08-24 08:04:39
DEV005378,hash_a0caf7b8f2dd2f15,iOS,Edge,2024-11-04 02:21:47,2026-09-05 15:05:59
DEV005379,hash_e6aadd6cdb27f241,Windows,Safari,2026-02-18 21:25:53,2026-08-30 10:41:54
DEV005380,hash_6b42fd7eb981f6a1,Android,Firefox,2024-11-26 15:07:15,2026-09-06 04:07:46
DEV005381,hash_fce22776205eb64b,Android,Firefox,2025-06-07 03:38:09,2026-09-10 19:16:08
DEV005382,hash_23c3fa41e0f82620,Android,Edge,2026-06-15 01:49:57,2026-08-24 12:34:31
DEV005383,hash_c02ac9eb369c5408,Android,Edge,2025-02-11 13:07:40,2026-08-20 22:25:27
DEV005384,hash_4994d0add26b24e9,Android,Edge,2026-04-29 16:51:00,2026-08-26 21:50:09
DEV005385,hash_10295209626876b6,iOS,Chrome,2025-02-26 18:53:19,2026-08-30 13:40:49
DEV005386,hash_308887f927d18340,macOS,Safari,2025-10-08 22:05:49,2026-08-30 11:33:50
DEV005387,hash_1dca52f8c3bb526b,macOS,Firefox,2025-05-20 17:46:26,2026-09-10 09:43:34
DEV005388,hash_81b9e7dd6c6e7717,iOS,Safari,2025-09-15 16:38:44,2026-08-20 15:40:23
DEV005389,hash_a02c4af1e9be5b38,Linux,Chrome,2026-02-28 00:50:33,2026-08-30 05:21:46
DEV005390,hash_d8fd687569f092d8,macOS,Edge,2026-09-04 15:03:33,2026-09-14 05:54:58
DEV005391,hash_03d3cc49461f4c06,iOS,Firefox,2025-02-24 12:22:18,2026-09-12 09:02:20
DEV005392,hash_c813d0f239af1b9c,Linux,Chrome,2026-02-18 01:07:55,2026-08-23 03:53:07
DEV005393,hash_92521856b68848ea,iOS,Firefox,2025-05-23 15:40:16,2026-08-23 05:58:15
DEV005394,hash_57e1d096fa3e2697,iOS,Firefox,2025-02-10 05:35:49,2026-09-03 21:25:08
DEV005395,hash_e309fc24e2b0dc75,macOS,Edge,2026-05-17 12:49:38,2026-08-23 23:54:04
DEV005396,hash_1a08f156e958acdd,iOS,Edge,2026-07-08 05:20:15,2026-08-23 07:46:59
DEV005397,hash_9a3da254e358200f,iOS,Edge,2026-01-01 01:46:02,2026-08-23 06:50:20
DEV005398,hash_4291c441954ad961,Linux,Safari,2025-05-25 03:23:05,2026-09-09 17:29:34
DEV005399,hash_dc2dede7d87d25e7,iOS,Firefox,2025-09-17 04:03:21,2026-09-13 13:15:32
DEV005400,hash_2f5cc17850222a43,Linux,Edge,2026-05-19 19:35:10,2026-09-04 21:30:01
DEV005401,hash_41dbfd14c2f8e4f9,Windows,Safari,2026-05-12 19:55:52,2026-08-28 17:37:12
DEV005402,hash_852e3249af0d21f4,Windows,Firefox,2025-03-10 19:57:46,2026-08-28 10:00:53
DEV005403,hash_ebfabe59cd2ad4f5,macOS,Edge,2025-09-15 18:37:19,2026-08-30 09:30:24
DEV005404,hash_1ceb509281de204a,Android,Chrome,2025-06-29 04:17:37,2026-08-22 16:41:15
DEV005405,hash_c87cc2494f21d95e,iOS,Firefox,2025-05-10 00:49:53,2026-08-31 20:34:50
DEV005406,hash_6d13f3980bdc6cea,Windows,Chrome,2026-04-01 15:05:44,2026-09-01 20:07:42
DEV005407,hash_b520d86a9ae14459,Linux,Chrome,2026-06-20 06:14:15,2026-08-30 23:10:17
DEV005408,hash_8fda8d85520a9f1a,macOS,Edge,2025-08-29 11:24:30,2026-08-30 14:37:54
DEV005409,hash_d745f3fb15cde409,Windows,Safari,2025-08-10 12:22:25,2026-09-12 00:02:32
DEV005410,hash_59042da3b3d5c359,Linux,Chrome,2025-07-16 20:24:16,2026-09-04 21:45:01
DEV005411,hash_a3eb3fb3c55b3cc0,macOS,Firefox,2024-09-18 13:59:22,2026-09-04 06:33:17
DEV005412,hash_7b4262f3c7adff65,Linux,Edge,2024-10-27 03:15:04,2026-09-04 12:02:18
DEV005413,hash_9c1890b3edd79dd8,Android,Firefox,2025-06-15 20:03:02,2026-08-22 10:47:48
DEV005414,hash_5b387e32ec1b7b76,Linux,Chrome,2025-09-04 01:17:15,2026-08-28 23:14:26
DEV005415,hash_26e5ce42b02705d7,Android,Safari,2024-09-29 07:22:21,2026-08-25 11:21:41
DEV005416,hash_63e268e1f45c0ef6,iOS,Edge,2025-02-23 05:00:01,2026-08-28 01:56:43
DEV005417,hash_1dc13d332b15a22c,macOS,Firefox,2025-05-01 03:39:30,2026-09-02 18:53:46
DEV005418,hash_b9776607e2e6290c,macOS,Edge,2024-10-02 13:39:16,2026-08-31 06:44:37
DEV005419,hash_05c1bac4b98f805c,iOS,Firefox,2025-08-12 05:23:34,2026-09-03 05:18:06
DEV005420,hash_52f1b8c830b4ff64,Linux,Safari,2025-05-25 03:27:25,2026-09-11 17:57:45
DEV005421,hash_89020a97128cc17a,Android,Firefox,2025-11-23 02:53:08,2026-08-25 08:08:40
DEV005422,hash_51c91bec9f5b6c70,Windows,Edge,2026-05-26 14:15:01,2026-08-26 02:14:08
DEV005423,hash_c50201ee77e9873b,iOS,Edge,2026-01-06 20:19:16,2026-09-09 01:44:15
DEV005424,hash_eabd4666f85d2605,Linux,Firefox,2025-08-22 00:21:48,2026-08-28 22:57:22
DEV005425,hash_d4a0c8279a055c86,Windows,Edge,2024-12-06 03:47:13,2026-08-19 06:28:47
DEV005426,hash_9430c2bbda4b866e,Windows,Safari,2025-03-22 00:39:48,2026-08-23 10:39:59
DEV005427,hash_90779aec11444628,iOS,Safari,2025-05-24 23:41:22,2026-09-07 22:38:13
DEV005428,hash_739181a3b84593aa,Windows,Chrome,2026-03-28 09:34:52,2026-09-13 10:35:29
DEV005429,hash_107be71612d0453f,macOS,Firefox,2025-09-14 03:17:25,2026-08-17 21:21:35
DEV005430,hash_643a3b69fcd5e8e6,macOS,Chrome,2026-05-13 23:23:25,2026-09-03 14:13:20
DEV005431,hash_b5e2478837ea3dc9,Linux,Edge,2026-03-02 09:47:07,2026-09-08 07:12:37
DEV005432,hash_f617ce2625feb2ff,Windows,Edge,2025-03-27 05:42:55,2026-08-29 06:09:21
DEV005433,hash_a726d089f5351e2b,macOS,Edge,2025-12-29 10:02:38,2026-09-13 02:38:19
DEV005434,hash_1a7915251aa48677,iOS,Safari,2025-07-02 11:06:22,2026-08-18 12:52:30
DEV005435,hash_8e3c8596f2b50570,Windows,Firefox,2024-12-01 23:13:23,2026-08-18 09:08:39
DEV005436,hash_353f1d07348da480,Android,Chrome,2026-01-23 23:47:19,2026-09-01 07:01:52
DEV005437,hash_0aff81968b04b338,Windows,Edge,2025-04-16 14:07:14,2026-09-10 18:27:36
DEV005438,hash_3fce807bf4cc3062,Android,Firefox,2025-06-28 03:16:17,2026-09-05 22:13:04
DEV005439,hash_f6c92f7c93fa3320,iOS,Safari,2026-09-01 13:30:41,2026-08-29 10:55:27
DEV005440,hash_a332cb8cfe859d33,Linux,Firefox,2024-12-09 10:00:36,2026-09-07 13:30:02
DEV005441,hash_7761e77a82e301f0,iOS,Firefox,2024-12-27 11:29:41,2026-08-19 05:58:09
DEV005442,hash_1c524935cca39441,Android,Edge,2025-05-24 06:12:46,2026-09-04 17:51:06
DEV005443,hash_b7536d18aed5efa8,Linux,Firefox,2026-06-16 10:30:40,2026-08-23 00:35:38
DEV005444,hash_2bf8c7bd154e3433,macOS,Firefox,2026-07-24 23:51:59,2026-08-22 23:01:03
DEV005445,hash_6d4016c6b75d696d,Windows,Safari,2025-12-16 07:04:12,2026-08-30 03:57:29
DEV005446,hash_5953d9c08b75f3fd,iOS,Firefox,2025-12-04 02:01:27,2026-08-25 08:46:34
DEV005447,hash_78d0d02f00aef0aa,iOS,Chrome,2025-11-24 13:38:07,2026-08-19 22:17:58
DEV005448,hash_9dffaff51065cdf6,macOS,Chrome,2025-08-20 14:01:37,2026-08-27 13:28:33
DEV005449,hash_4b80507d8ce7e0f2,iOS,Edge,2025-05-26 19:39:57,2026-09-12 11:02:55
DEV005450,hash_d460f4be40ddcb1e,Android,Edge,2025-11-12 17:19:54,2026-08-28 07:31:33
DEV005451,hash_b76a9338ae8f9525,iOS,Edge,2025-11-20 13:24:34,2026-09-10 10:27:28
DEV005452,hash_b2bc63449cf2495b,macOS,Firefox,2026-06-11 00:00:31,2026-08-29 19:17:39
DEV005453,hash_65436a8ca115426c,Windows,Chrome,2026-03-03 18:45:54,2026-08-16 17:13:31
DEV005454,hash_9fecb5232831d156,Windows,Safari,2025-01-01 06:45:04,2026-08-18 22:59:47
DEV005455,hash_1764503454ff0f8d,Android,Chrome,2026-07-22 11:44:33,2026-08-30 21:33:26
DEV005456,hash_5d09e409f4fda0c0,Android,Chrome,2026-07-09 01:23:47,2026-09-02 04:37:44
DEV005457,hash_1d6511c5836580e6,Linux,Safari,2026-08-18 04:35:53,2026-09-06 07:12:28
DEV005458,hash_89ab0b0eb04a6c09,Windows,Firefox,2026-04-17 14:25:41,2026-08-26 02:02:28
DEV005459,hash_6de4edba20fa6f11,iOS,Firefox,2025-02-04 04:51:54,2026-08-31 06:04:10
DEV005460,hash_0c3335d6b0a931d1,Android,Firefox,2025-09-12 22:28:58,2026-08-26 17:02:06
DEV005461,hash_02bf8d3f6b186f2f,macOS,Firefox,2025-09-07 02:14:58,2026-09-02 05:45:50
DEV005462,hash_3d99bd1521064520,Windows,Chrome,2025-05-30 20:02:29,2026-08-25 07:36:02
DEV005463,hash_beee34b2274e7204,Linux,Firefox,2026-02-22 12:54:29,2026-08-28 05:33:11
DEV005464,hash_b494668f00b8d921,iOS,Safari,2025-03-31 12:27:36,2026-09-13 23:01:50
DEV005465,hash_2470c0cdaecc2ae1,Windows,Firefox,2026-04-17 21:27:26,2026-08-16 18:43:27
DEV005466,hash_74f72d9ffeea6e19,Windows,Firefox,2025-01-01 03:04:02,2026-08-21 10:37:58
DEV005467,hash_1d5ed0df930659ad,macOS,Firefox,2026-01-26 00:28:18,2026-09-04 14:21:29
DEV005468,hash_f4ea6bf1d973a25c,Linux,Chrome,2025-08-12 02:16:19,2026-09-03 21:29:54
DEV005469,hash_9b2c4bf0dd4dd3c6,Android,Edge,2026-06-02 06:22:59,2026-09-08 06:24:49
DEV005470,hash_657a2952b59f726f,iOS,Chrome,2026-05-27 01:51:09,2026-08-17 23:43:34
DEV005471,hash_d71990246c09f3f0,macOS,Edge,2026-06-22 03:46:53,2026-09-10 07:23:37
DEV005472,hash_8ee30925d60dd16b,macOS,Safari,2024-10-31 00:03:54,2026-09-09 12:35:39
DEV005473,hash_3facb825025e30ff,iOS,Chrome,2025-07-01 06:18:46,2026-08-16 10:38:31
DEV005474,hash_5fb26d344115d12e,Windows,Safari,2025-11-27 13:55:49,2026-09-05 21:08:56
DEV005475,hash_f15fc1be10747f51,Android,Edge,2024-10-09 02:20:07,2026-09-09 03:12:54
DEV005476,hash_6f96c190197ebe4d,macOS,Safari,2026-07-24 07:39:12,2026-08-31 12:49:49
DEV005477,hash_76dcdfcc948d8c72,Android,Chrome,2026-05-20 21:28:36,2026-09-10 19:31:28
DEV005478,hash_8bedaf07af8ee6b2,Windows,Safari,2025-10-01 07:58:02,2026-08-29 09:04:23
DEV005479,hash_bc006136c9ed6ad3,Windows,Chrome,2025-12-04 15:34:59,2026-08-31 20:36:57
DEV005480,hash_54464f1f198fecf0,Android,Edge,2026-01-19 21:49:54,2026-08-18 21:57:15
DEV005481,hash_4ca07a68683f5c0c,iOS,Edge,2026-04-07 15:05:04,2026-08-19 07:47:28
DEV005482,hash_b17bf67bd483c353,iOS,Chrome,2025-11-27 06:19:43,2026-08-20 03:07:15
DEV005483,hash_212d115e961af017,Windows,Chrome,2025-11-21 19:32:16,2026-08-21 02:38:44
DEV005484,hash_5bd174ba1e77c934,Android,Safari,2025-11-01 05:00:59,2026-08-23 08:06:37
DEV005485,hash_04a607d5d170133e,Linux,Edge,2026-05-27 11:03:39,2026-09-09 14:02:14
DEV005486,hash_92b9ad7b9d829658,macOS,Chrome,2026-07-03 12:24:33,2026-08-19 21:58:45
DEV005487,hash_b805bdc2bb1639d3,iOS,Chrome,2025-12-03 22:59:16,2026-09-07 09:32:46
DEV005488,hash_d6221037547413c1,iOS,Safari,2026-01-01 00:03:25,2026-08-24 22:09:58
DEV005489,hash_28e878985f5ab599,iOS,Firefox,2026-04-21 04:48:54,2026-08-19 04:54:52
DEV005490,hash_a920f1462216b759,Linux,Chrome,2026-05-03 00:18:41,2026-09-05 13:51:19
DEV005491,hash_80d2a793530a6263,Linux,Firefox,2026-06-11 08:19:06,2026-08-29 02:20:13
DEV005492,hash_74be52b3fbee6066,macOS,Safari,2025-09-10 21:48:21,2026-09-06 13:33:19
DEV005493,hash_598f35b13c29b921,Windows,Chrome,2026-08-05 23:02:22,2026-08-23 01:05:53
DEV005494,hash_b30e4822f463beb7,Windows,Edge,2026-02-01 09:23:43,2026-08-31 16:44:39
DEV005495,hash_6793559ffebc2729,iOS,Safari,2024-11-09 21:32:43,2026-08-24 11:25:53
DEV005496,hash_ded04f4bbf03d1af,iOS,Safari,2026-01-30 08:51:23,2026-09-12 13:57:01
DEV005497,hash_c586cf840bf6076a,Android,Chrome,2025-06-05 02:45:30,2026-09-06 16:46:09
DEV005498,hash_ea258c651da5d22d,Windows,Firefox,2025-10-29 01:32:50,2026-09-05 15:32:43
DEV005499,hash_531a8c16d12b969e,Windows,Edge,2026-08-05 23:48:27,2026-08-16 16:47:46
DEV005500,hash_2e7bd3ebd5b70660,macOS,Edge,2025-07-23 00:06:57,2026-09-12 13:23:03
DEV005501,hash_8b1591b5b4417e12,Linux,Firefox,2025-04-30 09:19:55,2026-08-15 23:10:08
DEV005502,hash_0a5622ec66e0afcd,iOS,Chrome,2026-01-11 14:39:56,2026-09-03 14:05:16
DEV005503,hash_71f4d6edfbb14c02,Windows,Chrome,2024-09-28 20:02:21,2026-08-16 01:42:48
DEV005504,hash_3ceaefbcf8289fda,Android,Safari,2025-03-08 02:50:11,2026-08-31 07:22:15
DEV005505,hash_f6be47b1e891e131,Windows,Chrome,2025-08-11 22:53:33,2026-08-22 23:06:19
DEV005506,hash_c25d0c74b4ea3411,Linux,Edge,2025-04-03 05:36:53,2026-08-26 11:27:06
DEV005507,hash_d6368fba1e23be53,Linux,Edge,2025-12-12 01:48:47,2026-08-31 12:18:18
DEV005508,hash_cc9d224211419520,Windows,Firefox,2025-11-01 16:14:07,2026-09-06 21:05:14
DEV005509,hash_9bf1660a2d975d12,iOS,Safari,2026-02-03 20:28:11,2026-08-25 09:10:09
DEV005510,hash_b3d83b46f5103177,Windows,Safari,2026-05-05 04:44:27,2026-09-12 13:02:07
DEV005511,hash_bb1828f1a926f820,Windows,Firefox,2026-09-02 22:08:32,2026-09-01 20:57:28
DEV005512,hash_5373c0730b91eff6,Windows,Edge,2026-08-08 23:30:44,2026-09-12 15:51:07
DEV005513,hash_5238893071657a26,macOS,Edge,2025-01-10 17:00:19,2026-08-24 19:47:21
DEV005514,hash_9b75d7e3997e5c7b,Android,Chrome,2026-05-07 13:51:41,2026-08-22 20:31:45
DEV005515,hash_3038d052ae3d132b,macOS,Firefox,2025-02-21 07:03:07,2026-08-30 15:10:23
DEV005516,hash_b569826004b0b6c1,Windows,Safari,2025-02-02 05:16:04,2026-08-20 13:19:08
DEV005517,hash_6963acba77bd8a18,iOS,Edge,2024-10-04 13:06:21,2026-09-10 13:14:52
DEV005518,hash_40077ab1dfc1ae68,Windows,Chrome,2025-12-25 16:52:31,2026-08-17 13:43:54
DEV005519,hash_ff5062f31677a532,macOS,Chrome,2026-05-12 14:29:37,2026-08-21 20:06:31
DEV005520,hash_91eaac6c8cab8694,Windows,Edge,2025-11-07 15:59:49,2026-09-01 13:49:15
DEV005521,hash_f2d70179e95c3d29,Android,Chrome,2024-11-06 23:28:27,2026-08-31 13:17:09
DEV005522,hash_593fd9f4e0d15b70,iOS,Firefox,2026-07-22 08:35:13,2026-08-30 23:09:34
DEV005523,hash_c6ce72ab1dc4e66e,iOS,Firefox,2026-09-05 08:05:51,2026-08-26 19:51:23
DEV005524,hash_b595fd4c61009e1c,Linux,Edge,2026-02-07 09:22:08,2026-08-25 19:02:39
DEV005525,hash_01fcb7760f8fcbaf,Linux,Firefox,2025-02-17 20:13:59,2026-08-30 08:42:16
DEV005526,hash_7560acc345b51947,macOS,Chrome,2025-01-19 00:10:19,2026-09-05 06:05:32
DEV005527,hash_abef394621416f4e,Linux,Firefox,2025-04-12 17:30:18,2026-08-26 23:12:22
DEV005528,hash_afd5ffa401cce124,macOS,Safari,2026-09-11 10:11:07,2026-08-26 04:51:51
DEV005529,hash_e70a7e3c63f24b8b,Android,Chrome,2026-05-07 01:48:24,2026-09-01 21:46:21
DEV005530,hash_3f152b58bf695686,Linux,Edge,2024-10-05 09:05:19,2026-08-22 07:44:46
DEV005531,hash_e244716d93cafcc8,Linux,Firefox,2026-07-27 20:35:47,2026-09-05 23:59:05
DEV005532,hash_1ae9f778776f5126,Windows,Edge,2024-12-18 19:11:04,2026-09-02 20:48:19
DEV005533,hash_0c73949fef5edd66,iOS,Firefox,2024-10-03 22:10:54,2026-09-06 05:00:29
DEV005534,hash_ad40134e8557c6aa,macOS,Safari,2026-07-20 00:13:45,2026-08-25 18:47:04
DEV005535,hash_d4279c0ee1ec7d8b,iOS,Safari,2025-07-06 15:43:29,2026-08-18 01:06:17
DEV005536,hash_a4888a3abbdf9573,Linux,Edge,2025-08-27 05:25:57,2026-09-05 22:42:36
DEV005537,hash_a6e6ecbe83352292,Android,Safari,2025-07-21 05:28:01,2026-08-25 07:11:45
DEV005538,hash_3c1f43dbc6a4280c,Linux,Edge,2025-02-20 21:30:33,2026-09-03 03:05:11
DEV005539,hash_b25965ae655b635c,iOS,Chrome,2025-12-16 14:41:31,2026-08-21 16:59:35
DEV005540,hash_e8cc5248b6362ed3,Linux,Chrome,2024-11-25 07:07:45,2026-08-24 03:46:07
DEV005541,hash_010aeac9a521fd3b,macOS,Firefox,2025-10-12 17:52:50,2026-09-12 17:32:18
DEV005542,hash_965ee5ad7f16c985,Windows,Safari,2026-03-30 22:14:48,2026-09-09 17:31:40
DEV005543,hash_46d55a99c8264258,Windows,Edge,2024-12-17 16:58:06,2026-08-23 13:32:18
DEV005544,hash_e6915476af1a0959,Windows,Safari,2026-04-24 20:24:39,2026-08-25 20:00:43
DEV005545,hash_1c3de33446f0460b,Android,Edge,2024-12-16 15:53:16,2026-09-08 09:37:07
DEV005546,hash_94df2d06672a7bae,iOS,Edge,2026-04-12 10:48:49,2026-09-14 00:27:56
DEV005547,hash_62b6c58122ac0bed,Windows,Safari,2025-06-19 13:07:35,2026-08-31 00:57:27
DEV005548,hash_3b755d37a7792314,Windows,Edge,2025-08-02 14:47:25,2026-08-24 22:16:30
DEV005549,hash_5acac401d49176a0,Linux,Chrome,2025-02-24 13:02:02,2026-08-20 01:32:42
DEV005550,hash_6418861eb07a810a,Android,Safari,2026-05-28 09:26:05,2026-09-09 06:21:33
DEV005551,hash_574414563fde4aa3,Linux,Firefox,2025-06-20 16:29:39,2026-09-07 20:39:07
DEV005552,hash_9c792b7febc034a5,Linux,Safari,2025-03-31 11:05:41,2026-09-09 08:29:08
DEV005553,hash_a06dc01ff46e1583,Linux,Chrome,2024-12-10 03:56:05,2026-09-06 20:09:20
DEV005554,hash_cff7ce327649a52a,Linux,Edge,2024-09-26 17:13:09,2026-08-16 00:13:10
DEV005555,hash_819bab055d26dd36,Windows,Edge,2025-07-06 08:30:09,2026-09-05 01:07:04
DEV005556,hash_c19eb47181e3dc99,iOS,Edge,2025-07-22 02:32:04,2026-08-20 12:21:05
DEV005557,hash_6aa8e69b54721382,Linux,Chrome,2025-06-16 15:58:51,2026-09-02 03:39:13
DEV005558,hash_7a197bbb60dfea78,Linux,Safari,2025-05-12 22:43:27,2026-08-18 19:51:09
DEV005559,hash_d2e54b9efef9b10b,iOS,Safari,2025-08-17 09:22:04,2026-08-30 06:06:01
DEV005560,hash_09f82ed3ad5c5b51,macOS,Firefox,2025-03-11 07:48:16,2026-08-19 18:09:33
DEV005561,hash_feff03780e89bc5f,macOS,Chrome,2026-02-01 09:11:21,2026-09-03 13:47:00
DEV005562,hash_afcc1d66ce6e4938,macOS,Edge,2026-07-26 12:59:06,2026-09-07 12:56:31
DEV005563,hash_634f589ef511b6f4,Android,Firefox,2024-09-26 11:42:43,2026-08-28 23:50:00
DEV005564,hash_a857bfab50f93ad2,Android,Chrome,2026-04-03 21:31:06,2026-08-31 08:24:14
DEV005565,hash_82032ecd7def1818,Linux,Firefox,2024-10-19 09:59:41,2026-08-22 11:44:06
DEV005566,hash_95786324634db084,iOS,Firefox,2026-07-04 09:12:11,2026-08-27 17:52:11
DEV005567,hash_3286ec3230d4d1a6,Linux,Safari,2025-01-29 22:26:45,2026-09-12 01:32:55
DEV005568,hash_037ed4db48534f2b,iOS,Firefox,2024-09-21 09:07:30,2026-08-21 20:50:12
DEV005569,hash_94e68bda68a721b5,Linux,Safari,2025-10-22 00:03:40,2026-08-23 05:14:15
DEV005570,hash_f4351ab72140da62,Linux,Safari,2025-01-01 02:08:35,2026-09-07 11:08:15
DEV005571,hash_c40d4616ae9f4772,Android,Firefox,2026-04-29 06:19:17,2026-08-17 13:11:37
DEV005572,hash_1645864a3965b77d,iOS,Edge,2024-10-31 16:45:04,2026-09-13 14:23:40
DEV005573,hash_3210b52350a7d6a7,iOS,Edge,2026-05-30 09:41:54,2026-08-25 20:13:50
DEV005574,hash_504598f73ce68c4e,Windows,Chrome,2026-07-19 02:05:18,2026-08-29 21:14:03
DEV005575,hash_9f81722048e4f2df,macOS,Firefox,2025-06-29 21:18:41,2026-09-14 15:16:11
DEV005576,hash_981fd1de43320022,Android,Firefox,2025-08-02 10:06:07,2026-08-23 07:14:48
DEV005577,hash_f7f4c98523c05ef5,iOS,Firefox,2025-08-05 19:25:49,2026-08-24 00:38:59
DEV005578,hash_7b69082f44910d46,macOS,Chrome,2025-01-27 19:43:28,2026-09-09 19:58:42
DEV005579,hash_6c8375b54ac1c505,Linux,Safari,2025-01-09 18:10:59,2026-08-24 11:21:45
DEV005580,hash_088b9499e2dff5e3,Linux,Firefox,2025-06-24 17:36:25,2026-08-20 23:12:59
DEV005581,hash_5b6015efb5da3a96,Windows,Safari,2026-05-18 02:43:38,2026-08-23 12:56:42
DEV005582,hash_b1e2640c583cb7cb,macOS,Chrome,2024-10-07 11:06:58,2026-09-08 19:27:36
DEV005583,hash_fb618e63e9ca8e13,iOS,Chrome,2025-02-19 16:30:54,2026-08-30 12:21:26
DEV005584,hash_693c19150a7bfebf,Android,Edge,2025-07-24 16:54:27,2026-09-02 18:33:25
DEV005585,hash_12da42fd4060c2c4,iOS,Edge,2026-08-21 04:52:38,2026-08-28 12:43:29
DEV005586,hash_4f25a44bf970a448,Windows,Safari,2026-01-10 05:33:19,2026-08-31 05:50:34
DEV005587,hash_462b127590482468,macOS,Edge,2024-10-06 07:07:04,2026-08-16 21:51:37
DEV005588,hash_c416b2781c74ca36,iOS,Chrome,2025-05-29 17:23:00,2026-08-17 00:58:02
DEV005589,hash_904fda438d0f24a5,iOS,Chrome,2026-08-05 13:03:36,2026-09-07 11:56:27
DEV005590,hash_a286af80f4e0958b,iOS,Edge,2024-10-10 18:12:17,2026-08-22 15:56:07
DEV005591,hash_bb7fd088ad4fecb6,Android,Edge,2026-08-24 18:33:16,2026-09-04 10:43:04
DEV005592,hash_07980ab9532e76cc,macOS,Edge,2024-10-20 07:03:31,2026-09-10 20:17:59
DEV005593,hash_e7f7ebfa1a765281,iOS,Firefox,2025-07-04 00:43:15,2026-09-13 17:04:40
DEV005594,hash_2640dbb1de8aadf1,Linux,Firefox,2026-03-29 09:02:44,2026-09-10 03:40:25
DEV005595,hash_b5c81c42a7fdb8ef,Android,Safari,2025-01-24 00:26:00,2026-08-23 08:03:01
DEV005596,hash_4bc9409262de3811,Windows,Edge,2024-11-30 22:31:46,2026-08-16 09:10:14
DEV005597,hash_b1e9dc4b8eb5848f,Windows,Firefox,2025-06-11 23:51:32,2026-08-26 11:13:48
DEV005598,hash_011e747babd38b99,Windows,Safari,2024-11-24 17:33:36,2026-09-05 00:57:54
DEV005599,hash_52e74fa75ea5c313,Windows,Safari,2024-11-04 16:38:50,2026-08-21 02:44:02
DEV005600,hash_204612c00d11f275,macOS,Firefox,2025-09-18 15:44:19,2026-09-07 04:52:12
DEV005601,hash_55345db3b4a8486c,macOS,Chrome,2025-08-02 13:50:21,2026-09-10 17:05:55
DEV005602,hash_7f98638d7fedce8a,macOS,Safari,2025-08-22 06:11:32,2026-08-22 04:21:35
DEV005603,hash_cb286babec45449d,iOS,Firefox,2026-07-11 18:18:43,2026-09-13 22:37:40
DEV005604,hash_230bc715a56b22a2,macOS,Edge,2026-06-04 21:01:26,2026-08-15 16:36:24
DEV005605,hash_fc753dd6db9a7707,iOS,Chrome,2025-05-14 01:44:18,2026-09-07 18:37:47
DEV005606,hash_ada9ee55434a54ac,macOS,Chrome,2025-09-13 20:07:03,2026-08-28 03:01:53
DEV005607,hash_850122e2077bbb90,iOS,Firefox,2024-12-22 18:02:29,2026-08-31 07:56:40
DEV005608,hash_90c8e07d667a8b94,macOS,Firefox,2026-02-05 23:56:57,2026-09-10 20:53:43
DEV005609,hash_f5bb6837f2b2c28c,macOS,Chrome,2025-06-25 03:12:07,2026-09-14 10:40:23
DEV005610,hash_f26b0d7d2f09b22c,iOS,Firefox,2026-02-15 08:43:14,2026-08-20 08:04:41
DEV005611,hash_90719ff90fe3bed5,macOS,Safari,2025-09-20 06:53:39,2026-09-08 13:55:18
DEV005612,hash_56500854f2eaf34c,Android,Edge,2026-04-18 17:22:41,2026-09-12 09:18:30
DEV005613,hash_7539b10d1aabc3e8,Linux,Chrome,2025-02-13 15:18:10,2026-08-21 18:22:19
DEV005614,hash_a4b04a656e81a8a3,macOS,Chrome,2025-03-03 12:30:06,2026-09-09 15:28:29
DEV005615,hash_b8a7417eeaed87d9,Android,Safari,2024-12-24 00:02:07,2026-08-22 13:54:07
DEV005616,hash_1b99b85aad9f8393,iOS,Chrome,2025-03-08 08:50:13,2026-08-19 15:31:23
DEV005617,hash_350b7a360e4a04d8,Linux,Firefox,2026-04-14 10:13:23,2026-08-20 06:12:12
DEV005618,hash_4f30d26840badeb8,Linux,Chrome,2026-03-25 07:05:31,2026-09-04 06:16:19
DEV005619,hash_6fb975cd75043b12,Linux,Edge,2025-04-21 10:41:43,2026-09-14 12:18:36
DEV005620,hash_29e1050ae4e0401e,Android,Edge,2024-12-04 21:50:31,2026-08-27 18:46:46
DEV005621,hash_ba65ccc02eac9f85,Android,Firefox,2025-03-08 21:21:21,2026-08-27 19:49:07
DEV005622,hash_3cd7fc8eaf94fc34,iOS,Chrome,2025-02-04 13:56:17,2026-08-30 06:34:57
DEV005623,hash_98a51177bd9a1954,iOS,Edge,2025-05-27 10:16:27,2026-09-07 02:12:32
DEV005624,hash_a617a28cc87f931e,Linux,Firefox,2026-02-15 07:18:42,2026-09-13 08:04:48
DEV005625,hash_00a0333e1ccb27cf,Windows,Firefox,2025-10-23 00:12:00,2026-09-09 18:00:12
DEV005626,hash_7afa7121065f39b5,Android,Firefox,2025-12-06 11:25:14,2026-08-28 14:31:27
DEV005627,hash_eb6dce902c5fc4e1,macOS,Chrome,2026-04-27 09:41:23,2026-08-22 01:12:57
DEV005628,hash_0e3f4b60ddab1a73,Linux,Firefox,2025-05-26 21:33:56,2026-09-05 03:27:22
DEV005629,hash_25338913e26c01cb,Linux,Firefox,2025-07-02 06:28:41,2026-08-22 16:57:39
DEV005630,hash_769ae566a70192e2,macOS,Safari,2025-12-08 04:27:31,2026-08-17 07:38:29
DEV005631,hash_743b4f4f2e8c7b3d,Android,Safari,2026-04-18 02:46:57,2026-09-03 08:21:30
DEV005632,hash_9ed55243493c0253,Linux,Safari,2026-01-17 23:20:50,2026-08-17 23:42:41
DEV005633,hash_bc3f1ed37db1e272,Linux,Edge,2026-05-24 01:06:40,2026-08-25 06:19:54
DEV005634,hash_2aa0b97dca0ea52e,Linux,Firefox,2025-02-02 16:11:13,2026-08-16 08:27:07
DEV005635,hash_66756e5c0fe85fff,iOS,Firefox,2025-01-03 05:06:37,2026-08-17 07:30:42
DEV005636,hash_b16673b728a5c4a4,Linux,Chrome,2026-06-25 00:50:27,2026-08-27 04:51:26
DEV005637,hash_1443314bf5c19ff1,iOS,Edge,2025-01-17 22:00:18,2026-09-03 22:01:45
DEV005638,hash_93b12009f9ddc52d,Linux,Chrome,2025-05-22 16:41:07,2026-08-16 05:24:43
DEV005639,hash_4a87e802e6cb1d28,Windows,Edge,2025-12-02 12:42:56,2026-09-07 23:54:40
DEV005640,hash_6b493c5eb424ecf3,Windows,Safari,2025-09-24 23:46:04,2026-09-01 08:26:26
DEV005641,hash_bd9b58992329a529,Windows,Edge,2025-02-07 00:07:38,2026-09-12 16:15:16
DEV005642,hash_035d34696889bfad,Linux,Edge,2025-07-26 06:14:16,2026-09-06 14:30:20
DEV005643,hash_b14eea2ed1877bc8,Android,Edge,2025-02-28 01:04:58,2026-09-06 15:46:29
DEV005644,hash_d48f842be2d88847,Windows,Edge,2026-01-09 18:21:06,2026-08-28 09:57:20
DEV005645,hash_b1dcbdad27d7772d,Windows,Safari,2025-11-12 04:10:34,2026-09-06 00:14:37
DEV005646,hash_5c9e15682d4845bc,macOS,Firefox,2024-12-14 16:33:13,2026-08-29 05:10:48
DEV005647,hash_8cd428e873fafda4,macOS,Safari,2026-02-05 06:54:55,2026-09-09 15:11:29
DEV005648,hash_7eac652a78224ffa,Linux,Safari,2026-09-01 18:43:21,2026-09-01 00:48:27
DEV005649,hash_710760f7039baa2c,Android,Safari,2025-06-03 03:07:38,2026-08-24 16:50:38
DEV005650,hash_516db78a6aa49b3d,macOS,Edge,2025-03-31 11:05:33,2026-09-01 05:02:24
DEV005651,hash_c682fc1a7549334e,Android,Edge,2026-06-02 23:36:07,2026-09-08 07:34:33
DEV005652,hash_246c68d3161f0171,Linux,Edge,2026-05-06 19:30:51,2026-09-11 07:16:54
DEV005653,hash_ebd8fcfbf4184c80,iOS,Safari,2025-09-03 14:35:34,2026-08-20 08:12:02
DEV005654,hash_661d5ca427b238ed,Linux,Chrome,2026-02-15 00:54:18,2026-09-01 06:39:42
DEV005655,hash_9946f64ccbaa2cfd,iOS,Firefox,2026-04-30 00:37:03,2026-09-09 20:31:47
DEV005656,hash_66ab74ade4c1b6ef,Android,Edge,2025-04-06 08:22:26,2026-08-18 17:18:13
DEV005657,hash_1e99478141d51311,macOS,Chrome,2026-05-14 12:55:48,2026-09-02 09:30:49
DEV005658,hash_57731b000055d6e9,iOS,Edge,2025-08-11 11:03:10,2026-08-16 21:22:31
DEV005659,hash_a53dc4e31314847d,Linux,Edge,2025-11-10 04:26:32,2026-08-21 18:49:57
DEV005660,hash_55ae2b6b0884bc76,macOS,Edge,2024-11-26 15:24:38,2026-08-26 16:23:09
DEV005661,hash_83eb6cce8af194e6,Android,Firefox,2025-09-04 11:25:24,2026-08-21 01:15:00
DEV005662,hash_b0a21dd3130367d1,macOS,Edge,2024-12-16 14:23:08,2026-09-11 09:06:14
DEV005663,hash_ffdc690c4e3cbe66,macOS,Safari,2026-03-21 17:51:01,2026-08-30 00:17:50
DEV005664,hash_10691ef4a2cf6a8b,iOS,Edge,2024-12-21 06:38:05,2026-09-01 12:46:39
DEV005665,hash_8610fd12952774da,iOS,Chrome,2025-05-10 15:42:27,2026-09-06 15:02:32
DEV005666,hash_2c986218e14f5dd1,Windows,Firefox,2025-08-18 22:56:03,2026-09-11 12:24:20
DEV005667,hash_af494d538e803f39,Windows,Firefox,2026-09-13 22:42:07,2026-08-19 16:25:47
DEV005668,hash_5f82366bfba4aed8,Windows,Chrome,2026-07-19 13:41:29,2026-09-09 03:48:42
DEV005669,hash_661eefe8d6a4fb2d,Android,Chrome,2025-02-03 00:23:15,2026-09-03 22:57:17
DEV005670,hash_9a9b2c8393a93906,Android,Safari,2026-06-13 02:39:00,2026-09-09 11:00:47
DEV005671,hash_050c67c78e60cb67,Linux,Edge,2025-02-12 13:02:06,2026-08-22 12:52:06
DEV005672,hash_ee53868500b514b4,Android,Edge,2026-06-28 15:13:11,2026-08-26 10:14:54
DEV005673,hash_b130088b004cfbd5,Linux,Edge,2026-05-09 20:16:56,2026-08-16 11:14:43
DEV005674,hash_df49fae77c63de56,Android,Safari,2025-02-15 11:51:21,2026-09-01 20:07:55
DEV005675,hash_0a16bf212ba92adc,macOS,Edge,2025-10-27 09:40:06,2026-09-13 19:54:27
DEV005676,hash_1a7c6479a61bf785,Android,Edge,2026-05-12 23:20:18,2026-08-23 00:35:32
DEV005677,hash_4904f586d3b6f12e,Android,Safari,2025-11-25 09:08:44,2026-09-10 09:54:54
DEV005678,hash_39955dd139e0f5bd,macOS,Safari,2025-10-26 23:47:54,2026-08-17 22:31:10
DEV005679,hash_71507ff6bb64f988,Linux,Edge,2026-05-28 18:10:24,2026-09-10 12:56:17
DEV005680,hash_b30b164973f8933a,iOS,Safari,2025-06-22 20:38:48,2026-09-10 20:16:45
DEV005681,hash_154f0d60698b6f94,Android,Safari,2025-03-12 03:39:08,2026-09-10 10:16:28
DEV005682,hash_113f6606f97543aa,Android,Chrome,2025-01-21 16:45:21,2026-09-02 20:03:27
DEV005683,hash_d42431aced26c65b,Linux,Chrome,2025-01-15 11:33:24,2026-08-20 12:26:07
DEV005684,hash_ad210d5a0d1e2c3f,macOS,Chrome,2026-02-24 15:45:49,2026-08-23 16:44:43
DEV005685,hash_1b2bae11d0b3b3f2,macOS,Safari,2026-01-20 07:46:36,2026-08-26 15:22:30
DEV005686,hash_b9fcbd8407300eb5,iOS,Chrome,2026-07-01 03:21:23,2026-08-23 00:55:06
DEV005687,hash_0c4e00ec5f4a1286,iOS,Safari,2025-11-08 05:53:26,2026-09-14 06:04:40
DEV005688,hash_49ffd40baa458d31,Linux,Edge,2025-08-09 12:28:20,2026-08-25 11:20:30
DEV005689,hash_afa2c76a29d9525f,iOS,Firefox,2025-04-18 10:23:48,2026-08-18 00:45:10
DEV005690,hash_14f7f2c00863c0d1,Android,Firefox,2025-07-22 13:03:27,2026-08-30 01:12:34
DEV005691,hash_e6b65dbb9ebf2385,macOS,Safari,2025-07-13 22:07:48,2026-09-09 23:38:50
DEV005692,hash_9fd6bb59e78b28a8,Linux,Edge,2025-08-07 09:10:43,2026-09-07 18:58:56
DEV005693,hash_a5feffcc44df2d21,macOS,Safari,2025-09-12 16:28:32,2026-08-31 06:49:53
DEV005694,hash_3ae5bf22a3d7486e,Linux,Edge,2024-12-28 21:42:16,2026-08-30 05:17:00
DEV005695,hash_98521e5652402243,macOS,Safari,2024-09-14 10:50:16,2026-08-19 06:59:47
DEV005696,hash_d4d7b7364120ae49,iOS,Safari,2025-03-28 09:21:45,2026-09-11 15:16:13
DEV005697,hash_6232287c26bebcd7,Linux,Safari,2026-02-15 02:54:31,2026-08-30 18:48:45
DEV005698,hash_a6009174ab403ed7,iOS,Chrome,2025-02-23 07:43:03,2026-09-14 10:05:58
DEV005699,hash_15586e6348020250,macOS,Safari,2025-12-19 12:55:39,2026-08-18 21:36:39
DEV005700,hash_59669b9f1cedf2a3,iOS,Edge,2024-10-30 04:13:42,2026-09-04 13:53:17
DEV005701,hash_0a12cce64aae35bc,Windows,Chrome,2025-01-01 03:41:19,2026-08-22 15:17:43
DEV005702,hash_e5e8006ce68452b9,iOS,Firefox,2025-09-22 17:28:14,2026-08-23 10:28:27
DEV005703,hash_effb89b57565e38f,Linux,Firefox,2026-05-01 01:17:28,2026-08-27 10:15:21
DEV005704,hash_71b3107ede4f591d,macOS,Edge,2025-07-15 01:27:21,2026-08-23 09:31:50
DEV005705,hash_92cc391dbdd6c8ce,Linux,Edge,2026-01-29 00:08:11,2026-09-04 23:56:50
DEV005706,hash_889840e8611b25fa,Android,Edge,2025-07-14 21:00:29,2026-09-13 08:48:58
DEV005707,hash_eacfcefbc4622393,Android,Safari,2025-02-11 08:56:54,2026-08-27 17:22:29
DEV005708,hash_7f145d8557eff244,Android,Edge,2026-06-24 05:15:59,2026-09-01 16:01:12
DEV005709,hash_99452b3d4d1a0af7,Android,Safari,2024-11-07 23:03:04,2026-08-26 15:25:50
DEV005710,hash_4c5bba78855df63b,Linux,Edge,2025-04-16 17:19:13,2026-08-22 11:23:27
DEV005711,hash_8256fea784266a05,Android,Safari,2026-08-08 12:14:01,2026-09-04 03:28:41
DEV005712,hash_96964a9b45dad18f,Linux,Chrome,2024-12-19 01:55:12,2026-09-13 02:25:25
DEV005713,hash_0eed8a3b83f8560a,iOS,Safari,2026-02-18 09:08:57,2026-08-23 00:40:47
DEV005714,hash_6698b73380d94d20,iOS,Safari,2025-02-21 01:12:56,2026-09-06 04:20:34
DEV005715,hash_0b8dd20ebc065165,Windows,Edge,2025-01-02 18:55:54,2026-08-29 00:42:44
DEV005716,hash_43f9fd9b4167e905,Windows,Chrome,2026-04-27 22:34:14,2026-08-31 13:17:44
DEV005717,hash_9e00fe91909fbd3f,Linux,Edge,2024-09-22 12:59:43,2026-08-21 08:25:16
DEV005718,hash_2ec2a1de35878f40,Windows,Safari,2025-10-23 13:18:41,2026-08-30 18:17:40
DEV005719,hash_3e5521ecc3cd61ab,Windows,Firefox,2025-10-26 08:48:21,2026-08-20 15:19:04
DEV005720,hash_70fdc01cf958fff4,Linux,Chrome,2026-05-06 12:59:39,2026-09-13 17:00:24
DEV005721,hash_e6bfac6318e03643,Android,Chrome,2025-09-15 02:21:38,2026-08-26 22:16:36
DEV005722,hash_f679ed15b104781e,Android,Safari,2026-02-09 03:23:38,2026-09-05 22:23:23
DEV005723,hash_b1673c86ccf96b5b,Android,Safari,2025-05-04 06:41:45,2026-08-21 17:14:37
DEV005724,hash_ad6bec19690d40b1,macOS,Safari,2025-11-08 14:03:14,2026-09-14 06:30:33
DEV005725,hash_38ed676798b13a81,iOS,Chrome,2025-09-02 02:16:08,2026-08-23 02:48:44
DEV005726,hash_5b621d253e25b50c,Linux,Edge,2024-11-07 20:38:53,2026-09-01 05:29:57
DEV005727,hash_80053fcb1e271f2b,iOS,Chrome,2026-07-25 23:49:04,2026-08-28 20:47:19
DEV005728,hash_a8b9704cd1989172,macOS,Firefox,2024-10-16 00:00:45,2026-09-03 04:14:52
DEV005729,hash_4666495fa69d152f,Linux,Chrome,2026-06-27 01:16:40,2026-08-28 01:23:22
DEV005730,hash_c26563b4e0a95f2f,Android,Firefox,2024-12-10 19:41:27,2026-09-07 07:18:28
DEV005731,hash_a819a00625d60140,macOS,Safari,2025-08-10 23:47:40,2026-09-13 01:18:55
DEV005732,hash_589e4b6627a51ec2,Linux,Edge,2025-01-23 00:29:37,2026-09-08 07:30:59
DEV005733,hash_eeb39169a9a68fe6,iOS,Chrome,2026-04-26 06:57:23,2026-08-29 18:55:48
DEV005734,hash_d9fffaf955bf0d58,Windows,Safari,2025-03-07 15:42:59,2026-09-10 00:55:05
DEV005735,hash_d38418628bf12f23,iOS,Edge,2024-12-03 05:14:25,2026-08-19 22:57:39
DEV005736,hash_caabdbd9ebe01de0,Linux,Chrome,2026-04-05 13:13:41,2026-09-13 22:40:48
DEV005737,hash_9c191331b7dffeb9,iOS,Chrome,2025-12-23 11:17:28,2026-09-02 06:10:00
DEV005738,hash_c239e970da96e847,Windows,Edge,2025-03-20 14:15:57,2026-09-08 15:56:14
DEV005739,hash_aedeeb37f8c422f9,Windows,Safari,2026-06-26 01:38:04,2026-09-05 15:38:19
DEV005740,hash_4e17911772652f1e,macOS,Chrome,2025-08-07 16:49:17,2026-08-18 09:46:15
DEV005741,hash_2cac5acd4b70a26c,Linux,Firefox,2026-01-22 18:32:41,2026-08-20 18:19:17
DEV005742,hash_74a69b3aef7b50ab,Android,Edge,2026-07-18 04:07:56,2026-08-29 06:13:36
DEV005743,hash_8c325a53b8974502,Windows,Edge,2026-06-30 10:19:19,2026-08-29 01:10:22
DEV005744,hash_cb5de8a8fc962f6f,iOS,Chrome,2026-08-17 21:39:39,2026-08-27 20:59:01
DEV005745,hash_6e06112f4322d917,Android,Edge,2026-01-24 11:39:31,2026-09-09 07:25:24
DEV005746,hash_7fc0db092ee3ac82,Windows,Chrome,2025-05-27 14:04:31,2026-09-05 00:41:18
DEV005747,hash_457c083fcf0523c5,Windows,Firefox,2026-02-14 05:37:34,2026-08-27 20:29:32
DEV005748,hash_d509bb739f1a47c7,iOS,Edge,2025-06-18 04:53:40,2026-08-19 16:34:36
DEV005749,hash_dd40f619722dfd1a,macOS,Edge,2024-09-24 05:12:22,2026-08-20 13:35:32
DEV005750,hash_fe3f216596f54967,Linux,Edge,2026-03-22 01:18:42,2026-09-08 05:28:17
DEV005751,hash_787bacc1f0d2421a,Windows,Safari,2025-03-21 17:19:34,2026-09-13 02:15:14
DEV005752,hash_5452dd67475e2bbe,Linux,Safari,2025-10-03 15:16:08,2026-08-26 09:42:07
DEV005753,hash_73b0f803e22b9771,Windows,Chrome,2025-12-17 06:51:31,2026-09-05 17:08:28
DEV005754,hash_471315143c504abb,Android,Chrome,2026-02-13 04:27:37,2026-08-28 13:23:31
DEV005755,hash_9c41a509eb06756e,iOS,Firefox,2024-12-03 22:18:09,2026-09-08 08:09:59
DEV005756,hash_fea608ae6a7b9fb8,Android,Safari,2025-11-23 15:54:23,2026-09-14 02:33:13
DEV005757,hash_9a210ec8f66a65bb,macOS,Firefox,2026-06-26 14:44:15,2026-09-12 02:45:40
DEV005758,hash_74244500b20463da,Windows,Chrome,2025-07-03 02:04:56,2026-09-14 02:32:19
DEV005759,hash_b2c3681afce52055,Linux,Firefox,2025-10-22 06:29:17,2026-09-03 05:30:45
DEV005760,hash_607b0110404c89c7,iOS,Chrome,2024-10-16 21:04:11,2026-09-13 20:45:12
DEV005761,hash_273789fe1c62a050,Windows,Safari,2024-12-06 21:44:25,2026-09-13 07:33:56
DEV005762,hash_4b6b4bfcc9a1db15,macOS,Firefox,2026-06-27 05:31:54,2026-08-20 10:36:58
DEV005763,hash_b8011c296c03c1b1,Windows,Edge,2025-12-05 06:41:01,2026-08-20 06:20:54
DEV005764,hash_ebcea5341e6b8a76,Android,Safari,2024-12-14 10:06:29,2026-08-27 05:46:18
DEV005765,hash_8dec22ff68dadbb3,macOS,Firefox,2025-06-21 08:11:48,2026-09-12 19:39:26
DEV005766,hash_21df423eb48b544c,iOS,Chrome,2026-02-18 14:35:38,2026-09-13 23:15:02
DEV005767,hash_f11fec60f7518a26,macOS,Chrome,2025-08-07 19:42:52,2026-09-03 18:30:44
DEV005768,hash_6b3c15d6a8404845,Windows,Safari,2026-03-26 02:07:24,2026-08-17 14:12:43
DEV005769,hash_07bedb4c84b9cc5a,Windows,Firefox,2025-06-10 22:28:13,2026-09-06 00:41:19
DEV005770,hash_60f6e5fd1a25b90f,Android,Firefox,2026-07-08 03:01:16,2026-09-07 00:34:14
DEV005771,hash_216ad437b4e0a890,macOS,Safari,2025-12-03 12:10:12,2026-09-10 00:49:54
DEV005772,hash_3f81e51c3dc40804,Android,Firefox,2024-10-13 03:07:31,2026-09-04 00:16:36
DEV005773,hash_70a35b53d6456a4b,iOS,Edge,2026-06-07 18:39:34,2026-09-05 14:50:47
DEV005774,hash_8971ff4711418142,macOS,Firefox,2026-02-15 20:35:03,2026-08-16 21:38:22
DEV005775,hash_4c5a358748c5d75f,macOS,Safari,2025-02-28 23:30:53,2026-09-12 04:17:14
DEV005776,hash_30243e0b6b1a48b8,Android,Chrome,2025-02-01 13:26:27,2026-08-16 19:53:47
DEV005777,hash_a0239bac214b836f,Android,Firefox,2026-01-16 22:00:52,2026-08-31 15:02:05
DEV005778,hash_b2d2c3a78b29c92e,Android,Edge,2024-11-29 22:05:23,2026-08-29 20:17:35
DEV005779,hash_d8f18fca8b665e8b,iOS,Edge,2026-08-30 06:46:23,2026-09-04 15:56:54
DEV005780,hash_c21fb20d8a22538d,Android,Edge,2026-05-30 00:39:25,2026-08-17 00:49:29
DEV005781,hash_13dbe8226a8bd940,Windows,Safari,2026-04-03 10:51:37,2026-09-06 19:46:14
DEV005782,hash_9f6197b458c26f68,Linux,Safari,2026-07-05 22:46:13,2026-08-27 23:07:53
DEV005783,hash_66be35d6837b40b2,macOS,Firefox,2025-06-19 16:49:41,2026-09-01 08:36:47
DEV005784,hash_6ed9a39d5a881ca4,Windows,Safari,2025-06-14 21:03:23,2026-08-27 17:31:25
DEV005785,hash_85dbd0221474a551,Android,Firefox,2025-04-17 01:02:57,2026-09-06 07:24:06
DEV005786,hash_dac17492a0e3fbf5,Linux,Firefox,2026-05-15 21:39:20,2026-08-17 23:27:22
DEV005787,hash_23b6ea8056adbd1c,Android,Firefox,2025-05-24 05:35:44,2026-09-06 21:36:47
DEV005788,hash_a9ab7301ea34eefd,Linux,Edge,2026-03-11 04:29:49,2026-08-28 10:23:08
DEV005789,hash_958100fc6ecb68d7,Android,Safari,2026-05-04 04:11:46,2026-08-23 10:52:10
DEV005790,hash_f3c8ff73d58ce487,Linux,Safari,2025-02-23 19:23:28,2026-09-11 18:26:23
DEV005791,hash_96de756d63de76b3,Linux,Safari,2026-05-05 21:09:55,2026-09-11 05:23:27
DEV005792,hash_896f73b42cf4536a,Linux,Firefox,2026-01-30 17:11:24,2026-08-31 06:47:05
DEV005793,hash_b1536a03fe585a7e,Linux,Safari,2026-04-12 11:59:01,2026-09-04 03:20:19
DEV005794,hash_e2285bff72f22829,Android,Safari,2026-04-22 07:07:58,2026-09-01 13:50:37
DEV005795,hash_0b61783d27741bc2,iOS,Chrome,2026-05-13 18:32:56,2026-08-24 00:13:41
DEV005796,hash_38604a9dab7b36aa,iOS,Edge,2026-07-02 06:57:55,2026-09-08 22:07:03
DEV005797,hash_caec61771756f8f7,iOS,Firefox,2026-07-11 13:17:30,2026-08-19 23:18:23
DEV005798,hash_28caa46dbeec3c0c,Android,Firefox,2025-05-31 10:02:39,2026-09-01 17:38:53
DEV005799,hash_6ebe44cede11e863,macOS,Edge,2026-01-05 22:49:32,2026-09-10 18:51:18
DEV005800,hash_4b00bb02faebf24a,iOS,Edge,2026-04-11 20:13:24,2026-08-26 16:54:19
DEV005801,hash_df6934a5edf193c3,macOS,Edge,2025-05-18 00:52:12,2026-08-30 12:05:23
DEV005802,hash_6d6f0d8e22dcf4cb,Linux,Safari,2024-12-01 20:34:50,2026-08-20 01:07:39
DEV005803,hash_78a072f42fa7b26c,iOS,Edge,2026-01-23 20:29:25,2026-09-04 08:51:59
DEV005804,hash_60f3bb28bd20c06b,Android,Firefox,2025-05-15 05:34:43,2026-09-08 19:02:15
DEV005805,hash_019c5d082648770f,Linux,Edge,2026-01-23 20:55:27,2026-08-24 16:41:44
DEV005806,hash_8fa031f872e6e75d,iOS,Safari,2026-04-24 19:37:48,2026-09-03 05:38:22
DEV005807,hash_f84e984570089e88,Android,Chrome,2025-02-18 04:34:43,2026-08-28 12:08:28
DEV005808,hash_2e975604681d7c0d,Linux,Firefox,2026-07-11 00:47:42,2026-09-08 05:20:43
DEV005809,hash_38cc1827d2e9bc78,Windows,Safari,2025-06-13 11:47:24,2026-09-01 00:24:03
DEV005810,hash_debdf53cd0323061,Windows,Edge,2026-06-02 03:15:51,2026-09-05 21:48:14
DEV005811,hash_5795619c3e22c222,macOS,Firefox,2026-08-10 22:47:59,2026-09-02 04:54:04
DEV005812,hash_f43bf412316070c3,iOS,Edge,2026-04-23 10:11:40,2026-08-23 09:16:04
DEV005813,hash_a4f1efed7fecb7a1,Android,Chrome,2025-01-23 02:07:08,2026-08-31 07:48:30
DEV005814,hash_54a1a7a84133557c,iOS,Safari,2024-09-26 13:09:11,2026-08-21 01:39:01
DEV005815,hash_5b407ea187de9cb5,Linux,Edge,2025-02-08 14:11:00,2026-09-12 21:40:00
DEV005816,hash_0f96db1737e41536,iOS,Edge,2025-05-13 08:53:59,2026-09-09 05:26:16
DEV005817,hash_bed6bb8f387af817,iOS,Firefox,2026-03-12 01:26:51,2026-09-11 20:46:43
DEV005818,hash_582a00f08cfe021d,macOS,Chrome,2025-05-02 05:52:59,2026-09-11 20:07:17
DEV005819,hash_b58d332b4fea88cf,iOS,Safari,2025-11-06 06:02:04,2026-08-24 07:02:38
DEV005820,hash_c367c59c0ab0b4ba,iOS,Safari,2025-07-20 06:58:03,2026-08-19 08:14:13
DEV005821,hash_5676dc0257994d77,Windows,Edge,2025-02-15 10:47:02,2026-08-20 04:32:33
DEV005822,hash_9a8792d1856ddbda,iOS,Edge,2024-11-23 12:04:31,2026-09-13 16:27:03
DEV005823,hash_ea5e632ae4728f88,macOS,Chrome,2026-08-25 15:26:22,2026-09-04 07:12:08
DEV005824,hash_1ab0dc514b0d4cbd,Android,Edge,2026-07-08 02:34:11,2026-08-28 10:36:52
DEV005825,hash_f897c7d97a077232,Linux,Chrome,2025-01-05 09:30:39,2026-09-01 04:05:09
DEV005826,hash_c9e939745c1452ca,Linux,Edge,2025-11-02 00:52:31,2026-09-01 19:58:21
DEV005827,hash_c8caa571a33bd683,Windows,Edge,2025-07-19 08:19:40,2026-08-22 02:45:35
DEV005828,hash_a519b44dde93f2fb,macOS,Firefox,2026-08-30 17:44:45,2026-09-03 08:36:12
DEV005829,hash_6416e20b8713a3d5,Windows,Edge,2024-12-03 15:58:30,2026-08-29 22:11:55
DEV005830,hash_0299cb289bd53714,Windows,Safari,2026-01-03 15:13:27,2026-09-12 07:59:19
DEV005831,hash_abd3f91483d0703a,Windows,Edge,2024-11-17 00:46:53,2026-08-31 09:03:45
DEV005832,hash_bf011eb77fdcadde,iOS,Firefox,2025-03-07 19:17:06,2026-09-06 03:21:28
DEV005833,hash_b6305d902ffa40f7,iOS,Chrome,2026-06-17 20:30:02,2026-08-17 15:16:11
DEV005834,hash_b095a924f6ffef22,iOS,Safari,2025-03-24 04:13:16,2026-09-11 06:13:02
DEV005835,hash_9a2f86238b5b600a,Windows,Safari,2025-01-12 13:52:32,2026-08-28 22:45:09
DEV005836,hash_771a4af388df6a45,macOS,Chrome,2024-10-04 15:37:01,2026-09-08 15:53:31
DEV005837,hash_a8c3a7b702b48c41,macOS,Firefox,2025-03-07 12:38:38,2026-08-26 06:53:26
DEV005838,hash_ad6971c03d390f79,Linux,Safari,2025-03-23 17:56:02,2026-08-26 14:52:48
DEV005839,hash_5012b9fdf0a4f07e,Linux,Safari,2025-08-22 05:04:30,2026-08-26 03:23:13
DEV005840,hash_28df781ef5799eaa,macOS,Safari,2025-01-05 02:15:51,2026-08-16 06:14:04
DEV005841,hash_7cfa000c08225318,macOS,Chrome,2025-05-02 16:52:16,2026-08-27 11:40:26
DEV005842,hash_8e1edf2ba2dcb203,Linux,Safari,2024-09-30 07:30:02,2026-09-14 09:03:16
DEV005843,hash_0f24e80334d1f9ee,Android,Firefox,2025-09-24 13:06:47,2026-09-05 23:10:47
DEV005844,hash_b7e9c54ff1ad9124,Android,Firefox,2025-08-02 03:34:04,2026-09-11 15:55:43
DEV005845,hash_f488fbc8dc0537e3,iOS,Chrome,2025-11-16 07:50:46,2026-09-12 05:38:02
DEV005846,hash_1e093961b19d78e3,iOS,Edge,2025-02-10 11:50:34,2026-09-04 16:09:28
DEV005847,hash_ddfd397517537864,macOS,Firefox,2025-02-05 16:37:09,2026-09-09 19:56:44
DEV005848,hash_394df2c98b575c11,iOS,Safari,2025-12-09 08:55:30,2026-09-04 01:21:12
DEV005849,hash_8cbab2b16c9ed150,Linux,Chrome,2026-01-14 09:07:43,2026-09-12 14:13:19
DEV005850,hash_e41ea3ac520a38e0,Linux,Chrome,2026-08-05 09:01:40,2026-09-03 10:46:28
DEV005851,hash_8a745def09c6e17d,Android,Chrome,2026-04-17 05:28:21,2026-08-28 08:25:36
DEV005852,hash_d19064285db08ee1,iOS,Firefox,2026-03-17 02:56:42,2026-09-02 07:49:14
DEV005853,hash_47bb6aec7500331b,iOS,Safari,2026-05-31 05:11:37,2026-08-28 10:49:57
DEV005854,hash_7558aace6758e53c,Android,Firefox,2025-08-15 04:32:05,2026-09-02 15:06:48
DEV005855,hash_a7eb7d25a2c98d78,macOS,Edge,2025-06-24 07:17:21,2026-08-27 01:13:05
DEV005856,hash_82f1417e2a6b5dae,macOS,Chrome,2025-05-20 20:21:45,2026-09-10 21:20:30
DEV005857,hash_519aeb44ff7be923,macOS,Safari,2025-06-18 12:35:28,2026-08-19 09:31:29
DEV005858,hash_6e7659e39bafe924,Linux,Safari,2026-03-06 14:24:47,2026-08-22 04:27:41
DEV005859,hash_b263f2ae7672317d,Linux,Safari,2025-05-22 00:28:14,2026-08-27 15:25:12
DEV005860,hash_f5f1607b5a7be91e,macOS,Safari,2026-05-25 02:30:17,2026-09-10 18:54:08
DEV005861,hash_57dfde3b917f1f1c,Linux,Safari,2025-12-07 20:48:51,2026-08-21 21:47:16
DEV005862,hash_5e2b0f96f9ec5842,Android,Safari,2024-11-28 05:23:58,2026-09-09 06:59:33
DEV005863,hash_e5845c8952ff6f83,iOS,Edge,2026-03-18 08:55:12,2026-09-07 18:02:26
DEV005864,hash_902a459a224e11ba,Android,Edge,2025-11-04 00:04:41,2026-08-30 21:00:08
DEV005865,hash_4ce48e871d5f232f,Linux,Safari,2024-12-04 14:00:06,2026-09-13 23:35:01
DEV005866,hash_e3dd0b38e015bd1b,Windows,Chrome,2025-03-10 03:12:04,2026-09-01 13:36:53
DEV005867,hash_3968d9ea8f248157,Linux,Safari,2026-03-25 12:37:06,2026-09-11 13:18:27
DEV005868,hash_29137df6f12ad3f3,Windows,Firefox,2026-06-13 22:14:26,2026-08-26 12:42:10
DEV005869,hash_da6df5cebd339897,Windows,Firefox,2025-09-10 13:48:50,2026-08-28 17:19:45
DEV005870,hash_eedaf619cf1af575,Android,Edge,2025-12-04 05:12:45,2026-08-18 05:45:01
DEV005871,hash_ab323824e4eb9b45,Linux,Firefox,2025-09-06 15:43:13,2026-09-05 21:55:21
DEV005872,hash_c261f93fc65c0c2a,Android,Edge,2025-10-05 07:28:33,2026-09-13 08:24:15
DEV005873,hash_5036ba69a66db249,Android,Chrome,2025-08-18 23:18:35,2026-08-18 19:05:52
DEV005874,hash_a11020ab9c39e4eb,iOS,Chrome,2025-01-25 06:16:38,2026-08-16 17:31:55
DEV005875,hash_d50d12c24ca37955,Windows,Edge,2025-11-23 02:38:00,2026-09-06 10:16:10
DEV005876,hash_b5e575f54b9f1600,Windows,Safari,2025-11-22 08:41:15,2026-08-18 10:48:42
DEV005877,hash_0f5eed862620c92b,iOS,Chrome,2026-08-10 23:56:40,2026-09-01 12:45:11
DEV005878,hash_ce8c9c65ca1c2593,iOS,Edge,2025-09-19 09:12:25,2026-08-22 20:03:32
DEV005879,hash_62be5e5ca173eba1,Linux,Safari,2024-11-02 17:07:56,2026-09-01 20:41:10
DEV005880,hash_33d5ceaf769633d7,Android,Firefox,2024-11-03 23:37:41,2026-08-29 01:26:04
DEV005881,hash_f3796ab24cd8f531,Android,Firefox,2025-11-30 17:13:24,2026-08-27 21:22:53
DEV005882,hash_ba9171edd2919b85,Windows,Firefox,2026-08-11 12:45:24,2026-08-16 23:53:44
DEV005883,hash_b936ff392c1c0a75,Android,Firefox,2026-03-22 10:56:29,2026-09-13 16:10:55
DEV005884,hash_fdf4ca04bce2358d,Windows,Safari,2025-09-30 09:36:15,2026-09-05 13:43:10
DEV005885,hash_bc9dea9702759964,iOS,Firefox,2026-03-15 03:49:03,2026-08-22 03:08:16
DEV005886,hash_c5dd049dffa8ba5e,macOS,Firefox,2025-07-18 22:48:26,2026-08-26 02:29:49
DEV005887,hash_a4dc3ff34a20b40f,Android,Safari,2026-02-10 05:06:27,2026-09-06 14:30:52
DEV005888,hash_2d102257171ae5ed,Android,Chrome,2025-05-12 19:48:28,2026-09-10 19:02:33
DEV005889,hash_b7eb09235c983385,iOS,Safari,2026-03-09 17:06:26,2026-08-30 10:43:19
DEV005890,hash_92593c477a6b003f,Windows,Chrome,2025-05-28 21:49:56,2026-08-26 22:43:23
DEV005891,hash_06e38d30b5184d1c,Windows,Edge,2025-11-30 19:09:26,2026-09-09 07:34:35
DEV005892,hash_e9c0cd039b979c27,Windows,Chrome,2025-07-27 09:55:23,2026-08-22 15:48:35
DEV005893,hash_ccec13a722e44299,iOS,Firefox,2026-05-02 09:07:05,2026-09-10 20:27:37
DEV005894,hash_4d6fc56d532dcae4,macOS,Chrome,2026-02-25 09:00:13,2026-09-13 03:31:19
DEV005895,hash_8dbe81e1161aa203,Linux,Chrome,2025-05-16 10:10:44,2026-08-15 23:39:35
DEV005896,hash_f76ee4c9f46e8c4d,Android,Firefox,2025-12-31 15:54:36,2026-08-18 05:28:54
DEV005897,hash_4d777e4dccc74f10,iOS,Safari,2026-03-21 07:00:28,2026-09-02 01:16:24
DEV005898,hash_8099527acd11435d,Windows,Edge,2025-12-14 11:03:52,2026-08-21 11:12:26
DEV005899,hash_33beb3611193874e,iOS,Edge,2026-05-08 20:13:35,2026-08-19 02:30:09
DEV005900,hash_2d07d2e3b120a7ef,macOS,Edge,2026-01-03 23:14:53,2026-08-18 17:53:56
DEV005901,hash_6a7fae108bff5388,Android,Firefox,2025-10-30 15:54:41,2026-09-04 17:46:29
DEV005902,hash_3d3d4d087e5a86ad,Windows,Firefox,2026-04-04 11:31:21,2026-08-23 11:35:10
DEV005903,hash_c49bdcf11db081db,Android,Firefox,2026-04-06 04:05:09,2026-08-25 02:30:49
DEV005904,hash_c5f5291206a2afeb,iOS,Chrome,2025-03-26 10:12:19,2026-09-13 20:35:38
DEV005905,hash_b2204f32e2028858,iOS,Chrome,2026-05-08 03:41:49,2026-08-24 08:42:47
DEV005906,hash_394a3116fe725469,Android,Chrome,2026-06-25 07:33:28,2026-08-24 10:55:25
DEV005907,hash_979171314a3d6276,Windows,Chrome,2024-10-07 01:56:02,2026-09-08 16:27:13
DEV005908,hash_9e39c62f29aab709,Linux,Chrome,2026-04-03 03:35:08,2026-08-21 10:59:37
DEV005909,hash_8b87760e8e59d128,Linux,Chrome,2025-05-29 21:15:43,2026-08-19 23:34:54
DEV005910,hash_613d98d29411bd59,macOS,Safari,2024-11-26 07:32:32,2026-09-04 05:56:31
DEV005911,hash_5c47581ecf3ff26a,iOS,Firefox,2025-12-04 00:26:07,2026-09-03 11:10:45
DEV005912,hash_d31289471df4d71f,Linux,Chrome,2026-06-01 08:55:46,2026-09-04 10:37:28
DEV005913,hash_93620975ad14ea20,Linux,Chrome,2025-07-07 08:01:12,2026-09-07 16:29:27
DEV005914,hash_2771c5f8835cf16b,Android,Firefox,2024-12-30 18:15:01,2026-09-01 07:44:03
DEV005915,hash_5228b1af3133941a,macOS,Firefox,2025-02-03 07:25:10,2026-08-20 07:27:17
DEV005916,hash_713884dc1816f30b,iOS,Firefox,2025-05-13 21:20:54,2026-09-01 21:33:14
DEV005917,hash_6e5883cbc2a7f547,macOS,Edge,2025-01-29 23:25:33,2026-09-05 13:10:22
DEV005918,hash_fde021780dc8196e,Windows,Chrome,2026-07-28 23:11:48,2026-08-27 21:23:01
DEV005919,hash_7bf80355e949e29c,Android,Chrome,2025-10-07 06:59:25,2026-08-20 01:28:46
DEV005920,hash_a7bad5f1dbb6c4a3,iOS,Chrome,2025-02-04 12:48:46,2026-08-28 07:16:37
DEV005921,hash_1d7a91819e4e31cf,Linux,Edge,2025-07-22 23:24:06,2026-08-25 09:29:25
DEV005922,hash_0927e05f4a6248e6,Windows,Chrome,2025-03-09 05:07:32,2026-09-01 16:56:40
DEV005923,hash_3d3ac0ba1cacfbab,iOS,Firefox,2026-01-29 21:23:58,2026-08-19 14:48:00
DEV005924,hash_c370f6e705de7ead,iOS,Safari,2025-06-05 01:05:20,2026-09-06 14:04:00
DEV005925,hash_cc8c1daef3e33093,Windows,Safari,2026-04-21 03:06:02,2026-08-20 05:18:59
DEV005926,hash_071ef20f6e0b214f,macOS,Chrome,2025-10-26 01:50:23,2026-08-28 04:05:14
DEV005927,hash_e4f5297c418fe315,Linux,Edge,2024-09-30 00:32:37,2026-09-14 01:59:34
DEV005928,hash_640e2034c51b3ac7,Windows,Chrome,2024-10-31 11:31:15,2026-09-11 16:52:03
DEV005929,hash_b72ed2c7d38d665e,macOS,Edge,2024-10-30 02:48:40,2026-09-02 18:30:49
DEV005930,hash_c04a00cb58c4c481,iOS,Safari,2024-11-27 08:18:53,2026-08-23 20:05:53
DEV005931,hash_dc12e54bb51dd156,macOS,Firefox,2024-09-15 12:28:30,2026-09-10 08:14:12
DEV005932,hash_1343087739e14601,macOS,Firefox,2024-09-23 22:43:33,2026-08-15 21:11:47
DEV005933,hash_64f5b0c51e1fbf0c,Android,Firefox,2025-05-26 01:21:06,2026-09-03 08:02:11
DEV005934,hash_7f59be37a981cfc5,Linux,Chrome,2025-05-10 01:25:07,2026-08-16 23:59:05
DEV005935,hash_a6fea49817c32ec6,Android,Safari,2026-05-28 14:02:18,2026-09-12 05:37:32
DEV005936,hash_e3893cdbc54251eb,macOS,Chrome,2025-11-25 18:07:31,2026-09-02 20:28:54
DEV005937,hash_301e5da2f4405068,Linux,Edge,2026-07-13 15:51:07,2026-08-19 00:36:37
DEV005938,hash_c5801d91dc1631bb,iOS,Chrome,2025-01-26 01:53:01,2026-08-24 19:21:49
DEV005939,hash_6620c29e6cadb4c1,macOS,Chrome,2026-01-21 13:07:33,2026-09-08 20:12:45
DEV005940,hash_586a2ad4037f806b,Linux,Safari,2025-02-02 08:59:45,2026-09-10 15:20:08
DEV005941,hash_e9fbbb506710610f,Linux,Edge,2025-03-02 19:01:47,2026-09-01 10:00:32
DEV005942,hash_afb9257165afc237,Linux,Firefox,2024-11-28 11:49:09,2026-08-23 03:58:15
DEV005943,hash_b738ff0adc7df2cf,iOS,Firefox,2025-12-23 23:48:20,2026-09-02 19:42:13
DEV005944,hash_b0a5448837dbf531,macOS,Chrome,2025-12-04 00:06:08,2026-08-24 05:54:09
DEV005945,hash_7e3f3a28077ec64e,Android,Safari,2026-08-07 13:49:54,2026-09-06 01:12:57
DEV005946,hash_d19c5dbc85ddc103,Android,Chrome,2026-03-16 19:53:30,2026-08-24 06:33:33
DEV005947,hash_7ed79b91947abbe8,Android,Safari,2025-10-13 05:32:20,2026-08-22 21:11:19
DEV005948,hash_0c6e2d47a7ed47d5,Linux,Edge,2026-06-08 17:02:39,2026-09-06 06:21:09
DEV005949,hash_3fe8e09832a99f44,iOS,Firefox,2024-10-07 17:51:20,2026-08-17 12:56:29
DEV005950,hash_372a857d4c59c04d,Android,Edge,2026-09-10 15:22:19,2026-09-10 18:06:13
DEV005951,hash_e3b9b408566feb17,Linux,Edge,2026-08-05 02:07:09,2026-08-21 11:54:21
DEV005952,hash_490a59444b0c0c53,Linux,Firefox,2026-06-03 03:38:05,2026-08-30 18:52:57
DEV005953,hash_e011cc2b9f8048e2,iOS,Firefox,2026-09-10 10:30:55,2026-08-29 19:18:27
DEV005954,hash_55c6157777d6bb66,Linux,Chrome,2024-12-06 21:18:58,2026-09-01 14:26:36
DEV005955,hash_93e8b90dd73a0e2d,macOS,Firefox,2026-02-26 16:53:11,2026-08-24 09:58:00
DEV005956,hash_864c1d6724635434,Windows,Firefox,2025-12-16 12:37:31,2026-09-09 19:50:57
DEV005957,hash_5fb39348af96edce,Linux,Safari,2025-01-22 04:32:03,2026-08-20 11:57:00
DEV005958,hash_463ba616be213a6b,Windows,Safari,2025-10-05 17:08:02,2026-08-25 00:48:48
DEV005959,hash_dec9cda8ffba47b9,Android,Firefox,2025-12-26 22:21:51,2026-08-23 04:38:54
DEV005960,hash_c4f094b29ec5d42a,Android,Edge,2026-01-03 10:57:58,2026-09-01 00:51:42
DEV005961,hash_0620078bc81effa3,iOS,Safari,2026-09-12 14:26:44,2026-09-06 17:29:29
DEV005962,hash_dca7889884f61a6e,iOS,Firefox,2026-09-05 10:43:31,2026-09-11 06:12:34
DEV005963,hash_7ee03bf76da95d6f,Linux,Firefox,2026-06-22 05:33:54,2026-09-03 12:48:15
DEV005964,hash_b5df0c1e8c3ce434,macOS,Firefox,2026-05-16 04:13:59,2026-09-06 09:38:55
DEV005965,hash_e0c6dd6365791c66,Linux,Firefox,2024-12-13 13:45:24,2026-09-11 13:45:39
DEV005966,hash_f3edd04d2536fa33,iOS,Chrome,2024-11-04 00:34:32,2026-09-01 01:57:55
DEV005967,hash_4212af7c0854a4ca,iOS,Edge,2025-03-24 10:09:36,2026-09-02 09:49:47
DEV005968,hash_7060b699415db5e7,Windows,Safari,2025-01-01 23:47:09,2026-08-27 06:44:49
DEV005969,hash_6bcca92069cdb716,Windows,Edge,2026-06-11 05:08:40,2026-09-08 11:33:08
DEV005970,hash_7ac7979abcf11ff6,Windows,Chrome,2025-02-07 11:09:41,2026-09-04 06:47:30
DEV005971,hash_3b1b7e976494c179,macOS,Chrome,2024-10-16 11:32:49,2026-09-02 01:14:26
DEV005972,hash_09e11bb921595636,macOS,Firefox,2024-10-29 17:04:48,2026-09-07 23:29:59
DEV005973,hash_7516191b1b0bd2c9,Windows,Safari,2026-06-06 00:39:17,2026-09-13 08:29:10
DEV005974,hash_2b2d1a24e3e82c6d,Linux,Edge,2024-11-29 21:38:44,2026-09-09 21:25:40
DEV005975,hash_664e89077b14c8b4,Android,Chrome,2024-11-23 19:44:30,2026-08-31 05:14:14
DEV005976,hash_5bbcd799429910e0,Linux,Safari,2026-08-23 10:40:46,2026-09-10 06:09:31
DEV005977,hash_834b8382013f37e4,Android,Chrome,2025-11-25 11:15:54,2026-09-12 13:47:26
DEV005978,hash_c6b88191bfd1e8f2,Windows,Safari,2026-03-13 14:18:46,2026-09-10 11:30:16
DEV005979,hash_145838f0cc9bd992,Windows,Edge,2025-10-24 08:55:56,2026-09-03 19:01:29
DEV005980,hash_8b46de992da29e52,Android,Safari,2026-04-25 02:19:20,2026-09-11 04:20:46
DEV005981,hash_36d43b13b61a54a7,macOS,Chrome,2026-01-26 18:20:07,2026-08-25 09:52:08
DEV005982,hash_6a00944f129bebaa,Linux,Edge,2025-04-21 15:34:31,2026-08-31 04:57:42
DEV005983,hash_1a1b32281e4677ae,Windows,Edge,2024-12-28 09:41:44,2026-09-06 09:36:45
DEV005984,hash_07f2bde7eadce244,iOS,Edge,2026-04-30 05:20:21,2026-08-25 06:30:04
DEV005985,hash_16de10e9137d2010,Linux,Firefox,2025-04-29 17:24:01,2026-09-05 08:27:50
DEV005986,hash_bf9eba036650aee8,Android,Safari,2025-07-25 03:47:24,2026-09-05 18:44:22
DEV005987,hash_56fc295a577954da,Windows,Edge,2025-07-04 01:17:00,2026-08-19 15:45:22
DEV005988,hash_59c328fbf8aa3be3,Windows,Firefox,2025-09-30 03:10:58,2026-08-16 19:32:05
DEV005989,hash_65f2d47ebdd427f3,Linux,Firefox,2025-09-30 17:36:44,2026-08-20 17:18:21
DEV005990,hash_81adbb3b6138ecb0,Windows,Firefox,2025-05-21 21:42:38,2026-09-11 21:40:23
DEV005991,hash_73bb51f07ff4fb39,Android,Safari,2025-09-25 04:36:28,2026-09-14 06:04:30
DEV005992,hash_06fd4d08ce9496ac,iOS,Safari,2025-07-13 04:09:53,2026-08-30 12:09:45
DEV005993,hash_cc9ea702e095c016,Windows,Safari,2025-10-05 16:27:16,2026-08-29 14:22:16
DEV005994,hash_fdebd7e047e32652,Windows,Safari,2026-05-05 21:47:46,2026-08-18 07:58:49
DEV005995,hash_69078c49acb06f5b,macOS,Chrome,2025-10-28 22:29:35,2026-08-17 16:16:17
DEV005996,hash_3b1a1f9f024516b6,Android,Chrome,2025-02-07 06:17:27,2026-08-19 23:40:37
DEV005997,hash_99d9690617bc399c,macOS,Firefox,2025-05-10 17:22:28,2026-09-13 04:13:05
DEV005998,hash_7f1d71b026f5c6d5,iOS,Firefox,2026-04-18 01:12:22,2026-09-12 09:20:58
DEV005999,hash_85cd00a4f7fb06b9,macOS,Edge,2025-11-09 18:31:47,2026-08-24 01:44:37
DEV006000,hash_445dc28ee83783fc,iOS,Chrome,2026-01-25 00:05:33,2026-08-30 21:11:56
DEV006001,hash_db741defa6d16c6e,macOS,Firefox,2026-04-11 08:59:47,2026-08-17 23:38:20
DEV006002,hash_cc3f685363fcf9fa,Linux,Firefox,2025-11-03 04:10:24,2026-08-17 00:20:43
DEV006003,hash_5e1e57ee88faf505,Android,Safari,2024-10-20 20:15:30,2026-08-30 08:43:25
DEV006004,hash_addec0fad6759c5e,macOS,Chrome,2025-07-10 03:19:41,2026-08-24 19:04:49
DEV006005,hash_ca3d02cffad6d030,Linux,Firefox,2025-06-14 09:37:56,2026-09-10 18:18:22
DEV006006,hash_07853a8a4236158b,Linux,Chrome,2024-10-24 21:42:36,2026-09-05 17:11:04
DEV006007,hash_aed7009668090364,Windows,Chrome,2026-04-10 19:37:52,2026-09-09 08:03:56
DEV006008,hash_1d0e77178b291819,Android,Firefox,2025-10-26 04:01:26,2026-08-24 07:29:20
DEV006009,hash_cdb405ea696fded2,Windows,Chrome,2025-10-14 07:57:04,2026-09-02 15:48:26
DEV006010,hash_466c98543d948f32,Linux,Safari,2026-02-25 05:29:33,2026-08-17 19:52:10
DEV006011,hash_45a275bc8fdd7514,iOS,Edge,2026-08-22 12:13:05,2026-08-26 01:40:07
DEV006012,hash_76a141c3d01d9f73,Android,Chrome,2024-11-29 19:13:44,2026-09-06 20:28:55
DEV006013,hash_6b835025b0e72b39,iOS,Edge,2025-02-05 10:02:43,2026-08-26 09:54:37
DEV006014,hash_92068d57ed8e4c6d,Windows,Safari,2026-03-21 12:32:30,2026-08-31 04:57:17
DEV006015,hash_b5b70895e0536baa,Android,Safari,2024-11-09 20:23:02,2026-08-25 12:59:12
DEV006016,hash_2e65e66bcfb16cfd,Linux,Safari,2025-10-03 20:50:42,2026-08-25 16:37:55
DEV006017,hash_48fb40f1414d1f46,Linux,Edge,2025-12-01 19:10:00,2026-09-14 09:58:57
DEV006018,hash_9379d4296d80cfe3,Windows,Safari,2024-09-26 06:54:55,2026-08-17 20:28:02
DEV006019,hash_d5d6ab9923604ccf,Android,Edge,2026-08-31 09:10:52,2026-09-03 04:13:57
DEV006020,hash_b2000682d7b2a172,Windows,Edge,2025-02-21 04:55:14,2026-08-21 07:18:05
DEV006021,hash_7982b4a42163e697,Windows,Firefox,2026-09-02 02:40:30,2026-08-29 18:09:18
DEV006022,hash_01fc0fc0802018a8,Android,Chrome,2024-09-17 20:35:00,2026-08-27 07:50:15
DEV006023,hash_f7830f486a3747f4,Android,Edge,2026-02-08 11:58:22,2026-08-31 17:07:06
DEV006024,hash_4559d7563466cdef,Windows,Edge,2025-01-29 16:50:30,2026-09-03 14:03:03
DEV006025,hash_a98a221b9478259f,Windows,Safari,2026-06-18 04:40:08,2026-08-26 17:50:18
DEV006026,hash_2f22c9f695c783cb,iOS,Safari,2025-06-29 22:47:52,2026-09-04 04:04:55
DEV006027,hash_1e174c87ac959cb0,macOS,Firefox,2024-10-18 22:34:23,2026-08-23 05:26:11
DEV006028,hash_3a5b201d8d0169b3,iOS,Edge,2025-01-02 05:09:19,2026-09-13 17:21:44
DEV006029,hash_e8d181dc474ba340,Linux,Edge,2025-03-24 09:14:47,2026-08-28 04:34:25
DEV006030,hash_175217cbb7eb2737,Android,Chrome,2026-07-31 04:53:18,2026-09-05 04:24:40
DEV006031,hash_71e8a350172ad6ea,Android,Edge,2026-02-24 15:44:29,2026-09-12 08:29:35
DEV006032,hash_f748e0058e622f61,Android,Firefox,2026-03-19 18:49:10,2026-08-30 16:38:18
DEV006033,hash_b64c5e97aededc51,Linux,Safari,2025-02-20 07:25:00,2026-08-28 21:23:07
DEV006034,hash_a7f70868a2e1cd0c,Windows,Edge,2025-07-29 00:21:01,2026-08-16 03:40:54
DEV006035,hash_f3b8d05d67b06b7c,Android,Firefox,2025-08-03 04:56:54,2026-09-04 17:41:29
DEV006036,hash_db3f516b0a7bf7f2,Windows,Safari,2025-07-04 02:29:30,2026-08-29 03:45:38
DEV006037,hash_4826c6788f374779,Android,Safari,2026-06-30 16:05:12,2026-08-24 20:32:43
DEV006038,hash_a021a41d2c79956d,iOS,Safari,2026-06-10 13:05:48,2026-09-08 08:34:46
DEV006039,hash_59c13918b6b0a726,iOS,Firefox,2025-03-30 00:26:22,2026-09-13 18:58:04
DEV006040,hash_3698b1f8a3d0ed89,macOS,Firefox,2024-09-22 06:40:11,2026-09-03 20:31:13
DEV006041,hash_88ed944facac397a,macOS,Safari,2024-10-16 15:26:32,2026-09-06 11:02:18
DEV006042,hash_67c73503dc049aec,macOS,Chrome,2024-12-23 06:53:49,2026-08-26 11:33:01
DEV006043,hash_35474403a8d7ecd0,Android,Firefox,2024-11-07 22:54:55,2026-08-21 05:01:44
DEV006044,hash_e2a06bd86a205781,Windows,Edge,2024-12-12 17:11:28,2026-08-23 08:55:32
DEV006045,hash_a3206fba461f8bcc,macOS,Edge,2026-08-15 22:47:33,2026-09-08 08:57:09
DEV006046,hash_d3f3cad9188a09eb,Android,Safari,2024-11-04 19:54:06,2026-08-24 13:23:39
DEV006047,hash_8f7440d58484e071,iOS,Chrome,2025-11-05 05:31:39,2026-08-31 13:11:23
DEV006048,hash_8651d059d5f67432,macOS,Chrome,2025-01-22 04:11:17,2026-08-28 02:36:33
DEV006049,hash_e3de00e3acd5b2b6,Linux,Safari,2026-02-25 01:14:47,2026-09-03 23:42:28
DEV006050,hash_eeaf248f12af19a8,Android,Edge,2025-04-23 09:25:45,2026-09-10 16:33:15
DEV006051,hash_93acf2e0ba4bf222,Android,Chrome,2025-04-24 15:51:19,2026-08-29 11:28:16
DEV006052,hash_6aa12d45fd24fa81,Android,Chrome,2026-07-10 16:04:22,2026-09-12 07:59:25
DEV006053,hash_eedab4fe4cfa7687,macOS,Safari,2025-04-05 06:56:39,2026-08-20 22:10:06
DEV006054,hash_61bf4326412c1034,Android,Chrome,2026-04-28 06:06:52,2026-08-21 10:52:40
DEV006055,hash_952043e2ffd5f52d,Linux,Firefox,2025-07-17 21:49:55,2026-08-25 11:15:36
DEV006056,hash_c21c930c0f7323a7,Linux,Edge,2024-11-20 08:46:48,2026-09-11 14:05:48
DEV006057,hash_ccdcd16a5cfd5a59,Windows,Firefox,2026-07-03 15:17:52,2026-09-08 19:56:23
DEV006058,hash_c4775de9bb4099bf,Windows,Edge,2025-02-17 03:12:32,2026-08-21 19:51:57
DEV006059,hash_f5a99ca1367fad43,Linux,Safari,2025-10-21 16:40:14,2026-08-17 09:21:14
DEV006060,hash_b5dff070f8566394,iOS,Firefox,2025-09-13 10:14:16,2026-09-07 21:37:53
DEV006061,hash_ffff450c7f3e1f92,macOS,Safari,2024-12-08 02:33:50,2026-08-21 01:33:51
DEV006062,hash_acb885988f3fd6c5,macOS,Edge,2025-03-10 18:29:57,2026-08-17 12:04:32
DEV006063,hash_0e772f0901361b8b,macOS,Chrome,2026-06-23 06:15:27,2026-09-03 11:53:35
DEV006064,hash_25a3dcf6a1ed075b,Windows,Firefox,2025-02-04 11:10:17,2026-08-19 17:10:35
DEV006065,hash_5596eef92c2e5357,Android,Firefox,2026-04-29 11:02:53,2026-08-18 22:17:35
DEV006066,hash_c03f32ef1627e3cf,Linux,Chrome,2025-03-20 22:49:37,2026-09-05 19:40:59
DEV006067,hash_f80aa1768cf43673,iOS,Firefox,2026-01-05 02:39:27,2026-09-02 15:53:53
DEV006068,hash_7baa87f767fb57a6,Linux,Chrome,2025-08-20 11:10:53,2026-08-22 14:05:31
DEV006069,hash_68babf809d502e63,macOS,Edge,2025-08-23 12:10:02,2026-09-13 15:19:23
DEV006070,hash_04ffd53eba5f0d52,iOS,Edge,2026-05-04 13:48:16,2026-08-17 15:35:42
DEV006071,hash_e91ac1c75c4f5965,iOS,Firefox,2026-02-11 01:09:52,2026-09-09 02:31:30
DEV006072,hash_923302e5d435b914,Windows,Edge,2026-05-02 18:15:03,2026-08-24 19:55:53
DEV006073,hash_68ed0e6f102c6379,Windows,Edge,2026-05-04 03:02:30,2026-08-25 20:56:11
DEV006074,hash_d3452c2cc20b04e3,Linux,Firefox,2026-03-31 05:33:03,2026-08-31 02:10:16
DEV006075,hash_1bc13d5ef99f975f,Android,Chrome,2024-10-18 03:57:08,2026-09-12 06:28:03
DEV006076,hash_aed04785305c87e1,macOS,Chrome,2024-09-25 05:09:39,2026-08-23 01:41:12
DEV006077,hash_c1cb9833d4fbc391,Linux,Chrome,2025-06-06 07:25:28,2026-08-27 19:58:18
DEV006078,hash_0bf0ce37726fc529,iOS,Edge,2026-08-31 04:35:06,2026-08-24 04:16:20
DEV006079,hash_c6d69a44852afbbb,Android,Edge,2025-06-13 02:54:14,2026-09-07 02:04:35
DEV006080,hash_b6ae1d6beb46c9da,macOS,Firefox,2025-02-17 00:37:12,2026-08-18 09:30:34
DEV006081,hash_095d994f2a0a697f,macOS,Chrome,2025-07-15 02:49:40,2026-09-03 02:32:17
DEV006082,hash_f6c24fd9921565ea,Linux,Firefox,2025-01-11 02:11:26,2026-08-29 19:44:39
DEV006083,hash_812ded7e45e0dd8e,Windows,Firefox,2025-10-11 21:12:45,2026-08-18 17:55:22
DEV006084,hash_b1fb8931ac218606,macOS,Edge,2025-03-08 02:56:31,2026-08-24 14:05:55
DEV006085,hash_4df1a4adb8f8247b,Linux,Edge,2026-01-14 08:21:20,2026-08-25 02:11:15
DEV006086,hash_68cc3596dd7fd5d5,iOS,Edge,2025-06-02 01:39:50,2026-09-05 23:05:18
DEV006087,hash_0f2c00b258fd2d54,macOS,Safari,2024-10-03 20:03:09,2026-09-06 01:01:16
DEV006088,hash_dd0d27ddac56ade4,Windows,Safari,2024-11-07 01:38:12,2026-08-27 14:06:57
DEV006089,hash_5110c40c651c9898,macOS,Firefox,2025-12-25 12:00:08,2026-09-10 07:34:45
DEV006090,hash_788c51516d547e1c,macOS,Safari,2025-04-25 17:20:55,2026-09-11 16:32:49
DEV006091,hash_46b383a6ad4eaccc,Android,Firefox,2025-01-17 07:19:49,2026-08-22 14:47:47
DEV006092,hash_1a5bc643808c9522,macOS,Safari,2025-11-13 03:21:52,2026-08-31 01:44:34
DEV006093,hash_7a045c437f97ebd8,Linux,Safari,2024-10-28 05:27:19,2026-08-21 01:31:00
DEV006094,hash_dbee466a00e4e0b0,Android,Firefox,2026-02-28 01:09:01,2026-08-18 19:38:58
DEV006095,hash_5576d2324ead4349,iOS,Firefox,2025-07-29 13:47:11,2026-09-09 19:20:05
DEV006096,hash_2f9750590f9e5c14,macOS,Firefox,2025-11-03 03:49:51,2026-08-16 12:06:38
DEV006097,hash_9c88679365af064a,iOS,Chrome,2026-01-07 15:31:44,2026-08-23 21:43:54
DEV006098,hash_20007b10377a163b,macOS,Safari,2026-03-30 14:03:49,2026-08-31 06:31:22
DEV006099,hash_2bfd154f58667341,Windows,Edge,2025-06-28 20:29:00,2026-08-17 12:32:25
DEV006100,hash_3dd46450390197f2,Android,Chrome,2025-01-03 15:01:40,2026-08-20 16:41:35
DEV006101,hash_fe35d237ffc4ab92,macOS,Safari,2026-02-27 16:49:56,2026-08-27 00:00:07
DEV006102,hash_c2b68a9ac68b113b,Android,Edge,2024-09-18 18:15:36,2026-09-03 03:54:42
DEV006103,hash_55c34e893a233ea3,Android,Edge,2024-09-16 20:01:02,2026-09-11 23:22:21
DEV006104,hash_57c3add683d32337,iOS,Firefox,2024-10-29 13:13:40,2026-09-03 11:16:05
DEV006105,hash_77093625459241ac,macOS,Edge,2026-05-04 05:46:03,2026-09-12 04:18:58
DEV006106,hash_1f46a4555e3b89ce,iOS,Safari,2024-12-16 02:32:10,2026-08-26 13:20:55
DEV006107,hash_8ed7c6e6b5456648,iOS,Edge,2026-04-29 04:14:28,2026-08-17 08:46:17
DEV006108,hash_a20438f9c2930d26,Linux,Chrome,2025-11-25 23:14:02,2026-09-11 03:24:57
DEV006109,hash_b859e8400fd55224,Windows,Firefox,2024-11-10 14:17:22,2026-08-16 14:49:37
DEV006110,hash_b92c22846641ba88,macOS,Firefox,2026-01-31 03:55:19,2026-09-07 18:50:42
DEV006111,hash_22d117dc31b203cb,macOS,Edge,2026-09-12 03:07:27,2026-09-12 09:36:08
DEV006112,hash_3793d2f23b05344d,Windows,Firefox,2026-01-28 00:00:20,2026-09-03 09:33:08
DEV006113,hash_8864f0602642425a,Windows,Edge,2025-04-21 13:50:22,2026-09-14 13:30:55
DEV006114,hash_c5f8fded28ca9023,Linux,Firefox,2025-07-11 14:06:29,2026-09-06 11:40:15
DEV006115,hash_23cac64b772160ec,iOS,Edge,2026-08-22 04:22:10,2026-08-27 04:40:14
DEV006116,hash_2d3d1ee8ac965dc7,iOS,Safari,2026-02-26 14:04:25,2026-09-08 11:18:45
DEV006117,hash_946930aec03bfa94,iOS,Chrome,2026-01-03 00:05:46,2026-08-27 19:05:11
DEV006118,hash_3baaf99a090c5f87,iOS,Edge,2025-06-09 06:14:18,2026-09-06 17:51:40
DEV006119,hash_c44e7fd3d315d93d,Android,Chrome,2025-09-21 07:51:34,2026-08-23 02:11:04
DEV006120,hash_b1639f148b105a79,Linux,Safari,2025-09-01 23:34:48,2026-09-10 16:46:51
DEV006121,hash_a7acc549247fca51,iOS,Safari,2026-07-29 06:16:34,2026-09-02 03:21:14
DEV006122,hash_e567ccffef83d9e3,Android,Firefox,2025-03-07 00:55:23,2026-08-22 16:00:46
DEV006123,hash_721e0a41be396a77,Android,Safari,2025-04-24 23:46:10,2026-08-24 02:54:08
DEV006124,hash_30eb1a74329041bd,iOS,Firefox,2025-07-12 21:30:43,2026-08-28 03:26:18
DEV006125,hash_1fb0abc3aecbf7f1,Linux,Firefox,2026-07-31 04:45:09,2026-08-23 10:32:54
DEV006126,hash_47eb1404888b464b,Windows,Edge,2025-06-27 01:43:08,2026-08-16 16:09:34
DEV006127,hash_c41b6e70a2764813,Android,Firefox,2025-08-15 12:23:57,2026-08-30 05:07:32
DEV006128,hash_a54a9c075c2c107b,macOS,Chrome,2025-01-04 00:17:53,2026-08-17 17:20:46
DEV006129,hash_76f9338544f63b7a,iOS,Edge,2025-09-06 10:00:04,2026-09-04 13:53:00
DEV006130,hash_97aa441c19dcf2a4,Linux,Safari,2026-03-20 04:23:24,2026-09-10 22:39:27
DEV006131,hash_ef6c64b1c0b3a374,Android,Edge,2026-07-07 16:46:48,2026-08-26 16:13:24
DEV006132,hash_6bc475b6f310f61d,Linux,Edge,2025-07-23 14:22:28,2026-08-21 17:25:47
DEV006133,hash_043d70e78a549fd8,macOS,Safari,2026-06-28 17:30:14,2026-09-01 18:58:21
DEV006134,hash_d81a40b95e997546,Windows,Safari,2025-02-22 19:31:42,2026-09-04 08:32:54
DEV006135,hash_ba58132e4d6d7a14,iOS,Chrome,2025-08-07 06:52:36,2026-09-04 22:27:06
DEV006136,hash_7d4dbfb45e1e4023,Linux,Firefox,2025-09-06 22:06:29,2026-09-06 14:44:51
DEV006137,hash_9ee7c59e76ac5ae6,iOS,Edge,2025-08-24 23:00:33,2026-09-03 12:20:05
DEV006138,hash_07b5c69a4a13de29,Windows,Firefox,2025-09-09 04:49:55,2026-09-02 07:20:40
DEV006139,hash_253d7ed8b69a12af,macOS,Firefox,2025-06-03 13:19:09,2026-08-31 11:35:47
DEV006140,hash_f83fb3b4a5cf34a9,Linux,Edge,2026-02-12 23:42:20,2026-09-04 00:29:54
DEV006141,hash_87817ad185bba977,Windows,Firefox,2024-12-26 13:41:00,2026-09-10 09:11:13
DEV006142,hash_b9cfd83f4358d081,iOS,Firefox,2025-02-21 02:46:53,2026-08-27 14:23:06
DEV006143,hash_cd839265a2ba9024,Linux,Chrome,2025-03-01 16:39:38,2026-08-24 22:15:23
DEV006144,hash_9a6d4c4b3890135e,macOS,Edge,2025-11-29 15:44:24,2026-08-25 02:29:37
DEV006145,hash_ea91fa77e9e89728,Linux,Firefox,2026-07-24 17:26:41,2026-09-02 07:10:30
DEV006146,hash_3612f729ad7f0730,Android,Safari,2026-08-14 12:04:02,2026-09-07 03:38:17
DEV006147,hash_3cef0b0b05d9f92f,iOS,Chrome,2025-11-13 23:32:15,2026-09-04 11:21:46
DEV006148,hash_8282db589807663a,Windows,Edge,2025-07-02 07:20:04,2026-08-30 13:19:45
DEV006149,hash_586f1b20f6c58ec6,Windows,Chrome,2025-02-27 00:25:46,2026-09-03 17:26:44
DEV006150,hash_af58c1a0ae51c73d,Android,Firefox,2025-01-01 22:51:21,2026-09-07 11:37:35
DEV006151,hash_02fdadd454e52aae,macOS,Edge,2024-12-07 13:37:56,2026-09-11 00:12:26
DEV006152,hash_e07fdb556f34f064,Linux,Edge,2026-02-02 18:49:59,2026-09-06 14:45:24
DEV006153,hash_abccd7e5a34d2ee8,Android,Edge,2025-05-05 10:37:18,2026-09-04 15:55:05
DEV006154,hash_752e9f49a56f7bcd,iOS,Safari,2024-10-23 16:49:28,2026-08-25 08:05:43
DEV006155,hash_6ae4a14f7e84b263,macOS,Chrome,2025-03-01 20:44:24,2026-09-01 01:11:43
DEV006156,hash_4c3f6f87deeee136,Linux,Edge,2025-11-16 16:33:01,2026-08-23 06:21:26
DEV006157,hash_246f785c3f2209a7,Linux,Safari,2026-02-08 13:02:26,2026-09-03 07:29:49
DEV006158,hash_9d9a7088b9627c78,Android,Chrome,2026-09-12 01:27:57,2026-09-09 18:41:53
DEV006159,hash_8719c8393b2a1678,Windows,Firefox,2025-08-15 13:16:47,2026-08-24 09:50:54
DEV006160,hash_2589f6114f77a7c2,macOS,Edge,2025-08-24 05:59:53,2026-08-16 19:32:10
DEV006161,hash_27179b322b3cca34,Android,Safari,2026-03-07 04:46:38,2026-08-25 16:18:05
DEV006162,hash_90e408a65a3b73ba,macOS,Firefox,2025-07-10 23:15:39,2026-09-12 04:49:36
DEV006163,hash_ad502c97e854d311,macOS,Safari,2026-02-14 05:54:24,2026-08-24 00:33:27
DEV006164,hash_92a0768834b5bf07,macOS,Firefox,2025-04-14 11:17:59,2026-09-12 00:07:57
DEV006165,hash_9a8d39c598b8dd90,Windows,Safari,2026-05-04 15:55:10,2026-08-23 05:21:04
DEV006166,hash_98b28ca8eabd7c89,Windows,Chrome,2026-01-25 05:47:29,2026-09-04 03:59:10
DEV006167,hash_8e6bbcf73378d6c4,Linux,Safari,2025-12-04 20:18:42,2026-08-25 06:13:52
DEV006168,hash_c9b230f35204c1c8,Windows,Edge,2025-01-09 05:11:08,2026-09-04 14:57:12
DEV006169,hash_6f7b99f75cbf4a55,Windows,Firefox,2025-05-18 00:03:36,2026-09-07 09:42:03
DEV006170,hash_784d57a513118ab7,Android,Edge,2025-03-24 00:23:51,2026-08-21 23:52:25
DEV006171,hash_080405dc379a7280,Android,Firefox,2026-04-29 12:31:05,2026-09-08 06:47:42
DEV006172,hash_da27f919bd033fda,Android,Chrome,2025-05-17 18:54:48,2026-09-14 06:53:05
DEV006173,hash_257f2598a9850f62,macOS,Firefox,2026-09-08 21:00:12,2026-09-14 09:10:34
DEV006174,hash_abe62d426152c861,macOS,Firefox,2025-10-31 07:07:31,2026-08-17 08:53:43
DEV006175,hash_be2f0645aed24ab4,iOS,Safari,2026-02-21 09:19:49,2026-08-20 08:51:16
DEV006176,hash_63f93877bc5f6153,macOS,Firefox,2026-05-18 10:17:09,2026-08-18 19:54:53
DEV006177,hash_b45898b0b845e393,iOS,Firefox,2024-11-19 18:44:35,2026-08-16 16:46:33
DEV006178,hash_bace86e7f2736a9e,iOS,Safari,2024-09-20 21:50:31,2026-08-18 05:13:38
DEV006179,hash_81472a1eeb0a2fb5,macOS,Safari,2025-05-29 16:00:53,2026-08-20 00:33:42
DEV006180,hash_36bd5f099074abea,Linux,Chrome,2025-05-15 12:28:02,2026-09-01 23:20:50
DEV006181,hash_aae35cae6d13e01d,macOS,Chrome,2025-02-18 20:34:19,2026-08-22 23:13:52
DEV006182,hash_1895f5dacc04cd6b,Linux,Chrome,2025-02-26 15:04:29,2026-08-30 14:06:05
DEV006183,hash_9a6bd971088befee,Android,Safari,2026-06-29 03:37:46,2026-08-18 20:41:18
DEV006184,hash_84f738848c789ee1,macOS,Edge,2025-06-23 01:56:21,2026-08-30 23:21:01
DEV006185,hash_f85e2283b851c114,Android,Edge,2025-12-11 08:30:53,2026-09-06 08:06:45
DEV006186,hash_f9e5cbb035372547,iOS,Edge,2025-09-18 04:30:57,2026-09-01 02:17:16
DEV006187,hash_4de07f104f3e2166,macOS,Firefox,2026-03-14 16:21:38,2026-08-24 03:54:35
DEV006188,hash_781241bcaa1af070,Linux,Safari,2025-04-27 05:24:38,2026-08-30 09:04:00
DEV006189,hash_5cf1fa619d319350,Windows,Chrome,2024-12-02 00:20:01,2026-09-11 22:24:45
DEV006190,hash_fde157367bfdf54a,macOS,Chrome,2025-01-16 07:21:54,2026-08-23 00:52:43
DEV006191,hash_d0eb4f87c971c143,Linux,Chrome,2025-01-18 23:34:20,2026-09-04 19:29:33
DEV006192,hash_32a4d31a9976dfa0,macOS,Chrome,2024-12-15 04:08:11,2026-09-10 11:56:47
DEV006193,hash_6a3289a4eb200237,Windows,Safari,2026-08-22 04:11:27,2026-09-04 13:04:40
DEV006194,hash_f3182320a374c6a4,Linux,Chrome,2025-01-15 02:48:25,2026-09-11 22:09:07
DEV006195,hash_491abb0c03b4e4d4,Windows,Edge,2025-11-17 04:15:34,2026-09-07 10:51:07
DEV006196,hash_3f3676d6d08a4229,Windows,Edge,2026-03-11 18:37:50,2026-08-29 07:25:41
DEV006197,hash_f61c16616f71b9ba,Linux,Safari,2026-03-04 02:06:06,2026-08-27 18:19:34
DEV006198,hash_ea06d23a4143da2f,macOS,Firefox,2024-12-11 05:26:16,2026-08-22 18:37:17
DEV006199,hash_f5dcdf5fb04c6cda,iOS,Edge,2026-08-21 08:40:46,2026-09-06 06:07:00
DEV006200,hash_8c91f81cc4a3165a,Android,Safari,2024-11-28 13:44:31,2026-08-17 13:38:42
DEV006201,hash_804ce722217a0200,Linux,Chrome,2024-12-28 11:59:23,2026-09-03 03:36:14
DEV006202,hash_54ede5c3a8c01450,macOS,Edge,2025-09-16 10:07:15,2026-09-03 01:45:50
DEV006203,hash_eb1ba9895842e17a,Android,Firefox,2025-09-19 13:56:04,2026-08-23 22:21:50
DEV006204,hash_8ad5810c7147d088,Windows,Edge,2026-05-03 00:44:12,2026-08-16 15:00:51
DEV006205,hash_172fa76c714a792c,Linux,Firefox,2025-12-13 11:20:49,2026-09-02 05:58:27
DEV006206,hash_71ef7d6cfa06ae19,Windows,Firefox,2026-09-07 06:15:58,2026-09-06 01:29:39
DEV006207,hash_4397028dd0b6ba75,Windows,Chrome,2025-12-12 11:24:30,2026-09-12 10:05:23
DEV006208,hash_d1c4ede49b31e68b,macOS,Safari,2025-02-02 09:52:16,2026-09-06 08:56:50
DEV006209,hash_36ddcbc19e74cb6a,Linux,Chrome,2026-08-09 13:23:28,2026-08-16 14:54:02
DEV006210,hash_2861d243652365bf,Windows,Chrome,2025-10-01 03:26:52,2026-09-12 04:06:58
DEV006211,hash_3d5fd7072659185b,Android,Edge,2025-06-08 05:40:47,2026-09-01 03:38:04
DEV006212,hash_64ae14a647c98691,Linux,Firefox,2024-11-19 04:57:24,2026-09-02 14:48:36
DEV006213,hash_ee2ab0b843e54ecf,iOS,Safari,2024-11-06 16:26:55,2026-08-24 06:15:37
DEV006214,hash_dff72df4c6477f74,iOS,Safari,2024-12-27 23:46:24,2026-08-30 05:24:47
DEV006215,hash_87448c23404a6772,macOS,Safari,2026-02-22 07:23:49,2026-09-03 18:21:42
DEV006216,hash_ff2abdf72d4308b0,Android,Firefox,2026-08-27 05:57:57,2026-08-22 21:55:47
DEV006217,hash_1a24bac7d1fbc164,Windows,Edge,2024-12-09 08:54:38,2026-08-25 05:26:28
DEV006218,hash_d2924791083dd6f7,iOS,Edge,2026-01-19 19:00:55,2026-08-31 05:24:25
DEV006219,hash_014ed36c104162d0,Linux,Chrome,2025-04-29 06:02:06,2026-08-19 16:33:10
DEV006220,hash_5482942735a6d5cc,Windows,Edge,2025-06-16 16:33:15,2026-09-13 22:05:37
DEV006221,hash_4a6dc41b9f34b145,macOS,Edge,2026-05-28 00:36:26,2026-09-08 16:11:29
DEV006222,hash_e79b186f002d55ff,Windows,Chrome,2024-09-26 13:40:43,2026-09-13 07:32:31
DEV006223,hash_7a18b38f36418a2e,macOS,Safari,2025-08-04 15:27:32,2026-08-23 20:44:07
DEV006224,hash_46b5595370f8c810,macOS,Edge,2025-06-24 20:21:55,2026-08-27 22:12:04
DEV006225,hash_e9fc4e25bc125ea2,Linux,Chrome,2025-02-10 07:49:01,2026-09-09 13:56:49
DEV006226,hash_bdde949ea835f6d1,Android,Edge,2025-04-19 20:24:25,2026-09-09 22:06:46
DEV006227,hash_2faee97814c098b8,iOS,Chrome,2026-08-17 13:14:40,2026-08-16 19:04:50
DEV006228,hash_56891531cfff52ca,Android,Firefox,2025-09-29 11:13:13,2026-08-31 02:55:27
DEV006229,hash_9315e61eba1e47dc,macOS,Safari,2026-08-18 17:53:32,2026-08-23 18:11:51
DEV006230,hash_59e4d312faa1ffb0,Linux,Edge,2024-10-24 13:48:09,2026-08-27 05:59:34
DEV006231,hash_80b18033b5cd1696,Android,Chrome,2026-03-12 06:47:24,2026-08-30 13:01:23
DEV006232,hash_c9af27940adb1073,Windows,Chrome,2025-04-06 13:02:06,2026-09-06 10:48:31
DEV006233,hash_856906255058dd61,Linux,Firefox,2025-08-16 11:00:46,2026-09-01 01:00:10
DEV006234,hash_377803943700e363,Windows,Firefox,2024-10-15 14:23:44,2026-08-28 21:38:37
DEV006235,hash_8b370113d857fa2c,macOS,Edge,2026-04-19 17:12:54,2026-09-06 21:28:36
DEV006236,hash_19b4f0b400533212,iOS,Safari,2026-02-08 08:32:57,2026-08-19 13:15:26
DEV006237,hash_bfcc1b3450cea9b7,Android,Chrome,2025-05-30 18:18:12,2026-09-11 10:02:49
DEV006238,hash_960c05cd2ad777bd,Windows,Edge,2024-10-08 13:05:46,2026-08-21 23:59:03
DEV006239,hash_ca318a9c3169f269,Linux,Chrome,2026-07-23 12:15:01,2026-08-16 04:12:24
DEV006240,hash_fdd422221b1e1933,Android,Chrome,2026-04-07 18:57:06,2026-09-12 12:07:11
DEV006241,hash_db06732e2f322e4d,Windows,Safari,2024-09-29 02:23:12,2026-08-30 08:26:57
DEV006242,hash_7737f7a7db2caffe,Android,Chrome,2025-07-06 20:28:12,2026-08-25 08:21:58
DEV006243,hash_5ff1be59e945c1a5,Linux,Chrome,2026-08-17 17:59:50,2026-09-07 11:29:48
DEV006244,hash_bf67898b62801582,Android,Safari,2025-07-06 08:16:30,2026-09-03 12:16:53
DEV006245,hash_9175d7299b8ab8d6,Linux,Chrome,2024-10-12 03:01:14,2026-08-28 18:40:09
DEV006246,hash_e9d120d7308fb47a,macOS,Safari,2026-03-09 10:35:06,2026-09-02 20:50:17
DEV006247,hash_e088c92b094339e0,Windows,Safari,2025-06-01 20:56:03,2026-09-02 11:06:43
DEV006248,hash_9359a8131eedacf0,Android,Firefox,2026-05-30 23:58:23,2026-09-09 12:58:12
DEV006249,hash_edbf6896d5541438,Linux,Edge,2026-07-09 05:00:01,2026-09-05 06:21:39
DEV006250,hash_702238e68841d98b,Android,Edge,2025-07-27 10:54:42,2026-09-01 06:22:29
DEV006251,hash_a90714a3cb821063,macOS,Chrome,2024-12-25 23:14:41,2026-09-01 11:09:50
DEV006252,hash_01fe513a7ba7ab23,Linux,Chrome,2026-03-26 17:33:38,2026-08-28 08:32:17
DEV006253,hash_4faa12c1a45acb19,Linux,Firefox,2025-11-17 05:24:18,2026-08-25 00:30:53
DEV006254,hash_d9c6ce2c98f23299,iOS,Firefox,2025-09-28 20:42:20,2026-08-29 07:54:06
DEV006255,hash_d5e867a3c04f8854,Linux,Safari,2025-04-09 07:22:56,2026-08-19 16:49:29
DEV006256,hash_7d8a9290046bf9fa,Android,Edge,2026-08-24 14:27:40,2026-09-06 11:54:27
DEV006257,hash_2758c48e156f4986,Linux,Firefox,2026-08-28 19:28:27,2026-08-19 18:33:35
DEV006258,hash_d01260a735210f6c,iOS,Chrome,2026-06-01 19:23:29,2026-08-31 02:58:41
DEV006259,hash_31d8ba9fc32d0d15,Windows,Safari,2026-07-15 07:22:52,2026-09-09 08:33:03
DEV006260,hash_f633507929c70a8b,iOS,Chrome,2026-08-10 23:31:31,2026-08-21 04:01:57
DEV006261,hash_df1cd28a900276b6,Windows,Chrome,2024-10-02 01:08:10,2026-08-21 21:30:34
DEV006262,hash_0d5a7f30aa6cf97b,iOS,Edge,2026-06-02 09:24:00,2026-08-20 20:29:16
DEV006263,hash_ad1cea98df6ea5c6,Android,Edge,2025-03-21 21:22:04,2026-08-19 06:27:55
DEV006264,hash_5cfbb0107efb9b2b,Linux,Safari,2025-01-29 17:45:50,2026-09-02 18:47:42
DEV006265,hash_278d47d262a6bf49,macOS,Safari,2024-11-03 15:10:22,2026-08-23 03:11:46
DEV006266,hash_01c487838a7881fe,macOS,Edge,2025-12-02 09:23:56,2026-08-27 03:49:38
DEV006267,hash_117bab101b310631,iOS,Edge,2026-05-12 03:33:35,2026-08-19 21:34:45
DEV006268,hash_f9f146b0c9fb75a0,iOS,Chrome,2026-07-17 00:36:07,2026-08-19 07:37:36
DEV006269,hash_3ac3f6a9a6508bf4,Android,Edge,2024-09-21 16:02:47,2026-08-16 07:25:59
DEV006270,hash_ff23dc1997875918,Windows,Chrome,2026-04-09 05:40:00,2026-09-01 05:13:01
DEV006271,hash_516881a16de852e4,macOS,Chrome,2026-07-22 01:11:47,2026-09-14 15:09:35
DEV006272,hash_1c33eea22b033fe6,Android,Edge,2024-11-07 20:16:34,2026-08-23 05:48:11
DEV006273,hash_d4dab8050c4e127f,Android,Chrome,2025-12-10 19:35:06,2026-09-07 00:35:38
DEV006274,hash_1f169d17e6331c81,iOS,Firefox,2026-01-17 06:59:34,2026-08-31 17:17:35
DEV006275,hash_adf6ce2fdff2ff43,Linux,Firefox,2026-05-17 18:48:06,2026-08-20 19:04:12
DEV006276,hash_0f2d73b932173c94,iOS,Safari,2026-01-02 23:17:19,2026-08-21 13:52:52
DEV006277,hash_956e71fb5b6ff793,Linux,Edge,2024-10-27 19:15:50,2026-08-22 09:22:50
DEV006278,hash_b87c142d94afe8b9,iOS,Chrome,2025-02-16 03:35:34,2026-08-19 14:19:09
DEV006279,hash_c9bc5d2c6ddf76ae,iOS,Firefox,2025-02-05 07:36:40,2026-08-20 02:36:31
DEV006280,hash_ca6c28291d7216bf,Windows,Safari,2026-03-26 01:28:42,2026-08-20 02:28:17
DEV006281,hash_6e3398cf999bc180,Linux,Chrome,2024-09-17 03:51:00,2026-09-05 16:12:43
DEV006282,hash_0529759dd8878f1d,Linux,Edge,2026-05-22 00:36:14,2026-08-26 23:19:08
DEV006283,hash_1b94ae15a21db63f,Linux,Edge,2025-02-24 11:00:47,2026-08-18 02:01:07
DEV006284,hash_8c2dbd72dc349f4d,Android,Safari,2026-03-25 01:42:24,2026-08-19 12:17:15
DEV006285,hash_07e53b1e5bfbc0fe,Windows,Firefox,2025-07-11 16:36:09,2026-08-31 05:03:53
DEV006286,hash_10aa899c16cc39dd,iOS,Chrome,2026-01-12 23:30:41,2026-09-10 08:29:03
DEV006287,hash_37974bebd7b140e2,macOS,Chrome,2025-02-10 19:17:22,2026-09-07 18:23:51
DEV006288,hash_1f58d3c584d473cc,macOS,Safari,2026-06-11 04:30:00,2026-08-25 05:38:13
DEV006289,hash_1a6c8913c6a63c6b,Linux,Chrome,2026-03-18 06:45:08,2026-09-08 16:49:58
DEV006290,hash_414ecf0240cfeb47,macOS,Chrome,2025-12-28 10:47:52,2026-08-24 16:32:50
DEV006291,hash_8a868900e05e8dcd,Android,Edge,2025-09-13 14:57:46,2026-08-29 15:23:03
DEV006292,hash_1a2a3a8ee8338ef3,Windows,Chrome,2026-04-05 09:36:04,2026-09-13 09:16:37
DEV006293,hash_c6406b52cdefeef2,Linux,Firefox,2026-07-18 01:10:05,2026-08-18 15:08:47
DEV006294,hash_6cc31b4a45eece4b,Linux,Safari,2025-08-23 21:20:54,2026-08-24 15:13:21
DEV006295,hash_47ce280a437c14e2,Linux,Safari,2025-10-13 10:18:18,2026-08-15 23:07:18
DEV006296,hash_d1fa64af07a367aa,macOS,Chrome,2024-11-14 23:19:13,2026-08-24 04:38:50
DEV006297,hash_ae1b545097330a45,Windows,Chrome,2025-02-14 18:01:24,2026-08-28 10:29:17
DEV006298,hash_d3e3ded469f9ff4e,iOS,Edge,2025-01-03 22:36:06,2026-09-10 23:14:24
DEV006299,hash_5729b73b4324805c,macOS,Edge,2025-12-05 03:06:53,2026-08-24 20:22:10
DEV006300,hash_8eb8711998185097,iOS,Safari,2026-03-11 20:34:37,2026-08-21 16:14:54
DEV006301,hash_a763735a924dbb78,Android,Edge,2026-03-14 02:39:25,2026-08-19 08:03:21
DEV006302,hash_2443cd7942052edf,Linux,Safari,2025-02-07 08:31:14,2026-08-24 17:41:34
DEV006303,hash_4e17b2ab140336b0,iOS,Chrome,2026-07-05 07:36:02,2026-08-31 06:13:50
DEV006304,hash_9ecbda144a54c35c,Windows,Edge,2026-04-24 14:26:36,2026-08-26 17:04:26
DEV006305,hash_dc014a6bee0ec269,macOS,Edge,2025-01-18 08:02:27,2026-09-03 19:35:15
DEV006306,hash_50f239832ddc3931,iOS,Safari,2026-01-20 15:02:20,2026-09-13 09:51:18
DEV006307,hash_67ff1b9f74427a18,macOS,Chrome,2025-05-02 15:29:54,2026-09-13 20:37:38
DEV006308,hash_99bef842e0cd99f1,Windows,Firefox,2025-07-31 09:44:21,2026-09-09 06:03:40
DEV006309,hash_1881836e0b7e51dd,macOS,Safari,2026-01-24 17:48:07,2026-08-29 12:17:05
DEV006310,hash_239473aa7ed081dc,Linux,Edge,2025-03-02 16:52:27,2026-09-05 08:42:06
DEV006311,hash_782b76f41f9b41d4,Windows,Edge,2025-03-28 02:17:21,2026-09-01 09:26:22
DEV006312,hash_84ccf931e3e004c5,Windows,Chrome,2026-04-08 09:54:00,2026-08-27 08:17:03
DEV006313,hash_f7517a85227f0556,macOS,Firefox,2025-10-31 06:25:50,2026-08-15 23:54:07
DEV006314,hash_ce7fd5509bd70f62,macOS,Edge,2026-02-04 19:23:19,2026-08-27 20:58:50
DEV006315,hash_1ef736ef15b59b61,macOS,Edge,2025-04-20 18:50:17,2026-08-23 11:39:08
DEV006316,hash_c4cb5c682319594f,Linux,Edge,2024-11-03 09:28:18,2026-08-18 15:33:29
DEV006317,hash_02044acf6f75793a,iOS,Safari,2024-11-01 22:36:20,2026-09-08 15:13:41
DEV006318,hash_85a7e99698c58871,iOS,Safari,2025-06-08 13:01:57,2026-08-18 14:08:30
DEV006319,hash_f0f463a9ced36e66,macOS,Edge,2026-01-08 15:00:05,2026-09-05 12:51:46
DEV006320,hash_a684ffed7bad8bc6,Android,Chrome,2024-11-15 06:39:07,2026-09-06 07:18:52
DEV006321,hash_5e9ca5c365556116,macOS,Firefox,2024-09-23 11:55:21,2026-08-19 22:33:48
DEV006322,hash_7f651d8ad6d4f7ef,macOS,Safari,2025-05-19 11:36:57,2026-09-13 04:59:50
DEV006323,hash_287bac090b785ac8,Android,Safari,2026-05-06 07:55:31,2026-09-02 04:55:14
DEV006324,hash_ef4c37d0d26567fd,macOS,Firefox,2026-03-10 09:19:31,2026-09-14 01:13:57
DEV006325,hash_1634647134cee146,iOS,Safari,2026-02-22 22:43:38,2026-08-18 20:31:13
DEV006326,hash_46052bf025e0a60e,iOS,Firefox,2025-11-30 06:55:27,2026-08-28 09:31:39
DEV006327,hash_26c0495057178768,Windows,Edge,2026-04-01 23:17:04,2026-08-31 03:30:09
DEV006328,hash_08aa29dad4c5be4f,Android,Safari,2025-08-30 07:31:26,2026-09-02 00:59:50
DEV006329,hash_d6403804bec0807e,Linux,Safari,2026-04-13 15:43:11,2026-09-07 23:31:46
DEV006330,hash_63f66d7399a6ee70,Android,Edge,2025-06-28 21:48:41,2026-09-08 21:57:10
DEV006331,hash_1ba5eb9b2e0447a7,Windows,Chrome,2025-05-05 09:15:32,2026-09-08 09:35:39
DEV006332,hash_c5d0a0ac56e81bc3,iOS,Chrome,2025-05-15 15:50:15,2026-09-11 03:48:19
DEV006333,hash_5c27af1ca03d6f69,iOS,Safari,2026-04-15 19:28:53,2026-08-24 21:27:51
DEV006334,hash_c47da2f032fff51f,Android,Firefox,2025-03-10 08:33:18,2026-09-13 03:56:15
DEV006335,hash_1e788e01b80fdca9,Linux,Safari,2025-01-24 15:35:00,2026-08-17 17:30:52
DEV006336,hash_eb2592b95f1873b1,macOS,Chrome,2026-03-04 18:53:45,2026-09-01 18:55:06
DEV006337,hash_9cd4a2865452b711,Linux,Firefox,2025-07-29 10:12:41,2026-09-07 05:27:57
DEV006338,hash_a9f425c249c4869a,iOS,Firefox,2026-07-29 16:09:45,2026-09-07 01:36:57
DEV006339,hash_207ae78426409626,Android,Chrome,2025-05-24 02:53:58,2026-09-04 05:34:36
DEV006340,hash_15cf7f1a9ac29486,iOS,Safari,2025-09-09 06:49:16,2026-09-07 04:49:21
DEV006341,hash_4215aa6eea9a5102,iOS,Chrome,2025-08-31 09:25:31,2026-08-23 01:39:24
DEV006342,hash_d07b9193caf6ee8b,Windows,Chrome,2025-01-02 12:51:47,2026-09-03 08:58:51
DEV006343,hash_dcb3debf47f2115a,Android,Edge,2025-08-06 02:06:14,2026-08-16 20:17:13
DEV006344,hash_38f230b1831204ff,Windows,Firefox,2026-07-24 12:53:21,2026-08-22 10:12:58
DEV006345,hash_d7c3ba39ae505fe7,macOS,Edge,2026-05-19 10:34:35,2026-08-31 00:46:32
DEV006346,hash_c3164e09977c547f,Linux,Firefox,2025-07-07 11:07:35,2026-08-22 21:48:39
DEV006347,hash_dfb5ff86b06dc0d5,Windows,Chrome,2025-07-21 09:56:31,2026-09-02 09:50:57
DEV006348,hash_2609d490c19e8315,Android,Chrome,2024-09-25 00:17:45,2026-09-05 17:51:25
DEV006349,hash_ee392fb76d55621b,Linux,Firefox,2026-05-21 20:32:50,2026-08-24 01:04:09
DEV006350,hash_17bd1f603a63d868,iOS,Edge,2025-01-09 11:48:38,2026-09-13 10:35:16
DEV006351,hash_f0b8f7f49f69d845,Linux,Chrome,2025-02-04 00:34:11,2026-08-26 04:34:55
DEV006352,hash_1beaa75a8093576f,Android,Chrome,2024-11-26 20:18:27,2026-08-16 10:51:39
DEV006353,hash_ae5a5d3ccdd42776,Linux,Edge,2025-07-15 02:27:03,2026-09-07 14:01:18
DEV006354,hash_dc8c456b268df887,Windows,Firefox,2025-01-08 14:34:53,2026-08-28 19:22:33
DEV006355,hash_688ce566f932520a,Windows,Edge,2025-06-03 04:15:27,2026-08-25 06:10:08
DEV006356,hash_c5b92e8884f20b1a,Linux,Edge,2024-10-01 00:24:11,2026-09-08 19:11:19
DEV006357,hash_37903886cf8e83fe,Windows,Safari,2025-07-15 19:58:43,2026-08-23 08:13:04
DEV006358,hash_79356bae8101dec7,macOS,Safari,2025-05-07 22:18:31,2026-09-11 07:46:49
DEV006359,hash_f1b479b8c6bbb861,Windows,Firefox,2025-04-17 20:22:57,2026-08-26 17:06:05
DEV006360,hash_3694bac06ac14433,Windows,Firefox,2025-02-08 17:05:50,2026-09-08 06:37:12
DEV006361,hash_bfbd8269320727ab,macOS,Firefox,2025-12-29 12:17:02,2026-09-08 21:18:09
DEV006362,hash_4f91a9ce50877a24,Windows,Firefox,2025-08-16 09:16:16,2026-09-05 18:42:11
DEV006363,hash_a3af5ce520d5bf28,Windows,Firefox,2026-07-07 15:09:59,2026-08-23 09:58:14
DEV006364,hash_1de3a9a053b20d16,Android,Edge,2025-09-27 16:57:43,2026-08-18 13:23:31
DEV006365,hash_86c1466cf851bd78,Linux,Firefox,2025-06-15 15:31:45,2026-08-20 19:16:42
DEV006366,hash_067647128db4b491,Windows,Chrome,2024-11-05 03:27:56,2026-08-31 08:25:03
DEV006367,hash_3fe11115fc22b9c7,Windows,Safari,2026-03-16 13:29:21,2026-09-07 19:09:43
DEV006368,hash_3afb94305d92f083,Linux,Firefox,2025-12-30 06:47:18,2026-08-29 16:51:01
DEV006369,hash_f651a5eb82c2c47f,macOS,Firefox,2025-01-02 01:35:00,2026-08-27 01:44:18
DEV006370,hash_fcacc79501d24fa4,Windows,Edge,2025-10-22 02:41:01,2026-09-08 15:35:15
DEV006371,hash_790a6959658ecb2a,macOS,Edge,2026-05-31 08:50:48,2026-08-26 03:53:41
DEV006372,hash_60fd344fea42cb51,Android,Firefox,2025-08-03 13:29:13,2026-09-08 11:14:52
DEV006373,hash_8bc579378a536fb5,macOS,Safari,2024-09-24 05:58:46,2026-08-30 14:37:15
DEV006374,hash_b4eed4435229f835,Linux,Edge,2026-01-17 16:25:11,2026-08-23 08:33:04
DEV006375,hash_b913d61f143b5685,iOS,Chrome,2025-06-04 03:50:39,2026-08-30 17:39:18
DEV006376,hash_78fece7fa03261c3,Windows,Firefox,2026-02-27 12:00:12,2026-09-05 11:35:03
DEV006377,hash_af1b90b5127f5138,iOS,Edge,2026-01-02 05:47:43,2026-08-21 13:43:42
DEV006378,hash_5c22e9c18e31aa5e,Linux,Firefox,2025-12-23 12:34:28,2026-08-21 22:33:38
DEV006379,hash_5f153b2b1a4c0d23,iOS,Edge,2025-10-30 13:23:24,2026-08-29 08:12:00
DEV006380,hash_1864630e20de77c5,Android,Edge,2025-06-06 02:45:34,2026-09-02 18:45:21
DEV006381,hash_4ba8221cd765cbd2,Android,Safari,2026-06-03 02:07:59,2026-08-21 21:03:08
DEV006382,hash_f466e6deca548687,Windows,Firefox,2025-06-28 05:29:03,2026-09-12 02:25:14
DEV006383,hash_a2b4bce100f88e18,Android,Chrome,2025-09-16 23:21:19,2026-08-18 17:18:43
DEV006384,hash_633fa225ce2622a3,Android,Safari,2024-09-27 22:22:49,2026-09-06 08:38:59
DEV006385,hash_4941831cec069596,Windows,Firefox,2025-06-28 13:42:17,2026-09-04 21:36:25
DEV006386,hash_c9d819bf9743fafe,Linux,Edge,2025-03-24 08:03:58,2026-08-25 19:48:00
DEV006387,hash_4e4ee13dee6e8127,Windows,Edge,2025-05-25 13:03:58,2026-08-26 23:44:29
DEV006388,hash_456ebc274fd7ecd2,iOS,Firefox,2026-08-22 02:35:58,2026-08-30 19:53:53
DEV006389,hash_985c5a3111b25788,Linux,Edge,2026-01-19 12:27:57,2026-09-07 18:33:53
DEV006390,hash_cf8ee3cd18c053dd,Android,Safari,2026-05-18 07:22:32,2026-08-29 06:36:31
DEV006391,hash_3a22052f3a0e5cb8,iOS,Safari,2025-11-19 06:07:00,2026-09-01 04:46:37
DEV006392,hash_94a41039c915f031,macOS,Firefox,2025-12-06 12:24:10,2026-08-31 17:28:47
DEV006393,hash_6ea077a79f49e457,Linux,Edge,2026-03-10 14:03:08,2026-08-25 02:13:57
DEV006394,hash_179cb4b9074b25ed,Android,Chrome,2026-08-15 16:03:25,2026-08-21 19:53:11
DEV006395,hash_34bdd8b7bf0e489d,Windows,Firefox,2025-05-22 03:38:36,2026-09-12 10:30:53
DEV006396,hash_4d30ef2c4b63e19a,Linux,Edge,2026-08-23 01:37:00,2026-08-26 18:29:06
DEV006397,hash_bd2816675d428a45,Linux,Safari,2026-03-18 04:16:40,2026-09-13 10:28:07
DEV006398,hash_8d3247a3d0502584,macOS,Chrome,2025-12-31 12:02:43,2026-08-27 03:54:43
DEV006399,hash_87dad815bbd1414b,Linux,Chrome,2026-06-07 21:39:54,2026-08-27 17:59:15
DEV006400,hash_eebe508ed67e9e34,macOS,Edge,2025-09-28 16:11:06,2026-09-12 00:03:21
DEV006401,hash_f2b219fc0dbe742b,iOS,Chrome,2025-09-14 01:04:05,2026-08-16 14:21:56
DEV006402,hash_929ba6f85dc98246,Linux,Firefox,2025-05-15 15:33:53,2026-09-09 11:04:41
DEV006403,hash_9b64a4b57fc7b581,Windows,Firefox,2026-07-30 06:12:32,2026-08-20 07:07:40
DEV006404,hash_6fe61bfa74d2feb6,iOS,Firefox,2025-07-09 13:11:49,2026-08-22 20:36:45
DEV006405,hash_e72c78907db512b3,Windows,Chrome,2026-01-11 13:07:23,2026-08-31 06:31:16
DEV006406,hash_eb79a7b1f3dc284b,iOS,Firefox,2024-11-16 07:55:51,2026-09-10 08:22:12
DEV006407,hash_29016ef31e161cb2,iOS,Firefox,2025-09-30 12:02:23,2026-09-07 02:50:17
DEV006408,hash_def62ab73aa711b5,Linux,Safari,2025-12-26 05:31:12,2026-08-28 13:41:13
DEV006409,hash_8e870678439809a1,Android,Edge,2024-11-05 03:49:36,2026-09-06 11:27:14
DEV006410,hash_4a32ce2503871743,macOS,Firefox,2025-07-13 18:28:40,2026-08-25 00:50:20
DEV006411,hash_1e1eece0af8e1eb7,Windows,Firefox,2026-05-21 18:48:13,2026-08-29 01:34:28
DEV006412,hash_6576b940cc2c9e08,Linux,Edge,2026-03-21 03:09:57,2026-08-22 14:28:13
DEV006413,hash_75b787a44f457b51,macOS,Edge,2025-06-23 17:38:33,2026-08-18 12:31:51
DEV006414,hash_01a1f7da417e9ecb,macOS,Chrome,2025-09-17 03:31:44,2026-08-27 15:03:33
DEV006415,hash_6716a5cf389f41c4,macOS,Edge,2025-03-06 15:28:51,2026-08-15 19:19:24
DEV006416,hash_ff7e0cbedc1099a1,Windows,Edge,2025-05-26 07:57:51,2026-09-01 22:43:58
DEV006417,hash_00f491a503349f81,macOS,Edge,2026-06-16 20:19:05,2026-09-08 01:58:52
DEV006418,hash_b7907fb4f65ce643,iOS,Firefox,2025-11-24 14:24:33,2026-08-22 18:00:30
DEV006419,hash_fe1285e9dad4a6f3,Linux,Firefox,2026-05-15 21:10:47,2026-08-28 21:33:06
DEV006420,hash_dd8e877b1ec1e6f0,iOS,Firefox,2025-05-20 18:08:36,2026-09-08 04:28:47
DEV006421,hash_94be482c1ef4c29e,iOS,Edge,2025-05-16 04:46:02,2026-09-14 00:22:31
DEV006422,hash_f558d6eadd7e8333,Linux,Firefox,2026-08-01 04:32:20,2026-09-10 16:36:45
DEV006423,hash_8e3b9ad77b132d39,Windows,Edge,2025-02-16 13:36:13,2026-08-24 19:01:45
DEV006424,hash_6d39b3262237c214,Windows,Firefox,2026-09-01 15:25:58,2026-09-13 16:00:20
DEV006425,hash_34bbcaa0994430b6,iOS,Chrome,2025-12-28 03:46:52,2026-08-21 11:59:54
DEV006426,hash_4ca32449e803f44a,Windows,Edge,2025-05-01 18:59:39,2026-08-18 14:19:37
DEV006427,hash_2a85835891e64a90,Android,Edge,2026-04-08 10:51:51,2026-08-25 02:53:28
DEV006428,hash_a8fe781266a0826e,macOS,Chrome,2025-10-25 19:02:03,2026-09-09 03:07:09
DEV006429,hash_45ee15b3e32f8cf9,Linux,Safari,2025-04-21 13:36:44,2026-08-27 16:58:15
DEV006430,hash_3b4afedffd10c3f3,Android,Firefox,2026-05-21 08:08:09,2026-09-02 21:50:53
DEV006431,hash_409b9de533cf79ba,Windows,Firefox,2025-08-08 17:22:33,2026-08-16 04:28:54
DEV006432,hash_570da126ff9c7805,Linux,Safari,2025-05-03 18:40:06,2026-08-28 07:50:20
DEV006433,hash_e0d70d92940a078b,Linux,Chrome,2025-02-19 19:33:22,2026-08-22 15:36:27
DEV006434,hash_f772396b1cca83e9,Linux,Safari,2025-05-02 04:00:47,2026-08-16 21:13:25
DEV006435,hash_dc36f51efb401b2d,macOS,Safari,2024-10-06 13:30:46,2026-09-05 02:45:35
DEV006436,hash_276ddecf191ba3ae,Windows,Firefox,2024-11-14 07:30:02,2026-09-02 13:15:11
DEV006437,hash_0772650a1e4c4c48,macOS,Firefox,2025-09-10 07:20:46,2026-08-22 19:44:59
DEV006438,hash_8ead324277ba0b10,Android,Edge,2025-08-27 03:03:35,2026-09-03 04:51:03
DEV006439,hash_b5201288c1d411d4,Android,Safari,2025-11-19 11:07:26,2026-08-23 06:39:33
DEV006440,hash_b5d79e8e8f21e8ec,iOS,Edge,2025-12-19 10:19:13,2026-09-06 05:13:33
DEV006441,hash_a03c3b65409e9d63,Linux,Chrome,2026-04-26 06:59:40,2026-08-30 21:42:14
DEV006442,hash_b075cbde154a3322,macOS,Safari,2024-12-06 20:45:21,2026-08-28 22:28:38
DEV006443,hash_5980395c945285ec,Windows,Safari,2025-09-03 07:38:38,2026-08-29 01:16:13
DEV006444,hash_ee9ae203929d867a,Windows,Firefox,2025-02-14 19:08:43,2026-09-14 02:26:21
DEV006445,hash_9f66f6b712c09c2f,iOS,Edge,2025-09-01 06:59:41,2026-08-29 11:32:19
DEV006446,hash_c134618f92e51992,iOS,Chrome,2025-01-18 16:56:33,2026-09-13 03:03:54
DEV006447,hash_c3580e4c35651761,macOS,Firefox,2024-12-23 00:19:29,2026-08-31 07:51:34
DEV006448,hash_b0791390e8dae31a,macOS,Safari,2024-09-27 08:19:58,2026-08-21 16:08:14
DEV006449,hash_7f1d8e4b9381e15a,iOS,Edge,2024-10-24 21:29:26,2026-08-31 12:12:37
DEV006450,hash_761240396655f4f8,macOS,Edge,2025-11-17 08:59:34,2026-09-07 19:37:46
DEV006451,hash_7cf52bcc79eaed2a,Windows,Firefox,2025-06-27 15:35:11,2026-08-22 12:55:12
DEV006452,hash_c9cee1785c62a247,Linux,Edge,2025-05-17 01:16:52,2026-09-02 20:42:23
DEV006453,hash_356808091268358f,Windows,Chrome,2025-11-15 11:21:32,2026-08-16 21:26:07
DEV006454,hash_41c02d977c4b7336,Linux,Chrome,2026-01-15 15:36:42,2026-09-05 17:42:54
DEV006455,hash_5896788895b70a31,iOS,Chrome,2026-01-29 04:40:45,2026-08-31 09:07:06
DEV006456,hash_8c37c218f5be2d0e,Linux,Safari,2025-07-18 09:36:11,2026-08-24 07:08:57
DEV006457,hash_6eaeb0022ddd2e33,macOS,Firefox,2025-05-25 20:42:23,2026-09-14 10:03:30
DEV006458,hash_3352eb6c31262a60,Linux,Chrome,2026-06-25 13:46:56,2026-08-17 08:00:04
DEV006459,hash_cfb8a551adf8bf95,macOS,Edge,2026-01-27 02:12:38,2026-08-29 09:22:44
DEV006460,hash_5d0280d21d6f6d42,Android,Chrome,2025-05-23 20:18:28,2026-09-12 02:45:27
DEV006461,hash_1332ee00180ede37,Android,Firefox,2026-04-24 18:16:02,2026-09-12 06:09:04
DEV006462,hash_1b3400a69c1b2b3f,Windows,Safari,2024-10-14 18:22:11,2026-09-09 11:56:58
DEV006463,hash_f78e736186939b96,Android,Safari,2024-10-27 13:32:12,2026-08-22 01:24:07
DEV006464,hash_2ef52e8548768b92,iOS,Edge,2025-10-04 22:58:09,2026-08-18 18:11:21
DEV006465,hash_40490600f8c93397,macOS,Firefox,2026-09-04 03:49:22,2026-08-18 22:52:08
DEV006466,hash_13180d78c215821f,Windows,Chrome,2024-12-31 20:23:03,2026-08-23 00:21:28
DEV006467,hash_00a62f7b1647a849,Linux,Edge,2024-12-02 14:23:03,2026-09-10 00:50:58
DEV006468,hash_ccdbbda218e54c3a,macOS,Safari,2025-01-19 01:54:08,2026-08-27 01:34:36
DEV006469,hash_75d4353ed3552ef4,Linux,Chrome,2024-11-24 12:37:46,2026-09-02 03:33:56
DEV006470,hash_d6d8cd814fd67609,Linux,Chrome,2025-06-18 12:43:08,2026-09-01 01:44:55
DEV006471,hash_fb329ae357b667f2,macOS,Firefox,2024-11-16 05:09:15,2026-09-04 16:31:43
DEV006472,hash_a956ca1787c2c2e3,Android,Edge,2025-06-08 00:54:46,2026-08-19 00:49:43
DEV006473,hash_9cf3eab87445c124,Linux,Edge,2025-10-01 16:17:08,2026-09-04 02:27:07
DEV006474,hash_aa9313da7637dd64,iOS,Edge,2025-11-11 13:51:31,2026-08-18 16:10:35
DEV006475,hash_2e77420b73bc35a3,Android,Edge,2025-10-26 16:58:40,2026-09-04 20:51:08
DEV006476,hash_0b88b15d1e407c23,iOS,Firefox,2026-01-25 16:36:50,2026-09-03 21:07:41
DEV006477,hash_2e63670b75440677,macOS,Safari,2026-03-07 16:16:44,2026-08-23 04:20:08
DEV006478,hash_acb456d33945c74b,iOS,Chrome,2025-11-13 21:31:27,2026-08-20 00:00:37
DEV006479,hash_824865e65d242ff6,macOS,Edge,2026-06-08 17:05:39,2026-08-25 17:14:06
DEV006480,hash_2881dc4ffb1d4c01,Windows,Safari,2025-08-28 12:51:27,2026-08-23 09:05:05
DEV006481,hash_fbf323d89ed5cdbb,macOS,Chrome,2024-12-12 16:38:45,2026-08-28 07:34:02
DEV006482,hash_d820c738aa217581,Windows,Safari,2025-03-09 19:13:03,2026-08-27 06:31:49
DEV006483,hash_ae9921dbea3dcbd2,macOS,Firefox,2024-10-28 01:44:48,2026-09-11 17:30:56
DEV006484,hash_c4aa1dff282e4148,macOS,Edge,2024-10-02 23:50:11,2026-08-18 04:54:48
DEV006485,hash_1e58f6e601d2289d,Android,Safari,2026-01-26 12:49:06,2026-08-26 14:30:56
DEV006486,hash_ad8632d14ee9c3bf,Linux,Chrome,2025-09-20 23:44:05,2026-08-17 17:09:34
DEV006487,hash_f70e6207d562ab4a,macOS,Edge,2024-10-16 22:27:41,2026-08-26 06:55:14
DEV006488,hash_a016f69f34a25407,iOS,Edge,2026-04-26 08:13:41,2026-08-26 22:50:28
DEV006489,hash_d131276b012d9ebf,Linux,Edge,2025-01-10 17:29:21,2026-08-22 08:10:00
DEV006490,hash_571ffabd820abe75,macOS,Edge,2025-10-07 23:48:21,2026-08-31 03:57:46
DEV006491,hash_10160de4c11b6ce1,Android,Safari,2025-05-23 00:28:30,2026-09-03 11:15:56
DEV006492,hash_9ade04deac6dca52,macOS,Firefox,2026-04-24 08:25:09,2026-09-03 20:55:00
DEV006493,hash_58c5d8c0f11770f9,Linux,Edge,2024-09-29 03:11:56,2026-09-09 10:14:48
DEV006494,hash_f7ddb1c3fc7ed140,macOS,Safari,2026-05-01 18:53:02,2026-08-29 17:13:13
DEV006495,hash_3668e63fd44b843c,iOS,Edge,2025-10-01 12:01:38,2026-08-16 19:09:39
DEV006496,hash_4583c51746183169,macOS,Chrome,2026-02-16 07:16:44,2026-09-04 19:12:17
DEV006497,hash_61f73d232b1037f3,iOS,Firefox,2025-11-15 09:34:07,2026-08-18 22:56:49
DEV006498,hash_6546ea627d70c952,macOS,Edge,2024-10-15 08:19:26,2026-08-25 08:55:40
DEV006499,hash_cd4ace29e290b957,Windows,Edge,2025-12-16 04:28:00,2026-08-17 09:42:56
DEV006500,hash_df335e9acef83c01,Windows,Safari,2025-02-23 09:14:33,2026-08-26 19:09:35
DEV006501,hash_71c776d784ab8be3,macOS,Edge,2025-12-10 19:17:30,2026-09-08 12:21:51
DEV006502,hash_42605e089e78209e,Linux,Safari,2024-09-19 17:34:33,2026-09-01 14:49:30
DEV006503,hash_714f75c4f8f248a1,Android,Safari,2026-03-13 07:11:51,2026-08-19 13:42:13
DEV006504,hash_d78aa4e95a846e02,iOS,Safari,2025-12-09 21:44:34,2026-09-02 12:39:17
DEV006505,hash_717f8b70da8a094c,Windows,Safari,2025-10-14 15:27:52,2026-08-23 15:02:55
DEV006506,hash_093c7786a5d48c65,iOS,Safari,2025-07-19 16:14:44,2026-08-25 23:40:15
DEV006507,hash_c64fa55b060544c1,Windows,Firefox,2025-01-10 10:30:03,2026-09-10 16:31:09
DEV006508,hash_7ec27a2f7153b57a,iOS,Chrome,2024-09-19 21:15:32,2026-08-29 07:38:27
DEV006509,hash_b997f6ec8f24fdd2,Windows,Edge,2025-04-08 12:15:35,2026-09-11 15:51:32
DEV006510,hash_e0e50bc4509814a6,iOS,Safari,2025-07-01 21:42:52,2026-09-09 10:59:02
DEV006511,hash_e0a5c214553029b3,Android,Firefox,2025-07-12 20:54:56,2026-08-23 10:01:13
DEV006512,hash_ce02c11770e08b47,Windows,Safari,2026-06-24 14:27:45,2026-08-25 10:37:50
DEV006513,hash_dded21d78dd0b121,Android,Edge,2026-04-22 23:01:16,2026-09-14 03:41:34
DEV006514,hash_01ddd9108664e5a3,Windows,Firefox,2025-04-01 05:37:06,2026-08-31 21:28:12
DEV006515,hash_3746057788376d40,iOS,Safari,2025-02-13 05:42:31,2026-08-31 12:48:59
DEV006516,hash_6725583decc716cb,Linux,Firefox,2026-08-12 14:50:22,2026-08-28 07:05:10
DEV006517,hash_b8bbcc542fc068d2,Linux,Chrome,2025-07-16 03:26:43,2026-08-21 10:36:23
DEV006518,hash_683682373f679b26,Linux,Edge,2026-02-01 09:44:54,2026-08-29 12:15:35
DEV006519,hash_f9dc4eae4d8dba8d,Linux,Chrome,2025-08-30 23:36:29,2026-08-17 01:20:27
DEV006520,hash_eb36b206b2562cfc,Windows,Chrome,2025-08-26 05:46:40,2026-09-13 22:44:26
DEV006521,hash_38ae639b7987280d,macOS,Firefox,2026-02-02 03:22:58,2026-09-09 12:03:44
DEV006522,hash_f7b3ffde0e2c3dc4,Windows,Chrome,2026-05-05 06:23:49,2026-09-04 08:25:48
DEV006523,hash_0055b7d85a0c2aac,macOS,Firefox,2025-02-20 02:04:52,2026-08-24 15:06:39
DEV006524,hash_cf9072f12d3ac36b,Windows,Chrome,2024-12-10 17:00:18,2026-08-17 16:18:13
DEV006525,hash_1a75c92850711ea9,Android,Firefox,2025-07-12 02:52:33,2026-08-20 20:06:54
DEV006526,hash_5c682594685936ef,Linux,Firefox,2026-04-14 03:17:29,2026-08-25 15:17:16
DEV006527,hash_887043d0de8dace1,macOS,Edge,2025-02-16 15:10:30,2026-09-12 08:06:19
DEV006528,hash_33bc3c0734bacebe,Windows,Edge,2026-04-08 14:44:06,2026-08-30 03:40:18
DEV006529,hash_47f84f47779f9a7b,macOS,Safari,2026-06-23 03:10:51,2026-08-26 01:29:35
DEV006530,hash_fbc35bfeb1106dd8,macOS,Edge,2026-08-03 20:38:24,2026-09-13 10:57:43
DEV006531,hash_098f4aebbedd7a60,iOS,Firefox,2026-06-11 10:16:01,2026-08-30 09:13:06
DEV006532,hash_db6bac7ad9cbb4b4,iOS,Edge,2025-06-21 12:37:26,2026-09-07 04:06:31
DEV006533,hash_d27e104732522675,Linux,Edge,2024-10-26 09:43:50,2026-08-26 19:30:51
DEV006534,hash_1c8899b243b368c5,Windows,Firefox,2025-11-28 11:01:56,2026-08-27 21:45:17
DEV006535,hash_0dbe592fc855d334,Linux,Safari,2025-03-01 13:48:14,2026-09-09 11:14:24
DEV006536,hash_d0d2cba5d1730c9a,Android,Chrome,2024-10-02 16:08:37,2026-08-30 16:49:39
DEV006537,hash_16bace62e08b50b7,Android,Firefox,2024-09-23 18:39:34,2026-08-26 03:55:04
DEV006538,hash_7d3e6058a0d74e74,macOS,Chrome,2026-06-20 12:52:20,2026-08-24 10:33:07
DEV006539,hash_cddfa8d77ba1df41,Linux,Chrome,2026-07-14 10:28:54,2026-08-31 20:49:30
DEV006540,hash_dfb4cac0ae9b9636,Linux,Safari,2025-02-21 10:56:21,2026-09-08 21:50:01
DEV006541,hash_6449155b1d6fa2e4,Windows,Safari,2026-03-27 08:56:22,2026-09-03 12:29:05
DEV006542,hash_e193310e9786b301,macOS,Edge,2026-03-27 09:26:46,2026-08-31 13:10:00
DEV006543,hash_a243d59d90d70dfb,macOS,Firefox,2025-09-04 19:49:43,2026-09-03 15:01:40
DEV006544,hash_324185a884b3df55,iOS,Chrome,2025-12-25 14:51:11,2026-08-23 16:18:17
DEV006545,hash_16526a596d577ccc,Windows,Safari,2026-08-30 09:33:19,2026-09-08 12:37:02
DEV006546,hash_e3b2c3ab3707ce65,Windows,Edge,2025-09-22 03:22:03,2026-09-11 21:10:48
DEV006547,hash_a7c1ca53dcb9dc82,Windows,Safari,2025-12-21 16:17:34,2026-08-29 12:12:51
DEV006548,hash_f24c8983b4b0426b,macOS,Firefox,2026-05-24 16:10:45,2026-08-27 17:18:39
DEV006549,hash_5765902adae221e8,Android,Safari,2024-11-13 12:11:48,2026-09-14 13:53:22
DEV006550,hash_c1e50b4eab2eb4f9,iOS,Edge,2024-12-06 11:44:49,2026-08-15 16:04:53
DEV006551,hash_2f8bf7b6081dc650,macOS,Chrome,2026-07-08 11:22:46,2026-08-17 04:07:00
DEV006552,hash_674af7ebb9e83055,Linux,Edge,2026-01-08 04:24:04,2026-08-18 02:03:10
DEV006553,hash_6ec64a045588e5c9,macOS,Chrome,2026-07-11 22:58:41,2026-08-16 04:49:44
DEV006554,hash_15cf6f1c7b1b4da9,Linux,Chrome,2025-04-15 04:17:18,2026-08-15 15:46:37
DEV006555,hash_28f08e03f10230ac,Linux,Firefox,2025-05-07 20:53:59,2026-09-06 06:17:57
DEV006556,hash_e20f50fd3d3949cb,macOS,Chrome,2025-07-07 10:26:50,2026-09-12 05:39:47
DEV006557,hash_37ea76eedcd99a8e,Linux,Chrome,2025-01-16 01:18:10,2026-08-20 09:03:01
DEV006558,hash_3006c430209bb693,macOS,Edge,2024-10-25 18:15:49,2026-09-02 12:34:30
DEV006559,hash_5d29915e40e8e3bc,Linux,Safari,2025-02-28 09:53:24,2026-08-24 22:02:50
DEV006560,hash_ac137205f5bf829e,Android,Firefox,2025-08-08 20:37:32,2026-09-02 18:08:02
DEV006561,hash_e9d2fa12e8c31491,iOS,Edge,2024-11-12 06:50:37,2026-08-29 05:57:53
DEV006562,hash_ef6791b669461a1f,Linux,Edge,2025-08-04 10:46:06,2026-08-16 17:51:27
DEV006563,hash_559f923f024c9d9c,Linux,Chrome,2025-05-03 05:29:14,2026-08-17 08:32:08
DEV006564,hash_942ae6d07d416061,Android,Chrome,2026-08-13 01:54:16,2026-08-21 11:39:55
DEV006565,hash_cd7a1d02a0c28b32,macOS,Safari,2025-05-06 18:52:06,2026-08-22 13:01:10
DEV006566,hash_e2ee3c761e7db38a,Android,Edge,2025-04-06 05:48:26,2026-09-06 20:07:31
DEV006567,hash_0a73c838446f9dd4,macOS,Chrome,2026-09-06 15:02:48,2026-08-25 14:13:09
DEV006568,hash_747f61e7f732bc85,Linux,Firefox,2024-12-16 15:16:01,2026-08-17 03:08:48
DEV006569,hash_89b0026bc2e7f436,Windows,Edge,2026-07-29 22:03:05,2026-09-07 18:56:04
DEV006570,hash_bb1280a987e9974d,Windows,Firefox,2025-01-27 18:40:38,2026-08-16 08:28:41
DEV006571,hash_02b8a68fce374129,iOS,Safari,2024-12-10 15:00:56,2026-08-19 20:04:27
DEV006572,hash_d767a1fc847dcdd6,Windows,Edge,2026-03-31 03:39:56,2026-08-27 01:19:52
DEV006573,hash_6ecfe167368b8a84,Windows,Safari,2025-09-02 18:37:12,2026-09-12 19:15:19
DEV006574,hash_adab3072b0aa6363,Android,Safari,2026-03-07 22:28:02,2026-09-11 17:14:11
DEV006575,hash_43276984e0ad133d,Linux,Firefox,2025-04-14 07:50:35,2026-08-28 18:25:00
DEV006576,hash_2f48ae687aad6e8a,Linux,Chrome,2024-10-01 16:46:31,2026-09-11 23:58:38
DEV006577,hash_028835d69d45543d,iOS,Chrome,2025-09-21 18:58:05,2026-08-18 17:29:49
DEV006578,hash_73a1b59eddeb478a,Linux,Firefox,2026-04-05 07:09:52,2026-08-23 02:22:03
DEV006579,hash_a9c8cdb2cab76183,macOS,Safari,2025-02-28 13:00:07,2026-08-18 19:40:49
DEV006580,hash_bd46825c3ee67d5f,Android,Edge,2025-07-19 22:54:32,2026-09-02 23:29:53
DEV006581,hash_be8445f67e11108a,Linux,Safari,2024-10-07 09:35:14,2026-08-17 11:03:43
DEV006582,hash_9fc9eda8bf013ce6,Linux,Safari,2025-10-05 12:53:27,2026-09-05 15:39:02
DEV006583,hash_42d6f44cf2baf696,Windows,Chrome,2026-06-21 04:58:43,2026-09-07 06:20:52
DEV006584,hash_8fdd267e8d02ecf7,Linux,Safari,2025-07-31 12:23:29,2026-08-24 03:40:57
DEV006585,hash_be102cfeff1ba3e0,Linux,Firefox,2024-09-24 11:35:57,2026-09-12 15:44:27
DEV006586,hash_332cd7780621e9e2,iOS,Chrome,2026-08-12 05:08:45,2026-08-17 19:04:08
DEV006587,hash_a0576129760f1514,Windows,Edge,2026-02-06 04:20:39,2026-08-18 17:10:42
DEV006588,hash_d840fd58014cd941,Windows,Firefox,2026-05-04 21:22:54,2026-08-29 06:56:54
DEV006589,hash_9e8b59076c5f0fe7,Linux,Chrome,2026-03-19 13:46:25,2026-08-29 07:49:02
DEV006590,hash_be437af51fcb6f4f,Windows,Firefox,2026-03-26 12:58:11,2026-09-07 22:02:27
DEV006591,hash_d55a082b34ebc644,Android,Firefox,2025-02-18 14:49:20,2026-08-28 15:10:30
DEV006592,hash_f294ab2e9b67bd94,Linux,Edge,2024-10-03 03:20:06,2026-08-28 20:37:31
DEV006593,hash_32222749618f996a,iOS,Chrome,2026-07-23 11:20:49,2026-08-24 18:52:59
DEV006594,hash_99b3a18cf59ae4db,iOS,Firefox,2025-03-15 13:34:48,2026-09-06 09:42:40
DEV006595,hash_d985084a5bb412ae,macOS,Safari,2026-06-05 14:20:17,2026-08-15 18:02:10
DEV006596,hash_f813ddba43c5d121,Android,Firefox,2026-02-01 04:31:16,2026-08-17 19:10:23
DEV006597,hash_70aec6f107839655,Linux,Chrome,2026-07-24 15:51:20,2026-09-11 23:57:20
DEV006598,hash_5a6c995ccda185a5,Windows,Chrome,2026-06-25 01:05:26,2026-09-05 18:58:45
DEV006599,hash_2e148440cde74c07,macOS,Firefox,2025-11-22 07:43:29,2026-09-08 08:56:31
DEV006600,hash_29d17687eca4eade,Android,Chrome,2026-05-22 07:31:15,2026-08-26 21:30:26
DEV006601,hash_ddcb32bb255e41b2,Linux,Safari,2026-03-23 23:25:30,2026-08-17 22:52:05
DEV006602,hash_17ea3df9370a5c57,Linux,Safari,2025-04-24 17:18:43,2026-09-02 07:53:50
DEV006603,hash_05a13ea1011efe1e,Windows,Firefox,2024-11-21 20:26:23,2026-09-13 16:32:37
DEV006604,hash_14111c2b33528551,Linux,Firefox,2025-06-26 11:09:40,2026-09-06 19:20:40
DEV006605,hash_09faba0bb324ffc8,macOS,Firefox,2026-06-13 15:28:03,2026-09-07 14:14:22
DEV006606,hash_e897c1c6cec88e0d,Android,Safari,2025-11-11 04:09:12,2026-08-23 14:43:02
DEV006607,hash_dfde557b8741a69f,Android,Chrome,2025-07-01 02:27:21,2026-09-02 16:19:46
DEV006608,hash_3ccdb4f3910db5e5,Android,Safari,2026-04-01 05:34:09,2026-09-11 09:45:20
DEV006609,hash_87db14f34c1d46c4,Windows,Edge,2025-11-08 04:52:26,2026-08-22 17:30:50
DEV006610,hash_ea4bea0237af0808,Linux,Safari,2025-05-21 06:44:12,2026-09-01 11:48:11
DEV006611,hash_c1a924bd7186ec57,macOS,Edge,2025-07-27 07:18:24,2026-08-24 02:26:50
DEV006612,hash_345eee44e28dcfb3,Linux,Firefox,2025-12-08 20:10:40,2026-09-04 03:52:22
DEV006613,hash_d4be3b3f45596414,Windows,Safari,2025-06-30 04:52:39,2026-09-07 08:25:28
DEV006614,hash_86b96a2a3c988376,Android,Safari,2025-06-11 00:56:36,2026-08-29 20:29:40
DEV006615,hash_15ab577ddba748a7,Linux,Firefox,2025-01-06 20:19:41,2026-09-08 15:54:46
DEV006616,hash_2534faaa7c6bc671,iOS,Firefox,2026-02-21 00:24:23,2026-09-10 23:33:17
DEV006617,hash_ee8a4a656fc469f7,Windows,Firefox,2025-07-27 22:40:10,2026-09-02 03:34:46
DEV006618,hash_5ae3a07a963dde79,Android,Safari,2025-08-15 11:55:43,2026-08-19 20:28:56
DEV006619,hash_deee3ce82f4643a2,Windows,Safari,2025-12-25 21:10:15,2026-08-27 22:45:57
DEV006620,hash_778fcc0da5826b3d,macOS,Chrome,2026-08-02 09:35:53,2026-08-22 08:07:48
DEV006621,hash_e7bf5cb05627b6ad,Windows,Chrome,2025-05-30 16:09:49,2026-09-02 01:38:43
DEV006622,hash_0dbb31a43e61b48d,Linux,Chrome,2026-01-28 12:34:11,2026-09-07 07:20:32
DEV006623,hash_6c58456e933f7d2f,Linux,Safari,2025-08-30 07:11:04,2026-09-10 19:59:36
DEV006624,hash_4da72051d84fb1fe,Windows,Edge,2026-07-15 13:21:42,2026-08-23 15:09:42
DEV006625,hash_1a72caee633f0965,Windows,Chrome,2026-08-06 06:13:07,2026-08-17 17:34:48
DEV006626,hash_b5674b5fd3162db9,Windows,Safari,2025-06-07 22:41:17,2026-09-09 05:42:35
DEV006627,hash_bd4ca96c95cfe765,Android,Safari,2026-08-28 10:34:27,2026-08-22 16:45:43
DEV006628,hash_07cb80ecbcb234e2,Linux,Firefox,2025-12-23 06:32:53,2026-09-01 05:49:01
DEV006629,hash_415bd7d1a78738ea,Windows,Edge,2025-11-07 18:30:35,2026-08-23 09:30:47
DEV006630,hash_4a5cf385b63b7fc8,Android,Firefox,2026-07-07 05:51:36,2026-09-12 12:09:59
DEV006631,hash_551a8995eade0163,Android,Edge,2024-12-31 13:06:41,2026-08-25 15:33:19
DEV006632,hash_d9c5c0c4eeca7105,macOS,Safari,2026-06-16 17:29:53,2026-09-03 21:32:51
DEV006633,hash_c8aaaccf58bf597c,Windows,Firefox,2024-11-16 16:03:12,2026-09-04 23:54:30
DEV006634,hash_dc66bdc15e46c3f8,Windows,Chrome,2026-07-30 06:06:47,2026-08-21 02:06:56
DEV006635,hash_0fdf6e69dbda8188,Linux,Firefox,2025-10-08 14:42:52,2026-09-11 01:34:05
DEV006636,hash_270d15bea9fefec0,macOS,Edge,2024-10-16 18:46:50,2026-09-09 21:06:27
DEV006637,hash_546989cfc6a59693,Windows,Edge,2024-12-03 19:30:13,2026-09-12 14:13:51
DEV006638,hash_d61bf839c483ffec,macOS,Edge,2024-09-17 07:33:59,2026-08-28 00:31:59
DEV006639,hash_7e3fbffaef0baa34,Windows,Safari,2026-09-10 00:41:12,2026-09-11 09:05:06
DEV006640,hash_dfb695fa930d721e,iOS,Safari,2026-02-12 09:58:35,2026-08-23 15:39:27
DEV006641,hash_e11f4efd48abd32e,Android,Firefox,2026-04-11 17:27:48,2026-08-26 15:59:12
DEV006642,hash_83aa1ba73781d9a6,macOS,Firefox,2026-02-27 11:07:46,2026-08-31 21:57:09
DEV006643,hash_49d8632ad9fd99b4,Linux,Firefox,2025-09-29 03:13:19,2026-08-21 07:59:21
DEV006644,hash_989c4f9c7b86ec15,macOS,Chrome,2025-05-24 23:46:08,2026-09-02 18:43:04
DEV006645,hash_7e5361f0045bdf7d,Android,Safari,2025-11-14 04:06:29,2026-09-03 19:55:42
DEV006646,hash_54b81613dfc9550d,Windows,Safari,2025-10-25 11:55:43,2026-09-03 17:24:39
DEV006647,hash_d50653a98c23a9b5,Windows,Edge,2025-03-03 08:02:00,2026-09-12 16:02:32
DEV006648,hash_e579b25e763b7b46,Windows,Chrome,2025-06-13 21:51:53,2026-09-04 11:07:07
DEV006649,hash_6d26af9a6fb66552,iOS,Firefox,2026-03-02 09:47:05,2026-08-20 19:45:43
DEV006650,hash_904ab3a5ad80a85c,Windows,Edge,2025-03-08 13:44:21,2026-09-06 16:18:41
DEV006651,hash_d86fb192a8b3a2d9,macOS,Chrome,2025-01-13 02:43:35,2026-08-24 19:11:16
DEV006652,hash_5473cf42276f090b,Windows,Firefox,2026-03-24 11:13:01,2026-08-15 16:27:38
DEV006653,hash_e6d1bd9257f00393,Android,Firefox,2026-08-08 22:23:38,2026-09-09 03:33:50
DEV006654,hash_734d9ed5c6ca3a1c,macOS,Edge,2026-05-28 12:07:09,2026-08-20 21:21:47
DEV006655,hash_9fc2bdda4375386e,Android,Edge,2025-10-03 19:29:51,2026-08-22 15:57:09
DEV006656,hash_1fb98afe4d16954a,iOS,Firefox,2026-08-26 12:48:36,2026-08-19 03:53:34
DEV006657,hash_25c437d47da65190,macOS,Edge,2026-03-07 22:49:04,2026-08-30 12:55:46
DEV006658,hash_328529a15c463ee1,Android,Safari,2025-03-21 00:20:47,2026-09-04 08:55:48
DEV006659,hash_5e29579dd12942f9,Android,Firefox,2025-05-07 09:55:15,2026-08-25 19:33:11
DEV006660,hash_1a6c8efc46bbed34,macOS,Chrome,2025-11-09 03:14:27,2026-08-20 08:17:54
DEV006661,hash_56c7b5a20e4e4b22,Windows,Safari,2026-06-08 19:31:16,2026-08-24 22:18:17
DEV006662,hash_8e4154cc561da77b,iOS,Safari,2024-10-02 10:25:21,2026-08-16 10:39:49
DEV006663,hash_5b0ba4805a6acdf8,Linux,Safari,2024-10-08 07:56:40,2026-08-30 00:22:46
DEV006664,hash_d4adf7b8e34248cf,Windows,Edge,2024-12-17 05:15:27,2026-08-25 17:02:25
DEV006665,hash_2ff5577ecd29de77,Android,Edge,2025-02-05 10:12:29,2026-08-19 02:52:43
DEV006666,hash_8ee90d39fdfa71a3,iOS,Firefox,2024-11-05 05:37:26,2026-08-27 23:02:16
DEV006667,hash_cb59575c5f7db347,macOS,Edge,2025-08-31 17:18:34,2026-08-21 10:21:22
DEV006668,hash_824c29806a2dcadb,Android,Safari,2025-08-07 21:21:31,2026-09-02 00:18:01
DEV006669,hash_01fdc597c2356af8,Windows,Chrome,2026-02-10 01:05:07,2026-09-04 05:17:45
DEV006670,hash_80b3b45407ac1143,macOS,Chrome,2024-09-22 09:15:22,2026-09-13 15:58:29
DEV006671,hash_336fb1564b302097,Android,Edge,2025-05-05 08:40:05,2026-09-01 07:35:15
DEV006672,hash_5edccf4816bb3b54,Windows,Edge,2025-07-12 08:22:47,2026-09-02 20:34:29
DEV006673,hash_5230fce98f24cf47,iOS,Chrome,2025-02-23 02:00:21,2026-08-30 09:42:11
DEV006674,hash_b7dbc6fea030f865,Linux,Edge,2025-08-13 00:30:36,2026-09-13 06:48:20
DEV006675,hash_3b44798b9544234e,iOS,Edge,2026-08-29 10:00:23,2026-09-07 21:11:18
DEV006676,hash_623b2e738e553ae7,Android,Firefox,2026-01-20 13:35:51,2026-09-14 12:03:49
DEV006677,hash_118d9d9adecea1f8,macOS,Chrome,2025-12-19 00:50:03,2026-08-17 16:33:13
DEV006678,hash_936498958604e4a9,Linux,Safari,2026-02-23 15:54:44,2026-09-08 12:12:39
DEV006679,hash_ade1266ba56f50b4,Android,Chrome,2024-10-08 15:47:05,2026-09-08 22:18:08
DEV006680,hash_5e598b43088daf3d,Windows,Firefox,2025-05-20 10:36:56,2026-09-01 17:17:23
DEV006681,hash_140a15e998e33b15,Android,Chrome,2024-10-08 06:52:46,2026-08-28 01:46:26
DEV006682,hash_d75a213e5e92930d,iOS,Firefox,2026-03-12 08:57:50,2026-09-07 15:32:49
DEV006683,hash_2969539f0b309c1b,macOS,Safari,2026-07-15 01:42:33,2026-09-03 06:52:24
DEV006684,hash_087144380c69aef9,Linux,Firefox,2026-04-21 23:39:14,2026-09-10 19:46:00
DEV006685,hash_ad889dc9af9be361,iOS,Firefox,2026-05-05 02:07:23,2026-08-20 09:57:08
DEV006686,hash_921707d1f0c0162d,macOS,Firefox,2025-08-08 11:58:34,2026-09-13 03:48:57
DEV006687,hash_96622c877ff13433,Android,Firefox,2026-01-08 22:12:12,2026-09-01 16:46:29
DEV006688,hash_009fd6b4e8dea13d,iOS,Edge,2026-02-28 02:44:28,2026-09-08 11:01:00
DEV006689,hash_2b6843fa84cd740f,Android,Firefox,2024-10-05 09:40:45,2026-09-03 02:27:36
DEV006690,hash_4c124c308738fd47,Windows,Edge,2024-10-14 05:08:11,2026-09-08 07:41:04
DEV006691,hash_196e5344850d3ae1,macOS,Edge,2026-04-26 17:57:13,2026-08-19 20:55:43
DEV006692,hash_677862ae6ea9b33d,iOS,Safari,2025-09-18 00:29:52,2026-08-27 21:32:58
DEV006693,hash_d7e40d03e1741e11,iOS,Chrome,2025-11-10 12:12:01,2026-08-20 03:00:38
DEV006694,hash_3b8abb2d8b2e74a7,Windows,Chrome,2024-11-17 14:49:11,2026-08-27 13:39:56
DEV006695,hash_4b400e8d2f8319f8,iOS,Edge,2026-03-30 17:46:42,2026-08-20 05:17:26
DEV006696,hash_4ac732b46f59da81,macOS,Safari,2025-09-02 08:12:40,2026-09-03 02:19:29
DEV006697,hash_ba59aaf1261e43aa,macOS,Safari,2026-04-18 23:35:29,2026-09-01 00:50:43
DEV006698,hash_d92570eb465a3414,Android,Safari,2025-03-20 15:52:12,2026-09-13 23:01:16
DEV006699,hash_a5f3540e768db93c,Linux,Firefox,2025-09-13 16:15:00,2026-08-17 07:46:39
DEV006700,hash_af294dfbc439131b,iOS,Edge,2025-05-22 23:01:33,2026-08-30 16:43:30
DEV006701,hash_d207c3719969d2b0,macOS,Edge,2025-11-17 09:56:13,2026-09-06 13:27:03
DEV006702,hash_713d69093d5798e2,Linux,Safari,2025-03-01 09:07:49,2026-09-14 10:47:54
DEV006703,hash_17c9e43a84ae34be,Linux,Edge,2025-07-30 02:31:01,2026-08-20 06:23:42
DEV006704,hash_d3255c03719186d4,Windows,Safari,2024-09-22 04:08:21,2026-08-21 21:20:40
DEV006705,hash_9104b9519c0095bb,iOS,Safari,2025-12-19 02:33:56,2026-08-17 00:39:47
DEV006706,hash_86c708c1635f220d,macOS,Chrome,2026-09-10 19:56:30,2026-09-09 05:38:31
DEV006707,hash_eea8dac74e531789,Windows,Edge,2025-08-25 09:01:16,2026-08-19 00:16:22
DEV006708,hash_9c1fc7f1d0c12a2a,iOS,Safari,2025-10-09 03:33:28,2026-08-24 10:55:05
DEV006709,hash_178393ca3fd386b4,Windows,Safari,2025-09-08 22:32:48,2026-08-28 23:51:45
DEV006710,hash_6fe9dfc5cedebd22,macOS,Safari,2026-03-09 15:42:38,2026-09-12 02:05:49
DEV006711,hash_24e8811aa751f7d9,iOS,Safari,2025-07-12 16:24:37,2026-09-10 15:51:31
DEV006712,hash_f109508e029ee2d4,iOS,Edge,2026-02-03 22:08:25,2026-08-18 00:31:23
DEV006713,hash_cb3ebc4ccad028bc,Linux,Chrome,2025-03-29 20:18:59,2026-09-13 02:06:38
DEV006714,hash_8e36839cd8cdd1ea,Linux,Edge,2024-12-14 13:44:49,2026-09-09 17:48:27
DEV006715,hash_c4031b6144ad467e,Linux,Edge,2025-09-30 14:59:42,2026-08-24 02:23:45
DEV006716,hash_6b15ac9c63f6079c,Linux,Chrome,2026-08-15 23:37:26,2026-09-06 14:03:53
DEV006717,hash_e5ba54e7f56fc67d,Android,Firefox,2025-04-30 01:25:20,2026-08-23 13:22:44
DEV006718,hash_239c65ffd6fbf73b,Linux,Firefox,2024-10-15 02:28:45,2026-08-29 17:58:28
DEV006719,hash_aa3cb8dd3e34cde1,iOS,Safari,2025-12-25 01:56:29,2026-08-31 17:53:35
DEV006720,hash_8f6847be623abb33,macOS,Firefox,2025-08-11 15:05:59,2026-08-20 23:32:46
DEV006721,hash_e73fb6222f8c9430,Android,Firefox,2026-03-01 15:15:47,2026-08-23 04:07:00
DEV006722,hash_3531a4ba77bbde6c,iOS,Edge,2026-06-26 14:02:13,2026-08-19 09:16:07
DEV006723,hash_8ed8e6b6b4fe1eb8,Windows,Chrome,2025-02-15 20:10:09,2026-09-08 01:30:25
DEV006724,hash_6305b9c7fb331963,Android,Firefox,2025-09-26 20:33:20,2026-08-27 17:55:18
DEV006725,hash_69e6858483c224ac,macOS,Safari,2024-09-18 14:21:43,2026-09-03 11:00:27
DEV006726,hash_e21cb77fb4f3bc13,Linux,Safari,2026-05-09 17:05:23,2026-08-24 05:33:24
DEV006727,hash_805e92847eeaf075,iOS,Chrome,2026-05-07 03:59:38,2026-09-02 22:40:34
DEV006728,hash_43f780d6eda149db,Windows,Safari,2024-10-18 06:07:45,2026-08-30 07:56:38
DEV006729,hash_62921f819588ff3c,Windows,Edge,2025-02-03 01:36:25,2026-08-26 12:04:20
DEV006730,hash_663eb777a99fa70e,Windows,Edge,2025-06-05 07:37:04,2026-09-12 23:40:27
DEV006731,hash_62a7ce6f809e5093,Linux,Chrome,2026-07-02 22:13:28,2026-09-08 14:33:42
DEV006732,hash_e2fe45b40dda442f,Windows,Safari,2025-03-10 20:07:45,2026-09-06 05:50:24
DEV006733,hash_d987e067112db7de,iOS,Edge,2026-06-04 02:15:33,2026-08-21 07:01:12
DEV006734,hash_bfa4f6c8a31fa0a2,macOS,Edge,2024-12-02 01:02:47,2026-08-23 15:20:41
DEV006735,hash_a39f2d8a42d9f538,Windows,Safari,2024-12-31 07:13:16,2026-08-22 01:33:21
DEV006736,hash_f7d665e436ff7617,macOS,Firefox,2026-04-12 05:29:22,2026-09-14 00:52:55
DEV006737,hash_77863e7b2a6556fb,Android,Safari,2025-11-25 07:03:12,2026-08-16 19:21:11
DEV006738,hash_1b7ca8f3693cfcff,Windows,Edge,2025-08-20 10:58:17,2026-09-08 17:49:03
DEV006739,hash_3160c6125ae9e8bb,Windows,Safari,2025-06-25 23:34:31,2026-09-05 12:43:17
DEV006740,hash_0ad4e43a2d755509,Android,Safari,2024-09-30 03:05:41,2026-09-10 03:38:22
DEV006741,hash_1678c23526a30e64,Linux,Edge,2026-08-12 10:23:26,2026-09-02 12:51:11
DEV006742,hash_4003eeac716d7b79,macOS,Chrome,2026-01-20 06:22:20,2026-09-11 00:58:17
DEV006743,hash_5e6069fedd8eb663,iOS,Chrome,2024-12-05 18:20:44,2026-09-04 23:29:56
DEV006744,hash_536770dd3fe32f1f,Android,Chrome,2025-09-17 01:52:16,2026-08-17 06:50:21
DEV006745,hash_f894331b92579965,Linux,Safari,2025-04-18 19:21:36,2026-09-05 20:04:55
DEV006746,hash_f1adafadabb1052a,Android,Safari,2025-11-21 00:43:38,2026-09-05 03:43:44
DEV006747,hash_5fc2cd2668aa41cb,Android,Firefox,2024-11-05 04:04:16,2026-08-18 19:42:03
DEV006748,hash_510c9f32394ad526,Linux,Safari,2024-11-20 22:34:21,2026-08-28 09:55:18
DEV006749,hash_8b1dc5fb0cb6a762,Android,Safari,2026-07-27 23:16:13,2026-09-02 00:26:59
DEV006750,hash_30026c19fd27f49d,iOS,Firefox,2025-09-17 19:54:25,2026-09-04 03:20:45
DEV006751,hash_900a2223b5a68a39,Linux,Edge,2025-10-13 01:31:41,2026-08-27 11:09:06
DEV006752,hash_6c5e5242e627aaf7,macOS,Firefox,2026-08-19 08:47:51,2026-08-22 07:59:49
DEV006753,hash_daad67462fa8a023,macOS,Chrome,2024-12-17 04:03:08,2026-08-16 19:51:19
DEV006754,hash_47765286c787c538,iOS,Firefox,2025-01-18 00:03:28,2026-08-19 20:24:11
DEV006755,hash_8c4795b834572db5,Android,Chrome,2025-12-01 05:39:26,2026-08-24 17:23:35
DEV006756,hash_0a61f61766f7592f,Linux,Chrome,2026-02-12 10:03:05,2026-08-25 04:43:30
DEV006757,hash_d2cf2fbabc96f740,macOS,Chrome,2025-08-26 16:11:32,2026-09-11 03:48:27
DEV006758,hash_5d16e19e09c4dfe9,iOS,Firefox,2025-07-01 03:22:36,2026-09-11 17:08:50
DEV006759,hash_14de98949a674f17,Linux,Safari,2025-04-06 11:02:45,2026-09-07 20:32:10
DEV006760,hash_75896aab597d887e,Windows,Edge,2024-11-05 01:50:25,2026-08-24 15:54:04
DEV006761,hash_9e3e117c5ca22b25,Linux,Chrome,2025-12-10 07:45:32,2026-09-04 17:14:38
DEV006762,hash_d8e507565570cb37,iOS,Edge,2024-12-13 03:50:36,2026-09-11 19:49:29
DEV006763,hash_b40ad87704d99de7,iOS,Safari,2024-10-15 01:20:50,2026-08-26 22:21:17
DEV006764,hash_9ed4ef569dcdc9f0,macOS,Chrome,2025-02-18 10:08:12,2026-08-22 19:29:04
DEV006765,hash_1cf1c734f51d4d4c,Windows,Firefox,2025-05-05 11:02:50,2026-08-22 02:58:21
DEV006766,hash_e750184f51081c61,Linux,Firefox,2026-04-17 02:39:52,2026-09-03 14:58:33
DEV006767,hash_4fe685c90b748dca,Android,Edge,2024-09-22 20:54:37,2026-09-02 17:00:45
DEV006768,hash_bb48628c7aa89509,Windows,Chrome,2024-10-30 18:36:54,2026-09-09 10:11:15
DEV006769,hash_0a472bfb388801ab,macOS,Chrome,2026-05-19 07:15:15,2026-08-16 05:56:23
DEV006770,hash_98681b0102c660ff,iOS,Firefox,2024-12-10 18:06:23,2026-09-10 02:55:35
DEV006771,hash_66c5a7721bd60de5,Linux,Edge,2026-02-13 09:43:49,2026-08-28 13:32:51
DEV006772,hash_56d2ae024999a59c,iOS,Edge,2025-12-13 00:06:54,2026-09-10 09:51:57
DEV006773,hash_4852fbcc1c381ac3,macOS,Firefox,2024-09-21 01:21:42,2026-08-30 09:11:15
DEV006774,hash_d59974e1f767bc62,iOS,Chrome,2026-07-29 23:48:19,2026-08-22 07:27:16
DEV006775,hash_3eeea86d488e1dbf,Android,Firefox,2025-05-20 08:42:07,2026-08-27 11:40:09
DEV006776,hash_4831671b71873b0f,iOS,Chrome,2026-07-14 14:43:33,2026-09-07 23:27:36
DEV006777,hash_69ecaf222dfb4382,macOS,Edge,2026-05-29 12:10:05,2026-08-26 00:34:57
DEV006778,hash_65ecba9659f4b244,Android,Firefox,2025-02-07 17:15:14,2026-09-07 16:54:03
DEV006779,hash_3384e0ed38bef4c4,macOS,Chrome,2025-09-20 15:56:47,2026-09-07 21:31:55
DEV006780,hash_69f03ffee7820d38,Windows,Safari,2025-02-27 11:46:43,2026-08-20 11:09:51
DEV006781,hash_05acf9f0829bfa81,macOS,Firefox,2025-01-26 02:21:00,2026-09-03 11:39:10
DEV006782,hash_7424f9024023d444,Windows,Safari,2025-11-17 17:31:11,2026-09-10 22:32:46
DEV006783,hash_2658b678569f8ded,macOS,Edge,2026-07-13 03:26:24,2026-08-19 02:23:31
DEV006784,hash_238b67baf0af690d,Android,Firefox,2025-01-05 15:58:42,2026-08-21 19:40:48
DEV006785,hash_a109dbab67ba0a4d,macOS,Chrome,2026-07-12 11:38:51,2026-09-09 09:48:18
DEV006786,hash_7466ddc924db70c4,Windows,Chrome,2025-01-05 02:44:50,2026-08-18 22:59:05
DEV006787,hash_01f8dd7901f9b204,Windows,Edge,2025-09-20 05:00:11,2026-09-09 13:54:09
DEV006788,hash_7cc818d98cc39180,Android,Edge,2024-11-09 13:25:24,2026-09-12 03:23:14
DEV006789,hash_00b397cf943c71b3,Windows,Edge,2025-01-20 03:05:11,2026-08-27 15:37:15
DEV006790,hash_1375bd91f4f9877f,Android,Firefox,2026-01-14 03:16:20,2026-09-04 17:32:18
DEV006791,hash_b2a49cab154e807d,Linux,Chrome,2026-06-28 10:42:40,2026-09-02 05:12:12
DEV006792,hash_6210f992d971c2db,macOS,Firefox,2026-09-12 10:32:10,2026-08-26 14:18:31
DEV006793,hash_2e237042cf68cdb3,iOS,Safari,2026-06-19 06:49:50,2026-08-28 09:33:50
DEV006794,hash_cbb5ab50cca7fa3b,iOS,Firefox,2025-07-26 19:55:55,2026-08-18 13:17:24
DEV006795,hash_b23e357bc29f222e,iOS,Chrome,2026-04-21 13:27:25,2026-09-05 14:55:56
DEV006796,hash_dd7331b5a1305691,Windows,Safari,2024-10-17 12:07:33,2026-08-31 05:09:40
DEV006797,hash_48290817879c1179,Linux,Safari,2026-05-13 12:16:52,2026-09-03 19:32:31
DEV006798,hash_14f770f7f7e3ab2d,macOS,Safari,2024-10-05 15:57:48,2026-08-25 00:10:04
DEV006799,hash_d154c0d5791bcb26,Android,Edge,2026-02-17 20:49:15,2026-09-02 19:08:14
DEV006800,hash_4bfb159f94e91738,iOS,Firefox,2025-07-14 16:50:34,2026-09-06 11:51:14
DEV006801,hash_1bb7c761dc55edc7,Linux,Firefox,2025-12-29 05:02:31,2026-08-26 13:35:06
DEV006802,hash_25dd252408358e9c,Windows,Firefox,2026-04-18 15:19:12,2026-08-21 20:06:43
DEV006803,hash_aef392c2655ca3d1,Windows,Edge,2025-09-21 12:16:20,2026-09-14 12:10:17
DEV006804,hash_874004dabff7e290,Windows,Safari,2026-05-21 03:37:48,2026-09-09 09:25:54
DEV006805,hash_1c412175bd3d3b54,Linux,Chrome,2026-08-05 11:38:15,2026-09-04 09:24:36
DEV006806,hash_b882b0012486f896,Android,Safari,2026-01-28 23:19:20,2026-08-23 07:00:59
DEV006807,hash_db2f878d119e72eb,Android,Safari,2025-03-20 15:09:39,2026-09-13 17:37:37
DEV006808,hash_4e062994b5c8c6e1,Linux,Chrome,2025-10-24 01:12:31,2026-08-29 14:52:35
DEV006809,hash_50e97f96c7705627,Android,Chrome,2025-10-05 07:29:09,2026-08-19 07:12:43
DEV006810,hash_38aae3d29b56b3d8,iOS,Safari,2025-08-16 07:07:58,2026-09-13 18:36:32
DEV006811,hash_c6520b75642f8f81,Windows,Firefox,2024-10-08 04:31:30,2026-09-04 21:58:30
DEV006812,hash_fb0370283969c99f,macOS,Firefox,2024-11-04 16:48:03,2026-09-11 22:10:42
DEV006813,hash_3cf52c19c3926bcf,Android,Safari,2024-11-19 01:49:40,2026-08-22 17:21:36
DEV006814,hash_b56b48cf7b63f44c,Windows,Safari,2026-05-07 12:28:59,2026-08-17 14:18:34
DEV006815,hash_772888bd3189b9e0,Android,Chrome,2025-06-28 04:37:09,2026-08-29 02:56:53
DEV006816,hash_d1d362f993e024d2,Linux,Safari,2025-07-16 15:16:50,2026-08-29 06:57:38
DEV006817,hash_67d6bd8d1e98bb1b,Windows,Firefox,2025-09-09 23:17:09,2026-09-01 05:37:19
DEV006818,hash_edd7ef2d736a1131,macOS,Chrome,2025-05-07 21:50:17,2026-09-10 15:25:30
DEV006819,hash_a5920b01a3c91d29,iOS,Chrome,2025-12-28 07:46:44,2026-08-31 12:51:03
DEV006820,hash_76614b81c94a48a2,Android,Safari,2026-08-29 05:44:22,2026-08-30 14:46:38
DEV006821,hash_0fbda7ed70daa317,Android,Firefox,2026-07-10 13:39:52,2026-09-07 11:15:11
DEV006822,hash_b429db31574c5e22,Linux,Firefox,2025-10-16 10:10:40,2026-09-08 08:04:47
DEV006823,hash_e60594dd8d42b8e1,iOS,Firefox,2025-07-11 01:33:25,2026-09-13 06:39:16
DEV006824,hash_e941e307eba10523,Linux,Edge,2026-03-08 04:38:14,2026-09-11 20:25:55
DEV006825,hash_72f6f59817b05872,Linux,Safari,2026-09-01 10:40:34,2026-09-14 00:52:50
DEV006826,hash_8778bddc61746430,Android,Edge,2025-12-23 16:47:18,2026-09-12 12:30:38
DEV006827,hash_9ae9cec860eb59f9,macOS,Safari,2024-12-29 19:05:41,2026-09-07 10:34:22
DEV006828,hash_5ac774f5096c638a,Linux,Chrome,2025-06-02 23:47:03,2026-08-20 01:46:28
DEV006829,hash_f3abc4eb7e5b4dc7,iOS,Firefox,2026-03-05 05:19:30,2026-09-08 10:16:46
DEV006830,hash_c373024d07d0977f,Android,Chrome,2025-06-07 03:13:53,2026-09-10 12:27:07
DEV006831,hash_58df8fd5af858796,Windows,Chrome,2025-10-20 17:46:46,2026-09-14 13:53:07
DEV006832,hash_60e064a7c6427b81,Linux,Firefox,2026-01-17 13:45:32,2026-08-18 17:05:23
DEV006833,hash_b7ac67d03f523ef4,Android,Edge,2025-03-28 14:16:42,2026-08-28 16:15:19
DEV006834,hash_363debee96bf660e,macOS,Safari,2026-09-09 18:16:00,2026-08-28 19:47:47
DEV006835,hash_7fe3aa6ea4c1dd96,Android,Safari,2026-07-25 14:47:46,2026-08-29 16:24:49
DEV006836,hash_4ccb534cb901bbda,Android,Edge,2025-12-19 21:17:44,2026-09-09 14:03:28
DEV006837,hash_b446eef259b2dd8d,Windows,Safari,2025-03-10 03:31:59,2026-08-30 20:29:51
DEV006838,hash_2634ba2ad3fa1479,Windows,Firefox,2026-09-04 01:25:12,2026-08-31 09:26:41
DEV006839,hash_d747a3cbee6ff30b,Windows,Edge,2026-08-19 20:00:30,2026-08-27 06:42:16
DEV006840,hash_a9f86b67057e06ab,macOS,Edge,2025-11-27 19:31:44,2026-08-24 22:36:28
DEV006841,hash_5e613c40dd70ec6b,Android,Safari,2025-06-11 21:00:11,2026-08-30 12:41:13
DEV006842,hash_2e0fab6e64575551,Android,Edge,2025-02-10 04:31:29,2026-08-31 22:04:03
DEV006843,hash_e177edcd89b95ce8,Windows,Edge,2025-10-21 06:20:49,2026-09-04 15:14:38
DEV006844,hash_a70db5f925af3886,iOS,Edge,2025-04-18 12:16:30,2026-08-28 11:14:37
DEV006845,hash_94ba3bf21c542d78,iOS,Edge,2025-12-22 11:18:34,2026-09-05 05:35:05
DEV006846,hash_c2950eae06ac7b10,iOS,Edge,2026-02-16 08:04:20,2026-08-24 19:12:46
DEV006847,hash_bd5787dac9a28163,Android,Chrome,2026-05-03 22:39:29,2026-09-14 10:01:31
DEV006848,hash_6fa4e7bb8fa51a13,Linux,Chrome,2026-08-06 21:18:31,2026-08-22 10:02:10
DEV006849,hash_1e171c05bd501fad,Android,Firefox,2026-05-30 07:09:57,2026-08-29 23:29:01
DEV006850,hash_d6a3d3936f9e0b19,Android,Chrome,2025-02-08 17:28:11,2026-09-02 04:55:44
DEV006851,hash_47412b1096ede17e,Linux,Chrome,2026-03-21 16:27:54,2026-09-11 00:08:45
DEV006852,hash_8e45720cd0886d20,Android,Edge,2025-11-17 15:06:31,2026-08-31 05:55:27
DEV006853,hash_0c8a8d840c888da5,iOS,Firefox,2025-02-19 23:44:25,2026-09-07 02:50:22
DEV006854,hash_b0b727677fe566cc,macOS,Firefox,2025-12-10 00:50:02,2026-09-09 21:44:28
DEV006855,hash_062cf05b87027c22,Windows,Edge,2025-01-26 20:56:50,2026-08-21 08:19:35
DEV006856,hash_d2c284ca77064001,macOS,Edge,2026-03-30 23:37:58,2026-08-29 19:20:34
DEV006857,hash_0cbc946dc8eedd25,Android,Safari,2026-01-23 04:31:35,2026-08-27 15:34:24
DEV006858,hash_96b30caaabc84455,macOS,Firefox,2025-02-20 23:24:09,2026-09-13 16:38:22
DEV006859,hash_62bd0cc9b299e365,Linux,Firefox,2026-05-20 17:53:19,2026-09-01 00:49:59
DEV006860,hash_f5771042e1855e53,Android,Chrome,2025-02-03 09:03:51,2026-09-08 18:45:41
DEV006861,hash_55fa5e1b902bc9c1,macOS,Edge,2025-07-02 10:43:37,2026-08-27 13:57:00
DEV006862,hash_6f1b8cbb4e500804,Android,Edge,2025-07-15 08:45:46,2026-09-08 04:04:01
DEV006863,hash_33c8a51f7318dd3d,Windows,Safari,2026-03-25 02:52:03,2026-08-28 19:12:05
DEV006864,hash_b20360ba63ed8c86,Linux,Chrome,2026-09-08 11:00:22,2026-09-12 05:45:17
DEV006865,hash_97c48233fd90b30c,iOS,Firefox,2025-09-05 18:06:11,2026-09-10 17:53:33
DEV006866,hash_5aa65fb80973834e,Android,Firefox,2025-06-06 08:23:34,2026-08-22 18:15:52
DEV006867,hash_66b983745e4f2127,iOS,Edge,2025-03-31 00:40:39,2026-09-14 01:47:18
DEV006868,hash_4845689fcc0d791c,Linux,Firefox,2024-11-09 03:21:36,2026-08-27 21:59:29
DEV006869,hash_0b7d80f95a0964b4,Android,Edge,2024-12-19 19:46:33,2026-09-02 22:29:33
DEV006870,hash_1b185f765b5f6665,macOS,Edge,2026-06-07 17:47:58,2026-09-11 09:21:31
DEV006871,hash_4403dae0bf3be31b,Linux,Edge,2025-07-16 11:48:23,2026-08-15 19:34:21
DEV006872,hash_790ee78da393067c,iOS,Safari,2024-11-04 20:45:39,2026-08-24 19:52:59
DEV006873,hash_1ee2c3e88a954042,Linux,Firefox,2026-06-06 20:51:31,2026-08-28 00:38:32
DEV006874,hash_1cedf027bb173535,macOS,Edge,2026-09-04 19:47:53,2026-09-08 16:32:51
DEV006875,hash_82749f61431b9f9f,macOS,Safari,2025-09-02 09:35:50,2026-09-11 09:18:47
DEV006876,hash_737d0c5e7fc6ba54,Linux,Firefox,2025-12-11 11:01:58,2026-08-29 02:36:04
DEV006877,hash_dd024db85fb26626,Linux,Safari,2025-10-16 04:11:01,2026-09-12 04:53:51
DEV006878,hash_8cd121e8a7943773,Windows,Firefox,2025-08-06 18:48:26,2026-08-25 07:50:21
DEV006879,hash_3c35d7ba897be931,Windows,Edge,2025-04-08 13:16:32,2026-08-18 03:10:38
DEV006880,hash_9424f4729abaa4e6,Linux,Edge,2025-08-12 09:17:16,2026-09-08 10:08:39
DEV006881,hash_1fcb4adcc0711be0,iOS,Safari,2025-12-20 12:54:58,2026-08-20 21:41:14
DEV006882,hash_c5e4b8e3250432f4,Android,Chrome,2025-09-19 04:23:31,2026-09-05 21:06:31
DEV006883,hash_333cd4359c940c89,Android,Edge,2025-07-11 16:17:58,2026-08-30 20:36:10
DEV006884,hash_41117646e45df6d2,macOS,Chrome,2024-12-15 22:51:29,2026-08-22 10:33:37
DEV006885,hash_61ab886126117488,macOS,Chrome,2025-02-01 20:16:58,2026-08-21 14:58:27
DEV006886,hash_16cbc3cb93cbf160,Linux,Edge,2025-06-21 20:01:02,2026-08-18 07:15:56
DEV006887,hash_95d421cbf65067e0,Linux,Firefox,2024-10-16 01:11:12,2026-08-19 01:38:53
DEV006888,hash_5e9b8b7535f839a6,iOS,Chrome,2025-04-17 14:32:13,2026-08-20 20:58:04
DEV006889,hash_a08a8461367fcbe0,Android,Firefox,2025-11-14 04:51:13,2026-09-10 15:20:44
DEV006890,hash_8e1be390c3c075f1,macOS,Firefox,2025-04-10 15:51:04,2026-08-21 20:13:25
DEV006891,hash_5228e8ca0a2396f2,macOS,Firefox,2026-05-16 00:39:14,2026-08-20 07:29:12
DEV006892,hash_cc3f65cd83fe55a5,macOS,Safari,2026-09-03 05:26:09,2026-09-05 04:54:15
DEV006893,hash_3c44994a3b6db5ef,Windows,Safari,2025-02-20 07:43:25,2026-08-17 14:17:47
DEV006894,hash_6c6c2ded2d8d3701,iOS,Chrome,2026-08-07 11:29:50,2026-09-12 03:51:53
DEV006895,hash_9925230522c09b7d,Windows,Edge,2024-10-30 16:29:17,2026-08-16 03:14:57
DEV006896,hash_7ae4d9cc40eab12d,Linux,Chrome,2024-12-09 17:29:23,2026-09-01 01:06:19
DEV006897,hash_2fb121851d1dd3c8,Linux,Firefox,2026-01-12 03:09:37,2026-08-29 02:41:49
DEV006898,hash_974495e1673a24f6,Linux,Firefox,2025-04-22 21:53:46,2026-09-05 12:31:20
DEV006899,hash_befa6b5e4a56876c,Windows,Chrome,2025-03-20 02:51:05,2026-08-26 20:18:16
DEV006900,hash_3b12f94873ba0ca7,Linux,Firefox,2025-03-04 09:30:03,2026-09-13 23:04:56
DEV006901,hash_20a61d1fccf6f9f0,iOS,Firefox,2025-12-01 09:19:11,2026-08-28 14:32:08
DEV006902,hash_70c45bc5152c17f0,macOS,Edge,2026-09-04 20:39:08,2026-09-11 11:36:36
DEV006903,hash_e7d9b0ce55ecf7e6,Android,Firefox,2025-06-15 18:55:21,2026-08-27 03:08:53
DEV006904,hash_a6a96b789152094b,Windows,Edge,2025-01-10 00:11:35,2026-08-16 18:30:34
DEV006905,hash_d624b7ef5f9f1db3,Android,Safari,2025-11-18 06:09:11,2026-09-13 00:18:54
DEV006906,hash_f726d24c535e3dfe,macOS,Edge,2025-05-18 04:17:37,2026-08-26 07:56:09
DEV006907,hash_7b8629f6b98a8ff5,Linux,Chrome,2025-01-25 15:37:09,2026-09-03 06:18:37
DEV006908,hash_4cf7c3c7756c0fcc,iOS,Chrome,2025-02-18 23:04:21,2026-09-10 22:54:19
DEV006909,hash_2023550bea2514bc,Windows,Firefox,2026-01-05 20:50:53,2026-08-16 12:05:09
DEV006910,hash_a407795c4d436253,Windows,Firefox,2025-01-16 18:14:24,2026-08-20 01:59:45
DEV006911,hash_3f6503345988b3f2,Linux,Chrome,2025-12-01 20:56:11,2026-09-14 11:16:55
DEV006912,hash_b09f863e1196f4d8,Windows,Edge,2025-04-11 16:21:43,2026-09-08 06:17:48
DEV006913,hash_081ab64e5a0a3790,Linux,Firefox,2024-12-19 22:16:26,2026-08-20 07:14:44
DEV006914,hash_f7fc111de661ea7e,macOS,Firefox,2025-03-24 09:36:55,2026-09-04 09:15:32
DEV006915,hash_9e7049ff0cd7897f,Windows,Chrome,2025-03-04 19:29:25,2026-08-27 09:44:42
DEV006916,hash_c98718fabbaaaa00,iOS,Edge,2025-09-06 02:04:12,2026-09-14 06:00:35
DEV006917,hash_b3ab18d9976e206c,Windows,Edge,2025-01-20 20:02:49,2026-08-24 01:57:30
DEV006918,hash_5a32dd3fa4c661c2,macOS,Firefox,2026-08-27 22:01:33,2026-08-26 08:28:57
DEV006919,hash_9c9faaaee1ceb686,Windows,Firefox,2025-04-19 05:57:26,2026-08-20 20:52:51
DEV006920,hash_939d3b3633104966,Android,Edge,2024-09-16 15:18:31,2026-08-27 05:57:15
DEV006921,hash_60a84226892cde26,macOS,Chrome,2026-02-17 11:36:18,2026-08-30 15:11:16
DEV006922,hash_8556b37cce7c759c,Linux,Safari,2025-08-18 04:50:12,2026-09-12 19:05:34
DEV006923,hash_043e1beb53134a33,macOS,Safari,2026-07-14 20:29:48,2026-09-13 18:29:10
DEV006924,hash_c62591023a53047e,Linux,Safari,2026-07-06 01:44:35,2026-09-03 10:18:29
DEV006925,hash_cd470e79441a0c41,Android,Chrome,2025-08-26 17:22:06,2026-08-26 00:22:51
DEV006926,hash_b783bd34c92d6cde,Android,Chrome,2025-03-13 12:24:31,2026-08-20 12:42:06
DEV006927,hash_255a27a64cc27145,macOS,Edge,2026-07-04 06:43:52,2026-08-19 15:17:58
DEV006928,hash_9f4ab6ac42ac5cf3,iOS,Safari,2025-07-28 11:52:59,2026-09-06 05:13:07
DEV006929,hash_d76c1ede47458e95,Linux,Firefox,2025-08-23 21:33:27,2026-08-22 22:58:40
DEV006930,hash_ebbb06531d5f151f,Android,Chrome,2026-04-11 07:16:08,2026-09-03 07:42:45
DEV006931,hash_864a512dd9ce129c,Android,Edge,2026-07-06 20:19:31,2026-09-14 12:21:16
DEV006932,hash_e4c6460b9c7ddedf,Linux,Chrome,2026-04-20 06:11:59,2026-09-03 02:41:15
DEV006933,hash_f59a44f536d115d2,iOS,Firefox,2024-10-02 01:29:34,2026-09-10 22:23:06
DEV006934,hash_72c3ab3d5ea5601a,Windows,Firefox,2026-05-01 09:55:14,2026-08-28 20:20:48
DEV006935,hash_4e82fd5e8756e050,Linux,Chrome,2025-02-20 12:07:24,2026-09-08 12:25:41
DEV006936,hash_16d2b31119ca745c,Windows,Edge,2025-08-19 07:59:50,2026-09-10 02:11:42
DEV006937,hash_dae74073099f163e,iOS,Safari,2025-06-07 00:58:14,2026-08-31 07:00:59
DEV006938,hash_5e930c917543212f,macOS,Chrome,2024-09-30 06:25:00,2026-09-08 21:10:50
DEV006939,hash_17aea444a49d54dc,macOS,Safari,2025-10-13 09:50:16,2026-09-14 13:02:10
DEV006940,hash_eeda791fd770a730,iOS,Edge,2025-07-12 11:14:19,2026-09-06 02:57:15
DEV006941,hash_4d48870d2ff7e6a9,Windows,Safari,2025-12-29 07:13:51,2026-08-25 15:09:19
DEV006942,hash_6a8dc6eb48a93c93,iOS,Chrome,2025-06-30 20:44:38,2026-08-22 16:08:20
DEV006943,hash_2d88cdbfe97af873,Android,Firefox,2026-03-14 13:37:25,2026-08-19 09:53:36
DEV006944,hash_b5843896577882df,Windows,Edge,2025-12-24 22:49:55,2026-09-02 23:46:36
DEV006945,hash_b58dd0fa9f7bd912,iOS,Firefox,2025-01-22 23:06:27,2026-09-04 06:28:03
DEV006946,hash_3ffd48e4a9e26ef7,Linux,Safari,2025-02-22 01:26:46,2026-08-26 05:40:15
DEV006947,hash_7d7d2f7c0103ead0,Android,Edge,2025-05-16 05:34:41,2026-09-01 19:21:00
DEV006948,hash_aa99b6a33f01b99c,Windows,Firefox,2025-07-25 19:54:00,2026-08-28 23:09:51
DEV006949,hash_628a313c46b4b460,macOS,Chrome,2025-03-26 09:34:26,2026-08-29 18:25:53
DEV006950,hash_f3a15cabeb1771da,Linux,Safari,2026-08-13 00:36:59,2026-08-26 20:46:43
DEV006951,hash_ed1a4d54d54c9bed,Windows,Edge,2025-07-05 21:35:45,2026-09-13 19:19:27
DEV006952,hash_0cb1c1f5af67fc6f,Android,Edge,2026-07-27 22:19:47,2026-09-07 11:01:17
DEV006953,hash_cbcd9eed0cfc3b77,iOS,Chrome,2024-10-03 00:46:59,2026-09-12 00:04:07
DEV006954,hash_7105f0920d2d39cb,Linux,Safari,2025-03-22 18:05:40,2026-08-18 19:08:28
DEV006955,hash_642490201bbd3427,iOS,Safari,2025-08-31 10:43:08,2026-08-16 17:15:26
DEV006956,hash_13164632222a8b0b,Windows,Chrome,2025-07-13 05:18:21,2026-09-12 09:47:39
DEV006957,hash_2d64eba3bd7e952d,Android,Firefox,2025-06-09 06:56:42,2026-09-02 02:38:16
DEV006958,hash_4a833f6b2a5b7273,Android,Edge,2025-07-07 02:03:32,2026-08-16 15:38:36
DEV006959,hash_663c756c5684257e,Android,Edge,2025-09-30 12:21:24,2026-09-05 20:04:58
DEV006960,hash_0aa6a29883bc8530,Linux,Safari,2026-03-30 15:54:41,2026-09-06 06:36:37
DEV006961,hash_40cab1436fa5ba64,Android,Safari,2026-08-21 08:44:22,2026-09-05 05:55:20
DEV006962,hash_1f3153af45127010,iOS,Firefox,2024-11-22 15:55:05,2026-09-05 21:19:48
DEV006963,hash_327272f0ac929046,macOS,Edge,2025-03-31 04:24:22,2026-09-01 13:29:00
DEV006964,hash_bb16f8515c127211,Android,Firefox,2025-03-10 16:51:15,2026-08-28 17:18:55
DEV006965,hash_572de5e0849458ec,Linux,Chrome,2025-06-25 22:04:03,2026-08-28 06:31:26
DEV006966,hash_e7a05f0e5428400d,macOS,Safari,2025-09-20 20:42:21,2026-08-23 07:57:49
DEV006967,hash_1dd7b7918d4af93a,macOS,Chrome,2025-01-23 02:05:25,2026-08-26 07:04:44
DEV006968,hash_5f8ab644aabf6175,macOS,Firefox,2026-07-09 05:22:42,2026-09-13 01:55:00
DEV006969,hash_0f3e4ec490d98e1b,Windows,Firefox,2026-01-28 04:05:03,2026-09-09 18:18:45
DEV006970,hash_cd9101e6bcdb829b,Windows,Firefox,2025-12-23 12:22:36,2026-09-10 10:21:07
DEV006971,hash_15ecc9c42b912d0f,Linux,Chrome,2026-06-05 10:23:25,2026-08-25 03:47:14
DEV006972,hash_af81c257a4a3d77c,Android,Safari,2026-07-03 05:00:45,2026-08-17 10:03:03
DEV006973,hash_9207a14028f7e1e9,Linux,Safari,2025-07-07 10:52:45,2026-09-02 08:31:23
DEV006974,hash_1ce736df80f78a72,Windows,Chrome,2024-10-21 10:37:50,2026-08-26 18:04:52
DEV006975,hash_01c0418c48c43201,Android,Firefox,2024-11-23 01:27:18,2026-08-23 08:43:39
DEV006976,hash_83630085d0c906e9,Windows,Edge,2024-11-24 22:16:26,2026-09-14 12:49:02
DEV006977,hash_93c66bafe6ba5182,Linux,Firefox,2026-03-08 05:48:57,2026-09-11 11:51:10
DEV006978,hash_1ef9aad8949ad891,Windows,Firefox,2024-10-23 01:31:36,2026-08-27 19:29:34
DEV006979,hash_524a61066985276d,iOS,Chrome,2024-11-14 17:40:23,2026-09-10 03:43:52
DEV006980,hash_1ee69b68e7e032b0,iOS,Chrome,2026-09-08 02:10:24,2026-08-28 01:01:55
DEV006981,hash_7341eb551baaa5f0,Windows,Chrome,2025-09-01 02:39:28,2026-08-22 21:23:52
DEV006982,hash_0d385a4026f317f0,Linux,Safari,2025-04-29 21:00:38,2026-08-22 12:46:54
DEV006983,hash_4ea635cfb3abd831,macOS,Edge,2026-07-12 23:51:02,2026-09-05 19:37:08
DEV006984,hash_5d2e4264673b1a16,Linux,Safari,2025-04-18 12:06:47,2026-08-24 16:29:42
DEV006985,hash_12f867828b33cc72,Linux,Firefox,2025-03-11 02:46:06,2026-09-04 12:49:36
DEV006986,hash_2fc62e86769e2dc4,Linux,Chrome,2025-05-14 04:51:37,2026-08-23 17:54:09
DEV006987,hash_a97db3d83f4e9743,macOS,Edge,2025-10-23 11:13:04,2026-08-18 21:34:09
DEV006988,hash_ab03abc1e30ce0d1,Windows,Chrome,2025-03-13 05:36:09,2026-08-20 03:16:10
DEV006989,hash_6a956959e9c399cf,Windows,Safari,2026-01-09 11:29:36,2026-08-18 04:31:16
DEV006990,hash_a3a6d436b1a01162,Linux,Chrome,2025-12-02 22:27:08,2026-08-24 04:45:20
DEV006991,hash_e8aaf45fff034bfc,Windows,Firefox,2025-04-26 01:29:05,2026-09-11 06:09:38
DEV006992,hash_2647d221cbbfe3c7,Android,Chrome,2025-09-14 10:18:39,2026-09-05 04:54:15
DEV006993,hash_1858af42e4765120,Android,Firefox,2026-08-10 06:48:05,2026-08-23 19:24:51
DEV006994,hash_84732bee0fc765ce,Windows,Firefox,2025-03-16 16:10:34,2026-08-16 11:47:03
DEV006995,hash_1a33054837bd0ad8,Windows,Edge,2026-06-03 13:24:03,2026-08-25 03:24:22
DEV006996,hash_e0b8f61cd42da288,Linux,Firefox,2025-12-26 06:09:51,2026-08-19 09:31:58
DEV006997,hash_f6f2eec0e3204881,iOS,Safari,2024-11-05 12:20:22,2026-08-20 14:02:03
DEV006998,hash_8b0b81a72edb1a87,Windows,Chrome,2025-04-11 03:35:31,2026-08-24 08:00:08
DEV006999,hash_20192edfba2e1bde,iOS,Safari,2025-11-02 21:51:27,2026-08-21 16:23:47
DEV007000,hash_2c95722065005015,macOS,Edge,2026-05-12 06:57:51,2026-09-07 02:39:39
DEV007001,hash_14e8878dd568d465,iOS,Firefox,2025-11-18 01:05:25,2026-09-02 13:36:05
DEV007002,hash_feb7bbd202912c35,iOS,Safari,2026-03-29 21:49:46,2026-08-24 08:13:39
DEV007003,hash_eff27b853f34a4af,Windows,Firefox,2025-01-10 19:07:38,2026-09-10 13:31:19
DEV007004,hash_897209e13de2c6df,macOS,Edge,2026-09-08 04:47:00,2026-08-24 17:24:42
DEV007005,hash_0a1323efccc26a78,macOS,Edge,2025-03-23 23:25:46,2026-08-16 01:57:23
DEV007006,hash_0796583a628685f7,Windows,Firefox,2025-05-24 23:35:35,2026-08-23 23:55:16
DEV007007,hash_eb30ea1a9e7bfe5a,iOS,Edge,2026-05-02 10:02:19,2026-08-28 21:03:44
DEV007008,hash_b4c19b41a3c963c4,macOS,Edge,2025-10-17 19:50:35,2026-08-16 15:54:15
DEV007009,hash_78429374e8f2d001,Windows,Chrome,2025-10-08 05:56:34,2026-09-09 03:33:45
DEV007010,hash_8a0130dbf8a9cf5d,macOS,Edge,2026-08-10 05:14:20,2026-08-18 10:00:04
DEV007011,hash_2253f43adcfe7b2e,Android,Chrome,2025-07-17 01:18:57,2026-08-22 04:59:35
DEV007012,hash_a679521372e5f422,Windows,Firefox,2025-01-21 21:22:31,2026-08-18 00:05:29
DEV007013,hash_4ac7e2a5cb2245c0,Android,Chrome,2025-09-13 12:17:12,2026-08-23 05:24:49
DEV007014,hash_d522a7c53db8dbf6,iOS,Chrome,2026-07-03 16:50:30,2026-08-22 01:53:46
DEV007015,hash_ca97b99be1e9895e,Windows,Chrome,2025-03-21 02:03:55,2026-09-14 05:15:59
DEV007016,hash_b01bb17104c78f58,Linux,Edge,2026-06-24 04:21:03,2026-09-02 11:34:28
DEV007017,hash_eacf5049f76e7376,iOS,Safari,2025-12-03 21:51:20,2026-08-29 05:08:50
DEV007018,hash_76427d0fcc5bfff1,iOS,Safari,2025-09-08 08:06:14,2026-08-27 14:07:51
DEV007019,hash_2ecf0d7746c95074,macOS,Safari,2025-09-02 13:01:11,2026-08-24 03:49:29
DEV007020,hash_e2a721e94a122a4b,Android,Edge,2026-03-19 19:30:17,2026-08-20 23:46:52
DEV007021,hash_cf921545beb47aa2,Linux,Firefox,2026-03-22 07:32:22,2026-08-27 16:57:26
DEV007022,hash_2d89a9e497f1705c,macOS,Edge,2025-01-18 01:45:53,2026-09-14 01:49:11
DEV007023,hash_b952b1bfc0a0f06c,iOS,Safari,2026-04-23 05:23:57,2026-08-17 17:01:06
DEV007024,hash_2f6e8679b306604b,iOS,Chrome,2024-11-05 06:35:47,2026-09-02 23:29:53
DEV007025,hash_8d24172dce10686f,iOS,Firefox,2024-12-28 17:41:06,2026-08-15 16:26:02
DEV007026,hash_619ea1dfe867eaeb,iOS,Firefox,2025-04-25 06:05:19,2026-09-07 00:36:18
DEV007027,hash_d58e152dc6edd12d,macOS,Edge,2025-10-29 23:31:37,2026-09-08 10:36:24
DEV007028,hash_0576a6fd8416cbe1,macOS,Chrome,2026-02-22 10:14:06,2026-09-03 19:59:39
DEV007029,hash_2e3eca904631c9fd,iOS,Safari,2025-11-15 14:52:30,2026-09-10 22:37:23
DEV007030,hash_ea0188c7e75e976a,macOS,Firefox,2026-04-01 06:14:47,2026-09-04 06:20:30
DEV007031,hash_856479fc143e24d6,Linux,Safari,2026-08-05 12:32:34,2026-09-10 03:29:40
DEV007032,hash_3c3a4e30942d1b01,Android,Chrome,2025-09-11 14:40:38,2026-09-09 21:12:33
DEV007033,hash_6d275712b9b83ca9,Linux,Firefox,2025-06-16 02:04:54,2026-09-14 01:14:41
DEV007034,hash_14b4389aaca98c87,iOS,Safari,2025-12-06 17:06:07,2026-09-04 07:51:24
DEV007035,hash_4ffd78e13fdbb81f,macOS,Chrome,2026-04-20 23:40:06,2026-08-27 20:42:11
DEV007036,hash_01c00a3e589f5072,macOS,Chrome,2025-10-25 18:26:30,2026-09-04 10:44:44
DEV007037,hash_7abf99707ee0d61d,Windows,Chrome,2025-01-21 19:24:15,2026-09-09 01:58:52
DEV007038,hash_8effbdefb92491d9,Linux,Safari,2026-07-12 13:09:41,2026-09-08 21:59:23
DEV007039,hash_48555e7890fbd067,Linux,Edge,2024-12-21 05:31:38,2026-08-17 10:11:40
DEV007040,hash_c840c21c32a450fb,Windows,Edge,2025-02-21 21:00:41,2026-08-19 05:18:11
DEV007041,hash_812b6b4c60bd0ea8,macOS,Edge,2025-12-24 01:17:42,2026-09-02 11:56:10
DEV007042,hash_c4c952d820101b24,Android,Firefox,2026-06-30 03:15:26,2026-08-30 03:28:35
DEV007043,hash_ef3279818bfd50f8,Android,Safari,2024-12-12 21:59:48,2026-09-13 23:56:17
DEV007044,hash_942c4d48e975bc02,Windows,Chrome,2026-08-17 11:06:25,2026-09-04 16:15:43
DEV007045,hash_c7f8f1f99c631e52,Windows,Safari,2025-07-08 07:54:37,2026-09-02 21:46:22
DEV007046,hash_5be7237ebd66ae5c,Windows,Firefox,2025-05-04 19:39:56,2026-09-02 19:04:08
DEV007047,hash_e67520c329b2b901,Windows,Safari,2024-10-02 17:19:27,2026-08-30 22:14:16
DEV007048,hash_19cf722c562e7e52,iOS,Firefox,2025-09-27 14:42:53,2026-08-25 07:16:18
DEV007049,hash_08d98370b53e4f8e,Windows,Chrome,2026-04-19 23:03:50,2026-08-16 10:27:21
DEV007050,hash_4b4d1abd59dc5d95,Android,Edge,2025-02-28 14:46:12,2026-09-05 19:12:14
DEV007051,hash_a8d187a3354a922f,Windows,Chrome,2026-05-09 04:38:11,2026-08-22 19:13:54
DEV007052,hash_bf6691dbebb43d16,Android,Chrome,2025-08-29 15:44:37,2026-09-13 07:40:00
DEV007053,hash_6925033898be139e,macOS,Safari,2026-05-21 04:41:13,2026-08-22 10:41:50
DEV007054,hash_1b750a7657b643c6,iOS,Edge,2026-01-31 07:48:44,2026-08-30 07:35:20
DEV007055,hash_66e319ec3ab88b16,Windows,Chrome,2025-07-19 00:56:47,2026-08-27 12:37:10
DEV007056,hash_da7f1ca8f15a216f,Windows,Chrome,2025-01-02 17:11:46,2026-08-16 10:50:52
DEV007057,hash_109c564840768b22,macOS,Firefox,2026-08-14 14:50:58,2026-08-26 16:19:24
DEV007058,hash_e205eabf7f22fba5,iOS,Firefox,2026-08-17 01:45:28,2026-09-05 23:16:06
DEV007059,hash_42c4c3113cbceeee,iOS,Edge,2025-03-29 15:00:56,2026-09-08 06:54:03
DEV007060,hash_b3ba5df7ddbd7d5c,macOS,Edge,2025-07-21 06:36:14,2026-09-07 07:06:07
DEV007061,hash_f5e5f982de4dd5df,Android,Firefox,2026-03-21 21:29:02,2026-09-07 05:46:07
DEV007062,hash_f4b2333de22e58d5,iOS,Firefox,2025-06-29 18:45:33,2026-08-25 14:15:00
DEV007063,hash_d3565b92a22002a5,Linux,Chrome,2025-09-09 00:46:16,2026-08-21 23:42:34
DEV007064,hash_841597ef23d24b8f,Android,Edge,2025-08-03 03:19:13,2026-08-18 03:35:19
DEV007065,hash_e308244810292c12,Linux,Firefox,2025-03-23 18:11:59,2026-08-22 17:19:46
DEV007066,hash_f1ccfa4a5a722e69,Windows,Edge,2026-08-11 22:15:45,2026-08-20 13:46:17
DEV007067,hash_ae96ec12bde198a1,Windows,Firefox,2025-05-01 15:14:18,2026-09-02 19:32:57
DEV007068,hash_d233d02af4479d5e,Android,Chrome,2024-10-25 10:27:44,2026-09-01 16:11:32
DEV007069,hash_29467638e7355bf2,macOS,Safari,2025-09-10 10:08:28,2026-09-03 10:08:14
DEV007070,hash_94d2f8d0f2af8671,macOS,Firefox,2026-08-04 03:59:30,2026-09-05 16:41:35
DEV007071,hash_db4c0d45c1e6478a,macOS,Firefox,2024-11-13 20:34:23,2026-09-13 16:45:43
DEV007072,hash_16722a67120129ac,Windows,Firefox,2025-04-30 11:53:26,2026-09-01 21:06:29
DEV007073,hash_fd9386d93d154071,Android,Chrome,2026-06-13 22:33:06,2026-09-09 12:56:36
DEV007074,hash_88f8516eff0e46f4,Linux,Edge,2025-11-16 14:56:26,2026-09-07 19:38:14
DEV007075,hash_f95758a029771f73,iOS,Chrome,2024-10-15 15:40:33,2026-09-07 22:22:32
DEV007076,hash_6e968d8cd100544b,Windows,Safari,2024-11-05 19:18:11,2026-09-01 18:26:16
DEV007077,hash_d49d3c77ac5f7e72,Android,Chrome,2025-05-29 14:57:58,2026-08-25 01:11:09
DEV007078,hash_d064dc383c20dbe6,Linux,Chrome,2025-05-13 05:26:09,2026-09-09 06:08:05
DEV007079,hash_cd193f76826a17bb,Android,Firefox,2025-01-21 01:41:33,2026-08-16 04:38:50
DEV007080,hash_6ae0151cb479d898,Windows,Safari,2024-12-01 20:39:57,2026-08-22 17:47:50
DEV007081,hash_17b9d89eb71b7fc7,Android,Chrome,2026-04-15 07:42:24,2026-09-11 22:03:57
DEV007082,hash_11563f5b21056f8c,Linux,Firefox,2025-04-11 14:06:53,2026-08-18 13:32:22
DEV007083,hash_1367cec94df7170f,Windows,Chrome,2024-10-03 08:22:48,2026-09-09 09:23:04
DEV007084,hash_16559da48b41d6a0,macOS,Chrome,2025-03-03 00:59:38,2026-09-09 22:52:52
DEV007085,hash_848e44dc227cbee6,Windows,Edge,2025-06-29 13:09:14,2026-08-16 19:53:27
DEV007086,hash_6cb35ce2100bdf50,Linux,Edge,2025-08-28 10:15:26,2026-09-04 05:46:30
DEV007087,hash_7213d4a3886ffdb2,iOS,Firefox,2025-05-31 15:13:13,2026-09-14 09:52:36
DEV007088,hash_10716f20c26dd30c,Windows,Edge,2025-09-06 16:41:30,2026-09-01 11:57:50
DEV007089,hash_ea2dc2cbdca41a1f,Android,Firefox,2026-01-10 02:55:43,2026-08-31 12:13:05
DEV007090,hash_20dc25c9aa2c64ac,Android,Safari,2025-04-23 11:40:24,2026-09-02 12:28:45
DEV007091,hash_a4ec1371300da02b,Windows,Edge,2024-10-23 17:23:44,2026-09-09 18:06:42
DEV007092,hash_368a2097417cf2ed,iOS,Safari,2025-12-13 01:00:57,2026-08-21 15:25:06
DEV007093,hash_2134a0f44e31031d,Android,Chrome,2026-08-01 10:29:44,2026-09-05 22:32:11
DEV007094,hash_5c792053694ec9d5,Android,Chrome,2026-04-26 07:34:14,2026-09-08 07:45:51
DEV007095,hash_0553d964ce06b0c5,Windows,Edge,2025-08-16 19:33:36,2026-09-09 14:35:11
DEV007096,hash_10cd81bb007f6bd0,Android,Safari,2024-10-12 06:14:28,2026-09-11 06:13:13
DEV007097,hash_3303dccc1c4b5f94,Android,Firefox,2026-04-03 03:32:08,2026-09-12 03:36:44
DEV007098,hash_5dcb885056130c51,Windows,Edge,2025-10-12 03:47:44,2026-08-18 22:09:49
DEV007099,hash_4dafa6bd923bc822,iOS,Chrome,2025-01-11 06:31:28,2026-09-03 00:04:50
DEV007100,hash_78ec798bb8832e4e,iOS,Firefox,2025-05-28 14:43:35,2026-09-06 00:14:30
DEV007101,hash_3b65c1beadd3f1b4,Linux,Safari,2026-04-05 07:27:33,2026-08-28 14:58:01
DEV007102,hash_c14906fd6c5afa87,macOS,Firefox,2025-01-03 23:41:46,2026-08-22 13:27:15
DEV007103,hash_15c83934a82cff5f,macOS,Edge,2026-04-29 02:58:59,2026-08-25 04:30:43
DEV007104,hash_c7f66ab7cb7f47c9,Android,Edge,2024-11-25 13:25:34,2026-09-14 14:28:36
DEV007105,hash_8dc0fa92b71ed6ef,macOS,Edge,2025-07-09 08:27:56,2026-08-29 01:02:58
DEV007106,hash_79e310986c6bc336,macOS,Safari,2025-07-17 12:23:02,2026-08-26 08:21:41
DEV007107,hash_1045f87ddd61730b,iOS,Edge,2024-10-16 17:09:47,2026-08-17 19:02:43
DEV007108,hash_a802153d76f7d7d1,Android,Firefox,2025-05-07 10:54:11,2026-08-16 05:52:50
DEV007109,hash_368c9deaca328ebf,Linux,Chrome,2024-12-26 10:27:54,2026-08-25 02:22:02
DEV007110,hash_f890ed188874b98d,Linux,Firefox,2025-08-05 03:20:15,2026-09-12 07:02:33
DEV007111,hash_74db51949d5e8f2c,iOS,Chrome,2025-02-11 14:24:34,2026-09-04 22:17:33
DEV007112,hash_81b5b4d94719a40b,macOS,Firefox,2026-05-28 03:28:41,2026-08-23 00:26:49
DEV007113,hash_46608cf509f114d3,Windows,Chrome,2025-08-11 18:27:11,2026-09-11 05:07:57
DEV007114,hash_40bee2989640f569,Windows,Safari,2025-11-29 12:00:58,2026-08-28 01:02:05
DEV007115,hash_8054a1debd40659e,macOS,Chrome,2026-08-26 17:03:07,2026-08-25 21:09:05
DEV007116,hash_bc8e2ed7a52bdb1c,macOS,Firefox,2024-09-14 14:48:55,2026-08-18 20:55:39
DEV007117,hash_1d0c518447d2151e,Linux,Chrome,2025-01-19 02:04:59,2026-08-17 11:24:40
DEV007118,hash_f63b2c0f7fa64b26,Linux,Edge,2025-04-08 09:40:05,2026-09-08 02:06:39
DEV007119,hash_4fcb77abc7635785,Android,Firefox,2026-05-18 11:12:57,2026-08-18 20:45:55
DEV007120,hash_a238f54ba05a582f,Android,Safari,2025-03-03 08:27:45,2026-09-07 09:22:58
DEV007121,hash_7c0591f1e059f743,Windows,Safari,2026-08-25 23:34:50,2026-08-23 16:42:31
DEV007122,hash_31552a429eac4a15,Linux,Chrome,2026-09-02 12:10:25,2026-09-08 14:42:52
DEV007123,hash_fc058808c46946af,Linux,Safari,2024-12-11 21:46:42,2026-08-19 12:56:14
DEV007124,hash_a96386633d097c1f,macOS,Firefox,2026-02-16 03:05:09,2026-09-06 23:14:46
DEV007125,hash_5c982e6d08709a73,Windows,Safari,2026-06-06 15:14:24,2026-09-01 07:05:01
DEV007126,hash_30f35dc399d7e738,iOS,Firefox,2026-01-06 06:12:02,2026-09-02 17:18:47
DEV007127,hash_14c6423e72b3f2cc,Linux,Safari,2026-07-06 20:27:51,2026-09-07 10:06:17
DEV007128,hash_07f5f4cf406cf489,macOS,Firefox,2025-04-02 15:16:07,2026-09-12 16:04:13
DEV007129,hash_50632ef1843d6a3b,macOS,Edge,2025-11-22 00:43:09,2026-09-11 06:08:43
DEV007130,hash_23e8e6800228ad07,Android,Edge,2026-08-05 19:34:54,2026-08-31 16:56:34
DEV007131,hash_a287fc6df6aa2893,Android,Safari,2026-01-17 16:42:59,2026-08-31 12:12:16
DEV007132,hash_75693284327cff9d,Linux,Safari,2025-10-28 06:48:59,2026-08-23 05:03:04
DEV007133,hash_0e1f9be02f97e3ae,Windows,Safari,2026-02-14 20:02:34,2026-09-13 06:54:32
DEV007134,hash_a61d0ed9aeb47cf3,Windows,Safari,2025-10-23 02:38:55,2026-08-29 04:47:00
DEV007135,hash_38135dadc179981c,Windows,Safari,2026-06-02 08:41:51,2026-09-13 11:39:06
DEV007136,hash_efdd42c0484c6265,Android,Edge,2026-05-11 16:44:13,2026-08-27 13:33:26
DEV007137,hash_f066891ec243a625,Linux,Edge,2025-03-08 20:53:56,2026-08-16 17:39:37
DEV007138,hash_77cdce3a74be8c30,Linux,Firefox,2025-08-17 04:13:54,2026-09-08 02:57:47
DEV007139,hash_b73f256ba4f3c259,iOS,Chrome,2025-04-13 14:12:29,2026-08-31 14:05:34
DEV007140,hash_eccc1cc5c3252cec,Android,Chrome,2026-09-14 05:59:54,2026-09-09 08:36:06
DEV007141,hash_c79591e5749dbcd7,iOS,Chrome,2025-05-05 15:15:26,2026-09-08 20:59:48
DEV007142,hash_46f8aa1decf1f1ff,Android,Safari,2026-03-30 17:44:38,2026-09-04 07:17:10
DEV007143,hash_c28332937e96e4fe,Android,Chrome,2024-10-24 00:17:49,2026-09-13 09:08:17
DEV007144,hash_2c7d5b6bc8443b71,Windows,Edge,2025-05-05 11:02:09,2026-08-28 03:56:28
DEV007145,hash_b0262ee11b0be11d,macOS,Safari,2024-12-05 21:29:25,2026-08-22 20:09:57
DEV007146,hash_7de560e2ab2dbaaa,Linux,Chrome,2025-11-19 06:27:30,2026-08-26 12:18:30
DEV007147,hash_f18ed53ee47b3030,Windows,Chrome,2026-07-02 02:38:49,2026-08-26 06:51:51
DEV007148,hash_e341d3fcf14ef0fe,Android,Safari,2026-07-30 06:32:39,2026-08-27 17:34:00
DEV007149,hash_6d722bc48d4cb611,macOS,Edge,2025-09-09 20:18:44,2026-08-23 02:19:29
DEV007150,hash_8595c6c314f2125d,macOS,Safari,2026-09-03 11:05:59,2026-08-20 10:38:24
DEV007151,hash_45fef22df3771a80,iOS,Edge,2026-03-09 20:23:01,2026-09-10 23:29:08
DEV007152,hash_c503e9042046f92d,Windows,Safari,2025-10-12 01:51:19,2026-09-02 06:41:00
DEV007153,hash_f27ccee9d2dfaea2,macOS,Chrome,2025-07-31 16:30:24,2026-09-04 01:37:33
DEV007154,hash_423e2c4cb219aa6d,Linux,Edge,2025-08-05 20:24:24,2026-09-12 03:52:16
DEV007155,hash_1508b722785329a9,Android,Chrome,2025-05-29 10:30:23,2026-08-30 04:13:29
DEV007156,hash_1e1288befacb222e,Linux,Edge,2024-11-16 04:36:14,2026-08-27 10:17:32
DEV007157,hash_c7518f377758f668,Android,Firefox,2025-01-18 08:26:57,2026-09-08 00:22:26
DEV007158,hash_283321303e000000,Windows,Edge,2026-09-05 07:03:36,2026-08-18 21:02:06
DEV007159,hash_0c089916c6cc82e1,Windows,Safari,2026-05-09 02:39:36,2026-08-30 21:33:09
DEV007160,hash_c92c2bcb39608241,Android,Edge,2026-09-03 12:27:29,2026-08-18 10:03:46
DEV007161,hash_227564fe3e88bcb6,Windows,Edge,2025-08-18 12:51:19,2026-09-04 08:42:09
DEV007162,hash_6c533408a8cee611,Linux,Edge,2026-06-09 06:04:52,2026-09-05 15:16:40
DEV007163,hash_e4636d0ca842c013,Windows,Chrome,2025-01-11 19:52:14,2026-09-04 18:22:14
DEV007164,hash_36baeaa4c13820b9,Android,Safari,2025-09-16 16:51:04,2026-08-17 03:24:44
DEV007165,hash_f5e3bde9cc4ff1cd,iOS,Chrome,2025-05-31 10:27:55,2026-09-02 15:17:24
DEV007166,hash_76cb28e1cd843c95,macOS,Firefox,2024-12-15 00:08:45,2026-08-30 14:37:14
DEV007167,hash_6768d40a42d8e0a5,Linux,Firefox,2025-03-16 05:40:58,2026-09-08 06:36:10
DEV007168,hash_7794eab7489bf679,Android,Safari,2026-07-28 23:58:00,2026-09-08 12:49:31
DEV007169,hash_870372fedae612b1,Android,Chrome,2026-09-04 20:21:13,2026-09-03 21:32:28
DEV007170,hash_ef554b80edd8ece8,iOS,Chrome,2025-12-15 05:15:00,2026-08-26 01:07:38
DEV007171,hash_82fbfdc717dedfbe,macOS,Safari,2025-07-25 23:54:56,2026-09-05 12:52:31
DEV007172,hash_22ca4d6d3ebc5194,iOS,Chrome,2026-07-05 23:08:34,2026-08-27 01:41:26
DEV007173,hash_43a85f46d066fe9e,Windows,Edge,2025-04-24 16:23:20,2026-08-27 11:09:23
DEV007174,hash_5f203b71d0ca8c48,Android,Chrome,2026-01-01 10:08:47,2026-08-23 15:52:55
DEV007175,hash_76b61e942a82536a,Windows,Chrome,2025-06-02 05:48:52,2026-08-23 09:14:17
DEV007176,hash_d11f0522e5c4f606,macOS,Chrome,2025-12-22 15:26:29,2026-08-31 12:54:54
DEV007177,hash_3ee831ac0585dedf,Windows,Firefox,2025-12-19 02:52:55,2026-09-02 22:49:31
DEV007178,hash_c2492e9de74da397,macOS,Safari,2026-07-08 21:01:14,2026-08-19 16:19:35
DEV007179,hash_ba9513e932a3b4be,iOS,Safari,2024-12-01 08:40:53,2026-08-19 15:24:48
DEV007180,hash_619f0a24e367972a,macOS,Safari,2024-11-17 02:37:13,2026-08-16 01:39:27
DEV007181,hash_f8f614ad0740ecda,Windows,Firefox,2025-01-08 17:18:39,2026-09-10 21:20:35
DEV007182,hash_2358b5ad6143e9c4,Windows,Chrome,2025-08-13 00:51:34,2026-09-08 13:44:35
DEV007183,hash_a63f50afe0163b1c,iOS,Firefox,2026-08-11 13:43:59,2026-08-20 03:19:15
DEV007184,hash_12b2b7571f9bdf4c,Windows,Safari,2026-09-09 22:14:40,2026-08-23 00:43:41
DEV007185,hash_a3119c9c1bf5e3a0,Android,Chrome,2024-10-24 01:37:29,2026-08-15 18:11:52
DEV007186,hash_d601f36b9784f6e6,Android,Firefox,2025-09-15 04:12:09,2026-08-24 06:39:13
DEV007187,hash_6111fe2d071bcd2a,Android,Edge,2024-10-09 13:31:54,2026-08-22 03:17:07
DEV007188,hash_3f72dfa41a3ade24,macOS,Firefox,2025-04-28 12:45:54,2026-09-02 11:04:50
DEV007189,hash_c8b81d4e0d818d84,Android,Safari,2026-02-23 08:52:17,2026-09-01 23:59:35
DEV007190,hash_20eb968bdf033e96,iOS,Chrome,2026-02-13 12:28:17,2026-09-12 10:11:28
DEV007191,hash_acc60992fa4f2ffc,Windows,Safari,2024-11-21 03:44:26,2026-08-17 14:52:13
DEV007192,hash_a59007bd29f8a38e,macOS,Edge,2025-01-20 12:11:57,2026-08-30 16:40:16
DEV007193,hash_fc804f90a76b9d80,iOS,Safari,2025-05-28 14:32:03,2026-08-20 12:14:28
DEV007194,hash_333e1a4fd0f92d7b,Linux,Safari,2024-10-14 10:10:55,2026-09-12 22:51:04
DEV007195,hash_22d6bd79ab765b40,Windows,Edge,2024-11-17 03:16:58,2026-08-17 13:48:10
DEV007196,hash_1faa61881eb304dc,macOS,Chrome,2026-01-04 08:48:32,2026-08-15 16:00:51
DEV007197,hash_af77a587f69c2ed6,Windows,Safari,2026-06-14 04:48:25,2026-08-24 23:45:05
DEV007198,hash_bc0c025c45278bc7,iOS,Edge,2026-05-20 10:23:18,2026-08-23 21:45:14
DEV007199,hash_b3a79fe1cac778cf,Android,Safari,2026-08-11 22:35:04,2026-09-03 15:09:21
DEV007200,hash_d3b84f55d9dc592c,Windows,Safari,2026-06-16 08:16:42,2026-09-08 11:04:37
DEV007201,hash_7047531735abe593,Windows,Firefox,2024-12-06 16:54:30,2026-08-28 15:13:42
DEV007202,hash_87abf7ad66c722f6,iOS,Safari,2025-12-19 01:28:03,2026-08-29 19:18:17
DEV007203,hash_88aae39a0f5de2ac,Android,Safari,2026-01-05 04:47:15,2026-09-10 04:42:08
DEV007204,hash_9caeb54fd9fcd8b5,Linux,Safari,2024-11-08 20:31:11,2026-09-14 09:39:23
DEV007205,hash_0809cb51f7ad3af9,iOS,Firefox,2025-04-23 02:40:57,2026-08-22 09:15:55
DEV007206,hash_31e1ed5e22316896,Windows,Safari,2024-11-03 14:51:44,2026-09-07 02:25:38
DEV007207,hash_3ae09dba97d974e9,Windows,Chrome,2025-12-29 00:01:53,2026-08-28 06:40:02
DEV007208,hash_34cd130ab193fe29,Windows,Firefox,2025-01-14 10:17:01,2026-09-09 15:39:29
DEV007209,hash_84933b3d820b337c,Android,Safari,2024-11-27 20:03:22,2026-09-08 18:07:55
DEV007210,hash_ed121765072c3651,macOS,Safari,2025-12-29 05:55:10,2026-08-26 12:30:09
DEV007211,hash_df73a6480baa8cff,macOS,Chrome,2026-03-03 08:44:02,2026-08-29 10:17:49
DEV007212,hash_afa5ef5f95fe26f4,macOS,Firefox,2024-10-09 01:23:53,2026-09-03 18:06:09
DEV007213,hash_425e03bc5c57a283,Windows,Firefox,2026-07-08 01:35:36,2026-09-01 02:19:50
DEV007214,hash_2e4b24e15bae4fd4,Windows,Edge,2026-02-12 16:54:16,2026-08-23 13:26:58
DEV007215,hash_7d189f807e0a096e,macOS,Safari,2026-03-07 22:17:04,2026-09-07 14:27:19
DEV007216,hash_c752a7b94907bb41,Windows,Edge,2026-06-05 12:47:18,2026-09-06 14:58:36
DEV007217,hash_cb58cbef43b91c43,Linux,Firefox,2025-06-19 19:51:59,2026-09-09 08:38:58
DEV007218,hash_4e5dd2ed08af3c2d,macOS,Safari,2025-05-10 03:55:58,2026-08-29 21:53:49
DEV007219,hash_0d88de48ce86055d,Android,Edge,2026-02-03 18:10:18,2026-09-04 03:04:28
DEV007220,hash_62f3c49a023ac2b0,Linux,Firefox,2025-08-04 19:45:50,2026-08-27 01:42:24
DEV007221,hash_4c32e1a163e27bd0,Linux,Edge,2026-05-24 02:16:44,2026-08-30 16:09:25
DEV007222,hash_f5d50ba8203b5f17,macOS,Safari,2026-02-13 16:08:46,2026-08-31 12:17:38
DEV007223,hash_5d710ec4ce64ebb5,iOS,Edge,2025-02-24 17:07:55,2026-08-27 08:10:48
DEV007224,hash_97fc3fa2766f6149,iOS,Safari,2025-09-07 11:15:16,2026-08-22 21:02:18
DEV007225,hash_a6ce6b4de738eb30,Windows,Edge,2026-03-14 09:29:22,2026-08-23 04:36:34
DEV007226,hash_9533022d054c71d8,Android,Firefox,2024-10-12 18:12:14,2026-08-19 12:20:08
DEV007227,hash_05aaebe71f0c6e13,Windows,Chrome,2024-10-29 19:23:23,2026-09-13 04:27:59
DEV007228,hash_283ba35477c0fc27,Windows,Safari,2026-07-25 22:04:06,2026-08-21 08:55:03
DEV007229,hash_fa4eacb9cf50c4ca,Windows,Firefox,2025-01-06 21:12:01,2026-08-20 21:12:57
DEV007230,hash_6f6058c39a61a1c8,Android,Chrome,2025-08-28 20:43:30,2026-08-21 18:41:40
DEV007231,hash_6f23d00ec1735503,Android,Firefox,2025-01-08 03:53:59,2026-08-19 05:19:56
DEV007232,hash_d7a800b9242e8f55,Windows,Edge,2025-04-21 13:57:59,2026-08-31 19:25:21
DEV007233,hash_70bb727a07f4fe4b,Linux,Firefox,2026-03-02 08:23:03,2026-08-31 04:32:07
DEV007234,hash_f3c352f765aae4ea,iOS,Safari,2025-12-08 02:37:38,2026-08-27 06:31:02
DEV007235,hash_f025bd70ab1e26b7,Android,Edge,2026-03-26 08:40:32,2026-09-08 00:52:01
DEV007236,hash_3387dc6b4bf12c14,Android,Edge,2025-08-18 07:28:32,2026-09-04 13:18:41
DEV007237,hash_0e88971ac61b2165,iOS,Firefox,2024-12-18 10:01:14,2026-09-11 11:01:58
DEV007238,hash_0f081ad75f29e42b,iOS,Safari,2026-04-03 16:52:59,2026-09-13 04:27:07
DEV007239,hash_ac8a62193f1c47f2,Linux,Safari,2025-05-07 04:06:44,2026-08-25 20:10:05
DEV007240,hash_4476c9fff29ec80c,iOS,Edge,2026-08-10 19:14:49,2026-09-07 15:07:01
DEV007241,hash_92bdb60a8e8b26f7,Windows,Firefox,2026-02-05 20:21:32,2026-08-17 07:11:17
DEV007242,hash_ecb5ad17af88a9b2,iOS,Edge,2025-06-24 01:36:00,2026-08-23 06:08:16
DEV007243,hash_c94ec4e5173f0555,macOS,Safari,2025-07-14 17:10:46,2026-08-24 22:51:59
DEV007244,hash_6a050b5591e58b41,Windows,Safari,2025-06-09 05:06:31,2026-08-18 20:43:34
DEV007245,hash_cc6675feed2c3977,Windows,Safari,2024-10-22 04:02:07,2026-08-17 04:19:33
DEV007246,hash_9f88ac2ab614c52a,Windows,Edge,2026-06-29 11:53:04,2026-08-27 21:34:45
DEV007247,hash_81cf999fbba8e697,Android,Firefox,2025-07-13 18:09:12,2026-08-24 17:07:37
DEV007248,hash_b9a28ca272d91c83,iOS,Chrome,2026-06-07 06:41:40,2026-09-08 19:31:54
DEV007249,hash_b5aa591f7e360082,Windows,Firefox,2025-09-09 04:35:09,2026-09-03 22:52:30
DEV007250,hash_bab68460707fb8c6,Android,Firefox,2026-05-15 21:56:05,2026-08-31 08:45:49
DEV007251,hash_d99a067321fa1e52,iOS,Safari,2025-08-29 09:37:33,2026-08-22 02:36:34
DEV007252,hash_060f22ebe6f8df7d,iOS,Firefox,2026-06-09 19:30:35,2026-08-31 12:38:30
DEV007253,hash_f709a3a599860656,iOS,Edge,2026-04-16 01:17:44,2026-09-05 03:50:15
DEV007254,hash_aa68ba01dccc9a70,iOS,Edge,2026-02-07 13:48:05,2026-08-30 22:31:16
DEV007255,hash_1a3466056330c4ba,macOS,Edge,2026-08-26 06:16:37,2026-09-12 03:51:59
DEV007256,hash_d0d1cc8aeb0a0a80,Windows,Chrome,2026-07-20 11:26:03,2026-08-24 14:05:50
DEV007257,hash_aa93913fc435c6ad,Windows,Chrome,2024-09-19 22:54:48,2026-08-23 15:02:55
DEV007258,hash_ba787bec4735d159,macOS,Safari,2025-03-27 19:46:32,2026-09-04 20:12:33
DEV007259,hash_5dd86468a9ed7cc3,Android,Chrome,2024-11-25 13:55:28,2026-09-08 07:02:20
DEV007260,hash_8d6c25a729d2a737,macOS,Firefox,2026-07-26 05:08:22,2026-08-31 21:33:08
DEV007261,hash_14572b45813026e3,Android,Chrome,2025-01-07 06:17:37,2026-08-17 16:43:45
DEV007262,hash_01ad3eb359a7b110,iOS,Firefox,2026-08-01 23:17:07,2026-08-22 11:16:30
DEV007263,hash_b7ece5d6882a66d5,Linux,Firefox,2025-03-19 14:36:22,2026-09-09 13:12:11
DEV007264,hash_7a11648409b14301,Windows,Safari,2025-12-27 06:09:54,2026-09-08 16:53:58
DEV007265,hash_5b440dac96710d4f,iOS,Firefox,2025-04-17 23:58:29,2026-08-25 11:24:38
DEV007266,hash_c7a3d6b2713e125f,macOS,Edge,2026-03-28 00:38:27,2026-08-24 10:04:44
DEV007267,hash_cb6a37657b44d71e,Windows,Firefox,2025-08-04 17:54:40,2026-08-17 12:33:45
DEV007268,hash_9ffcbc2134cea2e9,iOS,Safari,2026-05-05 22:07:01,2026-08-16 02:30:51
DEV007269,hash_43d6b29db2ff8d07,iOS,Firefox,2026-01-17 16:58:01,2026-09-02 04:02:38
DEV007270,hash_a38531a9d1e63fb7,macOS,Firefox,2026-03-20 17:03:17,2026-09-01 07:20:49
DEV007271,hash_c99c04f2bb3d9dcf,iOS,Edge,2026-05-28 17:12:57,2026-09-14 12:08:58
DEV007272,hash_f6a0b9618520a938,iOS,Edge,2025-06-30 21:54:55,2026-09-01 00:36:32
DEV007273,hash_bf05c5ccc50d751e,Linux,Firefox,2024-09-16 07:16:23,2026-08-20 17:37:50
DEV007274,hash_d32acc65146e8acf,Windows,Chrome,2025-09-24 04:15:35,2026-09-08 23:33:46
DEV007275,hash_030d28200a833108,iOS,Edge,2025-02-17 20:27:11,2026-08-25 21:40:15
DEV007276,hash_7d5e19bb005cbeb8,macOS,Firefox,2025-01-06 23:32:48,2026-08-31 19:10:39
DEV007277,hash_41e8e0b6115596d0,iOS,Safari,2026-02-24 14:59:44,2026-09-09 04:06:42
DEV007278,hash_ff25e17df4299222,Linux,Edge,2025-04-14 13:38:58,2026-09-10 10:16:24
DEV007279,hash_e090bbf2f4d7800a,Linux,Edge,2025-07-14 15:14:20,2026-09-10 07:47:13
DEV007280,hash_ca4246fcf8a3e272,Windows,Firefox,2025-12-16 19:44:11,2026-09-14 09:20:17
DEV007281,hash_7f28ef1adfe4e444,Android,Safari,2026-09-03 20:54:58,2026-09-14 09:03:33
DEV007282,hash_5b41db5fe7110ce1,macOS,Firefox,2025-02-13 22:16:23,2026-09-05 18:30:18
DEV007283,hash_f8372e301c84a012,Android,Safari,2026-05-05 00:42:52,2026-08-17 13:41:59
DEV007284,hash_0119e5df2e77c71b,Linux,Firefox,2025-09-02 13:10:31,2026-09-13 08:18:07
DEV007285,hash_8e5d790e10c42bfb,macOS,Firefox,2025-11-13 03:21:41,2026-08-29 17:51:56
DEV007286,hash_aa4ed9ce07c32150,Linux,Safari,2025-11-06 16:03:41,2026-09-06 19:33:10
DEV007287,hash_79ef6c270d3ece41,Linux,Firefox,2024-10-18 18:02:27,2026-08-29 11:12:57
DEV007288,hash_3ba1e0f0d75f36ef,macOS,Edge,2025-05-30 12:27:37,2026-08-16 12:38:18
DEV007289,hash_d460c55ed99902eb,iOS,Chrome,2025-07-27 13:32:42,2026-09-13 06:22:26
DEV007290,hash_215365f0fb7eec4d,Linux,Edge,2026-01-14 05:10:11,2026-08-18 16:55:53
DEV007291,hash_315960cbfd28d0ce,Windows,Chrome,2025-09-17 17:53:40,2026-09-04 21:53:30
DEV007292,hash_4fb40956bdf8bf0a,Linux,Safari,2026-09-05 18:57:49,2026-09-07 03:49:58
DEV007293,hash_e4cb0f8d0d3a5465,iOS,Edge,2026-08-25 04:24:07,2026-09-14 05:01:24
DEV007294,hash_e99640f8ab7abdeb,Windows,Chrome,2025-12-02 09:11:27,2026-08-26 20:50:12
DEV007295,hash_263d9cae86863614,macOS,Chrome,2026-09-01 03:52:54,2026-08-30 22:58:36
DEV007296,hash_9b84d4100010f446,Android,Edge,2026-06-24 14:05:11,2026-09-13 08:12:25
DEV007297,hash_2c3e080f26971d75,Android,Edge,2025-03-06 07:23:41,2026-09-06 11:12:18
DEV007298,hash_df14caf215dc37a7,iOS,Chrome,2025-04-07 18:37:16,2026-08-30 05:37:14
DEV007299,hash_9597846a85bf10c0,Windows,Safari,2026-08-07 15:15:23,2026-08-17 12:52:01
DEV007300,hash_3eccb0752e13ac4b,Linux,Safari,2026-06-10 13:18:49,2026-08-26 19:07:17
DEV007301,hash_69dce3aa91fae7fe,Android,Firefox,2026-02-15 08:43:33,2026-09-12 19:00:24
DEV007302,hash_35af3a4e3c0d409f,Android,Safari,2025-03-30 13:47:41,2026-09-03 19:45:21
DEV007303,hash_9ee4f965cf8972f1,Linux,Edge,2025-04-08 07:01:31,2026-08-15 20:45:30
DEV007304,hash_59ccb1cbf2320d50,Android,Edge,2025-10-31 10:00:33,2026-08-26 18:49:39
DEV007305,hash_720af6005c5bf9bf,Linux,Chrome,2024-10-15 16:02:37,2026-08-26 10:10:58
DEV007306,hash_2ad771f7329c844e,iOS,Chrome,2026-06-14 06:14:56,2026-09-06 11:10:48
DEV007307,hash_ef9a3349d1ad595b,Linux,Chrome,2025-03-18 19:09:20,2026-09-03 22:16:53
DEV007308,hash_6f174420cb5b8d4b,Android,Safari,2024-09-15 22:11:48,2026-09-05 12:45:53
DEV007309,hash_11296037f05f9dfc,macOS,Safari,2024-10-21 06:37:37,2026-08-19 08:26:08
DEV007310,hash_2b573ecd03047d1c,Windows,Chrome,2026-05-30 09:54:06,2026-08-28 22:34:25
DEV007311,hash_3895c13cf262975a,Android,Chrome,2025-11-03 22:10:17,2026-09-11 04:32:17
DEV007312,hash_83637de0719671a5,Linux,Edge,2026-09-14 05:34:01,2026-09-04 21:19:15
DEV007313,hash_a64de2ac7e5e33b2,Windows,Edge,2024-09-26 20:54:33,2026-09-09 00:20:57
DEV007314,hash_57367c2b53152dbb,Linux,Safari,2026-07-20 19:06:56,2026-08-30 12:31:11
DEV007315,hash_fdab152cf311f92b,Android,Safari,2026-05-04 09:35:49,2026-09-13 19:06:07
DEV007316,hash_c0c856109335d876,Android,Safari,2026-02-11 09:19:08,2026-08-18 03:24:48
DEV007317,hash_0b08378555d37793,Windows,Edge,2025-10-04 22:12:16,2026-09-12 19:43:13
DEV007318,hash_e6b8c62f2d0cbb29,iOS,Edge,2025-02-26 22:34:54,2026-09-10 14:01:33
DEV007319,hash_9f3d007c698c970f,Windows,Edge,2026-02-09 19:33:31,2026-09-11 11:18:40
DEV007320,hash_720008f320c06aed,iOS,Edge,2025-04-25 12:41:58,2026-08-21 06:45:58
DEV007321,hash_56d05a58f497635f,Android,Chrome,2026-07-10 10:57:40,2026-08-27 01:22:00
DEV007322,hash_c465635c49bc8114,iOS,Chrome,2026-09-03 03:13:26,2026-09-03 13:00:53
DEV007323,hash_cb111d734ef78764,iOS,Safari,2025-11-23 17:28:17,2026-08-31 14:35:53
DEV007324,hash_a98159adc3f36a36,Windows,Chrome,2025-01-29 20:10:40,2026-09-11 02:48:38
DEV007325,hash_f4558bdeae962d14,Windows,Edge,2026-02-05 18:53:01,2026-08-25 09:04:57
DEV007326,hash_1b25ccdf256fc29b,macOS,Edge,2024-09-25 05:09:53,2026-09-05 12:10:13
DEV007327,hash_a992fbd742c327a3,iOS,Safari,2024-11-15 01:31:51,2026-08-31 14:48:59
DEV007328,hash_deac7a4c9ad27a44,iOS,Safari,2026-01-29 14:16:23,2026-08-27 13:54:23
DEV007329,hash_6cfd9d491b4b650d,macOS,Edge,2025-09-21 21:34:08,2026-08-16 15:52:21
DEV007330,hash_f7f9953e41a4107b,Android,Edge,2024-11-30 10:18:49,2026-08-21 23:05:03
DEV007331,hash_e4f7d6ad8e504c86,Linux,Edge,2026-09-07 08:52:19,2026-08-28 04:34:58
DEV007332,hash_82c00e3d904ab316,Windows,Safari,2025-01-23 11:03:22,2026-08-29 20:20:22
DEV007333,hash_454ec349724f0baf,Linux,Chrome,2026-02-17 23:42:30,2026-08-28 03:18:02
DEV007334,hash_c05e45e3f52e3167,Android,Chrome,2025-08-02 23:08:15,2026-08-23 12:20:54
DEV007335,hash_a547f8186531d59c,macOS,Edge,2026-08-18 20:27:46,2026-09-05 08:36:56
DEV007336,hash_26b76a5aa41f8cd4,macOS,Safari,2025-02-19 16:49:17,2026-08-23 14:43:55
DEV007337,hash_17763f1cf31a21ef,Linux,Edge,2025-06-21 21:46:57,2026-08-20 09:29:00
DEV007338,hash_3c7454b69ff3d397,Linux,Edge,2026-05-01 10:36:27,2026-08-29 16:13:02
DEV007339,hash_9c74562589b8bbc5,Windows,Firefox,2025-05-12 13:36:10,2026-09-10 23:36:51
DEV007340,hash_79037f06745b08a9,Android,Chrome,2026-03-05 07:48:43,2026-09-11 07:01:31
DEV007341,hash_28fcd09af78e505d,Windows,Firefox,2026-01-23 12:29:27,2026-08-18 23:40:44
DEV007342,hash_d7f04aeae0f9fdf8,Android,Edge,2024-11-12 09:11:50,2026-08-23 05:01:00
DEV007343,hash_44169976bd93b67a,Windows,Firefox,2026-07-24 10:16:06,2026-08-21 13:15:17
DEV007344,hash_e4d38fc7ed222388,Windows,Firefox,2026-07-08 17:52:59,2026-08-15 19:38:37
DEV007345,hash_efbe5e77fc8f9911,macOS,Chrome,2025-03-19 05:48:29,2026-08-18 20:38:27
DEV007346,hash_70bdc8a64539682f,Android,Safari,2026-05-11 23:36:40,2026-08-28 18:23:54
DEV007347,hash_7b8357480a0e17a0,Linux,Firefox,2025-01-31 04:29:51,2026-08-21 03:51:09
DEV007348,hash_58351f3a6394146d,Android,Edge,2026-05-01 07:01:15,2026-09-06 13:33:32
DEV007349,hash_64d76ec45f8e9dc6,Linux,Firefox,2025-06-03 08:15:30,2026-08-21 13:15:10
DEV007350,hash_6e9eba4afc5a217d,Linux,Firefox,2025-10-07 21:33:14,2026-09-10 14:36:38
DEV007351,hash_0cd837a6c1c107cd,iOS,Firefox,2025-09-10 14:00:54,2026-09-09 10:52:02
DEV007352,hash_f3ec9d12783935b3,iOS,Safari,2024-12-18 00:18:31,2026-09-08 00:27:12
DEV007353,hash_7f0e97abc6bc8b31,Android,Firefox,2026-02-15 00:38:18,2026-09-14 11:33:15
DEV007354,hash_63af349d5d3c9898,macOS,Firefox,2025-04-18 08:08:40,2026-08-19 16:46:49
DEV007355,hash_128689bcfd2f9643,iOS,Firefox,2025-06-17 21:23:46,2026-08-20 02:59:20
DEV007356,hash_06e08df5013e7bbe,Linux,Safari,2025-06-15 13:07:12,2026-08-24 05:17:07
DEV007357,hash_a8e42dae7534a974,Linux,Safari,2025-07-12 10:51:57,2026-08-24 20:19:00
DEV007358,hash_96442d1bc9a4d972,Android,Safari,2025-11-11 17:27:28,2026-08-27 19:21:31
DEV007359,hash_245109123befd844,Windows,Firefox,2026-03-31 13:06:08,2026-08-16 13:00:09
DEV007360,hash_c68d45545725b6c5,macOS,Edge,2026-08-22 17:01:27,2026-08-19 20:27:27
DEV007361,hash_01c4abc4050c6ec8,Linux,Chrome,2024-11-02 10:43:21,2026-08-23 12:51:00
DEV007362,hash_df50607fe01e4236,Windows,Edge,2025-01-05 10:23:46,2026-09-01 06:20:34
DEV007363,hash_89a63692cfaaa5f9,iOS,Edge,2025-01-16 17:11:49,2026-09-10 00:02:28
DEV007364,hash_9b125cc9a742d38c,Android,Firefox,2026-06-09 09:00:36,2026-09-10 14:51:50
DEV007365,hash_33c25f2207e43911,Windows,Chrome,2025-02-11 23:50:43,2026-09-07 21:28:50
DEV007366,hash_e903ddd7d2372033,iOS,Edge,2026-09-02 10:09:44,2026-09-01 17:09:23
DEV007367,hash_a77c0194569fed82,iOS,Firefox,2024-10-07 07:33:19,2026-09-01 04:06:19
DEV007368,hash_83fd3b41969b4652,Windows,Edge,2026-07-09 02:45:19,2026-09-03 13:18:29
DEV007369,hash_efab88f5bb7675c8,Linux,Safari,2026-05-22 20:35:54,2026-09-05 15:33:01
DEV007370,hash_e3d8b0819dd5121c,Linux,Edge,2024-12-03 14:55:09,2026-09-09 12:46:42
DEV007371,hash_b85a42aedda152ed,macOS,Chrome,2026-05-09 19:21:54,2026-09-04 04:39:55
DEV007372,hash_7f92e22fbc828cc6,Android,Edge,2025-02-26 02:55:23,2026-08-23 18:56:40
DEV007373,hash_065f73c10b420d1e,macOS,Safari,2025-02-08 20:46:52,2026-09-08 02:59:41
DEV007374,hash_6098844cf04accdc,Android,Safari,2026-05-07 22:38:54,2026-09-13 02:55:06
DEV007375,hash_3d574d80c98497f5,iOS,Edge,2026-04-17 23:01:28,2026-08-18 21:42:39
DEV007376,hash_fe2c74320808f75f,Android,Safari,2026-04-15 13:33:06,2026-08-26 15:57:01
DEV007377,hash_975c5d37bbb6a450,Android,Edge,2026-06-24 08:39:42,2026-09-08 15:45:17
DEV007378,hash_4f123eddfde8c42f,Windows,Firefox,2025-11-21 04:00:43,2026-09-06 21:12:13
DEV007379,hash_8f50521d633476f0,macOS,Chrome,2025-07-11 23:35:11,2026-08-31 07:10:21
DEV007380,hash_ba6be41ea90a91f1,macOS,Firefox,2026-01-26 05:49:28,2026-09-02 13:31:54
DEV007381,hash_e9119f8580f4b573,macOS,Edge,2025-02-15 19:58:58,2026-08-17 16:39:30
DEV007382,hash_dfff1aa02fbbbf51,Android,Safari,2024-10-12 10:24:31,2026-09-06 15:26:37
DEV007383,hash_7a5ed265e45c69c5,macOS,Safari,2025-02-07 06:19:16,2026-08-15 20:06:08
DEV007384,hash_0197106fd51b62b3,Windows,Safari,2025-12-01 15:19:33,2026-09-01 21:51:43
DEV007385,hash_5fe9798cf8e46f69,Linux,Edge,2024-09-27 11:24:38,2026-09-02 17:48:13
DEV007386,hash_1f3766816dd85a73,Linux,Firefox,2026-01-31 01:12:15,2026-09-01 02:24:36
DEV007387,hash_c2a3de574a5c3d61,Linux,Edge,2025-08-02 22:21:19,2026-08-16 00:25:54
DEV007388,hash_112b68564ebf474c,Windows,Firefox,2025-05-16 23:26:38,2026-09-07 03:45:39
DEV007389,hash_8182f5477d31417d,Windows,Firefox,2024-11-19 08:57:36,2026-08-22 03:58:48
DEV007390,hash_1042d611a0b55c15,Windows,Chrome,2026-06-30 23:19:20,2026-08-20 07:35:16
DEV007391,hash_bbe8494db9cd91d3,Linux,Edge,2025-12-20 01:17:50,2026-09-09 22:12:32
DEV007392,hash_6b1368302c51a7a2,iOS,Safari,2025-11-24 05:43:46,2026-08-21 07:29:28
DEV007393,hash_926b8a67afa0eeaf,iOS,Chrome,2025-12-18 16:25:58,2026-08-22 05:56:59
DEV007394,hash_29397928a20bd299,iOS,Firefox,2025-09-16 21:37:02,2026-09-08 15:43:12
DEV007395,hash_3803753ab6b8c938,Linux,Firefox,2025-11-18 03:49:10,2026-09-11 10:25:55
DEV007396,hash_5065239e1f677eff,Linux,Chrome,2026-04-01 00:04:17,2026-09-01 04:42:51
DEV007397,hash_7605cc5003a9114d,Android,Firefox,2024-12-16 04:36:16,2026-08-17 05:36:29
DEV007398,hash_f84763a5dc755ad2,iOS,Chrome,2026-05-17 19:04:25,2026-08-31 01:10:33
DEV007399,hash_b7e766204a1a98b5,Windows,Safari,2025-03-24 06:43:08,2026-08-30 19:20:24
DEV007400,hash_c7d32fbcec496f67,Windows,Edge,2025-11-05 08:10:17,2026-09-05 07:40:24
DEV007401,hash_ec750ed77410aace,macOS,Chrome,2025-04-30 02:34:30,2026-08-17 13:07:59
DEV007402,hash_d47e021d5d066099,Windows,Chrome,2026-07-13 02:46:16,2026-08-20 19:56:02
DEV007403,hash_f35b811abbed3411,macOS,Edge,2024-10-26 19:53:55,2026-08-30 05:31:49
DEV007404,hash_01cf194a63fd8f89,Windows,Safari,2026-02-12 13:27:26,2026-08-22 07:17:19
DEV007405,hash_8c4d6a496aedb75b,Linux,Firefox,2026-03-08 16:53:19,2026-08-28 04:41:08
DEV007406,hash_15a308fc93a4982f,Android,Edge,2026-06-09 17:52:20,2026-09-03 02:00:36
DEV007407,hash_d19c662eaf84efbb,Windows,Safari,2025-01-11 01:03:29,2026-08-29 06:46:05
DEV007408,hash_a724f9a870af0f12,macOS,Edge,2025-06-05 05:12:33,2026-09-04 15:48:56
DEV007409,hash_c972f545ebae1701,macOS,Edge,2024-11-10 23:06:40,2026-09-10 10:22:55
DEV007410,hash_5f586866eea5894a,macOS,Edge,2025-06-23 17:41:40,2026-08-19 07:16:39
DEV007411,hash_669f76766286a2dc,Windows,Edge,2025-10-06 04:59:23,2026-08-30 15:03:38
DEV007412,hash_64e0638af9008cca,Android,Safari,2026-04-10 21:16:38,2026-08-30 05:04:54
DEV007413,hash_0227db19202f55b6,Linux,Safari,2025-07-27 04:52:08,2026-08-16 18:15:03
DEV007414,hash_a408e3e3d990f664,iOS,Edge,2024-10-04 11:40:33,2026-08-29 11:59:45
DEV007415,hash_545c3a0d4f93f03c,Windows,Firefox,2025-05-26 18:01:14,2026-08-24 15:02:45
DEV007416,hash_7db2ed191213792e,Windows,Chrome,2026-03-21 01:09:56,2026-08-20 04:12:28
DEV007417,hash_92bef5f6499ac9ab,Linux,Edge,2026-07-21 12:59:31,2026-08-22 07:52:39
DEV007418,hash_22656756877af1f3,Linux,Edge,2026-09-07 14:59:34,2026-09-10 03:22:56
DEV007419,hash_24c265e9fefe521b,macOS,Safari,2025-12-26 11:14:10,2026-09-13 18:17:15
DEV007420,hash_bd8ae53c4c90eaa5,Windows,Firefox,2026-07-07 14:39:34,2026-08-20 12:25:02
DEV007421,hash_014433102aa70976,macOS,Chrome,2025-06-22 18:20:07,2026-08-21 03:51:23
DEV007422,hash_b328299eafdb3cae,Linux,Safari,2024-11-27 02:06:21,2026-08-28 11:34:52
DEV007423,hash_0a6441dfb13d4d75,macOS,Firefox,2026-05-03 16:46:51,2026-08-31 20:39:14
DEV007424,hash_d3adb600984c23a0,Linux,Edge,2025-05-19 10:00:24,2026-08-21 15:55:06
DEV007425,hash_adefafb4c89c6404,iOS,Edge,2025-02-03 00:30:36,2026-09-12 15:20:02
DEV007426,hash_af81968cc8fdc2a3,Windows,Chrome,2025-02-26 02:00:00,2026-09-12 22:06:40
DEV007427,hash_61415bd30fcbcc69,macOS,Firefox,2026-05-28 20:15:14,2026-08-19 11:37:12
DEV007428,hash_6a35f0ea4e277b3d,macOS,Firefox,2025-03-13 00:04:48,2026-08-18 00:56:49
DEV007429,hash_09948df1958b43b3,iOS,Firefox,2025-04-16 22:51:26,2026-08-30 18:40:35
DEV007430,hash_dde167adccd36138,Android,Safari,2026-06-29 18:19:53,2026-09-11 08:48:19
DEV007431,hash_0e3c70393f46a53b,iOS,Chrome,2026-04-23 11:29:43,2026-09-10 22:26:01
DEV007432,hash_b24090918b42a745,iOS,Firefox,2026-08-24 07:18:00,2026-08-19 12:34:49
DEV007433,hash_d21fc6d03de78d0e,Android,Chrome,2026-06-06 13:08:23,2026-09-11 07:19:24
DEV007434,hash_ebf9c85b1bc646fb,Android,Safari,2026-09-10 13:48:40,2026-09-12 16:26:29
DEV007435,hash_057de4d0ab2850b0,macOS,Safari,2026-07-22 03:49:18,2026-09-11 03:58:39
DEV007436,hash_8073d55540685469,Linux,Safari,2025-05-03 00:34:29,2026-09-11 11:19:12
DEV007437,hash_85e7eddc57d7e6de,macOS,Safari,2026-02-07 04:23:08,2026-08-30 02:25:56
DEV007438,hash_222873755f1ca27f,Windows,Safari,2024-12-01 04:30:12,2026-09-04 06:03:07
DEV007439,hash_91cb9dae274a7225,macOS,Chrome,2026-04-21 12:10:13,2026-08-17 15:13:43
DEV007440,hash_132762c657f65a8c,Windows,Firefox,2025-05-14 10:20:16,2026-09-05 01:18:03
DEV007441,hash_9bce0c31697d4c42,macOS,Safari,2024-11-25 09:17:07,2026-08-31 20:02:59
DEV007442,hash_746f437358b06e00,Linux,Firefox,2025-04-11 03:40:04,2026-08-18 04:24:46
DEV007443,hash_12a6d1bb513fe5be,macOS,Firefox,2024-12-29 12:05:28,2026-08-18 23:51:46
DEV007444,hash_806d843fa67156dc,macOS,Chrome,2024-11-26 10:24:16,2026-09-13 05:11:24
DEV007445,hash_3dd54bf2a81f82c2,Windows,Safari,2024-09-17 06:59:15,2026-08-20 20:13:50
DEV007446,hash_65bd19cbf8087a09,macOS,Edge,2026-08-07 13:11:26,2026-09-07 19:29:04
DEV007447,hash_e073ddcef92f38cd,iOS,Firefox,2024-10-17 04:58:00,2026-09-07 10:27:02
DEV007448,hash_d749eb23ced1940b,Linux,Safari,2026-06-04 22:25:50,2026-09-02 04:30:39
DEV007449,hash_e29e26e4b5e947ee,Linux,Edge,2025-07-26 12:25:25,2026-09-10 23:12:01
DEV007450,hash_401605b6aa0f3486,Android,Edge,2024-12-06 04:50:15,2026-08-28 11:40:38
DEV007451,hash_88aca9f6a74064f6,iOS,Safari,2025-01-15 12:37:19,2026-09-13 08:09:38
DEV007452,hash_aeb96a9ef1ce1427,macOS,Chrome,2026-09-14 00:43:31,2026-09-11 21:36:01
DEV007453,hash_1f6718e1b147b822,Linux,Chrome,2026-08-10 08:42:44,2026-08-27 16:12:46
DEV007454,hash_d27da3a3c660bad3,macOS,Firefox,2024-11-16 21:00:08,2026-08-31 20:58:39
DEV007455,hash_dc5797c943844449,macOS,Safari,2025-01-22 23:04:23,2026-08-24 15:27:26
DEV007456,hash_78747404a242113f,macOS,Firefox,2026-01-30 20:53:48,2026-09-12 06:43:00
DEV007457,hash_3228381d97877d94,macOS,Safari,2026-03-12 10:11:36,2026-08-20 16:47:16
DEV007458,hash_6e7e4484232bdf0d,Linux,Safari,2026-01-17 03:56:06,2026-08-16 11:23:33
DEV007459,hash_1deea405d6258411,macOS,Edge,2025-09-14 11:33:56,2026-08-26 06:14:28
DEV007460,hash_6f21a4c730f50f37,macOS,Chrome,2026-04-03 05:06:20,2026-08-21 19:20:14
DEV007461,hash_d00a05f717281d79,Android,Firefox,2025-01-23 17:31:26,2026-09-09 09:35:29
DEV007462,hash_fcf0cb3da7acb313,macOS,Chrome,2025-03-18 11:49:17,2026-09-04 11:00:58
DEV007463,hash_c24df69d9b51d6ed,Android,Safari,2024-09-18 06:47:36,2026-09-10 01:04:34
DEV007464,hash_b86572f8db26dacc,iOS,Chrome,2026-07-25 20:47:03,2026-08-28 22:12:01
DEV007465,hash_8a3f2d1430186d14,macOS,Firefox,2025-12-06 02:32:27,2026-08-24 18:16:39
DEV007466,hash_ea44735919d1e957,iOS,Chrome,2025-10-01 19:57:36,2026-09-11 05:43:26
DEV007467,hash_dc46cf1dc69dd06e,Windows,Chrome,2025-03-17 23:14:30,2026-08-18 12:56:20
DEV007468,hash_0a9d7e8f9277309c,Windows,Safari,2025-08-13 22:51:56,2026-08-25 21:36:27
DEV007469,hash_cbe80fbebb237359,macOS,Firefox,2026-01-03 12:12:10,2026-09-03 12:19:58
DEV007470,hash_4e03d532d385c38c,Windows,Edge,2025-02-10 16:10:49,2026-09-10 06:40:32
DEV007471,hash_2ed0b69fb049ec0b,iOS,Chrome,2025-04-29 12:41:13,2026-09-01 08:52:02
DEV007472,hash_640400be180695cb,Windows,Edge,2024-12-28 23:23:38,2026-09-04 07:04:00
DEV007473,hash_3791a7546874eff1,iOS,Firefox,2025-12-17 00:59:58,2026-09-04 15:14:54
DEV007474,hash_ad98d673fc43e726,Windows,Chrome,2026-08-22 13:47:11,2026-09-12 17:34:16
DEV007475,hash_27d9429a859ccbca,Windows,Firefox,2025-04-25 14:40:06,2026-08-28 17:35:36
DEV007476,hash_21a87293bb56cca6,macOS,Firefox,2025-03-26 14:30:51,2026-09-14 13:54:23
DEV007477,hash_3d96ce1a52b24455,Linux,Chrome,2026-07-11 03:51:07,2026-08-21 16:59:32
DEV007478,hash_46c9b428f4542ecc,Android,Firefox,2026-03-17 05:53:54,2026-09-05 01:21:45
DEV007479,hash_a4a915260dbc48fe,macOS,Safari,2025-03-31 05:46:38,2026-09-14 00:56:25
DEV007480,hash_f1c42e0e5038f779,Linux,Safari,2025-10-05 17:37:20,2026-08-15 17:27:30
DEV007481,hash_ac2d0f3910c79b7c,Windows,Firefox,2024-12-12 04:44:41,2026-09-04 08:15:36
DEV007482,hash_2421f8170fb09708,Windows,Safari,2025-12-17 00:23:19,2026-08-24 22:29:21
DEV007483,hash_c0c62677308b5be9,Windows,Chrome,2026-04-17 05:20:21,2026-08-27 22:27:29
DEV007484,hash_47af61617ce456bb,Windows,Chrome,2026-03-05 03:00:41,2026-08-21 21:07:10
DEV007485,hash_f46b566cc28d3086,Linux,Firefox,2025-12-06 01:08:51,2026-08-24 14:33:31
DEV007486,hash_ddfb8af9bccce1c9,iOS,Firefox,2026-06-08 18:37:27,2026-09-12 19:45:10
DEV007487,hash_0dda058a83f73e43,Linux,Edge,2024-12-16 08:47:01,2026-08-27 17:36:57
DEV007488,hash_23c449e10641edd0,Windows,Safari,2024-12-26 01:15:59,2026-08-17 14:36:35
DEV007489,hash_4d62375a0100364b,iOS,Chrome,2025-03-12 11:42:26,2026-08-27 19:01:57
DEV007490,hash_e844ba3106280b15,Linux,Chrome,2026-04-15 17:49:06,2026-08-17 22:01:02
DEV007491,hash_7bf59c6a77d29a3a,Android,Firefox,2026-04-05 03:46:49,2026-08-19 03:53:03
DEV007492,hash_ad7c54793c50e9ab,Windows,Firefox,2026-02-27 12:12:03,2026-09-03 19:38:48
DEV007493,hash_edb9c5f9f04ed19c,iOS,Edge,2024-12-26 10:50:19,2026-08-26 05:54:45
DEV007494,hash_a12d73877986ee05,iOS,Edge,2025-04-16 23:29:39,2026-08-21 02:58:13
DEV007495,hash_5ac6fff46fa88542,Windows,Safari,2025-12-04 11:05:43,2026-08-15 19:02:56
DEV007496,hash_65d8a43f70daa13e,Android,Edge,2026-02-02 11:40:00,2026-08-25 20:40:21
DEV007497,hash_719dbc81209503e7,Windows,Edge,2026-03-25 06:30:13,2026-08-21 00:49:39
DEV007498,hash_39a97417f26f7bda,Windows,Safari,2026-06-20 20:01:17,2026-08-16 07:47:51
DEV007499,hash_8eb2d52f4f5b2740,Android,Safari,2025-08-01 05:45:26,2026-08-20 20:22:34
DEV007500,hash_f0072b9b77d8db4d,Android,Firefox,2025-06-06 07:36:05,2026-08-25 16:09:43
DEV007501,hash_63bf0bf1e8bd3a83,macOS,Edge,2025-08-27 10:19:08,2026-08-22 15:59:07
DEV007502,hash_56ef15861b129d36,iOS,Firefox,2025-01-06 08:17:33,2026-08-21 15:21:21
DEV007503,hash_c59b3ad4cc737be3,Linux,Firefox,2026-07-20 23:52:23,2026-09-02 13:23:56
DEV007504,hash_442959f19b7289e5,iOS,Edge,2025-05-24 16:45:56,2026-09-04 14:45:48
DEV007505,hash_0d0e9e36b5328fd7,iOS,Chrome,2025-07-05 08:11:06,2026-09-09 20:17:19
DEV007506,hash_0f120c0c5882cb5d,Android,Firefox,2026-02-24 14:13:41,2026-08-29 00:14:22
DEV007507,hash_4132ed9de27bd8c7,iOS,Firefox,2025-08-24 14:02:26,2026-08-25 10:35:15
DEV007508,hash_0cf022d591c3ce8c,macOS,Firefox,2026-07-12 09:58:52,2026-08-22 17:46:11
DEV007509,hash_9e6518a978f9053d,Linux,Safari,2025-02-21 18:55:55,2026-09-03 13:13:47
DEV007510,hash_2e51cb1981164cd8,Windows,Edge,2025-06-15 11:57:53,2026-08-24 18:48:10
DEV007511,hash_305e9f5b7920a373,iOS,Chrome,2026-07-21 21:18:34,2026-08-27 10:36:42
DEV007512,hash_21b05f54d4d31ea4,Linux,Chrome,2025-09-29 16:53:33,2026-09-08 09:23:29
DEV007513,hash_732e1a5138968e31,Android,Chrome,2025-04-14 22:03:52,2026-09-05 21:25:59
DEV007514,hash_fc84835e25e5d526,macOS,Safari,2024-10-22 04:25:52,2026-08-27 21:29:49
DEV007515,hash_3e0f43659975d748,Linux,Safari,2024-09-16 13:14:24,2026-09-05 16:35:22
DEV007516,hash_7642faa550a7a813,Android,Safari,2025-09-09 06:03:01,2026-08-23 08:33:16
DEV007517,hash_2e4644fdcd529255,Android,Chrome,2024-10-31 20:54:38,2026-08-18 13:11:46
DEV007518,hash_f0bedf9a6be256dd,iOS,Firefox,2026-04-18 10:01:20,2026-09-06 22:14:44
DEV007519,hash_d54ec6a50899c691,macOS,Safari,2025-10-26 09:34:15,2026-08-29 16:33:37
DEV007520,hash_16be62f29919263a,Android,Chrome,2025-02-19 12:05:48,2026-09-04 17:25:01
DEV007521,hash_46aee430b796949f,Windows,Firefox,2024-12-08 22:33:30,2026-08-29 14:23:23
DEV007522,hash_404db2ae64d4edd2,iOS,Edge,2025-01-01 11:02:39,2026-08-29 10:00:17
DEV007523,hash_4a4415cc445d1ae3,Windows,Firefox,2025-04-19 03:17:56,2026-08-24 06:03:21
DEV007524,hash_290de1fcd2deccdc,Linux,Edge,2025-08-11 04:18:01,2026-08-16 07:48:23
DEV007525,hash_17c89a739696dcc3,Windows,Firefox,2025-09-16 17:57:59,2026-09-10 08:47:09
DEV007526,hash_b0a507552803f0ba,Android,Chrome,2024-11-03 21:26:01,2026-09-13 03:04:12
DEV007527,hash_a1169da676a0a1bb,iOS,Firefox,2025-09-02 03:25:03,2026-09-01 13:01:57
DEV007528,hash_e3a202fdeb7b2f0d,macOS,Edge,2025-05-07 16:13:24,2026-08-26 13:06:46
DEV007529,hash_800ecda4b7c1f214,iOS,Safari,2025-08-29 04:36:29,2026-08-25 09:51:34
DEV007530,hash_76398ba6283ef39c,Linux,Chrome,2026-03-02 21:31:41,2026-08-29 00:52:53
DEV007531,hash_a0902bd4d8e0b0b4,Linux,Edge,2026-06-28 05:03:47,2026-09-07 19:19:09
DEV007532,hash_8b9d2d91ebf73308,Windows,Edge,2025-07-14 13:27:46,2026-08-28 17:55:08
DEV007533,hash_0e6ecd601b3e9350,Linux,Firefox,2025-01-16 19:24:19,2026-09-07 23:24:53
DEV007534,hash_8a581d55303808c8,Windows,Firefox,2025-03-04 11:53:16,2026-09-05 22:13:25
DEV007535,hash_03a6da9c0a1c2aa6,Android,Chrome,2026-08-17 23:03:45,2026-08-22 03:17:21
DEV007536,hash_0f5bf7f2e64671b9,macOS,Firefox,2024-09-27 11:51:59,2026-08-27 00:53:10
DEV007537,hash_f9b86035a256c145,iOS,Safari,2026-01-28 08:01:31,2026-09-08 05:53:01
DEV007538,hash_bb1b3b7883b4e4b4,macOS,Edge,2025-07-09 21:22:03,2026-08-26 06:46:17
DEV007539,hash_722969aaee8c3aa6,Windows,Safari,2025-11-16 17:32:50,2026-09-09 09:36:25
DEV007540,hash_5ea3182c6709672f,Linux,Edge,2026-01-25 17:54:53,2026-08-22 16:20:40
DEV007541,hash_7abc333c1edf593b,iOS,Safari,2024-12-08 11:31:16,2026-08-28 15:37:51
DEV007542,hash_7667c8e1f6c3eb8d,Android,Firefox,2026-03-28 09:11:02,2026-09-02 15:49:08
DEV007543,hash_4633216e4a0f3b41,macOS,Firefox,2025-10-24 15:33:27,2026-08-28 00:38:33
DEV007544,hash_2f0e346b38604b38,Windows,Edge,2026-03-04 01:03:38,2026-08-20 10:55:00
DEV007545,hash_a60491cf5a8c8baa,macOS,Safari,2025-04-13 07:11:27,2026-09-09 17:30:34
DEV007546,hash_d2831e33f032c127,Android,Safari,2026-05-28 03:17:08,2026-08-30 17:11:43
DEV007547,hash_bfa1ec074bf3a240,macOS,Firefox,2026-04-16 22:12:18,2026-09-04 06:07:40
DEV007548,hash_1eff963e5538bb91,macOS,Safari,2024-09-29 22:39:26,2026-08-18 17:07:43
DEV007549,hash_343a32007ebd95eb,Windows,Chrome,2025-11-28 16:47:51,2026-08-20 20:34:08
DEV007550,hash_fd45105dd14febe2,Linux,Safari,2025-03-20 13:01:13,2026-08-29 09:16:03
DEV007551,hash_c9a0adc91bb4a6ed,macOS,Edge,2025-03-28 23:42:27,2026-08-27 12:23:22
DEV007552,hash_acb3d8ac91a23603,macOS,Safari,2026-04-25 17:29:09,2026-09-11 15:30:15
DEV007553,hash_d127c032b421772e,Linux,Safari,2026-07-10 22:26:57,2026-09-14 10:39:18
DEV007554,hash_94755d1ce9c22cd6,macOS,Safari,2025-12-04 08:05:34,2026-09-10 09:10:00
DEV007555,hash_696e6a62ca006fa9,Android,Chrome,2026-08-31 04:21:21,2026-08-24 12:54:54
DEV007556,hash_edb9610ac91fc5af,iOS,Firefox,2026-01-14 14:03:15,2026-09-08 18:51:20
DEV007557,hash_be73dcf7729caf22,Windows,Firefox,2025-10-29 12:59:24,2026-08-15 19:41:36
DEV007558,hash_91c228ff2eadb93c,macOS,Safari,2025-01-07 23:36:09,2026-08-16 14:34:00
DEV007559,hash_419c07f3840de63d,iOS,Chrome,2025-05-26 10:59:22,2026-09-11 13:04:27
DEV007560,hash_905f4447023a793f,iOS,Firefox,2025-08-06 04:30:31,2026-09-12 05:28:37
DEV007561,hash_e32634eef883dac3,iOS,Safari,2025-06-06 06:28:10,2026-08-15 17:28:03
DEV007562,hash_bb7b774f17b366a7,Windows,Safari,2025-09-22 19:05:41,2026-08-25 01:06:56
DEV007563,hash_7ade78c05a668079,Linux,Safari,2025-02-06 17:06:39,2026-08-20 22:08:18
DEV007564,hash_b8685987d6d47054,iOS,Edge,2026-04-06 05:15:10,2026-08-30 12:40:32
DEV007565,hash_2165f10aa423fb57,iOS,Edge,2026-03-28 02:26:15,2026-09-05 06:45:02
DEV007566,hash_69c84ef86580f2b8,Android,Safari,2025-03-28 06:21:05,2026-08-28 20:36:03
DEV007567,hash_48e4bba111f133ad,iOS,Edge,2025-12-13 11:39:49,2026-08-25 08:09:42
DEV007568,hash_36c8f3964e90030f,Android,Firefox,2026-01-15 14:48:16,2026-09-04 04:04:33
DEV007569,hash_d8a41a789e6b7c1e,macOS,Chrome,2026-02-16 10:53:57,2026-09-13 20:38:55
DEV007570,hash_13d5a00d8b8d32f0,iOS,Edge,2025-11-27 04:37:47,2026-09-12 00:53:57
DEV007571,hash_2dcedef027bed417,Linux,Firefox,2025-06-18 09:06:41,2026-08-20 07:43:08
DEV007572,hash_0421d0b21f323364,Linux,Firefox,2025-07-06 06:29:47,2026-09-07 13:30:59
DEV007573,hash_a36c7e7d5c989c01,iOS,Safari,2026-01-12 07:59:32,2026-08-25 04:26:08
DEV007574,hash_fa9bd379e47a5a85,iOS,Firefox,2026-08-06 15:50:26,2026-08-27 13:04:36
DEV007575,hash_9b7ba7332a8bcb41,Windows,Chrome,2025-05-24 09:22:24,2026-08-17 21:07:51
DEV007576,hash_b75f619816424dd0,Windows,Edge,2026-07-12 10:43:50,2026-08-31 23:24:24
DEV007577,hash_2211f6b8e5d43fe5,Linux,Safari,2025-06-18 08:59:01,2026-09-07 12:58:05
DEV007578,hash_75fb4469068c3a14,macOS,Safari,2026-04-26 15:39:43,2026-08-27 08:44:46
DEV007579,hash_9a7c2e7632b9138e,Android,Edge,2025-11-01 18:30:15,2026-08-31 20:14:21
DEV007580,hash_ef0f9a4489daf06b,iOS,Safari,2025-10-02 05:14:19,2026-08-26 16:54:47
DEV007581,hash_7fb325a4c063e60c,macOS,Edge,2025-08-14 19:22:20,2026-09-11 23:03:02
DEV007582,hash_9faaf465afe1b9e3,Android,Chrome,2024-09-26 22:32:56,2026-08-19 08:37:30
DEV007583,hash_fa1c0356f36d22ad,macOS,Firefox,2024-12-03 07:53:31,2026-09-12 02:13:26
DEV007584,hash_4daec94a4f8a49c7,macOS,Edge,2026-08-11 01:30:15,2026-08-22 07:22:39
DEV007585,hash_6462c289fb04ce53,macOS,Safari,2025-03-12 20:04:23,2026-09-04 14:18:26
DEV007586,hash_8fdfc543b015d2cb,iOS,Edge,2026-07-19 05:56:16,2026-08-17 18:53:10
DEV007587,hash_af2d3a25ede59d45,Android,Safari,2025-02-20 08:57:55,2026-09-07 07:57:25
DEV007588,hash_849e4d5d35da4222,macOS,Firefox,2025-07-31 11:11:28,2026-09-10 15:03:49
DEV007589,hash_aea9abffe0f8cd08,Windows,Chrome,2026-04-10 21:02:04,2026-08-19 04:21:21
DEV007590,hash_53b4e9a8878548f5,Windows,Firefox,2024-12-02 21:07:52,2026-09-11 06:53:39
DEV007591,hash_c9815489558dfdfa,macOS,Firefox,2025-08-22 22:19:24,2026-08-22 05:53:34
DEV007592,hash_7a0a97c192242628,iOS,Edge,2025-03-04 14:59:30,2026-08-26 01:42:57
DEV007593,hash_90c8e571615cd51b,iOS,Firefox,2025-03-02 20:49:50,2026-09-02 15:52:08
DEV007594,hash_e9c1263ccea444bd,iOS,Safari,2024-11-28 09:46:34,2026-08-17 10:25:36
DEV007595,hash_bc02337672ab4599,iOS,Edge,2025-04-01 08:56:33,2026-08-16 05:23:42
DEV007596,hash_a1cb3a523ebb708b,Windows,Edge,2026-08-28 08:47:56,2026-09-13 04:15:10
DEV007597,hash_8a50eb5debfbddbf,Linux,Firefox,2025-07-28 23:08:04,2026-08-21 11:53:58
DEV007598,hash_f60060af793c5151,Android,Safari,2025-04-19 23:29:02,2026-09-13 05:33:55
DEV007599,hash_2d451b5c77afb54d,iOS,Firefox,2026-08-06 07:20:58,2026-09-06 11:51:50
DEV007600,hash_a3562ae740d945ad,Windows,Edge,2026-08-08 20:53:16,2026-08-25 19:22:01
DEV007601,hash_65d370e56a8b44f5,Android,Chrome,2024-11-25 18:53:41,2026-09-01 04:50:36
DEV007602,hash_19a2205c5a7aea76,Windows,Edge,2026-09-01 12:47:09,2026-08-27 03:33:09
DEV007603,hash_8bfe1e15164150a3,Android,Edge,2026-01-02 08:32:26,2026-08-21 10:09:13
DEV007604,hash_8361339cdebe25aa,macOS,Firefox,2024-11-25 19:24:06,2026-08-27 19:24:22
DEV007605,hash_d05247cc808d21ad,Linux,Edge,2026-05-21 15:24:37,2026-09-13 16:51:48
DEV007606,hash_bd238109c1fbfe60,Linux,Edge,2025-11-05 04:37:16,2026-08-27 08:47:46
DEV007607,hash_fad70112f151492a,Linux,Firefox,2024-10-18 11:38:41,2026-09-07 18:21:38
DEV007608,hash_f8cc091245973fea,Windows,Safari,2026-03-03 08:04:31,2026-08-29 02:35:22
DEV007609,hash_04dd9975e3b5dd9f,iOS,Safari,2025-11-08 10:37:04,2026-08-23 18:22:45
DEV007610,hash_8527fdbe1558b3f3,macOS,Safari,2026-02-06 17:09:02,2026-08-15 23:10:19
DEV007611,hash_ccccef956ac64603,Android,Firefox,2026-09-03 14:23:29,2026-09-08 10:07:57
DEV007612,hash_4cb8db29aacefec5,Windows,Chrome,2026-06-10 19:26:57,2026-08-26 03:50:31
DEV007613,hash_8fbaf08fd99fc8bc,Linux,Firefox,2026-05-25 05:35:04,2026-09-04 15:33:30
DEV007614,hash_a7e0cd3bb205f264,iOS,Chrome,2026-08-04 11:51:13,2026-08-31 17:06:39
DEV007615,hash_3f6101dc8b61f2e7,Linux,Chrome,2024-11-30 22:07:30,2026-08-19 23:07:15
DEV007616,hash_6521797d1f0dda22,Linux,Firefox,2025-10-10 09:54:11,2026-09-12 22:52:10
DEV007617,hash_780ae0ac44922815,macOS,Chrome,2025-03-11 07:15:09,2026-09-12 14:28:33
DEV007618,hash_229dc738cdf3c682,iOS,Edge,2025-04-17 20:23:21,2026-08-15 15:52:27
DEV007619,hash_7e6bf58ff72eb034,Linux,Firefox,2025-08-11 22:04:25,2026-09-01 14:19:57
DEV007620,hash_f840533da1b3036c,Linux,Chrome,2026-09-10 03:28:29,2026-09-01 23:35:03
DEV007621,hash_c6a11860174fa387,iOS,Firefox,2026-04-22 07:17:11,2026-09-06 14:47:55
DEV007622,hash_ccbf98f8ee2d604c,Android,Chrome,2025-11-20 06:11:05,2026-08-23 15:10:58
DEV007623,hash_370e41ad62b3c80c,Android,Safari,2024-10-05 01:41:12,2026-08-20 09:22:29
DEV007624,hash_07f4d1b32e2d6b83,Android,Firefox,2026-01-14 08:13:18,2026-09-12 09:50:59
DEV007625,hash_9476f6173d8ecdff,Android,Safari,2024-09-30 18:27:05,2026-08-29 00:27:53
DEV007626,hash_375c19d226e31522,Android,Firefox,2025-02-10 17:32:17,2026-08-24 00:14:24
DEV007627,hash_d04de68d3e0bb12b,macOS,Firefox,2026-06-14 21:17:26,2026-08-23 06:37:51
DEV007628,hash_110a98b7adcbb057,Windows,Chrome,2025-03-15 02:24:54,2026-08-17 20:25:58
DEV007629,hash_8da5eeec97f94128,iOS,Chrome,2026-04-06 01:55:17,2026-08-24 08:46:20
DEV007630,hash_7c2b32332aff8703,Android,Firefox,2025-02-13 07:16:03,2026-08-25 19:21:05
DEV007631,hash_1f480dc83e9168e5,Linux,Edge,2025-02-14 16:36:35,2026-08-22 02:17:20
DEV007632,hash_2ff2bee97be14c6e,Android,Chrome,2025-05-01 07:26:38,2026-09-07 00:42:04
DEV007633,hash_9f57411a2ed4a97b,Windows,Chrome,2024-10-31 18:29:52,2026-09-06 11:25:59
DEV007634,hash_d921a628e5c6debb,iOS,Chrome,2025-03-08 10:12:15,2026-08-22 04:29:14
DEV007635,hash_c5f5e449a9c00ba4,macOS,Edge,2024-10-08 15:16:44,2026-08-21 09:06:06
DEV007636,hash_51f8a286a2b6f04e,macOS,Chrome,2026-03-31 21:05:30,2026-08-25 13:38:02
DEV007637,hash_b2fbe76e01ff5912,Android,Chrome,2025-06-25 22:57:21,2026-08-30 04:49:04
DEV007638,hash_94f314d8a7f9fde9,Android,Edge,2026-06-24 13:02:48,2026-09-05 14:52:32
DEV007639,hash_de6af3d3604fd4ae,Windows,Firefox,2025-01-11 17:41:58,2026-08-18 17:28:43
DEV007640,hash_c1fc972cd221d4ce,iOS,Safari,2026-06-23 16:02:34,2026-08-23 09:05:41
DEV007641,hash_4f148ea5d99567be,Linux,Firefox,2025-09-17 03:12:51,2026-09-03 00:16:06
DEV007642,hash_fdbe7b2741d675fa,iOS,Edge,2024-09-20 02:20:43,2026-08-23 23:25:57
DEV007643,hash_5f6a731f1d1d931c,Android,Safari,2025-07-02 02:05:47,2026-08-17 08:41:41
DEV007644,hash_b802243048e0abb4,macOS,Safari,2025-11-02 04:38:21,2026-08-24 03:46:02
DEV007645,hash_9e6a19b86f73f619,Android,Chrome,2026-02-27 19:07:32,2026-09-05 01:31:01
DEV007646,hash_f9f34c6177171798,Android,Edge,2024-12-07 11:17:16,2026-08-19 18:35:49
DEV007647,hash_2224d21c02c372f7,macOS,Firefox,2026-04-30 22:01:20,2026-08-23 07:18:24
DEV007648,hash_f7a50ed988753928,iOS,Chrome,2025-02-25 16:12:28,2026-08-19 05:03:55
DEV007649,hash_4127eed6d8010e0a,Android,Chrome,2025-01-11 14:09:42,2026-09-04 19:20:15
DEV007650,hash_3cc742599f8cf4d2,Linux,Chrome,2024-12-07 09:42:32,2026-09-05 18:07:59
DEV007651,hash_de9c25f6dc6d9ce2,Linux,Firefox,2025-03-11 05:54:31,2026-08-23 17:23:25
DEV007652,hash_a08997364874cca6,Linux,Chrome,2025-04-08 21:27:25,2026-09-09 21:54:54
DEV007653,hash_d65e3e582dc0ac55,iOS,Firefox,2026-03-22 12:59:39,2026-09-11 14:23:05
DEV007654,hash_61647c5c1cfe5792,Android,Chrome,2026-08-01 16:00:21,2026-09-10 10:16:10
DEV007655,hash_dc726d4b5fe99447,Linux,Firefox,2026-08-14 22:29:51,2026-09-13 09:07:36
DEV007656,hash_43ea9c5b2d8e0785,Android,Firefox,2026-08-13 10:21:20,2026-09-13 02:03:48
DEV007657,hash_aee8e33c238a8467,Windows,Firefox,2025-05-28 12:48:38,2026-09-06 15:36:49
DEV007658,hash_736c1975b61e3c08,macOS,Firefox,2025-01-14 10:20:30,2026-09-13 12:08:25
DEV007659,hash_25c6316c5c66f44b,Android,Firefox,2025-11-02 01:14:55,2026-09-12 04:42:39
DEV007660,hash_3861d10a169810ab,Android,Chrome,2025-02-28 15:05:23,2026-09-06 10:57:26
DEV007661,hash_77a271ae6fc87d00,Linux,Safari,2025-08-10 04:42:04,2026-08-24 00:19:04
DEV007662,hash_4a462ec7b9bd6cd8,iOS,Firefox,2026-01-01 17:09:22,2026-09-06 06:19:01
DEV007663,hash_e3fa41f02adf0170,macOS,Edge,2025-04-19 00:27:09,2026-08-30 23:37:06
DEV007664,hash_06cd7193adfc71f8,Android,Chrome,2025-04-04 07:15:36,2026-09-14 02:08:06
DEV007665,hash_7228bd1e66a0d0af,Linux,Chrome,2025-02-27 12:14:14,2026-08-16 15:06:00
DEV007666,hash_cd9ed3281ce99ec0,macOS,Edge,2025-02-13 14:58:39,2026-09-04 08:34:34
DEV007667,hash_d44f6578cb6f3282,Linux,Edge,2025-05-01 17:24:11,2026-09-02 21:17:08
DEV007668,hash_22bd31e5bca28574,Linux,Chrome,2026-05-07 05:46:20,2026-09-10 15:36:28
DEV007669,hash_51e2416b2df4eacb,Android,Safari,2025-09-10 06:01:15,2026-08-20 01:49:03
DEV007670,hash_81d7ecfd3055549c,macOS,Safari,2026-07-25 14:17:49,2026-09-12 21:08:56
DEV007671,hash_2b5643acc106f517,macOS,Edge,2024-12-12 18:28:46,2026-08-21 19:28:27
DEV007672,hash_c79b50433bde5f61,Android,Firefox,2026-08-14 20:57:07,2026-08-18 06:26:18
DEV007673,hash_0a7199262bce4a13,Linux,Safari,2025-03-11 14:52:10,2026-09-10 13:23:19
DEV007674,hash_7bbb58e1156b5afe,Windows,Firefox,2026-07-11 23:09:40,2026-08-21 03:36:45
DEV007675,hash_db6cdfeaa405febc,Android,Safari,2025-11-23 04:36:41,2026-09-07 22:12:58
DEV007676,hash_ac783213f2074bcb,Android,Safari,2025-07-17 16:15:16,2026-09-12 20:17:12
DEV007677,hash_3287e958cabca320,Android,Safari,2026-03-21 13:15:27,2026-08-22 05:18:24
DEV007678,hash_1302b244c7809e9b,Android,Safari,2024-10-25 05:06:01,2026-09-09 19:13:36
DEV007679,hash_728619db07082f97,Windows,Safari,2025-01-31 19:49:22,2026-09-10 19:46:34
DEV007680,hash_8711f4ed00ac47dd,Windows,Safari,2026-07-26 10:19:27,2026-08-26 21:49:59
DEV007681,hash_8c393f4c29efe33b,Windows,Edge,2026-05-27 17:37:16,2026-08-21 19:03:51
DEV007682,hash_7d488d20edd8a2e5,macOS,Chrome,2025-03-19 23:10:20,2026-08-18 02:54:13
DEV007683,hash_c81b77a43b913c6b,macOS,Safari,2025-10-14 01:48:24,2026-09-14 02:51:26
DEV007684,hash_73bbcb036fa8707a,Linux,Edge,2025-11-10 10:59:56,2026-08-19 06:11:01
DEV007685,hash_bbdcb66d0cacc178,Android,Firefox,2025-03-20 18:02:03,2026-09-10 19:44:59
DEV007686,hash_0610f8a3ff0638b2,macOS,Edge,2025-11-17 03:26:28,2026-08-19 17:07:47
DEV007687,hash_a8edda8d45c93948,Windows,Chrome,2025-06-04 13:45:04,2026-09-10 03:31:25
DEV007688,hash_ef0b271f56f95d20,Linux,Firefox,2025-11-05 17:12:41,2026-08-20 04:44:38
DEV007689,hash_53e26216526a0ccb,Android,Chrome,2025-04-03 20:37:34,2026-08-28 08:00:59
DEV007690,hash_e71bef257f5f7a16,iOS,Edge,2025-05-30 02:35:19,2026-09-11 07:17:22
DEV007691,hash_745e33fd2ac06056,Linux,Edge,2024-12-28 22:49:27,2026-08-24 07:30:44
DEV007692,hash_ee0a79f13e0c4383,iOS,Firefox,2024-10-18 08:48:41,2026-09-05 10:05:48
DEV007693,hash_069abef69090b184,Android,Firefox,2025-09-30 03:59:04,2026-08-25 14:57:30
DEV007694,hash_02c92c8c2164429b,Windows,Chrome,2024-12-31 16:40:28,2026-08-26 08:40:34
DEV007695,hash_c05c2cf81709a4cc,iOS,Chrome,2026-03-10 22:21:57,2026-08-19 23:54:17
DEV007696,hash_317aa2ccd390113c,Windows,Chrome,2025-10-21 11:37:42,2026-08-22 19:59:29
DEV007697,hash_e5385ac16d5b83b0,iOS,Edge,2026-01-12 12:06:31,2026-09-06 03:08:18
DEV007698,hash_07f1d9bf88bef030,Android,Chrome,2024-11-08 15:53:43,2026-09-05 03:34:27
DEV007699,hash_078b5c055d2706bc,iOS,Safari,2026-03-28 03:09:57,2026-09-11 04:44:54
DEV007700,hash_66b6fe310a9cf3f4,Windows,Chrome,2024-11-15 10:28:43,2026-08-31 06:44:22
DEV007701,hash_aca601d110eec3d2,macOS,Safari,2025-09-07 04:01:48,2026-08-23 15:34:45
DEV007702,hash_f37259aedb19b4bc,macOS,Chrome,2026-02-25 09:19:28,2026-08-29 01:41:31
DEV007703,hash_16b60ec2b81161dc,macOS,Chrome,2026-07-04 05:40:51,2026-09-01 01:11:36
DEV007704,hash_64939646ab15463d,Windows,Safari,2024-10-07 10:44:35,2026-08-17 06:20:15
DEV007705,hash_cfdf03bff06cd00c,macOS,Edge,2026-05-01 17:49:02,2026-08-16 05:11:56
DEV007706,hash_829d7541e9905f32,Linux,Edge,2026-05-13 01:23:11,2026-08-16 23:35:53
DEV007707,hash_31fb6b84f3beb28f,Android,Firefox,2026-05-09 08:57:53,2026-08-16 19:58:10
DEV007708,hash_f4904869e4ec88e6,Windows,Chrome,2026-07-16 09:36:10,2026-08-17 03:07:24
DEV007709,hash_bcffa96272a50d54,Linux,Chrome,2024-11-18 03:17:35,2026-08-31 07:30:06
DEV007710,hash_a27d01a94ed2e679,Windows,Chrome,2025-01-20 06:39:03,2026-09-13 02:19:11
DEV007711,hash_3f178495f0a60bc9,Linux,Chrome,2024-11-16 03:22:25,2026-08-19 16:02:24
DEV007712,hash_0ffc1ee593da4480,Android,Chrome,2026-03-02 12:40:58,2026-08-24 21:37:25
DEV007713,hash_c0c8c6f2ff2dea4b,Windows,Safari,2025-09-22 14:37:57,2026-08-20 10:14:52
DEV007714,hash_6828eb4cb2de11ad,macOS,Edge,2025-08-21 03:24:31,2026-09-10 19:46:59
DEV007715,hash_7060debd76f80711,macOS,Chrome,2026-01-30 03:24:37,2026-09-02 16:38:27
DEV007716,hash_dc4a7ef6959feb91,Windows,Firefox,2024-10-28 15:25:05,2026-09-14 00:29:29
DEV007717,hash_9082b3944499f740,macOS,Chrome,2024-10-04 05:57:43,2026-08-22 22:16:00
DEV007718,hash_7be3715118afda08,Android,Firefox,2025-06-15 14:55:18,2026-08-30 20:15:20
DEV007719,hash_1834e9cfca47247c,macOS,Edge,2025-07-05 14:09:29,2026-08-21 05:56:03
DEV007720,hash_54c35fcd4e71c76a,Android,Edge,2026-05-24 10:19:59,2026-09-09 02:59:31
DEV007721,hash_f297de6adeb86e1b,macOS,Chrome,2026-01-28 15:14:00,2026-08-29 17:28:46
DEV007722,hash_e26224bb2101f87d,iOS,Firefox,2026-04-21 16:24:34,2026-08-29 20:07:53
DEV007723,hash_0113047c8e1c4473,Windows,Safari,2025-04-04 17:59:10,2026-08-23 09:20:03
DEV007724,hash_3ae179a6f50e7942,Windows,Edge,2024-11-19 05:30:53,2026-09-11 03:38:25
DEV007725,hash_dfbcddde813aad18,iOS,Edge,2026-06-07 11:18:00,2026-08-22 20:07:58
DEV007726,hash_a838ebc675dff95a,iOS,Safari,2025-12-24 11:32:57,2026-09-12 15:18:11
DEV007727,hash_3089660fdcae8170,iOS,Chrome,2025-11-07 14:49:28,2026-09-07 19:15:11
DEV007728,hash_eadb20ec9e055195,Windows,Firefox,2025-04-25 05:44:24,2026-09-08 11:59:05
DEV007729,hash_448cc5a88838b639,Linux,Edge,2025-10-24 19:10:21,2026-08-19 09:00:57
DEV007730,hash_3c582c70c8a9c10f,Windows,Edge,2025-01-09 03:12:34,2026-08-24 04:30:01
DEV007731,hash_fa7d04292cb5f85b,macOS,Firefox,2026-06-16 11:22:29,2026-08-29 16:26:56
DEV007732,hash_9b912cbb9e90f178,iOS,Firefox,2025-10-08 15:18:25,2026-08-17 17:14:07
DEV007733,hash_b9897050a0ed474e,Windows,Edge,2025-05-16 03:44:55,2026-09-03 01:51:06
DEV007734,hash_af38e0b1e449ac67,Android,Firefox,2025-09-13 08:41:53,2026-08-17 14:48:57
DEV007735,hash_e6b137b4b335049f,Windows,Chrome,2025-10-13 02:05:22,2026-09-05 18:12:59
DEV007736,hash_d0c9ae4ee4ef8583,Linux,Firefox,2025-09-12 03:35:15,2026-08-16 22:21:04
DEV007737,hash_80c6851b9348941f,macOS,Edge,2024-10-18 11:11:41,2026-09-13 17:53:53
DEV007738,hash_b6c003963208e490,Linux,Safari,2024-10-22 02:56:05,2026-08-15 19:01:23
DEV007739,hash_6255f721c40add0d,Windows,Safari,2026-02-10 09:30:44,2026-08-28 08:11:07
DEV007740,hash_22a403c9443dbe6e,macOS,Firefox,2026-08-03 04:37:12,2026-08-27 13:55:32
DEV007741,hash_8ea7116295e5b29d,iOS,Safari,2025-07-04 16:43:59,2026-09-01 10:07:49
DEV007742,hash_c240702db90bcf55,macOS,Safari,2026-01-21 16:35:46,2026-09-01 05:37:47
DEV007743,hash_b5c9f26a2180bef6,iOS,Chrome,2024-11-22 01:31:14,2026-09-02 04:54:19
DEV007744,hash_bba8aff18d963c7f,Linux,Edge,2026-03-30 10:42:20,2026-09-09 16:49:20
DEV007745,hash_7437a0b0a958f1e9,macOS,Firefox,2025-04-15 20:05:46,2026-09-10 09:18:06
DEV007746,hash_f8a18c04c9fe2250,iOS,Edge,2025-01-08 15:40:37,2026-09-04 07:50:20
DEV007747,hash_555f9eff3fb9c537,iOS,Firefox,2025-07-04 13:28:44,2026-09-11 23:42:37
DEV007748,hash_4fce0d18db5cfc43,Android,Edge,2024-12-18 16:03:26,2026-08-27 02:29:42
DEV007749,hash_287526baa17a0f04,Android,Chrome,2025-07-31 22:36:34,2026-08-22 21:40:54
DEV007750,hash_6c93929d69380b28,iOS,Firefox,2026-05-26 18:27:15,2026-08-28 17:39:02
DEV007751,hash_c790396a4529d779,Android,Chrome,2025-10-16 14:42:02,2026-08-26 17:13:28
DEV007752,hash_b0efa20b43058924,iOS,Chrome,2025-05-22 00:03:29,2026-09-02 14:20:31
DEV007753,hash_65fac3285fd89dfd,iOS,Safari,2026-02-09 20:13:02,2026-08-18 00:51:10
DEV007754,hash_b0649c85e1da674a,Windows,Firefox,2025-06-25 14:54:26,2026-08-30 17:05:22
DEV007755,hash_dfa89de1f8e824d3,macOS,Firefox,2026-06-14 07:34:26,2026-08-23 22:06:18
DEV007756,hash_2bdc1aa666b1de13,Linux,Edge,2026-05-17 00:18:53,2026-09-12 15:48:58
DEV007757,hash_e30b7fcc2e941a91,iOS,Firefox,2025-07-02 16:49:15,2026-08-17 16:33:06
DEV007758,hash_759947225d4bc01e,Android,Safari,2025-11-17 08:24:00,2026-08-17 13:38:32
DEV007759,hash_442f275546a3df9e,Windows,Safari,2026-01-12 15:24:20,2026-09-07 11:05:12
DEV007760,hash_b773369ccc9932b7,Android,Safari,2024-10-25 08:55:20,2026-09-04 09:38:35
DEV007761,hash_4559620034111701,Windows,Firefox,2025-02-22 16:05:27,2026-08-27 07:50:26
DEV007762,hash_13d6c9f715847ab5,Android,Edge,2025-07-29 18:37:12,2026-09-13 21:15:58
DEV007763,hash_43e011b556ebb2a6,Linux,Safari,2026-07-11 01:43:12,2026-09-14 11:22:16
DEV007764,hash_fddb3f2b4b03ded9,Linux,Safari,2025-11-21 19:00:39,2026-09-06 23:43:57
DEV007765,hash_a43c4b447a619123,Windows,Firefox,2026-01-07 06:17:57,2026-09-01 21:27:39
DEV007766,hash_d01d91f7c3eb4e7b,Android,Safari,2026-05-18 02:06:05,2026-08-16 11:33:57
DEV007767,hash_db360c5f2dfc59f1,Windows,Edge,2026-05-07 02:12:02,2026-09-10 04:23:34
DEV007768,hash_817366353cd5c7e5,Android,Safari,2025-02-04 16:32:31,2026-08-21 18:17:41
DEV007769,hash_2952d26913189d8d,Linux,Chrome,2024-11-03 06:53:02,2026-08-18 14:30:01
DEV007770,hash_fa8c3f0e1f7e009e,macOS,Safari,2025-04-10 04:35:56,2026-08-17 22:30:34
DEV007771,hash_7db9fcffc09f5312,Linux,Firefox,2026-09-05 02:00:13,2026-08-21 14:23:04
DEV007772,hash_406dcb60e6ee6ade,macOS,Safari,2026-07-18 05:41:59,2026-09-03 16:06:08
DEV007773,hash_962dc4492d939909,Linux,Edge,2025-03-29 13:03:41,2026-09-10 07:36:05
DEV007774,hash_40d0cd242c6c6cf9,macOS,Firefox,2024-12-19 16:42:12,2026-09-11 15:18:44
DEV007775,hash_36e36bc952bdcd4d,Linux,Edge,2026-08-26 01:27:42,2026-09-10 08:25:59
DEV007776,hash_c3c1a61a5fe98889,Linux,Chrome,2026-04-10 18:59:59,2026-08-15 21:33:30
DEV007777,hash_3d67d2df5c31b745,Android,Chrome,2025-04-05 08:58:09,2026-08-28 05:07:43
DEV007778,hash_50eae82376f7bd95,Android,Safari,2026-07-11 18:52:22,2026-08-24 06:30:16
DEV007779,hash_fb4851145e5b841e,Android,Firefox,2025-11-13 09:58:10,2026-09-07 15:35:55
DEV007780,hash_47285438db4c3e7c,macOS,Firefox,2025-10-06 07:58:32,2026-08-27 17:53:24
DEV007781,hash_aff7188deadad07f,iOS,Chrome,2025-10-19 16:54:27,2026-08-25 01:37:29
DEV007782,hash_f5365ad256f04f7d,macOS,Firefox,2025-07-04 20:18:56,2026-08-24 18:26:01
DEV007783,hash_530422b442944d1d,iOS,Chrome,2025-10-29 12:52:08,2026-08-18 18:31:29
DEV007784,hash_b9665b7606950031,Linux,Chrome,2025-07-21 15:21:23,2026-08-28 15:46:30
DEV007785,hash_4041258723eb9ee2,macOS,Safari,2025-03-21 07:41:17,2026-08-23 04:11:31
DEV007786,hash_f33c8030e772611b,iOS,Edge,2026-02-18 21:52:17,2026-08-18 20:06:53
DEV007787,hash_a3d3ea2788fa85b9,macOS,Firefox,2025-01-02 02:00:54,2026-09-04 01:53:46
DEV007788,hash_34a16bf54efc6158,Android,Chrome,2026-01-08 00:38:04,2026-08-29 23:38:31
DEV007789,hash_44c651e0ebc1298e,macOS,Chrome,2026-04-01 01:40:24,2026-08-23 22:50:43
DEV007790,hash_6bb432d56cff81bf,Linux,Edge,2025-10-24 09:52:35,2026-09-12 09:31:08
DEV007791,hash_b9b368841d3e4ce4,Android,Edge,2026-01-28 07:23:10,2026-08-30 14:01:32
DEV007792,hash_dd6b52c3cf1acb4a,Linux,Edge,2025-07-27 19:13:44,2026-08-30 02:28:47
DEV007793,hash_bffcd2c33e0a5bf6,macOS,Safari,2025-01-15 08:37:53,2026-08-16 15:53:39
DEV007794,hash_1a397f619b6d4286,iOS,Chrome,2025-03-21 16:48:15,2026-09-05 00:52:05
DEV007795,hash_e9b14cf584d4d7be,macOS,Chrome,2026-04-24 18:02:42,2026-08-21 23:49:18
DEV007796,hash_5692017962c100a0,Android,Edge,2025-06-27 05:02:42,2026-09-10 07:18:17
DEV007797,hash_d9791ce313d8c83a,Windows,Edge,2025-08-14 20:36:00,2026-08-26 00:56:51
DEV007798,hash_59995b011561de3c,Linux,Chrome,2024-12-04 00:40:41,2026-08-30 16:27:31
DEV007799,hash_1b83e18b1a3543b5,iOS,Safari,2026-05-11 16:42:48,2026-08-27 21:11:33
DEV007800,hash_2387f2870091d90c,iOS,Chrome,2024-11-16 23:58:25,2026-09-07 01:59:40
DEV007801,hash_0b4a22076a521390,Android,Safari,2026-07-24 14:25:33,2026-08-17 15:16:36
DEV007802,hash_0d7df548c2f446f4,iOS,Edge,2026-06-14 16:07:29,2026-09-03 14:21:48
DEV007803,hash_8ed3f7222a413511,Linux,Edge,2025-04-28 16:32:09,2026-09-03 14:00:36
DEV007804,hash_feba4f18ca092da3,Linux,Firefox,2025-01-13 20:49:26,2026-09-01 20:59:37
DEV007805,hash_2237d235a38d188b,Android,Firefox,2026-04-19 22:43:14,2026-09-02 19:07:02
DEV007806,hash_8ddf03d00f614433,macOS,Chrome,2026-04-25 16:00:54,2026-08-29 18:21:12
DEV007807,hash_bf5e4ff443a76d69,Linux,Safari,2026-07-19 00:45:13,2026-08-17 17:04:17
DEV007808,hash_5f368532241939f4,Android,Edge,2025-02-06 02:31:07,2026-09-04 05:37:13
DEV007809,hash_6520a7449e5485b4,macOS,Edge,2026-05-19 17:54:56,2026-08-26 18:39:45
DEV007810,hash_e00650df81586381,Windows,Firefox,2026-03-28 06:58:26,2026-09-02 13:44:15
DEV007811,hash_ee72894b084cb20d,Android,Chrome,2025-06-05 05:00:50,2026-09-11 00:57:13
DEV007812,hash_15b3f7434931e526,Windows,Safari,2026-02-26 19:42:27,2026-08-24 17:35:05
DEV007813,hash_41e4318122ec1704,macOS,Chrome,2025-04-30 09:41:31,2026-08-24 23:04:48
DEV007814,hash_79c688b6a4426d1b,iOS,Edge,2026-07-18 09:44:22,2026-08-16 18:52:14
DEV007815,hash_3f2723132b6996a5,Linux,Edge,2026-02-15 13:03:12,2026-08-19 18:20:24
DEV007816,hash_b7e940751156bbed,Windows,Safari,2025-09-14 02:33:01,2026-09-02 23:19:07
DEV007817,hash_84d152f02b6ea77f,Windows,Safari,2025-05-11 04:44:21,2026-09-04 14:50:20
DEV007818,hash_f9ac576d74fb2744,Windows,Edge,2026-05-22 09:56:39,2026-08-29 05:44:32
DEV007819,hash_6fd33a32b2914526,iOS,Edge,2026-07-16 13:18:05,2026-08-29 18:20:25
DEV007820,hash_c3cfa636b3cbbe72,Linux,Firefox,2025-10-17 14:53:20,2026-09-12 14:30:58
DEV007821,hash_3ac8830d97d10964,Android,Safari,2026-06-08 23:45:49,2026-09-10 09:40:27
DEV007822,hash_7fb8baba507bf7d5,macOS,Edge,2025-10-11 14:09:40,2026-08-16 17:58:16
DEV007823,hash_d21f98b3a8fad545,Linux,Firefox,2026-05-06 20:03:25,2026-08-26 14:55:10
DEV007824,hash_718e559563d3f079,macOS,Chrome,2026-04-04 18:58:26,2026-08-20 22:43:11
DEV007825,hash_4fd78fe578136d65,Android,Chrome,2025-06-27 07:11:38,2026-08-27 09:04:04
DEV007826,hash_962d639f5e74efd0,iOS,Safari,2025-11-20 02:31:15,2026-09-08 23:26:17
DEV007827,hash_ac32f8acbad1c444,Linux,Chrome,2025-10-22 02:23:21,2026-08-24 07:40:50
DEV007828,hash_01231ab55103755f,Windows,Firefox,2026-06-21 04:18:55,2026-08-29 00:40:08
DEV007829,hash_0e40b45c91de7297,iOS,Safari,2025-05-29 16:48:32,2026-08-22 04:10:59
DEV007830,hash_cef91891f91c1139,macOS,Chrome,2025-09-10 21:12:02,2026-09-14 06:34:42
DEV007831,hash_22246593dfe3fe67,Linux,Safari,2026-06-22 05:15:09,2026-08-18 15:27:13
DEV007832,hash_8d31a34ac47acb1c,macOS,Edge,2026-02-19 10:30:36,2026-09-01 03:48:43
DEV007833,hash_b778d15c6cefdaea,Android,Edge,2024-10-13 08:03:38,2026-08-29 17:17:11
DEV007834,hash_5b732fb936237d90,Windows,Edge,2026-03-01 15:38:16,2026-08-18 10:47:08
DEV007835,hash_ead0d806e83e5f59,macOS,Chrome,2026-07-08 16:40:24,2026-08-29 19:14:38
DEV007836,hash_7c759cbee8210dd9,Windows,Chrome,2025-03-18 16:07:10,2026-08-25 14:11:19
DEV007837,hash_2be1bb09cc153371,Android,Chrome,2026-08-27 00:46:54,2026-08-26 03:34:47
DEV007838,hash_801ac91b16aea9bb,Windows,Firefox,2025-02-23 11:07:02,2026-09-01 21:26:42
DEV007839,hash_2a4a314963b105a8,iOS,Edge,2025-02-12 02:47:58,2026-09-10 04:50:53
DEV007840,hash_d6a556254f90af63,Windows,Chrome,2025-04-02 08:26:27,2026-09-13 03:48:44
DEV007841,hash_05f991d786c1f3a5,iOS,Safari,2025-05-16 21:38:51,2026-08-21 14:06:59
DEV007842,hash_9519fd53586126fe,Windows,Chrome,2025-07-17 18:21:36,2026-08-26 10:16:25
DEV007843,hash_595aad4980700506,Linux,Firefox,2026-06-02 18:19:01,2026-08-22 12:31:40
DEV007844,hash_67c068a35257acfc,Windows,Firefox,2026-06-02 04:12:20,2026-08-20 14:48:33
DEV007845,hash_28507334561c177c,Windows,Firefox,2024-11-23 03:02:31,2026-08-20 05:57:13
DEV007846,hash_c5dba032787b2cae,macOS,Safari,2026-03-20 15:56:32,2026-09-13 18:38:53
DEV007847,hash_d2ad4cf709bec815,macOS,Edge,2025-09-02 09:17:13,2026-09-10 04:50:48
DEV007848,hash_ae8ab2c4ebd05c43,Windows,Safari,2025-09-11 11:30:16,2026-08-21 15:58:43
DEV007849,hash_e563a07d75707825,iOS,Edge,2025-11-11 00:11:09,2026-08-18 00:04:30
DEV007850,hash_dc1638d7e01faf0d,Windows,Safari,2025-12-29 05:24:52,2026-08-25 07:10:25
DEV007851,hash_eba4e4b1ba38397b,iOS,Safari,2025-03-20 10:36:26,2026-09-13 11:01:52
DEV007852,hash_2ba37cf71377eabd,iOS,Safari,2024-11-24 04:24:50,2026-08-25 06:26:28
DEV007853,hash_d15949b5f02e9e71,Linux,Safari,2025-10-01 18:37:21,2026-08-26 04:20:08
DEV007854,hash_753d34dd6b57d09a,Linux,Chrome,2024-12-27 19:21:57,2026-09-04 07:37:08
DEV007855,hash_a8e03d6b151105eb,macOS,Safari,2026-01-27 09:48:09,2026-08-31 08:06:42
DEV007856,hash_2b7e65f2c5da0a55,iOS,Edge,2025-03-08 11:55:38,2026-08-17 13:27:01
DEV007857,hash_c06333cd96c7f318,iOS,Safari,2026-07-31 13:03:11,2026-09-04 09:32:38
DEV007858,hash_af86ebc5900711eb,macOS,Safari,2026-07-10 03:07:31,2026-08-17 08:15:41
DEV007859,hash_297ff1b9e09b562b,iOS,Edge,2026-03-30 00:40:08,2026-08-19 09:17:30
DEV007860,hash_413a43017f10dc4e,Linux,Chrome,2024-11-18 07:36:30,2026-09-14 08:39:08
DEV007861,hash_0f6a9d0b2467d181,iOS,Safari,2026-04-28 12:54:20,2026-09-09 04:00:05
DEV007862,hash_09bd7a0344ea9da0,macOS,Chrome,2025-10-04 22:46:43,2026-08-31 13:15:45
DEV007863,hash_8f6de5ab0f10ca9f,Windows,Chrome,2025-07-13 14:04:56,2026-08-20 06:48:27
DEV007864,hash_9202756857ad564d,Android,Firefox,2025-09-07 19:12:09,2026-09-08 23:06:16
DEV007865,hash_24bc8ed7486a1268,macOS,Safari,2026-07-12 21:34:49,2026-09-04 10:11:08
DEV007866,hash_e391bb7f7843ddd8,Windows,Firefox,2026-05-12 04:14:35,2026-09-11 11:31:59
DEV007867,hash_b1d9c3c6d64fe4e2,Linux,Safari,2026-03-27 15:21:05,2026-09-10 02:49:21
DEV007868,hash_b508d32e11b67a4b,iOS,Edge,2026-08-07 21:02:54,2026-08-16 01:31:54
DEV007869,hash_b4973f6860079b3d,iOS,Safari,2024-09-22 11:11:07,2026-08-24 15:06:26
DEV007870,hash_9d7269102938ee5a,Windows,Edge,2025-02-23 06:45:44,2026-08-16 22:43:17
DEV007871,hash_4ff26dc71200b1ef,iOS,Edge,2026-06-05 20:33:02,2026-08-17 02:01:03
DEV007872,hash_2ae674aebf72407f,Android,Safari,2025-12-13 09:45:39,2026-08-20 20:08:02
DEV007873,hash_82d8e4dd0f3eb869,Windows,Firefox,2025-06-01 01:25:38,2026-09-04 19:18:09
DEV007874,hash_65daf73e05bd72f7,iOS,Firefox,2024-12-10 04:21:00,2026-09-11 08:15:36
DEV007875,hash_e298cb7743723353,macOS,Chrome,2024-12-22 12:36:20,2026-09-13 15:33:02
DEV007876,hash_86f73d2911a6909b,Linux,Edge,2025-10-26 01:53:09,2026-08-16 07:03:08
DEV007877,hash_7efb93f5868c3779,iOS,Edge,2025-03-22 23:55:41,2026-09-02 23:20:31
DEV007878,hash_8572917324d823b3,iOS,Edge,2025-05-31 11:41:51,2026-09-07 14:00:14
DEV007879,hash_596d9500e6e526ab,Linux,Firefox,2026-01-21 19:40:54,2026-09-08 19:13:22
DEV007880,hash_37f067e3a8b4fd7d,Linux,Chrome,2025-04-07 03:27:32,2026-08-29 10:14:28
DEV007881,hash_1a37846a496f5b15,Linux,Chrome,2026-06-15 10:50:27,2026-09-13 14:14:25
DEV007882,hash_15c473f17b206646,macOS,Chrome,2024-12-16 03:38:00,2026-09-04 19:52:17
DEV007883,hash_3ec60206fe0ccfed,iOS,Firefox,2026-08-27 04:15:10,2026-08-15 19:20:51
DEV007884,hash_812db01f0fa7dff2,Windows,Safari,2026-07-31 11:09:39,2026-08-26 00:44:48
DEV007885,hash_163af6964807f4b6,Linux,Safari,2025-07-15 11:12:29,2026-09-02 12:24:22
DEV007886,hash_6b6d79813ff2f59b,macOS,Chrome,2025-12-31 18:40:20,2026-09-01 10:38:37
DEV007887,hash_2e449b74aa3b7e3f,Android,Firefox,2024-12-27 04:48:47,2026-08-18 11:16:37
DEV007888,hash_38f6f29b16503cab,macOS,Chrome,2024-11-12 09:41:07,2026-08-30 18:22:22
DEV007889,hash_28895932bb2d621d,Android,Chrome,2025-12-27 01:52:10,2026-08-19 02:23:07
DEV007890,hash_3d83ff769491f0b6,macOS,Edge,2026-06-04 04:01:56,2026-08-21 15:16:25
DEV007891,hash_f9f8078eb990e0e2,macOS,Edge,2026-07-22 13:54:36,2026-09-10 04:33:20
DEV007892,hash_752adbfdf085dcb3,macOS,Edge,2026-01-23 17:26:49,2026-09-12 13:43:21
DEV007893,hash_da72a20a3d7ba806,macOS,Safari,2025-04-24 23:15:35,2026-08-20 22:35:33
DEV007894,hash_f44209b1c3e71329,macOS,Edge,2025-11-07 00:12:33,2026-08-29 20:15:16
DEV007895,hash_5b69a0a64fa7a6ee,Windows,Safari,2025-03-08 14:17:06,2026-08-26 21:18:28
DEV007896,hash_9e132b4f54b0e4d1,Android,Firefox,2025-07-19 12:54:08,2026-09-10 09:07:51
DEV007897,hash_e646928c400cb86a,Linux,Chrome,2025-09-19 22:38:13,2026-09-01 07:19:55
DEV007898,hash_54b0db879d0682ba,Windows,Firefox,2026-06-27 02:54:51,2026-08-16 22:29:47
DEV007899,hash_c582330d5bb4d7bf,Android,Chrome,2025-12-13 18:27:45,2026-08-22 10:03:17
DEV007900,hash_0cef00fae6d89aee,iOS,Edge,2026-04-24 18:49:23,2026-09-04 10:16:50
DEV007901,hash_344e3c139fcfa0dd,Linux,Safari,2025-02-12 09:49:39,2026-08-23 22:31:49
DEV007902,hash_3496a3115f1840a9,iOS,Chrome,2026-06-09 03:56:54,2026-08-23 07:28:27
DEV007903,hash_9e46ddef89902d72,iOS,Firefox,2025-02-28 15:03:10,2026-09-14 02:28:09
DEV007904,hash_3fde82aeb0ef0aa9,iOS,Chrome,2025-12-25 17:40:45,2026-09-09 05:07:37
DEV007905,hash_5d7f489334adab8e,Android,Safari,2025-01-07 00:58:20,2026-08-19 05:24:05
DEV007906,hash_a7a2a01ef94b43fb,Linux,Safari,2025-03-19 16:49:28,2026-09-06 13:33:33
DEV007907,hash_bf288350561bc402,Android,Edge,2025-04-15 18:59:03,2026-08-31 22:17:32
DEV007908,hash_24ac6fbf05d8b66a,macOS,Safari,2025-06-03 11:19:52,2026-09-04 23:05:05
DEV007909,hash_6ea257c20471f6f8,iOS,Edge,2024-11-12 18:52:10,2026-08-20 03:12:56
DEV007910,hash_62b099a503a2fcda,macOS,Safari,2025-03-31 08:32:13,2026-08-17 10:16:18
DEV007911,hash_1b2aeaf5b7a10fd3,Windows,Chrome,2026-03-08 07:45:36,2026-08-29 22:14:26
DEV007912,hash_d32c9257bf10cb99,Windows,Safari,2024-12-24 04:35:58,2026-09-09 21:14:14
DEV007913,hash_81cdb300d0a1a4af,macOS,Edge,2025-11-04 13:58:05,2026-09-04 10:14:39
DEV007914,hash_1b7c1a9e283d60f3,macOS,Safari,2026-04-17 12:02:39,2026-08-17 17:41:38
DEV007915,hash_fbec0c6b8fff2706,iOS,Safari,2026-06-20 12:47:43,2026-09-02 11:09:39
DEV007916,hash_22c46dc3a930e8ac,macOS,Edge,2026-01-16 21:12:25,2026-08-16 16:31:44
DEV007917,hash_0df5cb673fcebaad,iOS,Safari,2026-05-11 11:33:39,2026-09-01 00:58:21
DEV007918,hash_6fd0f6720dbdfa9d,Linux,Safari,2025-03-17 18:20:17,2026-09-08 13:25:30
DEV007919,hash_7a5d478cd336aae0,iOS,Safari,2026-09-10 20:57:04,2026-09-03 20:33:10
DEV007920,hash_aaac9b8e2af0461c,Android,Firefox,2025-08-13 03:13:30,2026-09-05 19:00:37
DEV007921,hash_bd932d553a9885a4,Windows,Firefox,2026-05-21 08:33:26,2026-08-17 21:46:39
DEV007922,hash_764bfcfe74361bf4,Android,Firefox,2025-10-22 13:25:53,2026-08-20 07:35:49
DEV007923,hash_8bd3a18c5fce2822,iOS,Safari,2024-12-13 16:11:57,2026-08-21 21:48:47
DEV007924,hash_fc8258b287dd619e,Linux,Chrome,2025-08-11 11:04:49,2026-08-16 12:42:04
DEV007925,hash_ab7e5d6e977c530e,Linux,Safari,2026-09-13 09:35:22,2026-08-17 16:53:03
DEV007926,hash_9a752bfdd484cc45,Windows,Chrome,2025-02-11 00:52:54,2026-08-18 08:17:49
DEV007927,hash_adbf2c7e6253ec4f,Windows,Chrome,2025-10-23 06:31:52,2026-08-25 12:29:25
DEV007928,hash_b4f560bdbfc7a533,Linux,Safari,2025-06-21 19:46:41,2026-09-03 14:50:10
DEV007929,hash_d611eab85045f270,macOS,Safari,2025-07-20 04:20:26,2026-09-14 03:28:13
DEV007930,hash_4c6c46abff998d95,macOS,Safari,2024-11-21 19:45:50,2026-08-16 23:32:14
DEV007931,hash_52493784c477f2be,iOS,Firefox,2025-07-11 05:06:14,2026-08-23 03:10:46
DEV007932,hash_958cbdacd31d5681,Android,Chrome,2026-02-28 03:51:30,2026-09-06 18:36:43
DEV007933,hash_1292a80d4200fc47,Windows,Firefox,2024-11-09 15:05:18,2026-08-31 05:02:01
DEV007934,hash_df7e65404d9bd420,iOS,Edge,2026-09-14 12:52:50,2026-08-25 23:45:30
DEV007935,hash_89d0f9727eda1275,Windows,Safari,2024-11-30 19:22:11,2026-08-24 04:14:52
DEV007936,hash_7e63cfbe4172020e,Android,Chrome,2026-05-03 09:14:50,2026-08-26 06:27:29
DEV007937,hash_968215e6808a0c8a,macOS,Edge,2025-03-30 11:39:03,2026-09-01 04:30:58
DEV007938,hash_afff9235995faf9e,Windows,Chrome,2025-06-17 12:45:07,2026-08-18 04:24:40
DEV007939,hash_e4aeac271ffbbdcc,Windows,Edge,2026-06-11 01:38:35,2026-09-05 12:30:42
DEV007940,hash_f05ad4207390b6a0,Android,Firefox,2025-10-14 14:06:25,2026-09-11 08:54:07
DEV007941,hash_7d76b4976c6bbe96,iOS,Safari,2025-02-03 15:08:33,2026-09-05 20:01:23
DEV007942,hash_0b61cc4de758baba,iOS,Chrome,2025-12-02 11:52:21,2026-08-20 22:29:47
DEV007943,hash_cc26219c0eaaef12,Windows,Chrome,2025-09-26 04:29:57,2026-09-08 05:08:48
DEV007944,hash_7bca718576200721,Android,Edge,2025-08-09 21:00:24,2026-09-11 21:48:38
DEV007945,hash_4514deee3dc6b86e,macOS,Chrome,2026-01-27 12:05:23,2026-08-22 13:54:08
DEV007946,hash_3f89621eac4489d3,Android,Edge,2026-01-09 15:51:20,2026-08-25 21:26:03
DEV007947,hash_38b828c91905c268,Windows,Chrome,2025-10-26 13:29:17,2026-08-28 11:05:44
DEV007948,hash_7cc17b10bf1c67c6,Linux,Firefox,2025-04-27 17:42:35,2026-08-17 14:46:03
DEV007949,hash_af6b521ccd48c310,Android,Edge,2024-12-13 03:26:49,2026-08-27 09:49:59
DEV007950,hash_44a86685e29f4041,Windows,Edge,2025-05-08 07:19:56,2026-09-11 13:50:28
DEV007951,hash_d7d0ece952d85832,iOS,Edge,2024-09-18 00:41:19,2026-09-10 06:42:33
DEV007952,hash_49e0767a58664c20,iOS,Firefox,2025-08-27 16:56:45,2026-08-25 01:52:23
DEV007953,hash_2020e7f7de8427be,Linux,Edge,2025-06-07 06:56:45,2026-08-30 03:28:27
DEV007954,hash_aff0a89f7d692958,Linux,Safari,2025-03-17 14:10:53,2026-09-07 19:22:46
DEV007955,hash_171e8a4deba10c2e,Windows,Chrome,2026-07-16 08:37:54,2026-09-11 08:53:54
DEV007956,hash_e842d2ed6c437ffe,macOS,Chrome,2026-04-09 08:32:55,2026-09-10 07:38:20
DEV007957,hash_5bcb7f2a58f77937,macOS,Chrome,2024-12-29 04:42:08,2026-09-04 10:29:17
DEV007958,hash_5339d570b14c2e0f,Windows,Edge,2024-10-19 23:59:45,2026-08-25 22:43:05
DEV007959,hash_6a99326dad665a01,Android,Edge,2025-03-14 17:36:52,2026-09-02 19:51:36
DEV007960,hash_8f470da96a221c69,Linux,Safari,2026-01-04 11:30:56,2026-08-21 16:23:46
DEV007961,hash_0b0bccd9faf87505,Linux,Firefox,2024-10-25 15:42:02,2026-08-20 15:09:28
DEV007962,hash_ef292e5d6baafc70,iOS,Edge,2026-02-14 06:30:26,2026-09-02 15:30:11
DEV007963,hash_6846ebe84039f216,Android,Safari,2025-08-30 21:26:52,2026-08-16 12:48:02
DEV007964,hash_e1f29d699194a2fd,Windows,Safari,2025-12-28 14:58:40,2026-08-17 23:05:50
DEV007965,hash_b21300311e9236cf,macOS,Chrome,2025-10-13 06:51:28,2026-09-02 12:48:00
DEV007966,hash_e81133a9dd161c2d,Android,Firefox,2025-11-26 14:34:34,2026-09-12 20:29:52
DEV007967,hash_964671ac35013e0b,Windows,Edge,2026-03-17 17:52:56,2026-08-18 19:18:36
DEV007968,hash_3018e214fbf19ea9,iOS,Firefox,2026-05-31 02:35:32,2026-08-29 16:52:58
DEV007969,hash_e80339dc42c3badb,Windows,Chrome,2025-04-24 03:16:51,2026-09-12 12:37:35
DEV007970,hash_260a0a2c82c127cb,Windows,Edge,2025-02-02 08:50:03,2026-08-16 10:08:35
DEV007971,hash_67727fb49b63cb40,Android,Firefox,2026-03-23 06:20:21,2026-09-06 15:40:30
DEV007972,hash_f2e4400d14dec4ee,iOS,Edge,2025-03-31 10:20:21,2026-09-12 22:53:34
DEV007973,hash_914839a9e74e7269,macOS,Safari,2026-06-03 05:52:19,2026-08-23 16:42:19
DEV007974,hash_d6e9e7658edbe792,macOS,Edge,2025-07-24 02:00:31,2026-09-13 16:18:44
DEV007975,hash_4dde40448daea332,Linux,Edge,2026-03-16 16:03:11,2026-09-12 11:06:42
DEV007976,hash_c0f02458923189e0,Linux,Edge,2026-01-11 16:15:55,2026-09-05 01:57:40
DEV007977,hash_32bd08a9bd518fef,Android,Edge,2026-05-02 15:14:13,2026-09-12 11:01:39
DEV007978,hash_3976a904ee01c05e,Android,Safari,2026-06-03 19:45:49,2026-09-02 21:41:02
DEV007979,hash_7ea21411297b3699,Android,Safari,2026-07-21 14:23:31,2026-08-30 01:06:38
DEV007980,hash_34721414b5683693,macOS,Firefox,2026-06-21 01:49:40,2026-09-11 11:42:23
DEV007981,hash_c30d0b0d2e30b8bb,Windows,Chrome,2026-01-25 15:19:13,2026-09-14 00:14:46
DEV007982,hash_401cd0416c05539e,iOS,Firefox,2026-04-27 02:15:08,2026-09-13 19:10:43
DEV007983,hash_f0f879c6011b673c,Android,Firefox,2026-04-16 15:02:54,2026-09-06 19:16:48
DEV007984,hash_4814ce7c7b90b5dc,macOS,Chrome,2024-11-22 19:31:49,2026-09-10 00:11:15
DEV007985,hash_7ce43aec1c50094e,macOS,Firefox,2025-05-01 17:39:04,2026-08-22 16:54:51
DEV007986,hash_1ba09720f918455b,Linux,Chrome,2025-11-03 22:18:05,2026-09-02 10:23:50
DEV007987,hash_d353a99292174d2f,Linux,Edge,2025-12-08 02:48:00,2026-09-03 07:16:25
DEV007988,hash_77790e7a3e643cd0,Android,Safari,2026-01-21 18:37:47,2026-09-12 06:25:15
DEV007989,hash_588cce05aad7e7d3,iOS,Edge,2025-03-25 23:02:40,2026-08-22 18:57:14
DEV007990,hash_6b892151012263d7,iOS,Firefox,2025-05-28 18:29:14,2026-09-12 02:26:05
DEV007991,hash_0317135431516408,macOS,Firefox,2024-12-03 03:15:39,2026-08-29 22:46:32
DEV007992,hash_6acc39c9592a0eeb,macOS,Firefox,2024-09-30 16:48:37,2026-09-08 22:49:08
DEV007993,hash_bca5f784a423edd2,Windows,Edge,2026-08-04 09:25:58,2026-08-30 16:28:06
DEV007994,hash_5fabaf5c746c0e6b,macOS,Safari,2025-11-30 12:09:04,2026-08-25 02:19:04
DEV007995,hash_c42f96912a8c2b0a,Linux,Safari,2025-01-28 04:47:15,2026-08-24 21:34:11
DEV007996,hash_109c3ffecce634e7,Android,Safari,2024-12-07 08:07:38,2026-08-24 15:15:13
DEV007997,hash_02267d71e13f53bd,Android,Firefox,2026-06-27 23:48:50,2026-08-26 11:36:44
DEV007998,hash_be9710e5daeac80d,iOS,Edge,2025-04-30 20:50:59,2026-08-22 12:23:00
DEV007999,hash_04ba331334077faa,iOS,Firefox,2026-05-10 02:56:41,2026-09-05 12:36:22
