account_id,timestamp,geo_city,geo_country,distance_from_home_flag
ACC004524,2026-09-14 01:40:03,New Amberland,KP,0
ACC002940,2026-09-14 01:40:11,Port Katherineview,NA,0
ACC004724,2026-09-14 01:40:19,Lake Travis,LT,0
ACC000589,2026-09-14 01:40:33,South Lisamouth,PA,0
ACC000964,2026-09-14 01:40:37,East Lesliestad,HT,1
ACC004439,2026-09-14 01:40:44,Anthonyfort,SY,0
ACC002413,2026-09-14 01:40:50,Angelshire,MU,0
ACC003543,2026-09-14 01:40:55,Maryland,MD,0
ACC000240,2026-09-14 01:40:59,New Davidburgh,BH,0
ACC004628,2026-09-14 01:41:18,Port Edwin,EC,1
ACC003580,2026-09-14 01:41:20,South Ryan,SB,0
ACC000240,2026-09-14 01:41:22,Lisaport,QA,0
ACC002131,2026-09-14 01:41:24,Valentinetown,BW,0
ACC002570,2026-09-14 01:41:32,Maymouth,EG,0
ACC001001,2026-09-14 01:42:04,West Adrienne,PH,0
ACC000079,2026-09-14 01:42:18,East Sandrabury,BJ,0
ACC001073,2026-09-14 01:42:29,Allenberg,AU,1
ACC001335,2026-09-14 01:42:30,West Laura,MG,1
ACC002215,2026-09-14 01:42:32,Mckinneymouth,TH,0
ACC000373,2026-09-14 01:42:37,Whitestad,BG,0
ACC000065,2026-09-14 01:42:50,New Joyland,AM,0
ACC003601,2026-09-14 01:43:06,Cynthiahaven,BA,0
ACC000079,2026-09-14 01:43:24,North Rodney,LK,0
ACC003698,2026-09-14 01:43:32,New David,CA,0
ACC000642,2026-09-14 01:43:35,Mayborough,ER,0
ACC000486,2026-09-14 01:43:37,New Karen,BI,0
ACC004749,2026-09-14 01:43:38,Dillonbury,SR,0
ACC001744,2026-09-14 01:43:38,West Heather,HR,0
ACC003181,2026-09-14 01:43:52,Robinsonport,PT,0
ACC004842,2026-09-14 01:43:52,Davisburgh,GW,0
ACC002138,2026-09-14 01:44:03,West Amandastad,LI,0
ACC000838,2026-09-14 01:44:05,Benjaminchester,CD,0
ACC000497,2026-09-14 01:44:08,Port Stuartfurt,NP,0
ACC002323,2026-09-14 01:44:20,Barrton,BD,0
ACC004740,2026-09-14 01:44:21,Wilsonmouth,SG,0
ACC000497,2026-09-14 01:44:39,East Brenda,AE,0
ACC002377,2026-09-14 01:44:43,South Michele,SN,0
ACC003968,2026-09-14 01:44:50,Lake Christopher,LC,0
ACC002659,2026-09-14 01:44:54,Lake Gregory,VN,0
ACC000079,2026-09-14 01:45:00,East Raymondview,BD,0
ACC004153,2026-09-14 01:45:03,Jessicaton,ML,0
ACC003849,2026-09-14 01:45:09,North Douglasmouth,OM,0
ACC004724,2026-09-14 01:45:13,Gabrielhaven,KP,1
ACC004121,2026-09-14 01:45:19,West Lindamouth,IL,0
ACC003107,2026-09-14 01:45:25,West Brittanychester,KG,0
ACC004395,2026-09-14 01:45:32,Nicholasfort,CH,0
ACC003351,2026-09-14 01:45:35,East Ravenview,SG,0
ACC004767,2026-09-14 01:45:43,Cherylberg,KZ,1
ACC001615,2026-09-14 02:40:36,South Melissachester,SZ,0
ACC000296,2026-09-14 02:40:38,Wellsburgh,LB,0
ACC001413,2026-09-14 02:40:49,Starkborough,PT,0
ACC001073,2026-09-14 02:41:01,Bookertown,ID,0
ACC001144,2026-09-14 02:41:04,Yatesville,NL,1
ACC002468,2026-09-14 02:41:07,New Kennethside,PW,0
ACC002940,2026-09-14 02:41:14,Emilymouth,CL,0
ACC002940,2026-09-14 02:41:23,New Amanda,IE,0
ACC003351,2026-09-14 02:41:32,Katieborough,LR,1
ACC003321,2026-09-14 02:41:35,Sarahhaven,CZ,0
ACC002653,2026-09-14 02:41:57,Lake Mary,DZ,1
ACC001055,2026-09-14 02:42:07,Lake Edward,TZ,0
ACC000465,2026-09-14 02:42:33,Lake Davidbury,TO,0
ACC001973,2026-09-14 02:42:46,Sanchezport,VC,0
ACC002131,2026-09-14 02:42:54,Brownmouth,ID,1
ACC002215,2026-09-14 02:42:56,Port Brianchester,CU,0
ACC004866,2026-09-14 02:43:10,Johnsonburgh,QA,0
ACC003107,2026-09-14 02:43:21,Johntown,OM,0
ACC002099,2026-09-14 02:43:46,Jenkinsfurt,CZ,0
ACC003601,2026-09-14 02:43:51,New Michellemouth,AT,0
ACC004842,2026-09-14 02:43:55,Port Anthonyshire,GY,0
ACC000486,2026-09-14 02:44:04,Codyton,PH,0
ACC000655,2026-09-14 02:44:25,Paulafurt,NZ,1
ACC002099,2026-09-14 02:44:27,Port Erica,NL,0
ACC000711,2026-09-14 02:44:27,New Carmenhaven,DJ,0
ACC001335,2026-09-14 02:44:31,Carloschester,FJ,0
ACC001669,2026-09-14 02:44:37,Austinshire,NE,0
ACC002940,2026-09-14 02:44:56,North Danielside,ET,0
ACC003150,2026-09-14 02:44:57,Rodriguezland,GQ,0
ACC002974,2026-09-14 02:45:15,Beltranstad,NA,0
ACC002451,2026-09-14 02:45:23,Cathymouth,BF,0
ACC000333,2026-09-14 02:45:25,Duanetown,ID,0
ACC003181,2026-09-14 02:45:31,Port Ryanfort,TL,0
ACC001501,2026-09-14 02:45:46,Shaunshire,DE,0
ACC003682,2026-09-14 02:45:49,Lake Elizabeth,IT,0
ACC000084,2026-09-14 03:40:03,Robertmouth,CH,0
ACC002094,2026-09-14 03:40:37,Colemanmouth,AL,0
ACC002280,2026-09-14 03:40:41,North Paulberg,MK,0
ACC004628,2026-09-14 03:40:45,West Abigail,HT,0
ACC002377,2026-09-14 03:40:47,Port Gabriel,RO,0
ACC004209,2026-09-14 03:40:48,West Peterstad,SM,0
ACC001055,2026-09-14 03:41:01,Lake Pamelatown,ID,0
ACC000926,2026-09-14 03:41:05,Williamsbury,CV,0
ACC001338,2026-09-14 03:41:10,Lake Donald,NG,0
ACC000486,2026-09-14 03:41:12,Port Michael,SY,0
ACC004878,2026-09-14 03:41:19,Port Amanda,CM,0
ACC003773,2026-09-14 03:41:40,Maynardchester,CI,0
ACC000179,2026-09-14 03:41:43,Kimberlyborough,GD,0
ACC004724,2026-09-14 03:41:45,Port Ashley,MX,1
ACC004153,2026-09-14 03:41:48,Morrisberg,GW,1
ACC000199,2026-09-14 03:41:51,Lake Morgan,SE,1
ACC000926,2026-09-14 03:41:58,Lake Shannon,DK,0
ACC001338,2026-09-14 03:42:04,Spearsmouth,VN,0
ACC002094,2026-09-14 03:42:04,Stevenhaven,NO,0
ACC000763,2026-09-14 03:42:05,West Tammieville,AO,0
ACC004209,2026-09-14 03:42:07,Timothyshire,SB,0
ACC002659,2026-09-14 03:42:11,Ochoashire,MR,0
ACC002464,2026-09-14 03:42:15,New Calvinchester,SN,0
ACC002451,2026-09-14 03:42:16,Grossberg,LU,0
ACC002974,2026-09-14 03:42:37,South Johnchester,FM,1
ACC001335,2026-09-14 03:42:40,East Jasonborough,TD,0
ACC003024,2026-09-14 03:42:41,West Patricktown,GY,0
ACC002215,2026-09-14 03:42:51,Alexandraberg,SR,0
ACC000296,2026-09-14 03:42:57,Gutierrezborough,NP,0
ACC002280,2026-09-14 03:43:01,North Wesleyton,KE,0
ACC001055,2026-09-14 03:43:15,South Derrick,SY,0
ACC002819,2026-09-14 03:43:20,Richardstad,MY,1
ACC001501,2026-09-14 03:43:32,Aaronburgh,AT,0
ACC004878,2026-09-14 03:44:07,Justintown,NA,0
ACC000248,2026-09-14 03:44:14,Port Gary,TO,0
ACC004878,2026-09-14 03:44:27,Port Shawn,PE,0
ACC001615,2026-09-14 03:44:43,Arroyobury,LV,0
ACC003340,2026-09-14 03:44:55,South Charles,QA,1
ACC003238,2026-09-14 03:44:57,West Madison,BJ,0
ACC004866,2026-09-14 03:45:13,East Thomas,FM,0
ACC002220,2026-09-14 03:45:37,North Christopher,PH,0
ACC002123,2026-09-14 03:45:39,Jonesside,KN,0
ACC003543,2026-09-14 03:45:42,Benjaminport,UA,0
ACC003773,2026-09-14 03:45:43,Reedville,BS,0
ACC000711,2026-09-14 03:45:45,Stephanieview,ZM,0
ACC000465,2026-09-14 03:45:51,East Briannashire,RS,0
ACC002527,2026-09-14 03:45:54,Port Jacobland,UZ,0
ACC003049,2026-09-14 03:45:56,Kennethborough,MG,0
ACC002846,2026-09-14 04:40:07,South Shannon,KG,0
ACC002138,2026-09-14 04:40:57,Port Mariamouth,GD,0
ACC000931,2026-09-14 04:40:58,Gonzalezfort,PK,1
ACC002570,2026-09-14 04:41:00,Mariaport,LT,0
ACC004866,2026-09-14 04:41:17,New Johnborough,GH,0
ACC003906,2026-09-14 04:41:33,Lindaland,TT,0
ACC001084,2026-09-14 04:41:33,Stewartfort,CR,0
ACC003351,2026-09-14 04:41:36,Robinfurt,VA,0
ACC003682,2026-09-14 04:42:03,Baileyside,UA,0
ACC003107,2026-09-14 04:42:17,Hallmouth,ES,0
ACC004209,2026-09-14 04:42:18,Port Samuel,IR,0
ACC000179,2026-09-14 04:42:23,Meghanborough,CA,1
ACC001103,2026-09-14 04:42:37,Carolineburgh,LV,0
ACC000964,2026-09-14 04:42:42,Veronicatown,MR,0
ACC002220,2026-09-14 04:42:49,Juarezbury,LS,0
ACC003456,2026-09-14 04:42:51,Lake Melissa,JM,0
ACC004257,2026-09-14 04:42:51,Port Jenna,VE,0
ACC001055,2026-09-14 04:42:52,Rodriguezmouth,GY,0
ACC002323,2026-09-14 04:42:56,New Thomas,YE,0
ACC004209,2026-09-14 04:43:04,Trevormouth,KM,0
ACC000838,2026-09-14 04:43:09,Erinport,DM,0
ACC000642,2026-09-14 04:43:14,New Taramouth,TN,0
ACC001907,2026-09-14 04:43:14,West Todd,MG,0
ACC004153,2026-09-14 04:43:21,South Melissafort,BB,1
ACC000915,2026-09-14 04:43:22,New Debra,BN,0
ACC000501,2026-09-14 04:43:25,Paulville,TG,0
ACC002215,2026-09-14 04:43:27,Lopezberg,SK,0
ACC004740,2026-09-14 04:43:32,West Jenniferhaven,JP,0
ACC003351,2026-09-14 04:43:35,Rileyfort,VE,0
ACC000763,2026-09-14 04:43:52,Tammieborough,BO,0
ACC002974,2026-09-14 04:43:58,Annetteburgh,PL,0
ACC003321,2026-09-14 04:44:02,Shannonmouth,CZ,0
ACC003601,2026-09-14 04:44:03,Amandaberg,PL,0
ACC000763,2026-09-14 04:44:05,East Jesseburgh,TH,0
ACC003456,2026-09-14 04:44:17,West Mary,TV,0
ACC000468,2026-09-14 04:44:20,Taylorbury,CR,0
ACC001600,2026-09-14 04:44:40,South George,GY,0
ACC003599,2026-09-14 04:44:41,South Jessica,TM,0
ACC000065,2026-09-14 04:44:44,Susantown,SK,0
ACC004684,2026-09-14 04:44:51,Lake Bruceville,RS,0
ACC003107,2026-09-14 04:44:53,Carlosside,CV,0
ACC001907,2026-09-14 04:45:03,Vargashaven,SZ,0
ACC001413,2026-09-14 04:45:09,Saramouth,ES,0
ACC001615,2026-09-14 04:45:11,Lake Zachary,AR,0
ACC001295,2026-09-14 04:45:14,Alexistown,NI,0
ACC001084,2026-09-14 04:45:19,New Edgar,GY,0
ACC004767,2026-09-14 04:45:24,Port Sylvia,CF,0
ACC001413,2026-09-14 04:45:47,Kimberlystad,RO,1
ACC000931,2026-09-14 04:46:01,Lake Connie,LU,0
ACC004449,2026-09-14 06:40:00,Emilystad,OM,0
ACC004800,2026-09-14 06:40:01,East Julia,HR,0
ACC002687,2026-09-14 06:40:01,West Katherine,GD,0
ACC001668,2026-09-14 06:40:02,Lake Jorgehaven,AL,0
ACC000777,2026-09-14 06:40:02,East Coreyfort,SO,0
ACC001794,2026-09-14 06:40:02,Stephanieshire,NI,1
ACC000385,2026-09-14 06:40:03,Davisberg,CG,0
ACC001025,2026-09-14 06:40:04,East David,AT,0
ACC002130,2026-09-14 06:40:04,North Brent,CD,0
ACC003973,2026-09-14 06:40:04,New Kyleshire,ET,0
ACC002627,2026-09-14 06:40:04,Rodriguezmouth,BS,0
ACC002976,2026-09-14 06:40:05,Thomasbury,FM,0
ACC000036,2026-09-14 06:40:05,East Jessicaland,CZ,0
ACC001239,2026-09-14 06:40:06,West Susanville,CV,0
ACC004930,2026-09-14 06:40:06,East Jenniferfurt,BO,0
ACC003240,2026-09-14 06:40:06,West Jodi,MH,0
ACC000345,2026-09-14 06:40:06,Johnshire,ME,0
ACC001853,2026-09-14 06:40:07,South Thomasview,MM,0
ACC003842,2026-09-14 06:40:07,Port Jacob,TT,0
ACC000685,2026-09-14 06:40:07,Josephbury,SD,0
ACC002940,2026-09-14 06:40:08,South Williamchester,PW,0
ACC003999,2026-09-14 06:40:08,Port Christopherhaven,MH,0
ACC000584,2026-09-14 06:40:08,Patriciaside,ZW,0
ACC003300,2026-09-14 06:40:08,Port Joechester,CN,0
ACC001701,2026-09-14 06:40:09,Johnstonfurt,ST,0
ACC002151,2026-09-14 06:40:09,Austinview,NZ,0
ACC002873,2026-09-14 06:40:09,New Justinfurt,MZ,0
ACC001063,2026-09-14 06:40:09,Mendezhaven,TM,0
ACC000652,2026-09-14 06:40:09,New Peter,CV,0
ACC003354,2026-09-14 06:40:09,Hensleyville,MC,0
ACC004975,2026-09-14 06:40:09,East Johnborough,RU,0
ACC001100,2026-09-14 06:40:10,Scottport,MR,0
ACC000445,2026-09-14 06:40:10,East Hannah,FJ,0
ACC001461,2026-09-14 06:40:10,South Kyle,TW,0
ACC000073,2026-09-14 06:40:11,Lake Davidmouth,CN,0
ACC002831,2026-09-14 06:40:11,Daviston,TD,0
ACC004212,2026-09-14 06:40:12,East Krystalfurt,AF,0
ACC003259,2026-09-14 06:40:12,South Danielle,PW,0
ACC002506,2026-09-14 06:40:12,Brucefort,TW,0
ACC000611,2026-09-14 06:40:12,Aprilbury,PY,0
ACC004979,2026-09-14 06:40:13,South Bill,SG,1
ACC003847,2026-09-14 06:40:13,Stewarthaven,FM,0
ACC002601,2026-09-14 06:40:13,North Lindahaven,IR,0
ACC003710,2026-09-14 06:40:13,Tiffanystad,ST,0
ACC003050,2026-09-14 06:40:15,Lake Jenniferborough,CD,0
ACC003456,2026-09-14 06:40:15,Meyerbury,CM,0
ACC004759,2026-09-14 06:40:15,Briannabury,LS,0
ACC002353,2026-09-14 06:40:16,East Jessica,NA,0
ACC003599,2026-09-14 06:40:16,Elizabethberg,NP,0
ACC003992,2026-09-14 06:40:16,Port Jessicaview,MH,0
ACC004521,2026-09-14 06:40:17,North Garrett,ZA,0
ACC001008,2026-09-14 06:40:17,South Lindsay,FR,0
ACC004240,2026-09-14 06:40:17,Harrisborough,GB,0
ACC003580,2026-09-14 06:40:18,Eddiebury,BY,0
ACC004219,2026-09-14 06:40:18,Pierceport,US,0
ACC002112,2026-09-14 06:40:18,North Linda,LA,0
ACC002566,2026-09-14 06:40:18,South Davidshire,SD,0
ACC000318,2026-09-14 06:40:18,East Julie,DJ,0
ACC000191,2026-09-14 06:40:19,Longmouth,FI,0
ACC000119,2026-09-14 06:40:19,Port Danielland,BS,0
ACC004880,2026-09-14 06:40:20,Harperland,AL,0
ACC002774,2026-09-14 06:40:21,West Michael,KW,0
ACC004912,2026-09-14 06:40:21,Scottville,IQ,0
ACC003702,2026-09-14 06:40:21,Joshuaview,IE,0
ACC000068,2026-09-14 06:40:21,South Steven,AU,0
ACC000713,2026-09-14 06:40:21,Michelleview,MD,0
ACC000074,2026-09-14 06:40:22,Tylerland,SN,0
ACC003700,2026-09-14 06:40:22,Stokesstad,IL,0
ACC000508,2026-09-14 06:40:22,Paulafurt,QA,0
ACC001971,2026-09-14 06:40:22,Mendozatown,JM,0
ACC002943,2026-09-14 06:40:22,New Kimberlyview,AE,0
ACC001047,2026-09-14 06:40:23,New Lindsey,VE,0
ACC004970,2026-09-14 06:40:23,Bushborough,BD,0
ACC004560,2026-09-14 06:40:24,East Elizabeth,CA,0
ACC004865,2026-09-14 06:40:24,Piercefurt,GD,0
ACC002550,2026-09-14 06:40:25,South Jessica,BT,0
ACC000586,2026-09-14 06:40:25,Cassandramouth,BZ,0
ACC002389,2026-09-14 06:40:25,North Reginaldmouth,SC,0
ACC003750,2026-09-14 06:40:25,Lake Daniel,CD,0
ACC004513,2026-09-14 06:40:25,Lanemouth,GH,0
ACC000218,2026-09-14 06:40:25,Port Steven,AL,0
ACC003015,2026-09-14 06:40:25,New Rachelbury,DM,0
ACC003703,2026-09-14 06:40:26,Lake Kelliton,BS,0
ACC003745,2026-09-14 06:40:26,Andrewport,CO,0
ACC004268,2026-09-14 06:40:26,South Amyshire,KP,0
ACC001565,2026-09-14 06:40:26,Lake Wesleyberg,KM,0
ACC001952,2026-09-14 06:40:27,West Glennberg,MK,0
ACC004312,2026-09-14 06:40:27,Rochabury,AD,0
ACC003763,2026-09-14 06:40:27,South Michaelfort,SA,0
ACC002785,2026-09-14 06:40:27,Port Scott,EC,0
ACC000863,2026-09-14 06:40:27,Rodriguezburgh,UA,0
ACC000821,2026-09-14 06:40:28,South Melanieville,AT,0
ACC002320,2026-09-14 06:40:28,North Adrianstad,AE,0
ACC003770,2026-09-14 06:40:28,Fergusontown,CF,0
ACC000699,2026-09-14 06:40:29,Alyssatown,IE,0
ACC003559,2026-09-14 06:40:29,New Brianna,CV,0
ACC004185,2026-09-14 06:40:29,Lake Evanburgh,LC,0
ACC000383,2026-09-14 06:40:29,Lake Paul,BD,0
ACC002640,2026-09-14 06:40:30,Lisaview,TO,0
ACC000814,2026-09-14 06:40:30,Spencershire,KR,0
ACC001118,2026-09-14 06:40:30,Millerport,SE,0
ACC002522,2026-09-14 06:40:30,Christineville,LB,0
ACC003748,2026-09-14 06:40:31,Scottmouth,EE,0
ACC003493,2026-09-14 06:40:31,East Elizabethtown,IT,0
ACC000669,2026-09-14 06:40:31,Amberhaven,GY,0
ACC003374,2026-09-14 06:40:32,Paulbury,TG,0
ACC001857,2026-09-14 06:40:32,Lake Julia,BA,0
ACC000921,2026-09-14 06:40:32,Port Daniellebury,TW,0
ACC003858,2026-09-14 06:40:32,Abigailstad,NP,0
ACC001923,2026-09-14 06:40:33,Lake Tannerton,FJ,0
ACC002559,2026-09-14 06:40:33,Lake Justinfort,IQ,0
ACC000844,2026-09-14 06:40:34,Kanefort,JM,0
ACC001885,2026-09-14 06:40:34,Beckyhaven,UA,0
ACC002260,2026-09-14 06:40:35,Port Daniel,SR,0
ACC003146,2026-09-14 06:40:36,West Cathy,ZA,0
ACC001160,2026-09-14 06:40:36,Priceburgh,KR,0
ACC003134,2026-09-14 06:40:37,Port Davidhaven,CN,0
ACC000329,2026-09-14 06:40:37,West Andrewbury,PS,1
ACC004812,2026-09-14 06:40:37,East Danielshire,BO,0
ACC003528,2026-09-14 06:40:37,West Nataliehaven,QA,0
ACC000614,2026-09-14 06:40:38,Brownfurt,AM,0
ACC000137,2026-09-14 06:40:38,Port Joshua,TJ,0
ACC000109,2026-09-14 06:40:38,West Paula,PY,0
ACC000686,2026-09-14 06:40:38,New Rachel,BZ,0
ACC002266,2026-09-14 06:40:38,Lake Brittanyville,IS,0
ACC000758,2026-09-14 06:40:39,East Mallory,CA,0
ACC003684,2026-09-14 06:40:39,Dorothystad,LR,0
ACC000300,2026-09-14 06:40:40,Haleyfurt,MX,1
ACC001189,2026-09-14 06:40:40,North Meganview,SC,0
ACC001642,2026-09-14 06:40:40,Kevinmouth,PY,0
ACC003219,2026-09-14 06:40:40,Owenberg,LR,0
ACC000847,2026-09-14 06:40:40,Emilyfurt,MC,0
ACC001460,2026-09-14 06:40:40,Dianastad,MZ,0
ACC001278,2026-09-14 06:40:41,Allenmouth,BS,0
ACC002628,2026-09-14 06:40:42,Banksview,VA,0
ACC003489,2026-09-14 06:40:42,Lake Joshua,US,0
ACC003839,2026-09-14 06:40:42,Younghaven,ZA,0
ACC000121,2026-09-14 06:40:42,New Melissa,JP,0
ACC004862,2026-09-14 06:40:42,South Sylvia,PH,0
ACC002981,2026-09-14 06:40:43,Lake Jose,UA,0
ACC000651,2026-09-14 06:40:43,New Brettport,TJ,0
ACC002591,2026-09-14 06:40:44,North Erica,KE,0
ACC000946,2026-09-14 06:40:44,Lake Joshuastad,BD,0
ACC000840,2026-09-14 06:40:44,New Rachel,BS,0
ACC000087,2026-09-14 06:40:44,Sandraburgh,MT,0
ACC002251,2026-09-14 06:40:45,Lake Kaitlin,LA,0
ACC001890,2026-09-14 06:40:45,East Tyler,SY,1
ACC000078,2026-09-14 06:40:46,Gonzalesstad,AO,0
ACC003797,2026-09-14 06:40:46,Lake John,KH,0
ACC004896,2026-09-14 06:40:46,Ashleychester,NI,1
ACC000622,2026-09-14 06:40:46,Clarkeside,LA,0
ACC001795,2026-09-14 06:40:46,Taylorborough,TR,0
ACC000097,2026-09-14 06:40:46,Wadehaven,TD,0
ACC000961,2026-09-14 06:40:47,Leblancville,SZ,0
ACC000622,2026-09-14 06:40:47,Robertville,GR,0
ACC001147,2026-09-14 06:40:47,Turnerborough,CU,0
ACC004039,2026-09-14 06:40:47,Port Stephanie,GY,1
ACC003962,2026-09-14 06:40:47,West Robert,IL,0
ACC003761,2026-09-14 06:40:48,Justinview,SK,0
ACC003668,2026-09-14 06:40:49,New Andrea,SM,0
ACC004542,2026-09-14 06:40:49,Oliverbury,MA,0
ACC001101,2026-09-14 06:40:49,Lake Michelleville,LS,0
ACC000418,2026-09-14 06:40:49,Mercerfurt,CG,0
ACC001094,2026-09-14 06:40:49,Collinsview,DM,0
ACC004594,2026-09-14 06:40:50,Boydborough,SI,0
ACC004264,2026-09-14 06:40:50,Lake Michael,BS,0
ACC000173,2026-09-14 06:40:51,West Robertfurt,LY,0
ACC004672,2026-09-14 06:40:52,Masseyville,SZ,0
ACC003745,2026-09-14 06:40:52,East Coreymouth,IQ,0
ACC003082,2026-09-14 06:40:52,Danielston,DZ,0
ACC003257,2026-09-14 06:40:52,Shelbyside,UY,0
ACC001597,2026-09-14 06:40:52,Hudsonhaven,ST,0
ACC001169,2026-09-14 06:40:52,Brendanside,LC,0
ACC003083,2026-09-14 06:40:52,Lake Samanthashire,ID,0
ACC002371,2026-09-14 06:40:53,Pollardhaven,NO,0
ACC002455,2026-09-14 06:40:54,Karentown,TN,0
ACC002982,2026-09-14 06:40:54,East Anthony,PE,0
ACC003364,2026-09-14 06:40:54,Clayton,MR,0
ACC003846,2026-09-14 06:40:54,Lorettamouth,EE,1
ACC000635,2026-09-14 06:40:54,Ortizstad,DE,0
ACC002209,2026-09-14 06:40:55,Seanport,GA,0
ACC002559,2026-09-14 06:40:55,North Victoriachester,YE,0
ACC003165,2026-09-14 06:40:56,Frankborough,PS,0
ACC000326,2026-09-14 06:40:56,Hintonville,SI,0
ACC002082,2026-09-14 06:40:57,South Davidchester,TM,0
ACC003665,2026-09-14 06:40:57,Nguyenmouth,NZ,0
ACC000939,2026-09-14 06:40:57,New Mariaport,SI,0
ACC004160,2026-09-14 06:40:58,Hardyborough,CY,0
ACC003157,2026-09-14 06:40:58,Port Tanner,NO,1
ACC002277,2026-09-14 06:40:58,Karenview,IR,0
ACC003259,2026-09-14 06:40:58,South Timothy,ZA,0
ACC001387,2026-09-14 06:40:58,Shawnview,GR,0
ACC000235,2026-09-14 06:40:58,West Glenn,SM,1
ACC004959,2026-09-14 06:40:59,Michaelland,EC,0
ACC001052,2026-09-14 06:40:59,Port Ryanland,TT,0
ACC001986,2026-09-14 06:40:59,Priceport,GT,0
ACC003298,2026-09-14 06:41:00,Scotttown,AF,0
ACC002153,2026-09-14 06:41:00,Jasonland,BG,0
ACC000033,2026-09-14 06:41:01,East Dianaville,KP,1
ACC004699,2026-09-14 06:41:01,Daisyfurt,CL,0
ACC002684,2026-09-14 06:41:01,Wolfshire,UA,0
ACC001771,2026-09-14 06:41:02,North Linda,GE,0
ACC000207,2026-09-14 06:41:05,Gregfort,LK,0
ACC004030,2026-09-14 06:41:05,Lake Chad,KG,0
ACC002742,2026-09-14 06:41:06,Lake Amanda,IS,0
ACC001425,2026-09-14 06:41:06,East Susanville,SE,0
ACC001395,2026-09-14 06:41:06,Port Rebeccafort,CG,0
ACC000357,2026-09-14 06:41:07,Parkerstad,FJ,0
ACC003966,2026-09-14 06:41:07,Lunafurt,LY,0
ACC004060,2026-09-14 06:41:07,Meganmouth,US,0
ACC004853,2026-09-14 06:41:07,East Roger,EE,0
ACC001916,2026-09-14 06:41:08,Elizabethtown,NP,0
ACC004051,2026-09-14 06:41:08,Port Kellyfort,IN,1
ACC003858,2026-09-14 06:41:08,East Sheila,EG,0
ACC003789,2026-09-14 06:41:09,Mooreborough,PT,0
ACC001485,2026-09-14 06:41:10,Kariton,ES,0
ACC004002,2026-09-14 06:41:10,North Daniel,CU,0
ACC001902,2026-09-14 06:41:10,New Isaactown,PW,0
ACC000826,2026-09-14 06:41:10,Mckeefort,IL,1
ACC000137,2026-09-14 06:41:11,North Matthew,PL,0
ACC002875,2026-09-14 06:41:11,Robertsburgh,SB,0
ACC000163,2026-09-14 06:41:11,Samuelfort,SZ,0
ACC002341,2026-09-14 06:41:11,Bentleyhaven,GE,0
ACC003665,2026-09-14 06:41:12,South Stevenburgh,KZ,0
ACC002649,2026-09-14 06:41:12,Jacquelineside,CV,0
ACC003349,2026-09-14 06:41:13,Port Richard,CO,0
ACC002421,2026-09-14 06:41:13,Port Taylor,MK,0
ACC001739,2026-09-14 06:41:13,Michellestad,AO,0
ACC004933,2026-09-14 06:41:14,East Abigailport,EG,0
ACC003413,2026-09-14 06:41:14,North Angelamouth,ET,0
ACC000748,2026-09-14 06:41:14,North Sharon,LI,0
ACC002086,2026-09-14 06:41:14,North Marcus,MM,1
ACC000209,2026-09-14 06:41:15,Brandtfort,MD,0
ACC004637,2026-09-14 06:41:15,North Dylan,LV,0
ACC000111,2026-09-14 06:41:15,Nathanhaven,ES,0
ACC001273,2026-09-14 06:41:15,Sheltonfurt,EC,0
ACC002403,2026-09-14 06:41:15,Lake Johnfort,AE,0
ACC004344,2026-09-14 06:41:16,West Catherinefort,MA,0
ACC004105,2026-09-14 06:41:16,Thomasview,YE,0
ACC003610,2026-09-14 06:41:16,Pierceville,SK,0
ACC000975,2026-09-14 06:41:17,Lisafurt,FM,0
ACC001844,2026-09-14 06:41:17,North Randall,BJ,0
ACC002518,2026-09-14 06:41:18,New Davidport,HU,0
ACC003863,2026-09-14 06:41:18,South Kyle,SD,0
ACC004958,2026-09-14 06:41:18,South Robert,TW,1
ACC004430,2026-09-14 06:41:18,Matthewberg,BJ,0
ACC002306,2026-09-14 06:41:19,New Becky,KZ,0
ACC002651,2026-09-14 06:41:19,Johnsontown,RW,0
ACC002648,2026-09-14 06:41:19,West William,BW,0
ACC002362,2026-09-14 06:41:20,Davenportmouth,PE,0
ACC002159,2026-09-14 06:41:21,Gilbertton,NR,0
ACC000558,2026-09-14 06:41:21,Lake Deborahview,NL,0
ACC002350,2026-09-14 06:41:21,Paultown,PS,0
ACC004805,2026-09-14 06:41:22,Higginsborough,HU,0
ACC004870,2026-09-14 06:41:22,Victoriamouth,LS,0
ACC000180,2026-09-14 06:41:23,Port Davidtown,PK,0
ACC004566,2026-09-14 06:41:23,Wilkinsland,KR,0
ACC001193,2026-09-14 06:41:23,Jonesfort,BF,0
ACC003314,2026-09-14 06:41:23,Chadfurt,NR,0
ACC003348,2026-09-14 06:41:23,Hardinside,EE,1
ACC001211,2026-09-14 06:41:24,Lake Steve,TJ,0
ACC000824,2026-09-14 06:41:25,West Alyssa,LA,0
ACC003034,2026-09-14 06:41:25,Rodriguezport,YE,0
ACC003995,2026-09-14 06:41:25,New Jeffreyburgh,AO,0
ACC003972,2026-09-14 06:41:25,Maryside,KR,0
ACC004244,2026-09-14 06:41:26,Lake Mary,DJ,0
ACC000312,2026-09-14 06:41:26,Lake Alicia,LA,0
ACC002395,2026-09-14 06:41:26,West Jennaview,BB,0
ACC004723,2026-09-14 06:41:26,South Jonathan,ZW,1
ACC004084,2026-09-14 06:41:27,Cliffordside,PL,0
ACC002452,2026-09-14 06:41:27,Harrisonfort,VN,0
ACC000467,2026-09-14 06:41:27,Baldwinbury,CH,0
ACC003532,2026-09-14 06:41:27,Sarahaven,ET,0
ACC002525,2026-09-14 06:41:27,Carolynfurt,AD,1
ACC000922,2026-09-14 06:41:27,East Amanda,BW,0
ACC000854,2026-09-14 06:41:28,Crystalton,TO,0
ACC001202,2026-09-14 06:41:28,Brookefort,CR,0
ACC004998,2026-09-14 06:41:29,Farmerbury,VU,0
ACC004158,2026-09-14 06:41:30,East Carmenview,SY,0
ACC001651,2026-09-14 06:41:30,Port Charles,IS,0
ACC003997,2026-09-14 06:41:30,East Jeffreybury,AE,0
ACC002961,2026-09-14 06:41:30,Villamouth,TD,1
ACC001142,2026-09-14 06:41:30,Port Dustinborough,CO,0
ACC001804,2026-09-14 06:41:31,Karenborough,GM,0
ACC004120,2026-09-14 06:41:31,Lawrenceside,SL,0
ACC000071,2026-09-14 06:41:31,Johnbury,DO,0
ACC004360,2026-09-14 06:41:32,Cristinaville,MH,0
ACC000899,2026-09-14 06:41:32,South Traceyburgh,PK,0
ACC003505,2026-09-14 06:41:32,West Paulchester,KE,0
ACC001925,2026-09-14 06:41:33,Jessicaburgh,KM,0
ACC001629,2026-09-14 06:41:33,Pagefurt,US,0
ACC001149,2026-09-14 06:41:33,Taylorchester,GA,0
ACC002228,2026-09-14 06:41:35,Brianborough,IE,0
ACC003437,2026-09-14 06:41:35,West Jennifer,ER,1
ACC001344,2026-09-14 06:41:35,Michaelberg,TZ,0
ACC003469,2026-09-14 06:41:35,Port Caitlinberg,YE,0
ACC000831,2026-09-14 06:41:35,Alexandraborough,RW,0
ACC001134,2026-09-14 06:41:36,North Martin,GD,0
ACC004592,2026-09-14 06:41:36,South Joshuatown,PS,0
ACC001475,2026-09-14 06:41:36,Stevensland,TH,1
ACC004298,2026-09-14 06:41:37,Bensonstad,DK,0
ACC002229,2026-09-14 06:41:38,Kevinport,GH,0
ACC004727,2026-09-14 06:41:39,Port Debra,KI,1
ACC001181,2026-09-14 06:41:40,Kellyshire,CO,0
ACC000110,2026-09-14 06:41:40,Rosestad,DZ,0
ACC002086,2026-09-14 06:41:41,Jeremyview,TM,0
ACC004051,2026-09-14 06:41:41,West David,KG,0
ACC000923,2026-09-14 06:41:41,Juliachester,NE,0
ACC000934,2026-09-14 06:41:42,South Melissa,GH,0
ACC002247,2026-09-14 06:41:42,New Eddieburgh,BI,0
ACC002195,2026-09-14 06:41:42,North Kristin,GM,0
ACC003680,2026-09-14 06:41:42,North Carrie,ID,0
ACC003931,2026-09-14 06:41:42,Port Michaelbury,TO,0
ACC002935,2026-09-14 06:41:43,Smithfurt,LK,0
ACC001192,2026-09-14 06:41:44,Port Jeffreymouth,LU,0
ACC001588,2026-09-14 06:41:45,Toddport,GR,0
ACC004624,2026-09-14 06:41:45,Duranfort,QA,0
ACC000229,2026-09-14 06:41:45,Scottside,MU,0
ACC000430,2026-09-14 06:41:46,New Shellymouth,CV,0
ACC003952,2026-09-14 06:41:46,Josephville,RS,0
ACC001677,2026-09-14 06:41:46,Smithfurt,DM,0
ACC001093,2026-09-14 06:41:46,Aguilarton,HT,0
ACC004634,2026-09-14 06:41:48,Brianport,IQ,0
ACC004454,2026-09-14 06:41:48,West Mariah,SK,0
ACC004267,2026-09-14 06:41:48,West Michaelhaven,KH,0
ACC000988,2026-09-14 06:41:48,West Danielleview,NP,0
ACC001765,2026-09-14 06:41:48,East Markside,FM,0
ACC001566,2026-09-14 06:41:49,East Kendrastad,IE,0
ACC002032,2026-09-14 06:41:49,East Clintonview,EC,0
ACC003502,2026-09-14 06:41:50,New Angela,MH,1
ACC000561,2026-09-14 06:41:50,East Garrett,CV,0
ACC002970,2026-09-14 06:41:50,East Ethan,PL,0
ACC001645,2026-09-14 06:41:50,Lake Erin,MD,0
ACC003179,2026-09-14 06:41:51,Martinville,SZ,0
ACC004292,2026-09-14 06:41:51,Brandonside,TN,0
ACC004342,2026-09-14 06:41:51,Kingstad,VE,1
ACC002902,2026-09-14 06:41:52,Autumnfort,CH,0
ACC004965,2026-09-14 06:41:52,East Valeriestad,US,0
ACC000718,2026-09-14 06:41:52,Benjaminton,SB,0
ACC004315,2026-09-14 06:41:52,North Jose,DM,0
ACC000457,2026-09-14 06:41:52,Carolside,KM,0
ACC001271,2026-09-14 06:41:53,Humphreyhaven,GY,0
ACC003334,2026-09-14 06:41:53,Dennisshire,IQ,0
ACC001405,2026-09-14 06:41:53,Jamesmouth,EG,0
ACC004253,2026-09-14 06:41:53,East Vanessa,AO,0
ACC001851,2026-09-14 06:41:53,Hayesland,TH,0
ACC000369,2026-09-14 06:41:53,Lake Sarahburgh,FR,0
ACC000648,2026-09-14 06:41:54,Richardhaven,MN,1
ACC004717,2026-09-14 06:41:54,North Sandra,IL,0
ACC001585,2026-09-14 06:41:54,North Preston,FJ,0
ACC001996,2026-09-14 06:41:54,Michaelside,RW,0
ACC000349,2026-09-14 06:41:54,North Earl,NL,1
ACC004153,2026-09-14 06:41:55,Port Michael,SG,0
ACC004907,2026-09-14 06:41:55,East Josehaven,BA,0
ACC002358,2026-09-14 06:41:55,Benjaminview,KR,1
ACC001373,2026-09-14 06:41:57,Noahborough,KR,0
ACC004789,2026-09-14 06:41:57,West Jessicaburgh,VU,0
ACC004071,2026-09-14 06:41:58,Rowlandfort,LR,0
ACC003281,2026-09-14 06:41:58,East Angela,CA,1
ACC004379,2026-09-14 06:41:59,Crosschester,IN,1
ACC002783,2026-09-14 06:41:59,Jacobhaven,NZ,0
ACC001783,2026-09-14 06:42:00,Fritzport,DE,0
ACC003558,2026-09-14 06:42:00,Dicksonburgh,MM,0
ACC004945,2026-09-14 06:42:00,Nicholsville,ER,0
ACC003421,2026-09-14 06:42:00,Levymouth,TO,0
ACC002385,2026-09-14 06:42:01,Anitaland,MC,0
ACC003790,2026-09-14 06:42:01,Brandishire,GD,0
ACC003471,2026-09-14 06:42:01,Patriciahaven,RO,0
ACC004735,2026-09-14 06:42:02,New Kimstad,LY,0
ACC004043,2026-09-14 06:42:02,South Bradleyside,BO,0
ACC001727,2026-09-14 06:42:02,South Elizabeth,PY,0
ACC001730,2026-09-14 06:42:02,North Laurenhaven,IN,0
ACC002444,2026-09-14 06:42:03,Lake Michaelfort,RU,0
ACC004660,2026-09-14 06:42:03,Estradamouth,AF,1
ACC004859,2026-09-14 06:42:03,Gregoryland,TT,0
ACC000704,2026-09-14 06:42:04,New Joseph,CR,0
ACC004479,2026-09-14 06:42:04,Angelaburgh,EG,0
ACC003254,2026-09-14 06:42:05,Lyonsstad,GW,0
ACC002166,2026-09-14 06:42:05,New Thomas,KR,0
ACC004048,2026-09-14 06:42:06,Port Jenniferburgh,AM,0
ACC001863,2026-09-14 06:42:06,Kayleetown,KI,0
ACC000623,2026-09-14 06:42:06,Cartermouth,BW,0
ACC003901,2026-09-14 06:42:06,Garrettborough,LY,0
ACC002144,2026-09-14 06:42:06,New Christopherberg,SB,0
ACC002650,2026-09-14 06:42:07,South Aaronshire,MK,0
ACC004609,2026-09-14 06:42:07,Masonfort,NG,0
ACC000843,2026-09-14 06:42:07,West Jeff,GB,0
ACC000779,2026-09-14 06:42:07,Stevenfort,BF,0
ACC001878,2026-09-14 06:42:08,Port Kaylatown,EE,0
ACC000240,2026-09-14 06:42:08,North Rachel,NI,1
ACC002588,2026-09-14 06:42:08,South Joshuabury,LR,0
ACC003478,2026-09-14 06:42:09,Port Josephmouth,EC,0
ACC002648,2026-09-14 06:42:09,Tammyfort,TJ,0
ACC001739,2026-09-14 06:42:09,Stewartchester,BI,0
ACC002508,2026-09-14 06:42:09,Angelaside,AZ,1
ACC002221,2026-09-14 06:42:09,North Thomasland,GD,0
ACC001248,2026-09-14 06:42:10,Stevenhaven,IN,0
ACC004973,2026-09-14 06:42:10,Tonyamouth,GW,0
ACC003235,2026-09-14 06:42:10,Rebeccastad,BR,0
ACC003476,2026-09-14 06:42:10,Rogermouth,IN,0
ACC004700,2026-09-14 06:42:10,New Stacyville,ES,1
ACC001472,2026-09-14 06:42:11,East Lisaside,BY,0
ACC002931,2026-09-14 06:42:11,Colemanborough,IR,0
ACC002963,2026-09-14 06:42:11,Port Robertshire,GN,0
ACC002390,2026-09-14 06:42:11,New Diane,ML,0
ACC003703,2026-09-14 06:42:12,Leeberg,AR,0
ACC001204,2026-09-14 06:42:12,Port Michaelstad,FJ,0
ACC003566,2026-09-14 06:42:12,New Sarahshire,KW,0
ACC001577,2026-09-14 06:42:12,Mendozamouth,PA,0
ACC004382,2026-09-14 06:42:13,North Aprilbury,MZ,0
ACC003691,2026-09-14 06:42:13,Brianatown,SL,0
ACC004468,2026-09-14 06:42:13,Tiffanybury,PT,0
ACC003136,2026-09-14 06:42:14,New Kylefurt,MD,0
ACC002082,2026-09-14 06:42:14,East Kenneth,IR,0
ACC001956,2026-09-14 06:42:14,Mcculloughview,DJ,0
ACC001977,2026-09-14 06:42:14,Millerfurt,UA,0
ACC001428,2026-09-14 06:42:14,West Lukeland,AU,0
ACC004191,2026-09-14 06:42:15,Dakotachester,CG,0
ACC001753,2026-09-14 06:42:15,Port Danville,AD,1
ACC001604,2026-09-14 06:42:15,Reyesbury,SR,0
ACC000905,2026-09-14 06:42:16,North Kennethstad,PY,0
ACC001152,2026-09-14 06:42:17,Danieltown,BY,0
ACC003208,2026-09-14 06:42:17,Jamesburgh,IS,0
ACC000843,2026-09-14 06:42:17,North William,BA,0
ACC002304,2026-09-14 06:42:17,South Elizabethville,DJ,0
ACC003638,2026-09-14 06:42:18,New Cody,LB,0
ACC004396,2026-09-14 06:42:18,Donaldview,PW,0
ACC002346,2026-09-14 06:42:18,South Carolhaven,RW,0
ACC000401,2026-09-14 06:42:18,Phillipsfurt,BW,0
ACC000949,2026-09-14 06:42:18,Natalieview,LT,0
ACC000495,2026-09-14 06:42:18,Murraychester,IT,0
ACC002163,2026-09-14 06:42:19,Port Margaretland,BN,0
ACC004414,2026-09-14 06:42:19,West Alison,KE,0
ACC004580,2026-09-14 06:42:20,South Donald,DO,1
ACC000896,2026-09-14 06:42:20,New Kimberlyfort,SN,0
ACC001810,2026-09-14 06:42:20,Dunnton,NZ,0
ACC004019,2026-09-14 06:42:21,Hayesmouth,MW,0
ACC004172,2026-09-14 06:42:21,Angelabury,GE,0
ACC002875,2026-09-14 06:42:21,South Sarah,MN,0
ACC001548,2026-09-14 06:42:21,Kellyview,FR,0
ACC002381,2026-09-14 06:42:21,Frenchland,KI,0
ACC002064,2026-09-14 06:42:21,West Whitney,AO,0
ACC000468,2026-09-14 06:42:22,Port Ryanbury,CZ,1
ACC000480,2026-09-14 06:42:23,Felicialand,TL,0
ACC001171,2026-09-14 06:42:24,Smithville,DO,0
ACC000815,2026-09-14 06:42:25,Jonesview,PL,0
ACC002296,2026-09-14 06:42:25,Tinashire,RS,1
ACC002901,2026-09-14 06:42:25,Lopezmouth,LI,0
ACC002420,2026-09-14 06:42:26,South Taylorfurt,IS,0
ACC002522,2026-09-14 06:42:26,Kristinatown,NA,1
ACC002893,2026-09-14 06:42:26,Ellisshire,JM,0
ACC004840,2026-09-14 06:42:26,Port Jodyport,TW,0
ACC000322,2026-09-14 06:42:27,East Anthonyburgh,VN,0
ACC000445,2026-09-14 06:42:27,South Justinview,CU,0
ACC001586,2026-09-14 06:42:27,Taylormouth,TZ,0
ACC001786,2026-09-14 06:42:27,Hillside,US,0
ACC001643,2026-09-14 06:42:28,Gutierrezside,TO,0
ACC002321,2026-09-14 06:42:28,South Sarah,KH,0
ACC001385,2026-09-14 06:42:28,Brendaport,LA,0
ACC004646,2026-09-14 06:42:28,Hardyville,DM,0
ACC001274,2026-09-14 06:42:29,Higginsstad,NE,0
ACC001469,2026-09-14 06:42:29,West Richard,GY,0
ACC002193,2026-09-14 06:42:30,Thompsonshire,MX,0
ACC003596,2026-09-14 06:42:30,Lake Tarafort,LI,0
ACC004287,2026-09-14 06:42:30,New Danielville,CZ,0
ACC002105,2026-09-14 06:42:30,East Michael,MT,0
ACC004151,2026-09-14 06:42:30,Schmitthaven,HN,0
ACC004366,2026-09-14 06:42:31,Williehaven,ET,0
ACC003624,2026-09-14 06:42:31,Port Maria,SR,0
ACC000974,2026-09-14 06:42:31,North Rachelhaven,LU,0
ACC004389,2026-09-14 06:42:32,Candacestad,TO,0
ACC003673,2026-09-14 06:42:32,North Bethshire,SE,0
ACC000586,2026-09-14 06:42:32,Burnsbury,SO,1
ACC002669,2026-09-14 06:42:32,Monicamouth,AE,0
ACC001781,2026-09-14 06:42:32,Ramosville,EG,0
ACC004983,2026-09-14 06:42:32,Lake Bethfurt,NI,1
ACC002656,2026-09-14 06:42:33,Richardsstad,HU,0
ACC001141,2026-09-14 06:42:33,Paulmouth,HR,0
ACC000014,2026-09-14 06:42:33,North Emily,AT,0
ACC000044,2026-09-14 06:42:34,Curtismouth,BD,0
ACC003326,2026-09-14 06:42:34,New Michaelfort,OM,0
ACC000589,2026-09-14 06:42:34,Lake Anneburgh,DO,0
ACC004694,2026-09-14 06:42:34,Perezburgh,PY,0
ACC001976,2026-09-14 06:42:34,East Richardview,LV,0
ACC004626,2026-09-14 06:42:36,Hernandezville,LU,0
ACC001101,2026-09-14 06:42:37,North Markshire,TN,0
ACC004190,2026-09-14 06:42:37,Perezshire,PW,0
ACC002955,2026-09-14 06:42:37,Lopezborough,BT,0
ACC003752,2026-09-14 06:42:38,Diamondfurt,ER,0
ACC000978,2026-09-14 06:42:38,East Samuelberg,FI,0
ACC002559,2026-09-14 06:42:38,East Christopherbury,GH,0
ACC004835,2026-09-14 06:42:38,Donovanfort,GT,0
ACC000311,2026-09-14 06:42:39,Sullivantown,KH,0
ACC001588,2026-09-14 06:42:39,South Virginia,PL,0
ACC000363,2026-09-14 06:42:39,New Gregorymouth,ML,0
ACC003721,2026-09-14 06:42:39,North Jasmine,ZM,0
ACC003037,2026-09-14 06:42:39,Port Carolinetown,LK,0
ACC003121,2026-09-14 06:42:40,West Michael,DJ,0
ACC004715,2026-09-14 06:42:40,West Terryberg,RW,0
ACC001707,2026-09-14 06:42:40,South Rachaelfort,SC,0
ACC001417,2026-09-14 06:42:40,Daychester,AL,1
ACC003147,2026-09-14 06:42:41,Lake Patrickbury,ML,0
ACC004412,2026-09-14 06:42:41,Rickeyberg,IS,0
ACC004763,2026-09-14 06:42:42,Port Crystal,FJ,1
ACC001842,2026-09-14 06:42:42,Baileyview,KM,0
ACC001793,2026-09-14 06:42:42,Lake Michaelberg,CU,0
ACC001284,2026-09-14 06:42:42,Hammondmouth,TO,0
ACC003163,2026-09-14 06:42:42,East Nathan,BG,0
ACC000627,2026-09-14 06:42:42,North Kelseyberg,MD,0
ACC002378,2026-09-14 06:42:43,South Williamtown,VE,0
ACC002707,2026-09-14 06:42:43,Russellberg,UY,0
ACC003189,2026-09-14 06:42:43,Reginastad,PT,0
ACC003723,2026-09-14 06:42:43,South Susanbury,PS,1
ACC003027,2026-09-14 06:42:43,Taylorville,EG,0
ACC000480,2026-09-14 06:42:44,East Williambury,RO,1
ACC000896,2026-09-14 06:42:46,Randyport,BI,0
ACC000907,2026-09-14 06:42:46,South Rebecca,IS,0
ACC002738,2026-09-14 06:42:46,Johnsonchester,SG,0
ACC001074,2026-09-14 06:42:47,Lake Shawn,HR,0
ACC004804,2026-09-14 06:42:47,Davisberg,DE,0
ACC003293,2026-09-14 06:42:48,Carlosmouth,DZ,0
ACC000038,2026-09-14 06:42:48,Thomasland,IN,0
ACC004907,2026-09-14 06:42:48,Snyderside,IE,0
ACC004179,2026-09-14 06:42:49,Jennashire,BI,0
ACC001069,2026-09-14 06:42:49,West Lukeshire,PA,0
ACC004608,2026-09-14 06:42:49,Lindamouth,GN,0
ACC000487,2026-09-14 06:42:49,Grayport,KE,1
ACC003260,2026-09-14 06:42:49,Port Daniellefurt,MC,0
ACC001286,2026-09-14 06:42:49,Barrychester,WS,1
ACC001688,2026-09-14 06:42:49,Weaverborough,AG,0
ACC003152,2026-09-14 06:42:50,Lake David,AD,0
ACC001049,2026-09-14 06:42:50,Jonathanview,MG,0
ACC002149,2026-09-14 06:42:50,Kevinstad,LB,0
ACC000862,2026-09-14 06:42:50,West Benjamin,BD,0
ACC001496,2026-09-14 06:42:52,North Davidberg,WS,0
ACC003158,2026-09-14 06:42:52,New Ericafort,BO,1
ACC002226,2026-09-14 06:42:52,East Stacystad,RS,0
ACC000938,2026-09-14 06:42:53,Mataview,EC,0
ACC000472,2026-09-14 06:42:53,New Brittanyhaven,VN,0
ACC004131,2026-09-14 06:42:54,Sullivanmouth,SO,0
ACC002377,2026-09-14 06:42:54,Lake Mark,BA,0
ACC000236,2026-09-14 06:42:54,New Madison,TO,0
ACC000079,2026-09-14 06:42:54,Bakerview,CF,0
ACC002578,2026-09-14 06:42:54,Reyesshire,BA,0
ACC004151,2026-09-14 06:42:54,Graytown,MD,0
ACC001832,2026-09-14 06:42:54,Lake Larry,JM,1
ACC004143,2026-09-14 06:42:54,East Crystalton,DO,0
ACC000525,2026-09-14 06:42:55,West Heatherside,ML,0
ACC004517,2026-09-14 06:42:55,Kellifurt,PW,0
ACC002192,2026-09-14 06:42:55,Deborahchester,ES,0
ACC004872,2026-09-14 06:42:56,East Cameronbury,TW,0
ACC000001,2026-09-14 06:42:56,Douglastown,BG,1
ACC000651,2026-09-14 06:42:57,East Kristina,SR,0
ACC004724,2026-09-14 06:42:57,Lake Amanda,FI,0
ACC000772,2026-09-14 06:42:58,Scotttown,PK,0
ACC000139,2026-09-14 06:42:58,East Edwin,SO,0
ACC003892,2026-09-14 06:42:58,Morsefurt,LS,0
ACC001181,2026-09-14 06:42:59,Collierburgh,BT,0
ACC002298,2026-09-14 06:42:59,Lake Edwinfort,IS,0
ACC000963,2026-09-14 06:42:59,Ericberg,EG,0
ACC004112,2026-09-14 06:42:59,East Williammouth,DK,1
ACC001516,2026-09-14 06:42:59,East Jamesview,LR,0
ACC004128,2026-09-14 06:42:59,Davisfort,FI,0
ACC004982,2026-09-14 06:43:00,Kimshire,MK,0
ACC002395,2026-09-14 06:43:00,Lake Todd,SD,0
ACC003413,2026-09-14 06:43:00,North Brittany,BJ,0
ACC003077,2026-09-14 06:43:00,North Denise,SO,0
ACC001108,2026-09-14 06:43:01,Port Michael,KR,0
ACC004961,2026-09-14 06:43:01,North Alicia,ES,0
ACC004862,2026-09-14 06:43:01,Lake John,MN,0
ACC000962,2026-09-14 06:43:02,Port Catherinemouth,NE,0
ACC003868,2026-09-14 06:43:02,South Angela,KM,0
ACC000228,2026-09-14 06:43:02,South Victoriastad,SK,0
ACC004678,2026-09-14 06:43:04,New Patriciabury,FJ,0
ACC001245,2026-09-14 06:43:04,New Allisonville,VU,0
ACC004611,2026-09-14 06:43:04,West Bethany,CZ,0
ACC003014,2026-09-14 06:43:04,Maysburgh,NE,0
ACC002195,2026-09-14 06:43:04,Port Feliciastad,AM,0
ACC001584,2026-09-14 06:43:05,West Ryan,BD,0
ACC001884,2026-09-14 06:43:05,Port Angelaport,MR,0
ACC003494,2026-09-14 06:43:05,Philipmouth,IN,0
ACC000854,2026-09-14 06:43:05,Gutierrezmouth,KN,0
ACC002406,2026-09-14 06:43:05,Stewartfort,MH,0
ACC001054,2026-09-14 06:43:06,South Anthonyborough,CG,0
ACC000679,2026-09-14 06:43:06,New Tina,KR,0
ACC002260,2026-09-14 06:43:07,Whiteview,KW,0
ACC002849,2026-09-14 06:43:07,East Diane,VN,0
ACC001918,2026-09-14 06:43:07,Colinborough,AD,0
ACC002577,2026-09-14 06:43:07,East Theresaton,DO,0
ACC004736,2026-09-14 06:43:09,Alexisshire,JO,0
ACC002466,2026-09-14 06:43:09,New Tiffanyfort,PY,0
ACC004395,2026-09-14 06:43:10,Lake Markport,UA,0
ACC000751,2026-09-14 06:43:10,Greenmouth,PL,0
ACC003982,2026-09-14 06:43:10,Lake Rogerfort,BW,1
ACC002293,2026-09-14 06:43:11,South Robertchester,AO,0
ACC001309,2026-09-14 06:43:11,East Sharon,ME,0
ACC000534,2026-09-14 06:43:11,Robertstad,ML,0
ACC004088,2026-09-14 06:43:11,East Deborah,PW,0
ACC003103,2026-09-14 06:43:11,New Trevorfort,KW,0
ACC003450,2026-09-14 06:43:11,Rebeccaport,GR,0
ACC004980,2026-09-14 06:43:12,Port Gregoryside,AL,0
ACC000678,2026-09-14 06:43:12,Port Austin,PW,1
ACC000803,2026-09-14 06:43:12,Montgomeryshire,GB,0
ACC000200,2026-09-14 06:43:12,Sandersmouth,IE,0
ACC003885,2026-09-14 06:43:13,Lake Gregorybury,NG,0
ACC003623,2026-09-14 06:43:14,Kimbury,KR,0
ACC002672,2026-09-14 06:43:14,East Chadland,ID,0
ACC003737,2026-09-14 06:43:14,Apriltown,AL,0
ACC003836,2026-09-14 06:43:14,New Jessica,ZA,0
ACC000894,2026-09-14 06:43:14,North Brandon,ME,0
ACC003110,2026-09-14 06:43:14,Lake Franciscobury,SB,0
ACC000616,2026-09-14 06:43:14,East Judyfort,BR,0
ACC004725,2026-09-14 06:43:14,Brandtmouth,BZ,0
ACC004447,2026-09-14 06:43:15,Danielleview,BJ,0
ACC002328,2026-09-14 06:43:15,Calebview,BE,0
ACC000464,2026-09-14 06:43:16,Lake Victoria,HR,0
ACC002728,2026-09-14 06:43:16,North Natalieland,AO,0
ACC003942,2026-09-14 06:43:16,South Ryanchester,KN,0
ACC003313,2026-09-14 06:43:17,West Cory,UZ,0
ACC003024,2026-09-14 06:43:17,Alisonstad,PT,0
ACC003017,2026-09-14 06:43:17,Port Jason,PG,0
ACC000718,2026-09-14 06:43:17,South Alan,SO,0
ACC002055,2026-09-14 06:43:17,West Scotthaven,MZ,0
ACC004988,2026-09-14 06:43:18,Port Christian,AM,0
ACC002349,2026-09-14 06:43:19,West Donald,IR,1
ACC004229,2026-09-14 06:43:19,East Brandonton,CG,0
ACC001397,2026-09-14 06:43:20,West Codyborough,ER,0
ACC002527,2026-09-14 06:43:20,Gloriaton,ER,0
ACC002965,2026-09-14 06:43:20,Erinhaven,UA,0
ACC004945,2026-09-14 06:43:20,Stephenland,PE,0
ACC004588,2026-09-14 06:43:20,Mcdanielborough,AO,0
ACC002732,2026-09-14 06:43:21,West Michelle,TV,0
ACC002933,2026-09-14 06:43:21,Christianport,TO,0
ACC000280,2026-09-14 06:43:21,Port Williamhaven,SL,0
ACC000338,2026-09-14 06:43:21,Samueltown,KR,0
ACC004197,2026-09-14 06:43:22,West Carolfurt,BT,0
ACC003825,2026-09-14 06:43:22,Kochport,CO,0
ACC001666,2026-09-14 06:43:22,North Christineborough,TD,0
ACC001689,2026-09-14 06:43:22,Seanshire,MY,0
ACC000182,2026-09-14 06:43:23,North Zacharyburgh,ZA,0
ACC004589,2026-09-14 06:43:23,Annemouth,HN,0
ACC000712,2026-09-14 06:43:23,New Jesusshire,BT,0
ACC002722,2026-09-14 06:43:24,Richardchester,AG,0
ACC000683,2026-09-14 06:43:24,New Adammouth,GH,0
ACC000269,2026-09-14 06:43:24,North Sharonfort,LT,0
ACC001720,2026-09-14 06:43:24,Lake Kelly,LV,0
ACC000862,2026-09-14 06:43:25,Kennethport,UA,0
ACC003564,2026-09-14 06:43:25,Debrastad,SZ,0
ACC000614,2026-09-14 06:43:25,South Gabrielport,PL,0
ACC002656,2026-09-14 06:43:25,West Gregory,VE,0
ACC002390,2026-09-14 06:43:27,Wolfshire,CN,1
ACC001906,2026-09-14 06:43:27,Melaniefort,AM,1
ACC004116,2026-09-14 06:43:28,Baileychester,ER,0
ACC001016,2026-09-14 06:43:28,South Ashleymouth,FM,0
ACC002047,2026-09-14 06:43:28,East Sylvia,GT,0
ACC002354,2026-09-14 06:43:28,Jamesbury,EG,0
ACC000374,2026-09-14 06:43:29,East Robertochester,PE,0
ACC001924,2026-09-14 06:43:29,Lake Tylerfort,PW,1
ACC000662,2026-09-14 06:43:29,Garyport,FR,0
ACC003629,2026-09-14 06:43:29,East Shari,LK,0
ACC004754,2026-09-14 06:43:29,Melindabury,MT,0
ACC000642,2026-09-14 06:43:30,Port Adrianburgh,GT,0
ACC000221,2026-09-14 06:43:30,East Katie,ZW,0
ACC004823,2026-09-14 06:43:31,Brandonbury,MV,0
ACC001463,2026-09-14 06:43:31,Howardberg,NA,0
ACC002388,2026-09-14 06:43:31,West Alexander,HN,0
ACC003587,2026-09-14 06:43:31,North Alexis,EE,0
ACC001926,2026-09-14 06:43:32,Morenoville,UG,0
ACC003240,2026-09-14 06:43:32,New Jason,CI,0
ACC000730,2026-09-14 06:43:32,North Caroline,YE,0
ACC000160,2026-09-14 06:43:32,Johnsstad,SD,0
ACC003387,2026-09-14 06:43:33,Bradfordburgh,PL,0
ACC001017,2026-09-14 06:43:33,North Kristishire,PS,0
ACC003868,2026-09-14 06:43:33,East Connieborough,ST,0
ACC001435,2026-09-14 06:43:33,Ericfort,ZW,0
ACC004092,2026-09-14 06:43:33,North Kimberly,PW,1
ACC000233,2026-09-14 06:43:34,Cynthiaview,PH,0
ACC003067,2026-09-14 06:43:34,East Joshuaside,SB,0
ACC001158,2026-09-14 06:43:34,North Michael,PA,0
ACC002115,2026-09-14 06:43:34,Aprilburgh,GB,0
ACC001057,2026-09-14 06:43:34,West Gregoryfort,KH,0
ACC002093,2026-09-14 06:43:34,Stephaniemouth,TN,1
ACC000871,2026-09-14 06:43:35,West Marcus,SI,0
ACC004697,2026-09-14 06:43:35,Bennettport,GT,0
ACC003983,2026-09-14 06:43:35,Carriechester,ST,1
ACC003838,2026-09-14 06:43:35,Lake Royburgh,ER,0
ACC002441,2026-09-14 06:43:35,Colemanchester,BD,0
ACC001035,2026-09-14 06:43:36,East Steven,KZ,0
ACC000829,2026-09-14 06:43:36,Patriciaside,BO,0
ACC001504,2026-09-14 06:43:36,East Kevin,ZM,0
ACC000079,2026-09-14 06:43:36,South Kennethmouth,DJ,0
ACC004978,2026-09-14 06:43:36,Alyssamouth,GW,0
ACC004460,2026-09-14 06:43:36,Jacksontown,SG,0
ACC001431,2026-09-14 06:43:38,Andreaburgh,BB,0
ACC002853,2026-09-14 06:43:40,Richardborough,TH,0
ACC000398,2026-09-14 06:43:40,Hortonview,WS,0
ACC001103,2026-09-14 06:43:40,North Michaelchester,GW,0
ACC002797,2026-09-14 06:43:40,Michaelton,GM,0
ACC000860,2026-09-14 06:43:40,East Gabriel,BG,0
ACC000132,2026-09-14 06:43:41,North Anne,HN,0
ACC000549,2026-09-14 06:43:41,North Melissaborough,BH,0
ACC003368,2026-09-14 06:43:42,Timothyburgh,SD,0
ACC003128,2026-09-14 06:43:42,Joneston,LS,1
ACC003809,2026-09-14 06:43:42,Gabrielborough,DM,0
ACC004747,2026-09-14 06:43:42,Patriciafort,KI,0
ACC002522,2026-09-14 06:43:42,Lewisport,SI,0
ACC001265,2026-09-14 06:43:43,North Darlenehaven,DJ,0
ACC000040,2026-09-14 06:43:43,Shannonview,TG,1
ACC002054,2026-09-14 06:43:43,Jamesshire,TN,1
ACC002048,2026-09-14 06:43:44,North Antonio,NO,0
ACC003740,2026-09-14 06:43:44,Foxfort,JM,0
ACC003892,2026-09-14 06:43:44,Rossborough,BT,0
ACC004850,2026-09-14 06:43:44,Rogerschester,KE,0
ACC003003,2026-09-14 06:43:45,Priscillaside,GR,0
ACC001377,2026-09-14 06:43:45,Abigailtown,FJ,0
ACC004970,2026-09-14 06:43:45,Thompsonfort,BO,0
ACC001774,2026-09-14 06:43:45,West Aaron,LV,0
ACC004488,2026-09-14 06:43:46,Henryport,UG,1
ACC000668,2026-09-14 06:43:46,Heathertown,NA,0
ACC004527,2026-09-14 06:43:46,Lake Steven,PK,1
ACC002993,2026-09-14 06:43:48,New Laurachester,GB,0
ACC004541,2026-09-14 06:43:48,Palmerstad,ZM,0
ACC000023,2026-09-14 06:43:49,Garyhaven,AE,0
ACC003325,2026-09-14 06:43:49,Taylorport,GW,0
ACC001015,2026-09-14 06:43:49,North Crystal,SC,1
ACC004373,2026-09-14 06:43:49,Kyleburgh,EE,0
ACC002764,2026-09-14 06:43:50,Blankenshipmouth,BN,0
ACC003111,2026-09-14 06:43:51,West John,AD,0
ACC004714,2026-09-14 06:43:51,Port Jonathanville,NG,0
ACC004210,2026-09-14 06:43:51,Blackwellborough,TJ,0
ACC003922,2026-09-14 06:43:51,West Garymouth,NG,0
ACC000628,2026-09-14 06:43:51,Millerburgh,AE,0
ACC003800,2026-09-14 06:43:51,Victoriaside,EG,0
ACC002591,2026-09-14 06:43:51,South Yesenia,VN,0
ACC002051,2026-09-14 06:43:51,North Sergioshire,CF,0
ACC004064,2026-09-14 06:43:52,Stuartland,MH,0
ACC003698,2026-09-14 06:43:52,New Amber,SR,0
ACC000606,2026-09-14 06:43:53,Harrisville,ES,0
ACC002040,2026-09-14 06:43:53,Curtishaven,SG,0
ACC004200,2026-09-14 06:43:53,Mcmillanfurt,BY,0
ACC003188,2026-09-14 06:43:53,Michaelside,GD,0
ACC003552,2026-09-14 06:43:53,Michaelshire,BO,0
ACC000067,2026-09-14 06:43:53,Lawsonville,SD,1
ACC004375,2026-09-14 06:43:53,Lovemouth,PG,0
ACC002601,2026-09-14 06:43:54,New Michelle,DJ,0
ACC000953,2026-09-14 06:43:54,Nathanton,BS,0
ACC000703,2026-09-14 06:43:54,Russellton,DJ,0
ACC004916,2026-09-14 06:43:54,Lake Ernestburgh,AD,0
ACC003521,2026-09-14 06:43:54,Adamsfort,GQ,0
ACC004797,2026-09-14 06:43:54,New Stephanieshire,BT,0
ACC003138,2026-09-14 06:43:55,North Julie,GR,0
ACC003299,2026-09-14 06:43:55,Port Whitney,MZ,0
ACC003118,2026-09-14 06:43:55,North Johnport,BW,0
ACC002552,2026-09-14 06:43:56,East Jacobstad,UY,0
ACC002240,2026-09-14 06:43:56,Lake Gerald,LT,0
ACC003730,2026-09-14 06:43:57,South Carolynton,TD,0
ACC000516,2026-09-14 06:43:57,West Matthew,FI,0
ACC002485,2026-09-14 06:43:57,Hamiltonstad,SA,0
ACC003196,2026-09-14 06:43:58,Lake Laurenville,NP,0
ACC001939,2026-09-14 06:43:58,Paigeview,AF,0
ACC001175,2026-09-14 06:43:58,Lake John,AR,0
ACC002998,2026-09-14 06:43:58,North Feliciachester,PG,1
ACC003636,2026-09-14 06:43:58,Port Taylortown,SA,0
ACC004545,2026-09-14 06:43:58,Richardsonton,BR,0
ACC001552,2026-09-14 06:43:59,New Colin,OM,0
ACC002898,2026-09-14 06:43:59,Harveyshire,MG,0
ACC000114,2026-09-14 06:44:00,New Johnview,TH,0
ACC000419,2026-09-14 06:44:00,East Rachelland,AZ,0
ACC004560,2026-09-14 06:44:00,Sarahmouth,VN,0
ACC004469,2026-09-14 06:44:00,Johnsonside,AO,0
ACC001648,2026-09-14 06:44:01,Lake Shannon,LB,0
ACC004259,2026-09-14 06:44:01,Whiteland,KW,0
ACC002570,2026-09-14 06:44:01,East Jennifertown,VU,0
ACC002202,2026-09-14 06:44:02,Youngfurt,SI,1
ACC003331,2026-09-14 06:44:02,Johnsonstad,CA,0
ACC002544,2026-09-14 06:44:02,North Susan,QA,0
ACC003661,2026-09-14 06:44:02,Lake Brandonton,SA,0
ACC003687,2026-09-14 06:44:03,Cindymouth,NZ,0
ACC003209,2026-09-14 06:44:03,Torreshaven,FI,1
ACC002434,2026-09-14 06:44:04,Maryshire,TO,0
ACC002104,2026-09-14 06:44:05,Adamsland,IR,0
ACC004650,2026-09-14 06:44:05,Port Ernestville,SO,1
ACC004623,2026-09-14 06:44:05,Andersonview,KN,0
ACC000363,2026-09-14 06:44:05,East Jaredland,KN,0
ACC002042,2026-09-14 06:44:05,Markland,LB,1
ACC001734,2026-09-14 06:44:05,East Lawrence,IR,0
ACC003123,2026-09-14 06:44:05,Jonesport,CV,0
ACC003510,2026-09-14 06:44:05,New Joshua,ID,0
ACC004502,2026-09-14 06:44:06,Fitzgeraldstad,BO,0
ACC003544,2026-09-14 06:44:06,Whiteville,IT,0
ACC004125,2026-09-14 06:44:06,West Shelby,BO,0
ACC003297,2026-09-14 06:44:06,Stephenton,GR,0
ACC003958,2026-09-14 06:44:06,Lake Manuelhaven,AU,0
ACC001537,2026-09-14 06:44:06,West Todd,GD,1
ACC001130,2026-09-14 06:44:07,Port Staceymouth,VE,0
ACC003040,2026-09-14 06:44:07,Port Kylieshire,MD,0
ACC001267,2026-09-14 06:44:07,Coxhaven,BZ,0
ACC004368,2026-09-14 06:44:08,West Omar,LR,0
ACC003120,2026-09-14 06:44:08,Lake Lisafurt,AF,0
ACC002939,2026-09-14 06:44:08,New Julie,ZA,0
ACC004679,2026-09-14 06:44:09,Kimberlyshire,SK,1
ACC000703,2026-09-14 06:44:09,Amandaside,PY,0
ACC003296,2026-09-14 06:44:09,North Jane,AR,0
ACC003084,2026-09-14 06:44:09,Port Larrybury,AG,0
ACC002895,2026-09-14 06:44:09,Jessicatown,IR,0
ACC003225,2026-09-14 06:44:09,Lake Cindy,LS,0
ACC000456,2026-09-14 06:44:10,West Jon,UZ,1
ACC004983,2026-09-14 06:44:10,Ambermouth,ES,0
ACC004539,2026-09-14 06:44:11,New Loganburgh,AR,1
ACC002382,2026-09-14 06:44:11,West Melissachester,FJ,0
ACC002769,2026-09-14 06:44:12,Mariashire,GD,0
ACC004124,2026-09-14 06:44:12,Terrellland,FM,0
ACC000106,2026-09-14 06:44:12,South Cindyhaven,GE,0
ACC000057,2026-09-14 06:44:12,Baileymouth,MW,1
ACC002948,2026-09-14 06:44:12,Lake Hannah,TM,0
ACC001090,2026-09-14 06:44:13,Justinborough,SA,0
ACC000980,2026-09-14 06:44:14,Laurenberg,JP,0
ACC000815,2026-09-14 06:44:14,West Stephanie,GR,0
ACC000215,2026-09-14 06:44:14,North Ronniefurt,BB,0
ACC004663,2026-09-14 06:44:14,Whitefurt,LA,0
ACC000949,2026-09-14 06:44:14,East Sarah,BO,0
ACC002022,2026-09-14 06:44:16,Mcculloughberg,EC,0
ACC003091,2026-09-14 06:44:16,New Brendaville,AE,0
ACC002035,2026-09-14 06:44:16,Blairfurt,MY,0
ACC000742,2026-09-14 06:44:16,North Adam,EG,0
ACC003657,2026-09-14 06:44:16,East Eric,PL,0
ACC001864,2026-09-14 06:44:17,South Austinside,ZM,0
ACC003388,2026-09-14 06:44:18,Port Tiffany,AD,0
ACC004330,2026-09-14 06:44:18,New Courtneyhaven,GE,0
ACC003917,2026-09-14 06:44:18,New Suzanne,AR,0
ACC002780,2026-09-14 06:44:18,North Brian,GH,0
ACC000147,2026-09-14 06:44:18,North Shelia,CZ,0
ACC000434,2026-09-14 06:44:18,North Victor,FJ,0
ACC003907,2026-09-14 06:44:19,Samuelchester,BF,0
ACC002642,2026-09-14 06:44:19,East Emilyburgh,LA,0
ACC000861,2026-09-14 06:44:19,Lake Bruceberg,LV,0
ACC002589,2026-09-14 06:44:19,Lake Tiffanyshire,VN,0
ACC000140,2026-09-14 06:44:20,Lake Garrett,VA,1
ACC001141,2026-09-14 06:44:20,Johnsonland,PW,0
ACC002910,2026-09-14 06:44:20,Richardsonview,AR,0
ACC001902,2026-09-14 06:44:21,North Robertburgh,HR,0
ACC002554,2026-09-14 06:44:21,Munozhaven,SB,0
ACC000182,2026-09-14 06:44:22,West Andrewborough,LR,0
ACC002016,2026-09-14 06:44:22,Lake Maryfurt,MT,0
ACC001563,2026-09-14 06:44:22,Michaelstad,MM,0
ACC001960,2026-09-14 06:44:24,Donaldsonchester,ZA,0
ACC000516,2026-09-14 06:44:24,Jeffreyton,CV,0
ACC003117,2026-09-14 06:44:25,Pittsstad,HN,0
ACC002371,2026-09-14 06:44:25,Lake Michaelville,NZ,0
ACC003818,2026-09-14 06:44:25,Emilyfort,TJ,0
ACC004696,2026-09-14 06:44:25,East Willie,LK,0
ACC000310,2026-09-14 06:44:25,Lucasville,KG,1
ACC002654,2026-09-14 06:44:26,Port Adriana,NR,0
ACC000663,2026-09-14 06:44:26,Guzmanberg,RS,1
ACC001167,2026-09-14 06:44:27,Garzaburgh,SM,1
ACC003410,2026-09-14 06:44:27,Markville,UZ,0
ACC002080,2026-09-14 06:44:28,North Cindy,SV,0
ACC003105,2026-09-14 06:44:28,Lake Steven,IE,0
ACC003389,2026-09-14 06:44:29,Luisburgh,LA,0
ACC001421,2026-09-14 06:44:29,Monicatown,AG,0
ACC001241,2026-09-14 06:44:29,Manntown,DM,0
ACC003823,2026-09-14 06:44:30,South Rachel,GH,0
ACC002878,2026-09-14 06:44:31,South Omarfort,CG,0
ACC001454,2026-09-14 06:44:31,West Valerie,AF,0
ACC000610,2026-09-14 06:44:31,North Luisberg,KH,0
ACC000321,2026-09-14 06:44:31,Jacksonfurt,CV,0
ACC000380,2026-09-14 06:44:31,Williamsonview,CI,0
ACC001376,2026-09-14 06:44:32,West Molly,NG,1
ACC004297,2026-09-14 06:44:32,Larashire,TT,0
ACC003191,2026-09-14 06:44:32,East Edward,CN,0
ACC000920,2026-09-14 06:44:33,New James,KR,0
ACC000419,2026-09-14 06:44:33,New Michaelburgh,IQ,0
ACC001372,2026-09-14 06:44:33,Port Thomas,CR,0
ACC002936,2026-09-14 06:44:33,West Katelynstad,AM,0
ACC003058,2026-09-14 06:44:33,Lake Juanshire,LS,0
ACC001004,2026-09-14 06:44:34,South Wendy,GY,0
ACC004093,2026-09-14 06:44:34,Hortonborough,SM,0
ACC001457,2026-09-14 06:44:34,Joshuachester,LR,0
ACC000965,2026-09-14 06:44:34,Nealton,RW,0
ACC003005,2026-09-14 06:44:34,Johnsonberg,CR,0
ACC002258,2026-09-14 06:44:35,Melaniehaven,AL,0
ACC003916,2026-09-14 06:44:35,Brownstad,FM,1
ACC000742,2026-09-14 06:44:36,Sarahton,UZ,0
ACC001859,2026-09-14 06:44:36,Port Jamie,ZW,0
ACC002805,2026-09-14 06:44:36,New Davidburgh,RW,1
ACC004347,2026-09-14 06:44:37,Millerfort,PS,0
ACC002807,2026-09-14 06:44:38,Jacksonside,MV,0
ACC000909,2026-09-14 06:44:38,North Whitneymouth,WS,0
ACC002130,2026-09-14 06:44:38,Hartport,GR,0
ACC002114,2026-09-14 06:44:38,Danielfurt,PY,0
ACC004392,2026-09-14 06:44:38,Jessicaland,CR,1
ACC001767,2026-09-14 06:44:38,Annetteshire,PL,0
ACC002354,2026-09-14 06:44:39,Herrerastad,ET,0
ACC003938,2026-09-14 06:44:39,East Marioborough,MG,0
ACC004776,2026-09-14 06:44:39,West Paulview,TM,0
ACC002865,2026-09-14 06:44:40,Jessicashire,FR,1
ACC000444,2026-09-14 06:44:40,Bassview,TV,0
ACC002547,2026-09-14 06:44:41,West Dawn,BJ,0
ACC001463,2026-09-14 06:44:41,Williamsstad,TT,0
ACC003154,2026-09-14 06:44:42,Lake Bryantown,KW,0
ACC000630,2026-09-14 06:44:42,South Paul,IQ,0
ACC004771,2026-09-14 06:44:43,Port Casey,KZ,1
ACC002337,2026-09-14 06:44:43,South Rebeccabury,BT,0
ACC000342,2026-09-14 06:44:43,Port Trevorchester,KN,0
ACC000922,2026-09-14 06:44:43,South Anthonyport,LC,0
ACC000855,2026-09-14 06:44:44,East Debraland,NG,0
ACC002054,2026-09-14 06:44:44,South Daniellechester,MG,0
ACC001614,2026-09-14 06:44:44,Kennethstad,WS,0
ACC001348,2026-09-14 06:44:44,North Marioton,EE,0
ACC001172,2026-09-14 06:44:44,East Maryside,AD,0
ACC001015,2026-09-14 06:44:44,West Nathanmouth,LV,1
ACC001958,2026-09-14 06:44:44,Port Christopher,SN,0
ACC003665,2026-09-14 06:44:45,Port Jeremy,EC,0
ACC004298,2026-09-14 06:44:45,Lake Ryanshire,CF,1
ACC001187,2026-09-14 06:44:45,South Angela,CI,1
ACC001535,2026-09-14 06:44:45,Mayerview,CD,0
ACC003367,2026-09-14 06:44:46,Davisfort,TL,0
ACC001749,2026-09-14 06:44:46,Port Glenn,SA,0
ACC001420,2026-09-14 06:44:46,North Dianeshire,AR,1
ACC000144,2026-09-14 06:44:46,South Jessica,VN,0
ACC000798,2026-09-14 06:44:46,West Jeffreyland,CI,0
ACC001583,2026-09-14 06:44:46,Matthewmouth,IQ,0
ACC002086,2026-09-14 06:44:46,Lake Kimberlyshire,SY,1
ACC003348,2026-09-14 06:44:46,East Colleen,NR,0
ACC003136,2026-09-14 06:44:47,Andersonshire,ME,0
ACC002669,2026-09-14 06:44:49,Amandaport,HT,0
ACC002619,2026-09-14 06:44:49,Franklinville,VU,0
ACC002316,2026-09-14 06:44:49,South Joseph,KZ,0
ACC002491,2026-09-14 06:44:51,East Christopher,BR,0
ACC003073,2026-09-14 06:44:51,Josephbury,MR,0
ACC002771,2026-09-14 06:44:51,Lake Melissa,RS,0
ACC001353,2026-09-14 06:44:51,Jessicastad,AF,0
ACC004013,2026-09-14 06:44:51,Nguyenfort,FJ,0
ACC004586,2026-09-14 06:44:51,Smithside,BZ,0
ACC002625,2026-09-14 06:44:52,New Kathleenport,SG,0
ACC001268,2026-09-14 06:44:52,North Russell,RW,1
ACC004745,2026-09-14 06:44:52,Prestonport,IE,0
ACC000146,2026-09-14 06:44:52,West Caleb,RO,1
ACC003071,2026-09-14 06:44:52,Millermouth,ID,0
ACC004376,2026-09-14 06:44:52,Mauriceport,SK,0
ACC004571,2026-09-14 06:44:52,Stewarthaven,IL,0
ACC004353,2026-09-14 06:44:53,Mendozahaven,GH,0
ACC001215,2026-09-14 06:44:53,Lake Benjamin,YE,0
ACC001581,2026-09-14 06:44:54,New Julie,PL,0
ACC003906,2026-09-14 06:44:54,Ericfurt,TW,0
ACC002035,2026-09-14 06:44:54,South Jonathanton,BJ,0
ACC001706,2026-09-14 06:44:54,Cynthiaburgh,GR,0
ACC003040,2026-09-14 06:44:54,North Lindaside,VC,0
ACC001799,2026-09-14 06:44:55,South Michael,DZ,0
ACC004300,2026-09-14 06:44:55,Virginiahaven,HU,0
ACC003808,2026-09-14 06:44:55,Martinport,BF,0
ACC004004,2026-09-14 06:44:55,New Jamie,VA,0
ACC003117,2026-09-14 06:44:56,Colleenland,VE,0
ACC001959,2026-09-14 06:44:56,Lewismouth,NP,0
ACC004040,2026-09-14 06:44:57,North Ruben,CZ,0
ACC003179,2026-09-14 06:44:57,New Barbara,GW,0
ACC003832,2026-09-14 06:44:57,Riverastad,BF,0
ACC004517,2026-09-14 06:44:58,Flynnstad,CO,0
ACC004899,2026-09-14 06:44:59,West Kellyside,EG,0
ACC003555,2026-09-14 06:44:59,North Seanchester,EE,0
ACC002654,2026-09-14 06:44:59,East Kayla,ET,0
ACC001034,2026-09-14 06:45:00,Hoopertown,MY,0
ACC003173,2026-09-14 06:45:00,Glennfort,PA,0
ACC000427,2026-09-14 06:45:00,Rodriguezfurt,SB,0
ACC004229,2026-09-14 06:45:00,Isabellamouth,GW,0
ACC003654,2026-09-14 06:45:00,North William,KE,0
ACC004128,2026-09-14 06:45:00,Whitechester,HU,0
ACC004215,2026-09-14 06:45:01,New Charlesville,MC,0
ACC004590,2026-09-14 06:45:01,Johnsonside,GB,0
ACC001995,2026-09-14 06:45:01,Lake Ricky,OM,0
ACC003134,2026-09-14 06:45:02,Robertsstad,RW,0
ACC002201,2026-09-14 06:45:03,East Matthewshire,LT,0
ACC000297,2026-09-14 06:45:03,Port Sandra,ID,1
ACC000030,2026-09-14 06:45:04,Sanchezview,AM,0
ACC004246,2026-09-14 06:45:04,Hortonhaven,IR,0
ACC003466,2026-09-14 06:45:05,East Danielville,ML,0
ACC004706,2026-09-14 06:45:05,Johnsonland,LR,0
ACC004619,2026-09-14 06:45:06,Christinafurt,MH,1
ACC003395,2026-09-14 06:45:06,Kevinborough,MW,0
ACC002323,2026-09-14 06:45:06,Levyside,TR,0
ACC001461,2026-09-14 06:45:06,Lake Courtney,AL,0
ACC001391,2026-09-14 06:45:06,Jasonland,LA,0
ACC002467,2026-09-14 06:45:07,Glasston,CR,0
ACC004164,2026-09-14 06:45:08,South Jeremystad,CR,0
ACC001826,2026-09-14 06:45:08,Lake Calvin,PL,0
ACC002730,2026-09-14 06:45:08,East Michaelhaven,HN,0
ACC002777,2026-09-14 06:45:08,West Bradleyview,CA,0
ACC001340,2026-09-14 06:45:08,Chadmouth,CV,0
ACC002545,2026-09-14 06:45:09,Josephfurt,HT,0
ACC003144,2026-09-14 06:45:09,North Sallyburgh,NO,0
ACC000610,2026-09-14 06:45:09,Port Natalieberg,TD,0
ACC000826,2026-09-14 06:45:09,Jamesville,TM,0
ACC000326,2026-09-14 06:45:09,Port Leahland,AZ,0
ACC000547,2026-09-14 06:45:09,Port Josephtown,LV,0
ACC003742,2026-09-14 06:45:10,Kimberlyburgh,MH,0
ACC002112,2026-09-14 06:45:10,Campbellland,ZM,0
ACC004072,2026-09-14 06:45:10,East Phyllisstad,CD,0
ACC000414,2026-09-14 06:45:10,Williammouth,FI,0
ACC004415,2026-09-14 06:45:11,South Jaclynmouth,ME,0
ACC001593,2026-09-14 06:45:11,Port Daniel,ER,0
ACC004538,2026-09-14 06:45:11,Rothfort,LT,0
ACC000555,2026-09-14 06:45:11,Port Jessicamouth,MZ,1
ACC004127,2026-09-14 06:45:11,Jennatown,BY,0
ACC003362,2026-09-14 06:45:12,Huntberg,JP,0
ACC004323,2026-09-14 06:45:12,Jenniferbury,UZ,0
ACC001681,2026-09-14 06:45:12,Wilsonfurt,PE,0
ACC004039,2026-09-14 06:45:12,Ramseybury,CL,0
ACC004196,2026-09-14 06:45:13,Grayland,BO,0
ACC002161,2026-09-14 06:45:13,Perezburgh,TJ,0
ACC002291,2026-09-14 06:45:13,South Kimberlymouth,TR,0
ACC003392,2026-09-14 06:45:14,Lake Tony,LC,0
ACC004554,2026-09-14 06:45:14,New Kimberlyton,KP,0
ACC002541,2026-09-14 06:45:15,South Jamie,TH,0
ACC002974,2026-09-14 06:45:15,Boydtown,KR,0
ACC001554,2026-09-14 06:45:15,Chaneymouth,BT,0
ACC003204,2026-09-14 06:45:15,North Dorothy,MD,0
ACC004739,2026-09-14 06:45:16,East Randall,BO,0
ACC000690,2026-09-14 06:45:16,South Debbiechester,PK,0
ACC000458,2026-09-14 06:45:16,East Joseph,ZM,0
ACC001968,2026-09-14 06:45:17,Fisherfort,JP,0
ACC001800,2026-09-14 06:45:17,New Melissaton,NE,0
ACC004404,2026-09-14 06:45:17,Hendersonville,UY,1
ACC002704,2026-09-14 06:45:18,Morenoville,SR,0
ACC001180,2026-09-14 06:45:19,Jeremyburgh,MD,0
ACC002624,2026-09-14 06:45:19,Georgeburgh,BE,0
ACC002137,2026-09-14 06:45:19,Lake Kevinberg,GH,0
ACC004821,2026-09-14 06:45:20,North Amyland,EC,0
ACC003668,2026-09-14 06:45:20,New Jacob,CD,0
ACC000869,2026-09-14 06:45:20,Thomasburgh,AU,0
ACC003325,2026-09-14 06:45:20,Mariaberg,FM,0
ACC004697,2026-09-14 06:45:20,Martinfort,PT,0
ACC000730,2026-09-14 06:45:20,Caintown,BN,0
ACC003235,2026-09-14 06:45:21,Port Amanda,BZ,0
ACC004202,2026-09-14 06:45:21,North Brianport,KZ,0
ACC003943,2026-09-14 06:45:21,Zacharytown,TT,0
ACC004370,2026-09-14 06:45:22,Port Matthewstad,YE,0
ACC002509,2026-09-14 06:45:23,Johnsonville,NO,0
ACC004137,2026-09-14 06:45:23,Lake Rebeccahaven,IQ,0
ACC000886,2026-09-14 06:45:23,Cliffordborough,FI,0
ACC003690,2026-09-14 06:45:23,East Natalie,AG,0
ACC000356,2026-09-14 06:45:23,Mccoyborough,BW,0
ACC002888,2026-09-14 06:45:23,East Sharontown,SD,0
ACC003282,2026-09-14 06:45:24,West Laura,VU,1
ACC003746,2026-09-14 06:45:24,North Brandontown,DM,0
ACC003976,2026-09-14 06:45:25,Tracyburgh,NL,0
ACC000602,2026-09-14 06:45:25,Mooreville,KR,0
ACC003665,2026-09-14 06:45:25,Zunigachester,PS,0
ACC001922,2026-09-14 06:45:25,West Kelsey,PH,0
ACC001460,2026-09-14 06:45:25,Patrickstad,VA,1
ACC003078,2026-09-14 06:45:26,South Keithview,GY,0
ACC001112,2026-09-14 06:45:27,Brettview,AT,0
ACC002823,2026-09-14 06:45:27,Loristad,KH,0
ACC004237,2026-09-14 06:45:27,North Joyce,NA,0
ACC001882,2026-09-14 06:45:27,East Charlesfurt,DZ,0
ACC001726,2026-09-14 06:45:28,Christinaville,TW,0
ACC001339,2026-09-14 06:45:28,South Anthonymouth,FJ,0
ACC004437,2026-09-14 06:45:28,West Jamesfurt,LS,0
ACC004533,2026-09-14 06:45:29,West Hollyton,IL,0
ACC004681,2026-09-14 06:45:29,Hernandezstad,UZ,0
ACC003259,2026-09-14 06:45:29,North Ian,MK,1
ACC001861,2026-09-14 06:45:29,Karenhaven,GE,0
ACC001732,2026-09-14 06:45:30,West Michele,MK,0
ACC003187,2026-09-14 06:45:30,Lake Anthony,GT,0
ACC003038,2026-09-14 06:45:31,Lake Dennisstad,MD,0
ACC003933,2026-09-14 06:45:31,New Isabelmouth,GM,0
ACC002115,2026-09-14 06:45:31,Lake Jonstad,HT,0
ACC003903,2026-09-14 06:45:32,Hallstad,BS,0
ACC001153,2026-09-14 06:45:32,Gregoryview,EG,0
ACC003560,2026-09-14 06:45:33,East Robinstad,AZ,0
ACC001280,2026-09-14 06:45:33,West Phillip,PG,0
ACC004375,2026-09-14 06:45:33,Annetteside,BJ,0
ACC002946,2026-09-14 06:45:33,Port Allenport,GW,0
ACC000847,2026-09-14 06:45:33,Trevorfort,SK,0
ACC003812,2026-09-14 06:45:34,Evanchester,TO,0
ACC004189,2026-09-14 06:45:34,Aguilarchester,LS,0
ACC000568,2026-09-14 06:45:35,Fischershire,PY,0
ACC002513,2026-09-14 06:45:35,Port Danielbury,SD,0
ACC001954,2026-09-14 06:45:35,Griffinhaven,BI,0
ACC000545,2026-09-14 06:45:35,Port Lauraland,PA,0
ACC003110,2026-09-14 06:45:36,Lake Peter,MN,0
ACC004494,2026-09-14 06:45:36,Ashleyhaven,GE,0
ACC004097,2026-09-14 06:45:36,Pearsonborough,CY,0
ACC001041,2026-09-14 06:45:36,Wallacetown,PW,0
ACC000591,2026-09-14 06:45:36,Port Eric,QA,0
ACC003395,2026-09-14 06:45:36,South Aaronton,DM,0
ACC001381,2026-09-14 06:45:36,Lake Susanstad,BY,0
ACC001074,2026-09-14 06:45:37,East Jeremyside,QA,0
ACC001699,2026-09-14 06:45:37,Ericksonfort,KI,0
ACC002126,2026-09-14 06:45:38,New Nicholas,SD,0
ACC002989,2026-09-14 06:45:39,Smithfort,KI,0
ACC001703,2026-09-14 06:45:39,North Davidmouth,TR,0
ACC000589,2026-09-14 06:45:39,Lake Mary,MZ,0
ACC002528,2026-09-14 06:45:39,Bonniemouth,RU,1
ACC002948,2026-09-14 06:45:39,East Laura,TG,0
ACC001199,2026-09-14 06:45:40,Ronaldshire,QA,0
ACC002056,2026-09-14 06:45:41,North Luis,NO,0
ACC000792,2026-09-14 06:45:41,Port Shawn,KM,0
ACC000972,2026-09-14 06:45:41,East Michealmouth,NR,0
ACC000838,2026-09-14 06:45:41,East Jayburgh,KI,0
ACC000069,2026-09-14 06:45:41,West Alicia,RS,0
ACC000050,2026-09-14 06:45:41,North Victoria,TL,0
ACC003719,2026-09-14 06:45:41,Lake Robertland,AL,0
ACC003895,2026-09-14 06:45:42,Ingramburgh,DZ,0
ACC002459,2026-09-14 06:45:43,New Victoriastad,AM,0
ACC003634,2026-09-14 06:45:43,Harrisside,BZ,0
ACC000240,2026-09-14 06:45:43,Freytown,CY,0
ACC002567,2026-09-14 06:45:43,North Heather,AO,0
ACC000078,2026-09-14 06:45:43,West Lauren,CU,0
ACC004100,2026-09-14 06:45:43,Rachelmouth,MG,0
ACC004269,2026-09-14 06:45:43,Robertside,LC,0
ACC002201,2026-09-14 06:45:43,Nunezshire,LI,0
ACC003222,2026-09-14 06:45:43,Stewartberg,NP,0
ACC002160,2026-09-14 06:45:44,Leeshire,TT,0
ACC003287,2026-09-14 06:45:44,New Markhaven,BG,0
ACC000811,2026-09-14 06:45:44,Taylorchester,RU,0
ACC003072,2026-09-14 06:45:45,New Karenborough,KW,0
ACC003079,2026-09-14 06:45:47,Micheleside,DJ,0
ACC003147,2026-09-14 06:45:47,Vargasside,CZ,0
ACC000909,2026-09-14 06:45:47,Lake Raymondberg,SD,0
ACC000888,2026-09-14 06:45:47,Port Brittany,LC,0
ACC002608,2026-09-14 06:45:47,West Tammy,KN,0
ACC001639,2026-09-14 06:45:47,South Donnashire,SE,0
ACC004260,2026-09-14 06:45:48,Dannyfort,LV,1
ACC002663,2026-09-14 06:45:48,Roseburgh,PA,0
ACC000608,2026-09-14 06:45:48,Josephberg,JO,0
ACC002451,2026-09-14 06:45:48,Lucerohaven,SI,0
ACC000695,2026-09-14 06:45:48,Bellfort,AD,1
ACC002219,2026-09-14 06:45:49,West Paulton,BH,1
ACC000942,2026-09-14 06:45:49,North Dominiqueville,TM,0
ACC001652,2026-09-14 06:45:50,Levyland,TJ,0
ACC002747,2026-09-14 06:45:50,Ericstad,MK,0
ACC002069,2026-09-14 06:45:50,Alexandramouth,ID,0
ACC003895,2026-09-14 06:45:50,Michaelbury,KG,0
ACC002853,2026-09-14 06:45:51,New Jenniferfort,CG,0
ACC001363,2026-09-14 06:45:51,Port Thomas,AF,0
ACC003729,2026-09-14 06:45:51,Debbieton,TJ,0
ACC002400,2026-09-14 06:45:52,Petersberg,CD,0
ACC004406,2026-09-14 06:45:52,Port Patriciaburgh,PH,1
ACC004747,2026-09-14 06:45:52,Lake Sarahmouth,CA,0
ACC002622,2026-09-14 06:45:53,Douglasborough,BT,0
ACC004480,2026-09-14 06:45:53,East Paulbury,AT,0
ACC004536,2026-09-14 06:45:53,Lake Brittanyview,NA,0
ACC001092,2026-09-14 06:45:53,East Melissa,TH,0
ACC002068,2026-09-14 06:45:54,Garciashire,TH,0
ACC004492,2026-09-14 06:45:54,Moyermouth,ET,0
ACC004801,2026-09-14 06:45:54,Lake Jessica,PY,0
ACC003973,2026-09-14 06:45:54,West Brianville,NE,0
ACC000555,2026-09-14 06:45:54,Annahaven,BJ,1
ACC004702,2026-09-14 06:45:54,Jenniferview,IL,0
ACC003269,2026-09-14 06:45:55,Jasonside,ZM,0
ACC000753,2026-09-14 06:45:55,Steelefort,PK,0
ACC004419,2026-09-14 06:45:55,Griffithville,CN,0
ACC004545,2026-09-14 06:45:56,South Michaelburgh,CG,0
ACC002312,2026-09-14 06:45:56,South Jonbury,PS,0
ACC003852,2026-09-14 06:45:56,East Jerryhaven,CR,0
ACC000213,2026-09-14 06:45:56,Port Catherineview,HN,0
ACC002803,2026-09-14 06:45:56,Ryanton,MY,0
ACC004595,2026-09-14 06:45:56,Hahnbury,KH,0
ACC003354,2026-09-14 06:45:56,West Dustinborough,GW,0
ACC002541,2026-09-14 06:45:57,Kevinport,SY,0
ACC004937,2026-09-14 06:45:57,Jessefurt,CN,0
ACC003931,2026-09-14 06:45:57,East Melissa,IT,0
ACC002710,2026-09-14 06:45:57,Karenview,CY,0
ACC002663,2026-09-14 06:45:58,Shawside,NZ,1
ACC003694,2026-09-14 06:45:58,East Natalieville,TV,0
ACC001027,2026-09-14 06:45:59,Millerland,CH,0
ACC001070,2026-09-14 07:39:59,Zoeburgh,HR,0
ACC003527,2026-09-14 07:40:00,North Kristen,ML,0
ACC000261,2026-09-14 07:40:00,West Joanneton,RO,1
ACC002421,2026-09-14 07:40:01,Port David,BH,1
ACC001547,2026-09-14 07:40:02,Lake Billyfurt,BN,1
ACC000662,2026-09-14 07:40:02,Ellenchester,BY,0
ACC004254,2026-09-14 07:40:02,East Samantha,PA,0
ACC003461,2026-09-14 07:40:02,East Danielleberg,SE,0
ACC000059,2026-09-14 07:40:03,Randolphberg,SG,0
ACC001321,2026-09-14 07:40:04,Lake Jacquelineside,PK,0
ACC003546,2026-09-14 07:40:04,South Kristinastad,CV,0
ACC004808,2026-09-14 07:40:04,Lake Frank,TH,0
ACC002101,2026-09-14 07:40:04,Lake Mary,BW,1
ACC002067,2026-09-14 07:40:04,Prestonhaven,FM,0
ACC003013,2026-09-14 07:40:04,New Brian,CL,0
ACC003136,2026-09-14 07:40:04,North Sandraburgh,BY,0
ACC003822,2026-09-14 07:40:05,North Bryanhaven,MV,0
ACC000505,2026-09-14 07:40:06,Kristinfort,CL,1
ACC001904,2026-09-14 07:40:06,West Elizabethfurt,PG,0
ACC004866,2026-09-14 07:40:06,Calvinland,HT,0
ACC001441,2026-09-14 07:40:07,East Emily,PK,0
ACC004973,2026-09-14 07:40:08,Lunashire,PL,0
ACC001758,2026-09-14 07:40:08,Coxshire,PW,0
ACC004079,2026-09-14 07:40:08,Guzmanburgh,TW,1
ACC004366,2026-09-14 07:40:09,West Traceyside,MU,1
ACC003736,2026-09-14 07:40:09,New Michaelshire,DE,0
ACC000648,2026-09-14 07:40:09,Port Anthonyview,EE,1
ACC000924,2026-09-14 07:40:09,Robinsonview,UY,1
ACC000827,2026-09-14 07:40:10,New Dalechester,LR,0
ACC001140,2026-09-14 07:40:10,Richardview,SO,0
ACC002441,2026-09-14 07:40:11,Jessicaview,CA,0
ACC000275,2026-09-14 07:40:11,Elizabethstad,SE,0
ACC003486,2026-09-14 07:40:11,New Jenniferport,KE,0
ACC002024,2026-09-14 07:40:11,East Taraville,AF,0
ACC001617,2026-09-14 07:40:13,Matthewfurt,TV,0
ACC002610,2026-09-14 07:40:14,Soniaton,EE,0
ACC001170,2026-09-14 07:40:15,New Kevinberg,ID,0
ACC002842,2026-09-14 07:40:15,Lake Richardhaven,PW,0
ACC004313,2026-09-14 07:40:15,Paulchester,NE,0
ACC002367,2026-09-14 07:40:15,Nguyenchester,IS,0
ACC000783,2026-09-14 07:40:15,Crosston,MH,0
ACC003965,2026-09-14 07:40:16,Carlyton,AD,0
ACC001927,2026-09-14 07:40:16,Sheastad,FI,0
ACC004326,2026-09-14 07:40:16,South Christopher,SO,1
ACC000945,2026-09-14 07:40:17,Jamiefurt,GR,0
ACC003473,2026-09-14 07:40:17,Petersside,BD,0
ACC000147,2026-09-14 07:40:17,Lake Jessica,AZ,0
ACC000487,2026-09-14 07:40:17,North Marissa,NA,0
ACC004336,2026-09-14 07:40:18,Stevenstad,DJ,0
ACC003851,2026-09-14 07:40:18,Johnberg,TL,0
ACC002273,2026-09-14 07:40:18,South Tonya,FJ,0
ACC002433,2026-09-14 07:40:18,Gonzalezshire,VN,0
ACC001251,2026-09-14 07:40:18,Jacksontown,BH,0
ACC004768,2026-09-14 07:40:19,Wolfeburgh,FJ,0
ACC001680,2026-09-14 07:40:19,West Ericabury,IR,0
ACC002778,2026-09-14 07:40:20,Jameschester,MN,0
ACC000002,2026-09-14 07:40:20,East Makayla,TO,0
ACC001485,2026-09-14 07:40:20,Samanthafort,KE,0
ACC001773,2026-09-14 07:40:21,North Jasmine,KN,0
ACC001572,2026-09-14 07:40:22,New Emilymouth,BA,0
ACC003396,2026-09-14 07:40:22,Warnerburgh,GH,0
ACC002158,2026-09-14 07:40:23,South Christopher,MZ,1
ACC004156,2026-09-14 07:40:23,Kathyshire,CF,0
ACC004266,2026-09-14 07:40:23,Matthewborough,AL,0
ACC004939,2026-09-14 07:40:24,Ericbury,LS,0
ACC002980,2026-09-14 07:40:24,Carolineton,AU,0
ACC004449,2026-09-14 07:40:24,North Jeremy,CD,0
ACC001834,2026-09-14 07:40:25,South Michaelmouth,NP,0
ACC000046,2026-09-14 07:40:25,Adamsside,ME,0
ACC002929,2026-09-14 07:40:25,Tuckerfort,MU,0
ACC002444,2026-09-14 07:40:25,Rodriguezmouth,LU,0
ACC002793,2026-09-14 07:40:26,Jenniferhaven,DZ,0
ACC002689,2026-09-14 07:40:26,Andrewview,KP,0
ACC004619,2026-09-14 07:40:26,North Seanmouth,LT,0
ACC000208,2026-09-14 07:40:26,Willisview,OM,0
ACC004065,2026-09-14 07:40:26,Perrytown,RW,0
ACC003353,2026-09-14 07:40:27,Burgesschester,BI,0
ACC000861,2026-09-14 07:40:27,New Danielview,AT,0
ACC001996,2026-09-14 07:40:27,North Joshua,RS,0
ACC002740,2026-09-14 07:40:27,Lake Caitlin,PL,0
ACC001186,2026-09-14 07:40:27,Nicoletown,RO,0
ACC004207,2026-09-14 07:40:27,East Michelle,MA,0
ACC003539,2026-09-14 07:40:27,Benjaminborough,PL,0
ACC000697,2026-09-14 07:40:28,Campbellshire,KW,0
ACC002847,2026-09-14 07:40:28,East Vincent,GW,0
ACC000032,2026-09-14 07:40:29,North Christina,TD,0
ACC001314,2026-09-14 07:40:29,East Johntown,BN,0
ACC001032,2026-09-14 07:40:29,Drewberg,MH,0
ACC001676,2026-09-14 07:40:29,Port Johnborough,PT,0
ACC003304,2026-09-14 07:40:30,Lake Blakemouth,VU,0
ACC002925,2026-09-14 07:40:30,Johnmouth,TH,0
ACC001208,2026-09-14 07:40:31,Myersport,LY,0
ACC001368,2026-09-14 07:40:32,Raymondland,NE,0
ACC002231,2026-09-14 07:40:32,East Carolberg,NZ,0
ACC001610,2026-09-14 07:40:32,Nicholasland,MR,0
ACC001275,2026-09-14 07:40:34,Robertberg,ZW,0
ACC002080,2026-09-14 07:40:35,Garrettport,GB,0
ACC001305,2026-09-14 07:40:36,Port Justin,OM,0
ACC003757,2026-09-14 07:40:36,West Lauramouth,TD,0
ACC003028,2026-09-14 07:40:36,Morganborough,CN,0
ACC000581,2026-09-14 07:40:37,Lake Samantha,MA,0
ACC001662,2026-09-14 07:40:37,Mcdonaldside,VC,0
ACC002832,2026-09-14 07:40:38,Port Michael,ZW,0
ACC004547,2026-09-14 07:40:38,North Antoniotown,KN,0
ACC004195,2026-09-14 07:40:38,East Deborah,MZ,0
ACC003968,2026-09-14 07:40:38,Ericland,BB,0
ACC003314,2026-09-14 07:40:38,North Lindsay,KH,1
ACC002097,2026-09-14 07:40:39,Lake Gary,GA,0
ACC004792,2026-09-14 07:40:39,Mortonview,FJ,0
ACC002484,2026-09-14 07:40:40,Shawnport,AU,0
ACC004879,2026-09-14 07:40:40,Austinton,RU,0
ACC004998,2026-09-14 07:40:40,Jeremyfurt,NZ,0
ACC004451,2026-09-14 07:40:40,Hamiltonhaven,BA,0
ACC003803,2026-09-14 07:40:40,New Cameronberg,MA,0
ACC004868,2026-09-14 07:40:40,Shahside,BO,0
ACC002119,2026-09-14 07:40:41,Lozanofurt,RW,0
ACC004884,2026-09-14 07:40:42,Davidborough,GQ,1
ACC000420,2026-09-14 07:40:42,Port Richardfurt,VE,1
ACC003760,2026-09-14 07:40:43,South Chadchester,SL,0
ACC004377,2026-09-14 07:40:43,Carneystad,MC,0
ACC004126,2026-09-14 07:40:43,East Benjaminport,UA,0
ACC004292,2026-09-14 07:40:44,South Crystal,NR,0
ACC001436,2026-09-14 07:40:44,West Jamesfurt,AU,0
ACC000338,2026-09-14 07:40:44,Vasquezfurt,SK,1
ACC001369,2026-09-14 07:40:45,Ashleystad,ZM,0
ACC003478,2026-09-14 07:40:45,Moniqueview,WS,0
ACC002162,2026-09-14 07:40:45,East Maria,TZ,0
ACC004971,2026-09-14 07:40:45,East Kimberlyhaven,DE,0
ACC002092,2026-09-14 07:40:45,West Sharonside,JP,0
ACC002546,2026-09-14 07:40:45,Port Kennethstad,MW,0
ACC004692,2026-09-14 07:40:45,West Jason,MN,0
ACC003273,2026-09-14 07:40:45,Port Lesliemouth,ES,0
ACC004670,2026-09-14 07:40:45,Savageville,TW,0
ACC002719,2026-09-14 07:40:46,East Lisa,CN,0
ACC003947,2026-09-14 07:40:46,North Melissaburgh,SN,0
ACC001723,2026-09-14 07:40:46,Port Tyler,CZ,0
ACC001052,2026-09-14 07:40:46,South Andreaberg,SG,0
ACC002331,2026-09-14 07:40:46,East Sean,ES,0
ACC001772,2026-09-14 07:40:46,Sarahshire,TV,0
ACC003083,2026-09-14 07:40:46,Joshuamouth,BF,0
ACC001477,2026-09-14 07:40:47,Charleshaven,MV,0
ACC003900,2026-09-14 07:40:47,Williamstown,AM,0
ACC004658,2026-09-14 07:40:47,North Michelle,VU,1
ACC000533,2026-09-14 07:40:47,Danielhaven,KH,0
ACC002348,2026-09-14 07:40:48,Lake David,SV,0
ACC001110,2026-09-14 07:40:48,Lake Markville,GD,1
ACC000681,2026-09-14 07:40:48,North Anna,SV,1
ACC002911,2026-09-14 07:40:48,Amandaberg,BI,0
ACC004949,2026-09-14 07:40:49,Karenville,RS,0
ACC001456,2026-09-14 07:40:49,Lestad,GH,0
ACC003294,2026-09-14 07:40:49,Goodmanhaven,MY,0
ACC003489,2026-09-14 07:40:49,Port Chelsea,SA,0
ACC004250,2026-09-14 07:40:50,North Lauraport,CA,0
ACC003121,2026-09-14 07:40:50,New Christopher,MV,0
ACC004652,2026-09-14 07:40:50,Sharonchester,DM,1
ACC004444,2026-09-14 07:40:50,South Stacyport,GH,1
ACC003388,2026-09-14 07:40:50,North Zacharybury,MX,0
ACC003883,2026-09-14 07:40:50,Port Elizabethhaven,PK,1
ACC003136,2026-09-14 07:40:50,Powersmouth,KW,0
ACC003261,2026-09-14 07:40:51,Lake Suzanne,IS,0
ACC002184,2026-09-14 07:40:51,East Reginald,PA,0
ACC001649,2026-09-14 07:40:51,North Melissaville,KE,0
ACC004532,2026-09-14 07:40:52,Dawnburgh,MU,0
ACC001573,2026-09-14 07:40:52,Fitzgeraldville,CZ,0
ACC003560,2026-09-14 07:40:52,Lake Tonya,CR,0
ACC003737,2026-09-14 07:40:53,New Jennifer,BN,1
ACC002914,2026-09-14 07:40:53,West Joshua,AR,0
ACC003531,2026-09-14 07:40:53,West Vicki,IE,1
ACC002771,2026-09-14 07:40:53,Port Ronaldview,PL,0
ACC000248,2026-09-14 07:40:54,South Brenttown,SL,0
ACC002104,2026-09-14 07:40:54,Johnchester,NE,0
ACC001866,2026-09-14 07:40:55,Burgessport,UY,0
ACC003237,2026-09-14 07:40:55,Lake Joshuaburgh,PY,0
ACC004537,2026-09-14 07:40:55,Lynchburgh,TZ,0
ACC004277,2026-09-14 07:40:56,Belltown,KE,0
ACC001293,2026-09-14 07:40:56,Makaylamouth,PG,1
ACC002142,2026-09-14 07:40:56,Jacksontown,MD,0
ACC001840,2026-09-14 07:40:56,Jamesfort,SK,0
ACC004035,2026-09-14 07:40:56,Gonzalesshire,LK,0
ACC003794,2026-09-14 07:40:57,Port Steven,CD,0
ACC001478,2026-09-14 07:40:57,East Jason,BG,0
ACC002751,2026-09-14 07:40:57,Lawrencehaven,GR,0
ACC001931,2026-09-14 07:40:58,Thomasfurt,BW,0
ACC002023,2026-09-14 07:40:59,Kimberlyton,FR,0
ACC001728,2026-09-14 07:40:59,North Davidberg,FM,0
ACC000609,2026-09-14 07:40:59,North Ellenville,MC,0
ACC003719,2026-09-14 07:41:00,Martinezville,SZ,1
ACC002519,2026-09-14 07:41:00,Courtneystad,LV,0
ACC003606,2026-09-14 07:41:00,Kellihaven,AO,0
ACC001664,2026-09-14 07:41:00,Davidbury,MA,0
ACC000059,2026-09-14 07:41:00,Loriberg,UY,0
ACC004492,2026-09-14 07:41:00,South Nicolechester,PW,0
ACC001535,2026-09-14 07:41:00,Brianside,CY,0
ACC002093,2026-09-14 07:41:01,Wilsonview,AL,0
ACC000078,2026-09-14 07:41:01,Anthonyhaven,FJ,0
ACC002409,2026-09-14 07:41:01,Port Danielle,AF,0
ACC000595,2026-09-14 07:41:01,West John,MG,0
ACC003456,2026-09-14 07:41:01,Audreyport,CO,0
ACC002334,2026-09-14 07:41:02,North Eric,MZ,0
ACC004324,2026-09-14 07:41:02,South Stacyland,BR,0
ACC003492,2026-09-14 07:41:02,New Gail,GW,0
ACC004734,2026-09-14 07:41:02,New Benjamin,AD,0
ACC003565,2026-09-14 07:41:02,West Kaylamouth,ME,0
ACC002658,2026-09-14 07:41:02,Harrisonborough,GQ,0
ACC002540,2026-09-14 07:41:03,Estradachester,HT,0
ACC002238,2026-09-14 07:41:03,Lake Jacobchester,SD,0
ACC003381,2026-09-14 07:41:03,Lake Sherylport,FM,0
ACC001968,2026-09-14 07:41:04,Everettchester,GD,0
ACC002134,2026-09-14 07:41:05,Port Gregory,ZW,0
ACC002615,2026-09-14 07:41:05,Martinbury,GW,0
ACC003807,2026-09-14 07:41:06,Samanthamouth,BF,0
ACC002615,2026-09-14 07:41:06,Port Markchester,IT,0
ACC004612,2026-09-14 07:41:06,North Tracy,CI,0
ACC003520,2026-09-14 07:41:06,Morrisberg,ID,1
ACC003155,2026-09-14 07:41:06,South Kimberlyport,GD,0
ACC003304,2026-09-14 07:41:06,Mendozaside,KZ,0
ACC004386,2026-09-14 07:41:06,East Robert,BO,1
ACC003434,2026-09-14 07:41:06,Lake Ryanberg,NA,0
ACC000410,2026-09-14 07:41:07,North Jessestad,HU,0
ACC004677,2026-09-14 07:41:07,Christinatown,NA,0
ACC003045,2026-09-14 07:41:07,Port Haley,PH,0
ACC001039,2026-09-14 07:41:07,West Douglaschester,GE,0
ACC000198,2026-09-14 07:41:08,Garciaside,NP,0
ACC004503,2026-09-14 07:41:08,Markburgh,TW,0
ACC004598,2026-09-14 07:41:08,South Ashley,HT,0
ACC003143,2026-09-14 07:41:09,New Brianview,TO,0
ACC001710,2026-09-14 07:41:09,West Ricky,AO,0
ACC003432,2026-09-14 07:41:09,Port Michelleton,ST,0
ACC002076,2026-09-14 07:41:09,Lake Brittany,SD,0
ACC000906,2026-09-14 07:41:09,South Dan,NO,1
ACC002022,2026-09-14 07:41:09,Natalieville,LB,0
ACC003164,2026-09-14 07:41:09,Smithborough,KP,0
ACC004366,2026-09-14 07:41:10,Floydmouth,BE,0
ACC002046,2026-09-14 07:41:11,West Linda,WS,0
ACC001379,2026-09-14 07:41:11,Lake Andretown,RW,0
ACC004161,2026-09-14 07:41:12,Katherinehaven,KM,0
ACC001748,2026-09-14 07:41:12,Codytown,NL,0
ACC002506,2026-09-14 07:41:12,Port Jordanberg,BA,0
ACC002000,2026-09-14 07:41:12,New Tyler,KG,0
ACC004470,2026-09-14 07:41:12,New Joycetown,AG,0
ACC002901,2026-09-14 07:41:12,Jonathanfurt,BR,0
ACC002134,2026-09-14 07:41:13,Port Chadside,DZ,0
ACC001591,2026-09-14 07:41:13,East Kathleenmouth,VN,0
ACC004717,2026-09-14 07:41:14,South Josephfort,BS,0
ACC001554,2026-09-14 07:41:14,East Danielland,ZW,0
ACC000026,2026-09-14 07:41:15,New Tommyland,LR,0
ACC002544,2026-09-14 07:41:15,Williamsmouth,EC,0
ACC003426,2026-09-14 07:41:15,Lake Davidport,MN,1
ACC001759,2026-09-14 07:41:16,Evansstad,CL,0
ACC000000,2026-09-14 07:41:16,Stevensonfurt,IL,0
ACC001215,2026-09-14 07:41:17,Buckstad,DJ,1
ACC002295,2026-09-14 07:41:17,West Isabellaview,CM,0
ACC000215,2026-09-14 07:41:17,New Samanthaville,AO,0
ACC001489,2026-09-14 07:41:18,Timothyside,CA,0
ACC004972,2026-09-14 07:41:18,Danafort,FI,0
ACC003184,2026-09-14 07:41:18,North Frances,BB,0
ACC001496,2026-09-14 07:41:19,South Jasonhaven,IL,0
ACC003105,2026-09-14 07:41:19,Lake Jeffreyborough,IN,1
ACC000616,2026-09-14 07:41:19,Levineview,GN,0
ACC004688,2026-09-14 07:41:19,Vanessaview,AZ,0
ACC001871,2026-09-14 07:41:20,Stevenland,SV,0
ACC002942,2026-09-14 07:41:20,Lake Cassandra,NR,0
ACC001211,2026-09-14 07:41:20,New Jose,BI,0
ACC003365,2026-09-14 07:41:21,Lake Noah,LC,0
ACC004962,2026-09-14 07:41:21,South Maxwell,MC,0
ACC001924,2026-09-14 07:41:21,New Bradleyfurt,HU,0
ACC001932,2026-09-14 07:41:21,Krausechester,ZA,0
ACC002866,2026-09-14 07:41:21,South Johnville,BG,0
ACC003296,2026-09-14 07:41:21,Lake Williamborough,RO,0
ACC001784,2026-09-14 07:41:21,Ramosmouth,JO,0
ACC003384,2026-09-14 07:41:21,North Karimouth,CR,0
ACC004106,2026-09-14 07:41:23,North Mark,CN,1
ACC002476,2026-09-14 07:41:24,Sarahbury,AM,0
ACC003117,2026-09-14 07:41:24,Marcusborough,HR,0
ACC001895,2026-09-14 07:41:24,Jacobbury,PK,0
ACC001860,2026-09-14 07:41:24,New Sonya,KZ,0
ACC004390,2026-09-14 07:41:25,Fosterfort,KM,0
ACC003967,2026-09-14 07:41:25,Garyton,HT,0
ACC001186,2026-09-14 07:41:26,South Melanie,KW,0
ACC004301,2026-09-14 07:41:26,East John,BE,0
ACC003378,2026-09-14 07:41:26,Port Jennifer,AM,0
ACC000213,2026-09-14 07:41:26,West Terrymouth,BS,1
ACC000498,2026-09-14 07:41:26,South Joseph,KE,0
ACC000532,2026-09-14 07:41:26,West Carlos,DE,0
ACC000661,2026-09-14 07:41:27,Port Tracyberg,ET,1
ACC003766,2026-09-14 07:41:27,New Janetmouth,GM,0
ACC004500,2026-09-14 07:41:27,West Paula,BO,0
ACC000727,2026-09-14 07:41:27,East Mikefort,PT,0
ACC004610,2026-09-14 07:41:28,Stephenbury,SE,0
ACC004303,2026-09-14 07:41:28,New Frederick,KW,0
ACC003206,2026-09-14 07:41:28,West Christopherberg,KP,0
ACC001734,2026-09-14 07:41:28,New Erik,JM,0
ACC000839,2026-09-14 07:41:28,Lewischester,IT,0
ACC001692,2026-09-14 07:41:29,East Christopher,HN,1
ACC001006,2026-09-14 07:41:30,Murphyborough,LR,0
ACC002990,2026-09-14 07:41:30,West Jayton,PH,0
ACC002682,2026-09-14 07:41:30,Lake Amy,CO,0
ACC004411,2026-09-14 07:41:30,Leeside,AD,0
ACC000896,2026-09-14 07:41:31,Sarahview,ET,0
ACC002568,2026-09-14 07:41:32,East Tinaburgh,GH,0
ACC001651,2026-09-14 07:41:32,Ashleytown,NA,0
ACC000392,2026-09-14 07:41:32,Reneeside,MX,1
ACC001217,2026-09-14 07:41:32,Aaronmouth,PY,0
ACC000388,2026-09-14 07:41:32,Atkinsonborough,CD,1
ACC000610,2026-09-14 07:41:33,Lake Larry,BD,0
ACC002841,2026-09-14 07:41:33,New Sarahbury,WS,0
ACC004899,2026-09-14 07:41:33,West Rickchester,TH,0
ACC003899,2026-09-14 07:41:33,East Beth,GT,0
ACC002896,2026-09-14 07:41:33,New Courtneyport,BS,0
ACC000517,2026-09-14 07:41:33,Angelamouth,ER,0
ACC001149,2026-09-14 07:41:33,Dylantown,TZ,0
ACC002930,2026-09-14 07:41:33,Nguyenside,ET,0
ACC003683,2026-09-14 07:41:33,New Susan,CZ,0
ACC001738,2026-09-14 07:41:34,South Chad,TV,0
ACC000298,2026-09-14 07:41:34,Rickyside,SR,0
ACC002710,2026-09-14 07:41:34,East Eugene,BH,0
ACC003954,2026-09-14 07:41:34,Brandonhaven,CZ,0
ACC004284,2026-09-14 07:41:35,Jasonborough,KP,0
ACC003081,2026-09-14 07:41:35,Jasonhaven,JM,0
ACC004036,2026-09-14 07:41:35,Smithville,RW,0
ACC001919,2026-09-14 07:41:35,Jameschester,LB,0
ACC002987,2026-09-14 07:41:35,Rhondaberg,PG,0
ACC004367,2026-09-14 07:41:36,Shepherdview,DJ,1
ACC001406,2026-09-14 07:41:36,Lake Laurietown,BB,0
ACC003944,2026-09-14 07:41:36,Anthonyport,PE,0
ACC002115,2026-09-14 07:41:36,Lake Heatherbury,MG,0
ACC003410,2026-09-14 07:41:37,Aliciafort,SD,0
ACC004536,2026-09-14 07:41:37,Johnport,PK,0
ACC000476,2026-09-14 07:41:37,Kimburgh,CM,0
ACC001290,2026-09-14 07:41:37,Ginaton,JP,0
ACC003977,2026-09-14 07:41:38,Andrewborough,JM,0
ACC002625,2026-09-14 07:41:38,Kyleview,VA,0
ACC000835,2026-09-14 07:41:38,Cookfurt,TD,0
ACC004368,2026-09-14 07:41:38,Sarahberg,TO,0
ACC004160,2026-09-14 07:41:38,Oliverville,SO,0
ACC002467,2026-09-14 07:41:39,Zacharystad,PL,0
ACC001705,2026-09-14 07:41:39,East Jamesburgh,SC,0
ACC003836,2026-09-14 07:41:39,Lisaview,LC,0
ACC003804,2026-09-14 07:41:39,East Matthewton,ZM,0
ACC000605,2026-09-14 07:41:39,Santanaberg,SI,0
ACC003291,2026-09-14 07:41:40,Angelafort,MC,0
ACC000709,2026-09-14 07:41:40,Claireton,MT,0
ACC001497,2026-09-14 07:41:40,Colemouth,TV,0
ACC000277,2026-09-14 07:41:40,Bradfort,CD,0
ACC003224,2026-09-14 07:41:40,Kyleshire,MH,0
ACC003113,2026-09-14 07:41:42,West Patriciahaven,TV,0
ACC004421,2026-09-14 07:41:42,Rebekahberg,LK,0
ACC003650,2026-09-14 07:41:42,Port Mauriceberg,GR,0
ACC003084,2026-09-14 07:41:42,South Taylorchester,IL,1
ACC002764,2026-09-14 07:41:43,Ricestad,SZ,0
ACC000061,2026-09-14 07:41:43,Allenmouth,BZ,0
ACC002595,2026-09-14 07:41:44,New Randyborough,BG,1
ACC001398,2026-09-14 07:41:44,North Carolberg,KN,1
ACC003994,2026-09-14 07:41:44,Richardsonmouth,SD,0
ACC002368,2026-09-14 07:41:44,New Jasonstad,BS,0
ACC001459,2026-09-14 07:41:45,East Kristinamouth,GA,0
ACC001199,2026-09-14 07:41:45,Port Gabriellabury,LI,0
ACC001755,2026-09-14 07:41:46,Gardnerfurt,OM,0
ACC004697,2026-09-14 07:41:47,Port Luisview,IT,0
ACC003679,2026-09-14 07:41:47,Lake Carolynhaven,CM,0
ACC000941,2026-09-14 07:41:47,East Makaylaborough,MU,0
ACC000607,2026-09-14 07:41:48,Port Williamberg,AF,0
ACC001034,2026-09-14 07:41:48,Jaredland,ME,0
ACC002703,2026-09-14 07:41:48,Johnsonborough,ER,0
ACC002705,2026-09-14 07:41:48,Johnsonview,VE,1
ACC001397,2026-09-14 07:41:48,Tinafurt,VU,0
ACC003516,2026-09-14 07:41:48,South Dorothyview,PK,0
ACC001903,2026-09-14 07:41:48,New Sarahland,PS,0
ACC000075,2026-09-14 07:41:49,Amyfort,PS,0
ACC004239,2026-09-14 07:41:49,Wendyland,WS,0
ACC000658,2026-09-14 07:41:50,Lake Thomas,BW,0
ACC003668,2026-09-14 07:41:50,Craigmouth,CV,1
ACC001778,2026-09-14 07:41:50,West Michael,WS,0
ACC000099,2026-09-14 07:41:50,New Michael,EE,1
ACC004796,2026-09-14 07:41:50,North Keith,TL,0
ACC000365,2026-09-14 07:41:50,Ryanland,AU,0
ACC002594,2026-09-14 07:41:51,Walkerborough,GN,0
ACC004525,2026-09-14 07:41:52,Byrdmouth,CR,0
ACC000447,2026-09-14 07:41:52,Faulknermouth,SE,0
ACC000356,2026-09-14 07:41:52,Lake Tracey,AF,0
ACC003946,2026-09-14 07:41:52,Lake Meredith,PG,0
ACC003970,2026-09-14 07:41:52,Callahanview,BB,0
ACC000555,2026-09-14 07:41:52,Johnfurt,UG,0
ACC004364,2026-09-14 07:41:53,Fletchermouth,LR,0
ACC001200,2026-09-14 07:41:53,Lake Miranda,MN,0
ACC003500,2026-09-14 07:41:54,Lake Frances,BR,0
ACC004028,2026-09-14 07:41:54,Davidfort,TT,0
ACC003914,2026-09-14 07:41:54,Lisashire,RS,0
ACC002333,2026-09-14 07:41:54,Patriciachester,DE,1
ACC001379,2026-09-14 07:41:55,North Kaylamouth,ZW,1
ACC002981,2026-09-14 07:41:55,New Kimbury,PA,0
ACC002903,2026-09-14 07:41:55,Harrismouth,UG,0
ACC004372,2026-09-14 07:41:55,South Tim,SL,0
ACC001784,2026-09-14 07:41:55,West Makaylashire,AM,0
ACC003665,2026-09-14 07:41:56,New Louis,IQ,0
ACC004507,2026-09-14 07:41:56,Angelaville,AF,0
ACC002536,2026-09-14 07:41:56,East Angela,JM,0
ACC002012,2026-09-14 07:41:57,Tammyborough,MW,0
ACC003215,2026-09-14 07:41:57,Turnerchester,TR,0
ACC000074,2026-09-14 07:41:57,Lake Timothy,TO,0
ACC004801,2026-09-14 07:41:57,New Scott,SM,0
ACC001136,2026-09-14 07:41:57,Stevensonport,SL,0
ACC004361,2026-09-14 07:41:58,North Markbury,KP,0
ACC002265,2026-09-14 07:41:58,Gonzalestown,GD,0
ACC002096,2026-09-14 07:41:58,Lopezburgh,RO,1
ACC004126,2026-09-14 07:41:59,Matthewstad,AZ,0
ACC000625,2026-09-14 07:41:59,Port Lauraberg,KH,0
ACC003843,2026-09-14 07:42:00,Melvinside,CM,0
ACC003395,2026-09-14 07:42:00,Johnstad,UG,0
ACC002431,2026-09-14 07:42:00,Davisburgh,RU,0
ACC003670,2026-09-14 07:42:00,Amandamouth,IR,0
ACC003455,2026-09-14 07:42:00,Taylorstad,KH,0
ACC004960,2026-09-14 07:42:01,Brandonbury,RO,0
ACC003621,2026-09-14 07:42:03,North Joseph,BR,0
ACC000001,2026-09-14 07:42:03,Thompsonhaven,LY,1
ACC004808,2026-09-14 07:42:03,Josephfurt,AD,0
ACC004967,2026-09-14 07:42:03,Hodgesburgh,CL,0
ACC003118,2026-09-14 07:42:04,Jesseview,PK,0
ACC002076,2026-09-14 07:42:04,Davidstad,QA,0
ACC002797,2026-09-14 07:42:05,Normanhaven,IR,0
ACC003534,2026-09-14 07:42:05,West Ryanton,CL,0
ACC001764,2026-09-14 07:42:05,Chapmanfurt,JO,1
ACC003795,2026-09-14 07:42:05,Port Keithberg,BJ,0
ACC001210,2026-09-14 07:42:05,East Bradleymouth,LA,0
ACC003864,2026-09-14 07:42:05,Port Martha,FM,0
ACC003637,2026-09-14 07:42:06,South Mark,CV,0
ACC000787,2026-09-14 07:42:06,Alejandraville,CL,0
ACC000936,2026-09-14 07:42:07,Jeffreyberg,SI,1
ACC003138,2026-09-14 07:42:07,North Trevorborough,ID,0
ACC004984,2026-09-14 07:42:07,Lake John,JM,0
ACC003119,2026-09-14 07:42:08,West Kevin,AG,1
ACC004491,2026-09-14 07:42:08,Mcdanielshire,QA,1
ACC002724,2026-09-14 07:42:08,Wendymouth,TD,0
ACC002052,2026-09-14 07:42:08,Lake Ryan,TG,0
ACC003448,2026-09-14 07:42:08,New Robert,NR,0
ACC000132,2026-09-14 07:42:09,Levyshire,LY,0
ACC003912,2026-09-14 07:42:09,Oscarchester,SY,0
ACC000637,2026-09-14 07:42:09,Howardshire,LS,0
ACC001908,2026-09-14 07:42:09,Annamouth,MC,0
ACC003044,2026-09-14 07:42:10,Christinehaven,LK,0
ACC001635,2026-09-14 07:42:10,East Scottbury,LK,0
ACC002576,2026-09-14 07:42:10,Cooperfort,PH,0
ACC001359,2026-09-14 07:42:11,Castilloburgh,IQ,0
ACC003487,2026-09-14 07:42:11,Duranshire,DK,0
ACC003555,2026-09-14 07:42:11,Duncantown,AG,0
ACC002665,2026-09-14 07:42:11,Port Hannah,IT,0
ACC000542,2026-09-14 07:42:11,North Melissa,AD,0
ACC004862,2026-09-14 07:42:11,North Robin,GT,0
ACC001432,2026-09-14 07:42:12,Lake Taylorport,GE,0
ACC003835,2026-09-14 07:42:12,Lake Jason,SN,0
ACC001831,2026-09-14 07:42:12,Andrewstad,MZ,1
ACC001141,2026-09-14 07:42:12,East Lisa,MD,0
ACC000700,2026-09-14 07:42:13,North Jason,BF,1
ACC002920,2026-09-14 07:42:13,Davidside,MD,0
ACC001751,2026-09-14 07:42:14,Shannonside,IS,0
ACC004345,2026-09-14 07:42:14,Nathanberg,LR,1
ACC004372,2026-09-14 07:42:14,East Samanthaton,MV,0
ACC000038,2026-09-14 07:42:15,Martinezview,AZ,1
ACC002440,2026-09-14 07:42:15,Lopezside,CL,0
ACC003543,2026-09-14 07:42:15,Robertfort,TR,0
ACC001194,2026-09-14 07:42:15,Lake Johnny,SK,0
ACC002300,2026-09-14 07:42:15,Williamsberg,BI,0
ACC000772,2026-09-14 07:42:15,Derrickton,LS,0
ACC003430,2026-09-14 07:42:15,Garciastad,SL,0
ACC000684,2026-09-14 07:42:15,North Richardshire,RU,0
ACC001963,2026-09-14 07:42:16,Danielston,SO,0
ACC004524,2026-09-14 07:42:16,Monicaside,TO,0
ACC001164,2026-09-14 07:42:16,West Coreyport,TV,0
ACC003227,2026-09-14 07:42:16,East Lisaton,BS,0
ACC003228,2026-09-14 07:42:17,Valdezchester,IE,0
ACC003880,2026-09-14 07:42:17,Port Michael,AU,0
ACC000103,2026-09-14 07:42:17,South Jason,BG,0
ACC003555,2026-09-14 07:42:17,North Michaelbury,CU,0
ACC003891,2026-09-14 07:42:17,Lake Juliachester,BS,1
ACC004872,2026-09-14 07:42:18,Port Kelly,SB,0
ACC004626,2026-09-14 07:42:18,Sarahbury,LI,0
ACC000037,2026-09-14 07:42:18,Port Joannashire,NA,0
ACC004996,2026-09-14 07:42:18,Apriltown,BE,0
ACC000239,2026-09-14 07:42:19,New Kayla,TR,0
ACC000760,2026-09-14 07:42:19,Glenntown,LU,0
ACC003845,2026-09-14 07:42:20,Schultzhaven,BY,0
ACC001740,2026-09-14 07:42:20,Drakemouth,AO,0
ACC004751,2026-09-14 07:42:20,Victoriaborough,ME,0
ACC002436,2026-09-14 07:42:21,Larsonport,VC,0
ACC000394,2026-09-14 07:42:21,Lake Matthewland,DK,0
ACC000206,2026-09-14 07:42:21,East Amandabury,FR,0
ACC002318,2026-09-14 07:42:22,East Codyside,ES,0
ACC003313,2026-09-14 07:42:22,Ruthburgh,GB,0
ACC004586,2026-09-14 07:42:23,Austinville,CO,0
ACC004680,2026-09-14 07:42:23,Walkermouth,BG,0
ACC001090,2026-09-14 07:42:23,Christinetown,TT,0
ACC000302,2026-09-14 07:42:24,East Suzannebury,LV,1
ACC000584,2026-09-14 07:42:24,South Thomas,RO,0
ACC002355,2026-09-14 07:42:26,West Richardberg,KW,0
ACC004916,2026-09-14 07:42:26,Kristyville,VU,0
ACC003166,2026-09-14 07:42:26,Lake Christophertown,VC,0
ACC000874,2026-09-14 07:42:26,South Michaelmouth,GH,0
ACC002786,2026-09-14 07:42:26,North Brian,PH,0
ACC004323,2026-09-14 07:42:26,Warnerport,BF,1
ACC004251,2026-09-14 07:42:26,Chelsealand,UZ,0
ACC003839,2026-09-14 07:42:27,Lake Daniel,KI,0
ACC000960,2026-09-14 07:42:28,Lake Ashleychester,HR,0
ACC002682,2026-09-14 07:42:28,Port Tylermouth,SY,0
ACC000791,2026-09-14 07:42:28,New Ashley,BI,0
ACC004220,2026-09-14 07:42:28,Henrymouth,CV,0
ACC003288,2026-09-14 07:42:28,New Brian,GE,0
ACC004799,2026-09-14 07:42:29,Mannshire,VU,0
ACC000631,2026-09-14 07:42:29,North Natalie,BW,0
ACC002707,2026-09-14 07:42:30,North Linda,BB,0
ACC004537,2026-09-14 07:42:31,West Kyleview,BR,0
ACC000650,2026-09-14 07:42:31,South Danielberg,MD,0
ACC004516,2026-09-14 07:42:31,North Beverlychester,MK,0
ACC002593,2026-09-14 07:42:31,North Juliantown,BY,0
ACC004088,2026-09-14 07:42:31,Port Evanland,CM,0
ACC002375,2026-09-14 07:42:33,South Abigailport,GE,0
ACC001206,2026-09-14 07:42:34,West Christophertown,TJ,0
ACC001527,2026-09-14 07:42:34,South Elizabeth,DJ,0
ACC000857,2026-09-14 07:42:35,New Amyhaven,LC,0
ACC000417,2026-09-14 07:42:35,North Aaron,RW,0
ACC004253,2026-09-14 07:42:36,North Josephborough,MZ,0
ACC001743,2026-09-14 07:42:37,East Kyleberg,SK,0
ACC000492,2026-09-14 07:42:37,Matthewtown,GB,0
ACC002998,2026-09-14 07:42:37,Clinestad,CH,1
ACC000358,2026-09-14 07:42:37,Haleyland,LR,0
ACC004720,2026-09-14 07:42:37,East Aaron,LY,0
ACC002436,2026-09-14 07:42:38,Campbellfurt,AE,0
ACC002330,2026-09-14 07:42:38,Martinezport,AR,0
ACC004865,2026-09-14 07:42:38,Amytown,BF,0
ACC001077,2026-09-14 07:42:40,Jameston,AD,0
ACC003292,2026-09-14 07:42:40,Matthewton,SK,0
ACC004840,2026-09-14 07:42:40,Port Aaron,VA,0
ACC001217,2026-09-14 07:42:41,Henryport,CO,0
ACC001368,2026-09-14 07:42:41,East Jameshaven,MM,0
ACC003115,2026-09-14 07:42:41,South Christopherhaven,SC,0
ACC001376,2026-09-14 07:42:43,New Brandon,NI,0
ACC003649,2026-09-14 07:42:43,East Lisa,LY,0
ACC003304,2026-09-14 07:42:43,Lake Dawn,KR,0
ACC003914,2026-09-14 07:42:43,Port Ronald,GY,0
ACC004584,2026-09-14 07:42:43,Lake Jared,CD,0
ACC003263,2026-09-14 07:42:43,Lake Jamesstad,QA,0
ACC001178,2026-09-14 07:42:44,Edwardshire,UZ,0
ACC001212,2026-09-14 07:42:44,North Timothy,BY,0
ACC002946,2026-09-14 07:42:44,Heatherburgh,JO,0
ACC003450,2026-09-14 07:42:44,East William,BN,0
ACC004897,2026-09-14 07:42:45,West Doris,SA,0
ACC004502,2026-09-14 07:42:45,East Garyberg,SR,0
ACC003178,2026-09-14 07:42:45,Kevinstad,AM,1
ACC002191,2026-09-14 07:42:45,North Mary,IT,1
ACC000218,2026-09-14 07:42:45,Davisland,LV,0
ACC003361,2026-09-14 07:42:46,Port Jermaineport,PT,0
ACC004654,2026-09-14 07:42:47,Jamesport,MW,0
ACC004662,2026-09-14 07:42:47,Walkerfurt,CF,0
ACC000508,2026-09-14 07:42:48,New Rebeccaport,TL,0
ACC000873,2026-09-14 07:42:48,Lucasborough,ER,0
ACC000547,2026-09-14 07:42:48,Petertown,FI,0
ACC002432,2026-09-14 07:42:48,West Kenneth,GR,0
ACC004852,2026-09-14 07:42:49,Cannonshire,AZ,0
ACC000822,2026-09-14 07:42:49,North Eric,TZ,0
ACC001058,2026-09-14 07:42:49,North Michelle,PE,0
ACC000981,2026-09-14 07:42:50,Kathleenside,RU,1
ACC002584,2026-09-14 07:42:50,East Peter,VU,0
ACC002721,2026-09-14 07:42:50,West Jenniferhaven,GT,0
ACC003921,2026-09-14 07:42:50,Lake Angelaville,KZ,0
ACC004333,2026-09-14 07:42:52,West Michelle,MV,0
ACC004362,2026-09-14 07:42:54,Ianhaven,UY,0
ACC000707,2026-09-14 07:42:55,Port David,TJ,0
ACC003147,2026-09-14 07:42:55,Hesterberg,EC,0
ACC003103,2026-09-14 07:42:56,Port Laurie,SK,0
ACC002105,2026-09-14 07:42:56,Lake Jasonbury,NG,0
ACC002276,2026-09-14 07:42:56,Lake Albert,LS,0
ACC002153,2026-09-14 07:42:56,Lake Kevinberg,TG,0
ACC003147,2026-09-14 07:42:57,Wilsonburgh,BJ,0
ACC000778,2026-09-14 07:42:57,East Samantha,BF,0
ACC001761,2026-09-14 07:42:58,Clarkport,HU,0
ACC000987,2026-09-14 07:42:58,Fischerfort,UZ,0
ACC000557,2026-09-14 07:42:59,Lawrencebury,AE,1
ACC002860,2026-09-14 07:43:01,South Benjaminville,CD,0
ACC002282,2026-09-14 07:43:01,Colemantown,VN,0
ACC003286,2026-09-14 07:43:02,South Carolview,TG,0
ACC000900,2026-09-14 07:43:02,West Samuelburgh,TT,1
ACC003114,2026-09-14 07:43:03,Kellymouth,PY,0
ACC001805,2026-09-14 07:43:03,East Carl,GM,0
ACC004615,2026-09-14 07:43:03,Davidtown,PL,1
ACC004776,2026-09-14 07:43:04,Christophertown,MK,1
ACC002887,2026-09-14 07:43:04,Jonathanview,BB,0
ACC000900,2026-09-14 07:43:05,North Rachel,US,0
ACC003819,2026-09-14 07:43:05,Christinefort,CV,0
ACC003353,2026-09-14 07:43:05,East Deborah,IR,0
ACC004280,2026-09-14 07:43:05,New Ronaldshire,TR,0
ACC000252,2026-09-14 07:43:06,Martinezfurt,KH,0
ACC002434,2026-09-14 07:43:07,Steveborough,NZ,0
ACC001605,2026-09-14 07:43:07,New Nicoletown,GA,0
ACC000725,2026-09-14 07:43:07,West Joshuaville,CM,0
ACC001944,2026-09-14 07:43:07,Port Grace,BF,0
ACC002505,2026-09-14 07:43:07,Zacharyside,MR,0
ACC002206,2026-09-14 07:43:07,Ballbury,MY,0
ACC004300,2026-09-14 07:43:07,Lake Debra,SK,0
ACC004689,2026-09-14 07:43:08,West Michaelberg,TH,0
ACC000480,2026-09-14 07:43:08,North Benjamin,BB,1
ACC000202,2026-09-14 07:43:08,East Eric,BR,0
ACC002764,2026-09-14 07:43:10,Danielleport,CF,0
ACC002055,2026-09-14 07:43:10,Port Annashire,TV,0
ACC002410,2026-09-14 07:43:10,Andrewton,BS,0
ACC000422,2026-09-14 07:43:11,New Justin,ET,0
ACC001513,2026-09-14 07:43:11,South Clairestad,BZ,0
ACC003199,2026-09-14 07:43:12,Figueroaland,WS,0
ACC003111,2026-09-14 07:43:12,East Rodneyton,CD,0
ACC003889,2026-09-14 07:43:12,East Seth,SN,0
ACC002895,2026-09-14 07:43:12,Kevinchester,MW,0
ACC003146,2026-09-14 07:43:13,Port Elizabeth,SE,0
ACC002414,2026-09-14 07:43:13,Coleburgh,BF,0
ACC003413,2026-09-14 07:43:13,Jacobland,BY,0
ACC004761,2026-09-14 07:43:14,Lisaborough,FI,0
ACC000265,2026-09-14 07:43:14,Lake Fernando,TT,0
ACC002365,2026-09-14 07:43:14,Milesburgh,TD,0
ACC003312,2026-09-14 07:43:15,New Frederick,GN,0
ACC004000,2026-09-14 07:43:16,Gabrielaton,WS,0
ACC002840,2026-09-14 07:43:16,Scotthaven,SG,0
ACC003609,2026-09-14 07:43:16,Port Samuel,SR,0
ACC000033,2026-09-14 07:43:16,Lake Loganfort,MR,0
ACC003540,2026-09-14 07:43:17,North Dustin,CG,0
ACC002941,2026-09-14 07:43:17,Bakerfurt,CD,0
ACC003558,2026-09-14 07:43:17,East Donaldstad,MM,0
ACC004164,2026-09-14 07:43:17,Alantown,BG,0
ACC000227,2026-09-14 07:43:18,South Brooke,NG,0
ACC002304,2026-09-14 07:43:18,Garzaville,PA,0
ACC000491,2026-09-14 07:43:18,Lake Adam,IR,0
ACC001245,2026-09-14 07:43:18,Chasefurt,AD,0
ACC003744,2026-09-14 07:43:18,Christopherburgh,ST,0
ACC000266,2026-09-14 07:43:18,North Mikeshire,YE,0
ACC003256,2026-09-14 07:43:20,East Lisafurt,KG,0
ACC003442,2026-09-14 07:43:21,New Anthony,BG,0
ACC001269,2026-09-14 07:43:21,New Mauriceville,BB,0
ACC003556,2026-09-14 07:43:21,Keithbury,ME,0
ACC002148,2026-09-14 07:43:21,Jacksonberg,UZ,0
ACC001736,2026-09-14 07:43:22,Ericksonside,CN,0
ACC001725,2026-09-14 07:43:23,East Debrashire,CI,0
ACC000117,2026-09-14 07:43:23,Garrisonport,BH,1
ACC000764,2026-09-14 07:43:24,Mcdowellview,ZA,0
ACC003630,2026-09-14 07:43:24,West Renee,SY,0
ACC001435,2026-09-14 07:43:25,Curtischester,US,0
ACC002238,2026-09-14 07:43:25,South Dustin,MN,0
ACC004743,2026-09-14 07:43:25,East Carolyn,TV,1
ACC000484,2026-09-14 07:43:26,South Ashleyside,BH,0
ACC000447,2026-09-14 07:43:26,Zoeside,CF,1
ACC004903,2026-09-14 07:43:26,Port Daniel,EC,0
ACC001707,2026-09-14 07:43:27,Port Jamesville,CZ,0
ACC001327,2026-09-14 07:43:28,Rebeccamouth,TD,0
ACC001656,2026-09-14 07:43:28,Marshmouth,UZ,0
ACC004255,2026-09-14 07:43:28,Michelestad,SR,0
ACC004672,2026-09-14 07:43:29,Port Stephaniefurt,TL,0
ACC003756,2026-09-14 07:43:29,South Lisachester,LC,0
ACC004408,2026-09-14 07:43:29,Angelabury,CN,0
ACC002474,2026-09-14 07:43:30,Lake Henryton,KE,0
ACC001170,2026-09-14 07:43:30,East Timothy,MZ,0
ACC001495,2026-09-14 07:43:30,West Donald,CD,0
ACC000987,2026-09-14 07:43:31,North Mary,MT,0
ACC004447,2026-09-14 07:43:31,West Brian,GD,0
ACC000983,2026-09-14 07:43:32,New Ashleyland,KE,0
ACC002888,2026-09-14 07:43:32,Luisfort,GN,0
ACC003323,2026-09-14 07:43:32,Jeffreyburgh,ST,0
ACC001070,2026-09-14 07:43:33,Stevenchester,AZ,0
ACC001383,2026-09-14 07:43:33,Port Eric,ID,0
ACC004537,2026-09-14 07:43:33,East Jamesland,MM,0
ACC002068,2026-09-14 07:43:33,Hicksbury,DO,0
ACC001119,2026-09-14 07:43:33,Devinfurt,TL,0
ACC000344,2026-09-14 07:43:34,Lake Stephanie,GH,0
ACC002885,2026-09-14 07:43:34,Brownshire,CA,0
ACC003162,2026-09-14 07:43:34,Donnafurt,SM,0
ACC000521,2026-09-14 07:43:34,Scottmouth,TT,0
ACC003279,2026-09-14 07:43:35,Lake Brian,GT,0
ACC000717,2026-09-14 07:43:35,Shaffertown,BN,0
ACC002194,2026-09-14 07:43:35,North Patrickland,ES,0
ACC002337,2026-09-14 07:43:36,New Theresamouth,MX,0
ACC004952,2026-09-14 07:43:36,Andreaborough,BW,0
ACC001777,2026-09-14 07:43:36,New Brian,UY,0
ACC002483,2026-09-14 07:43:36,Loriton,ZA,0
ACC004050,2026-09-14 07:43:36,Perezberg,JM,1
ACC003053,2026-09-14 07:43:36,East Yvonneland,SD,0
ACC002540,2026-09-14 07:43:36,South Jefferymouth,BG,0
ACC002364,2026-09-14 07:43:37,Allenville,SY,0
ACC002233,2026-09-14 07:43:37,Lake Kimberly,FJ,0
ACC004726,2026-09-14 07:43:37,Lake Lance,LK,0
ACC001685,2026-09-14 07:43:37,Paulberg,AT,0
ACC001333,2026-09-14 07:43:37,North Carmenbury,ET,0
ACC004772,2026-09-14 07:43:37,Petermouth,TZ,0
ACC001279,2026-09-14 07:43:38,East Charles,ER,0
ACC000109,2026-09-14 07:43:38,West Monicaborough,IQ,0
ACC003220,2026-09-14 07:43:38,Kennethhaven,PS,0
ACC000342,2026-09-14 07:43:38,Annton,MV,0
ACC002883,2026-09-14 07:43:38,Kennedystad,GA,0
ACC000080,2026-09-14 07:43:39,South Stephen,MN,0
ACC003421,2026-09-14 07:43:39,Port James,BT,0
ACC003854,2026-09-14 07:43:39,Port Oliviatown,VA,0
ACC000028,2026-09-14 07:43:39,New Seth,JP,0
ACC004073,2026-09-14 07:43:39,West Clayton,QA,1
ACC001060,2026-09-14 07:43:40,North Sydneyland,SV,0
ACC003435,2026-09-14 07:43:40,Nelsonberg,LI,0
ACC003846,2026-09-14 07:43:41,Kathryntown,UY,0
ACC001088,2026-09-14 07:43:41,Elizabethside,PT,0
ACC004892,2026-09-14 07:43:41,East Matthewfurt,BH,0
ACC000947,2026-09-14 07:43:41,New Ashleyport,UZ,0
ACC003245,2026-09-14 07:43:41,Brianborough,HN,0
ACC002364,2026-09-14 07:43:42,East Michael,MZ,0
ACC004611,2026-09-14 07:43:42,West Dorothy,SY,0
ACC002422,2026-09-14 07:43:43,Hoffmanhaven,PY,0
ACC004456,2026-09-14 07:43:43,Johnstonmouth,CA,0
ACC004631,2026-09-14 07:43:44,Edwardfort,MT,0
ACC000708,2026-09-14 07:43:44,Casefurt,AG,0
ACC001878,2026-09-14 07:43:45,Andersonburgh,TN,0
ACC003608,2026-09-14 07:43:45,South Samantha,HT,0
ACC003262,2026-09-14 07:43:45,Harrisbury,CR,0
ACC000390,2026-09-14 07:43:46,Weissfurt,CV,0
ACC004647,2026-09-14 07:43:46,South Danielchester,BF,0
ACC000623,2026-09-14 07:43:46,Rogersfort,LR,1
ACC003769,2026-09-14 07:43:46,East Virginia,BE,0
ACC001750,2026-09-14 07:43:46,West Thomasfort,LU,0
ACC004464,2026-09-14 07:43:46,East Haleyburgh,BR,0
ACC004031,2026-09-14 07:43:47,Howardland,SN,0
ACC003693,2026-09-14 07:43:47,New Amber,MK,0
ACC001782,2026-09-14 07:43:47,Greerland,TL,0
ACC004792,2026-09-14 07:43:48,Tylerside,PY,0
ACC002180,2026-09-14 07:43:48,North Joychester,KH,0
ACC000271,2026-09-14 07:43:48,East Gloria,OM,0
ACC000992,2026-09-14 07:43:48,Brendaland,DJ,1
ACC003485,2026-09-14 07:43:49,Williamtown,KP,0
ACC002893,2026-09-14 07:43:49,South Michelle,TG,0
ACC004131,2026-09-14 07:43:50,Amberton,PA,0
ACC001104,2026-09-14 07:43:50,Bellside,CI,0
ACC001285,2026-09-14 07:43:50,Tamiview,RU,0
ACC002784,2026-09-14 07:43:51,Joeside,JO,0
ACC000459,2026-09-14 07:43:51,East Kimberly,QA,1
ACC002344,2026-09-14 07:43:51,Lake Ashlee,GQ,0
ACC001075,2026-09-14 07:43:51,West Kellymouth,CU,0
ACC003613,2026-09-14 07:43:51,Joneshaven,IR,0
ACC000699,2026-09-14 07:43:52,East Megan,GA,0
ACC000383,2026-09-14 07:43:52,Rowestad,FM,0
ACC004820,2026-09-14 07:43:52,West Samantha,SZ,1
ACC001533,2026-09-14 07:43:53,South Caitlin,SL,0
ACC001837,2026-09-14 07:43:53,East Michelle,PS,0
ACC003669,2026-09-14 07:43:53,Weststad,MK,1
ACC002523,2026-09-14 07:43:53,East Carolmouth,SA,0
ACC003383,2026-09-14 07:43:53,North Sandramouth,SD,0
ACC003174,2026-09-14 07:43:54,Flowerston,HT,0
ACC000272,2026-09-14 07:43:54,New Shawnfort,TV,0
ACC002665,2026-09-14 07:43:54,Edwardport,TG,0
ACC003478,2026-09-14 07:43:54,Lake Christinaberg,SE,0
ACC001615,2026-09-14 07:43:55,Port Markmouth,LU,0
ACC000092,2026-09-14 07:43:56,Joneschester,LK,0
ACC002596,2026-09-14 07:43:56,Birdmouth,RO,0
ACC001724,2026-09-14 07:43:56,Reynoldsshire,BA,0
ACC004492,2026-09-14 07:43:57,Port Shelly,LR,0
ACC000958,2026-09-14 07:43:58,Thomaschester,GB,0
ACC001058,2026-09-14 07:43:58,Stephanieshire,MA,0
ACC000493,2026-09-14 07:43:58,Jonathanside,ZM,0
ACC000078,2026-09-14 07:43:58,North Paulmouth,LU,0
ACC004616,2026-09-14 07:43:58,Karenfurt,PK,0
ACC003902,2026-09-14 07:43:59,Lake Melinda,OM,0
ACC002837,2026-09-14 07:43:59,New Nicholas,TL,0
ACC004833,2026-09-14 07:44:00,South Malloryton,BS,0
ACC004541,2026-09-14 07:44:02,Michaelview,BT,0
ACC003492,2026-09-14 07:44:03,Cassandraburgh,FR,0
ACC001939,2026-09-14 07:44:03,Cookmouth,IE,0
ACC004408,2026-09-14 07:44:04,Andrewport,BT,0
ACC000615,2026-09-14 07:44:04,Berrystad,CM,0
ACC000003,2026-09-14 07:44:04,Garciaton,DJ,0
ACC002789,2026-09-14 07:44:04,Donnafurt,FJ,0
ACC004764,2026-09-14 07:44:05,Hayesfort,MW,0
ACC004547,2026-09-14 07:44:05,Johntown,DO,0
ACC000720,2026-09-14 07:44:05,Markville,MZ,0
ACC001998,2026-09-14 07:44:05,Justinfort,KI,0
ACC001806,2026-09-14 07:44:06,New Dalechester,AE,0
ACC000343,2026-09-14 07:44:06,Hernandezbury,ME,0
ACC004415,2026-09-14 07:44:06,Port Erin,PH,0
ACC001179,2026-09-14 07:44:06,Johnton,GE,0
ACC003202,2026-09-14 07:44:06,Ambermouth,GM,0
ACC002370,2026-09-14 07:44:07,Schmidtside,TM,1
ACC004682,2026-09-14 07:44:07,West Frankland,LS,0
ACC000636,2026-09-14 07:44:07,Matthewville,AO,1
ACC000080,2026-09-14 07:44:07,Diazside,PA,0
ACC000472,2026-09-14 07:44:07,Hannahborough,SV,0
ACC003257,2026-09-14 07:44:07,East Garyville,IT,1
ACC003138,2026-09-14 07:44:08,East Daniellechester,AD,0
ACC004600,2026-09-14 07:44:09,East Judyfort,FJ,1
ACC003705,2026-09-14 07:44:09,New Edwardtown,SK,0
ACC000389,2026-09-14 07:44:09,New Nicholas,GT,0
ACC004323,2026-09-14 07:44:09,Maryport,KW,0
ACC001895,2026-09-14 07:44:09,North Teresa,KW,1
ACC000372,2026-09-14 07:44:09,Gonzalesfurt,GA,0
ACC003619,2026-09-14 07:44:09,Haileyburgh,PS,0
ACC001726,2026-09-14 07:44:10,West Kenneth,MH,0
ACC002103,2026-09-14 07:44:10,North Jeffrey,IS,0
ACC004183,2026-09-14 07:44:10,East Angelicafurt,UA,0
ACC003736,2026-09-14 07:44:10,West Paul,FJ,0
ACC000617,2026-09-14 07:44:11,North Sethton,BY,0
ACC003870,2026-09-14 07:44:11,Nicholasport,RW,0
ACC003864,2026-09-14 07:44:11,West Megan,BN,0
ACC000284,2026-09-14 07:44:11,New Stephaniechester,BZ,0
ACC002976,2026-09-14 07:44:11,Caldwellport,QA,0
ACC002451,2026-09-14 07:44:11,Rossshire,NZ,0
ACC003378,2026-09-14 07:44:11,Lake Andrew,MU,1
ACC004526,2026-09-14 07:44:11,Gomezside,TV,0
ACC003491,2026-09-14 07:44:12,Wagnertown,LA,0
ACC002434,2026-09-14 07:44:12,Paultown,MV,1
ACC000072,2026-09-14 07:44:12,Lake Jose,IT,0
ACC001255,2026-09-14 07:44:12,East Robertshire,HR,0
ACC004233,2026-09-14 07:44:13,Lake Paul,SL,0
ACC001947,2026-09-14 07:44:14,East Wayne,BN,0
ACC001148,2026-09-14 07:44:14,Veronicabury,BO,0
ACC000746,2026-09-14 07:44:14,Kylechester,KN,0
ACC003652,2026-09-14 07:44:14,Lake Travistown,ID,1
ACC000106,2026-09-14 07:44:15,West Lucas,KE,1
ACC003926,2026-09-14 07:44:15,South Meganton,ER,0
ACC002801,2026-09-14 07:44:15,Port Raymond,TW,0
ACC000644,2026-09-14 07:44:15,Wardview,CV,0
ACC003294,2026-09-14 07:44:16,Johnsonport,SK,0
ACC002172,2026-09-14 07:44:16,Kathyville,LA,0
ACC003310,2026-09-14 07:44:17,Rodriguezville,SA,0
ACC001346,2026-09-14 07:44:17,Chelseachester,AR,1
ACC004048,2026-09-14 07:44:17,Michaelmouth,JO,0
ACC001380,2026-09-14 07:44:17,North Maria,GN,0
ACC003513,2026-09-14 07:44:17,Sarahmouth,MU,0
ACC001516,2026-09-14 07:44:17,North Steven,DM,1
ACC001341,2026-09-14 07:44:18,Bernardberg,KH,0
ACC001417,2026-09-14 07:44:18,Austinchester,SL,0
ACC000040,2026-09-14 07:44:19,Belindaland,IE,0
ACC004294,2026-09-14 07:44:19,Latashahaven,BS,0
ACC000252,2026-09-14 07:44:19,Lake Stacey,GB,0
ACC000495,2026-09-14 07:44:20,New Laurachester,PG,1
ACC000214,2026-09-14 07:44:20,Port Jessicaton,CZ,0
ACC003577,2026-09-14 07:44:20,West Davidfurt,SC,0
ACC002668,2026-09-14 07:44:21,East Joannaland,AM,0
ACC000885,2026-09-14 07:44:22,East Kimberlyborough,AT,0
ACC001886,2026-09-14 07:44:22,Gravesburgh,MM,0
ACC003308,2026-09-14 07:44:22,North Katherine,IS,1
ACC001173,2026-09-14 07:44:22,East Jackside,SC,0
ACC003806,2026-09-14 07:44:23,Michaelfort,BO,0
ACC000268,2026-09-14 07:44:23,New Cindy,TW,0
ACC003137,2026-09-14 07:44:24,South Angelahaven,CL,0
ACC001203,2026-09-14 07:44:24,Hallview,ET,0
ACC001554,2026-09-14 07:44:24,Gonzalesport,AG,0
ACC003307,2026-09-14 07:44:24,Stantonmouth,KI,0
ACC002904,2026-09-14 07:44:24,Lucerotown,MD,0
ACC000761,2026-09-14 07:44:25,West Ashleyfort,MV,0
ACC002517,2026-09-14 07:44:26,Jessicahaven,SY,0
ACC000797,2026-09-14 07:44:26,Lake Rebeccatown,LV,0
ACC003488,2026-09-14 07:44:26,Jessicaburgh,AG,0
ACC004179,2026-09-14 07:44:26,New Richardfort,FJ,0
ACC001344,2026-09-14 07:44:26,Derekmouth,CF,0
ACC004677,2026-09-14 07:44:27,New Bryanland,IL,0
ACC002021,2026-09-14 07:44:27,Lake Benjaminberg,KE,0
ACC003962,2026-09-14 07:44:28,Hernandezberg,LU,0
ACC003614,2026-09-14 07:44:28,Shirleyport,GQ,1
ACC001647,2026-09-14 07:44:28,Isaacborough,NG,0
ACC003004,2026-09-14 07:44:28,Jonathantown,BJ,0
ACC001097,2026-09-14 07:44:28,Lauraton,GQ,0
ACC000561,2026-09-14 07:44:28,Reidton,TV,0
ACC004807,2026-09-14 07:44:28,West Trevor,BN,0
ACC002680,2026-09-14 07:44:29,Turnerville,CM,0
ACC000968,2026-09-14 07:44:29,South Jeffrey,PA,0
ACC002333,2026-09-14 07:44:29,Peterstown,TO,0
ACC003607,2026-09-14 07:44:29,New Williammouth,CV,0
ACC002619,2026-09-14 07:44:29,South Melinda,MG,0
ACC001961,2026-09-14 07:44:30,Dennisview,GH,0
ACC001086,2026-09-14 07:44:30,Leview,FJ,0
ACC001975,2026-09-14 07:44:31,Pamelamouth,KE,0
ACC004474,2026-09-14 07:44:31,North Rebecca,TV,0
ACC001077,2026-09-14 07:44:32,Martineztown,KI,0
ACC003096,2026-09-14 07:44:32,Port Tammiebury,ZM,0
ACC002900,2026-09-14 07:44:32,East Emilyburgh,LV,0
ACC004436,2026-09-14 07:44:32,New Joshua,JP,0
ACC000373,2026-09-14 07:44:32,North Donnachester,DK,0
ACC004214,2026-09-14 07:44:32,Kennethtown,GB,0
ACC004641,2026-09-14 07:44:33,Haynesmouth,UZ,0
ACC001875,2026-09-14 07:44:33,Andersonton,MN,0
ACC003335,2026-09-14 07:44:34,New Nicolestad,PT,1
ACC003960,2026-09-14 07:44:34,West Christinafurt,MG,0
ACC000549,2026-09-14 07:44:34,Carolside,SA,0
ACC000411,2026-09-14 07:44:34,Humphreyville,KP,1
ACC003347,2026-09-14 07:44:35,Blackwellhaven,CU,0
ACC001538,2026-09-14 07:44:36,East Mollyburgh,WS,0
ACC002927,2026-09-14 07:44:36,Amyborough,EC,0
ACC004844,2026-09-14 07:44:37,South Edward,AT,0
ACC004053,2026-09-14 07:44:37,Russellville,ES,0
ACC003900,2026-09-14 07:44:37,Stephaniefort,EE,0
ACC001123,2026-09-14 07:44:38,Courtneyshire,BA,0
ACC004560,2026-09-14 07:44:38,Lake Danielborough,CZ,0
ACC004808,2026-09-14 07:44:39,Port Melinda,DM,0
ACC002868,2026-09-14 07:44:39,Vaughnfort,DM,0
ACC004766,2026-09-14 07:44:40,Dawnville,LU,0
ACC002107,2026-09-14 07:44:40,Juarezton,FJ,0
ACC001740,2026-09-14 07:44:40,Harperport,JM,0
ACC003368,2026-09-14 07:44:40,South Christopherstad,HR,0
ACC004419,2026-09-14 07:44:40,Ortizstad,AD,0
ACC004131,2026-09-14 07:44:41,New Clifford,TZ,0
ACC004304,2026-09-14 07:44:41,Johnton,TR,1
ACC002135,2026-09-14 07:44:41,Debbiefort,AD,0
ACC003875,2026-09-14 07:44:41,East Kyleville,NI,0
ACC003687,2026-09-14 07:44:41,Wilsonbury,AD,0
ACC000981,2026-09-14 07:44:41,Lake Audreyshire,CI,1
ACC001274,2026-09-14 07:44:42,Jasminefort,HU,0
ACC000585,2026-09-14 07:44:42,Pettymouth,SL,0
ACC003668,2026-09-14 07:44:42,Julieside,KE,1
ACC000750,2026-09-14 07:44:42,East Luisland,NO,0
ACC003919,2026-09-14 07:44:43,Stricklandside,AG,0
ACC004553,2026-09-14 07:44:43,Bridgeshaven,MZ,0
ACC003955,2026-09-14 07:44:43,Hurleyberg,DM,0
ACC004131,2026-09-14 07:44:43,Lake Daniel,SE,0
ACC004261,2026-09-14 07:44:43,Lake Justinmouth,LI,0
ACC000430,2026-09-14 07:44:43,West Peterton,UY,0
ACC001998,2026-09-14 07:44:44,Port David,BG,0
ACC001258,2026-09-14 07:44:45,New Jessica,GQ,0
ACC000388,2026-09-14 07:44:45,South Kyleport,JP,0
ACC004817,2026-09-14 07:44:45,Port Michelle,CG,0
ACC004548,2026-09-14 07:44:46,South Stevenshire,NG,0
ACC001974,2026-09-14 07:44:46,Jefferyburgh,LB,1
ACC003812,2026-09-14 07:44:46,South Brianmouth,VC,0
ACC003895,2026-09-14 07:44:46,North Emilyburgh,PW,0
ACC001717,2026-09-14 07:44:47,Nathanielshire,SV,0
ACC001268,2026-09-14 07:44:47,New Martin,KE,0
ACC002349,2026-09-14 07:44:47,New Cindymouth,ID,0
ACC003884,2026-09-14 07:44:48,Chanland,CO,0
ACC000867,2026-09-14 07:44:48,Zimmermanville,UZ,0
ACC000913,2026-09-14 07:44:49,South Maurice,PL,0
ACC002065,2026-09-14 07:44:49,Sarafort,UZ,0
ACC002430,2026-09-14 07:44:50,South Stephen,PE,1
ACC000577,2026-09-14 07:44:50,Port Mollystad,BH,0
ACC003987,2026-09-14 07:44:51,Jennamouth,CR,0
ACC002460,2026-09-14 07:44:51,Matthewborough,WS,0
ACC001433,2026-09-14 07:44:51,Andreahaven,YE,1
ACC001741,2026-09-14 07:44:51,Nathanborough,KN,0
ACC004219,2026-09-14 07:44:51,New Whitneyville,YE,0
ACC002140,2026-09-14 07:44:51,East Brandonhaven,ST,0
ACC002134,2026-09-14 07:44:51,New Kimberlybury,KR,1
ACC004914,2026-09-14 07:44:51,Jeremyfort,GM,1
ACC000211,2026-09-14 07:44:52,South Haileyview,SL,0
ACC001672,2026-09-14 07:44:52,Debraview,DE,0
ACC002372,2026-09-14 07:44:52,West Carol,DJ,0
ACC000850,2026-09-14 07:44:53,Lake Alejandraview,FR,1
ACC003132,2026-09-14 07:44:53,Christinachester,MD,1
ACC002871,2026-09-14 07:44:53,South Sarahborough,MM,0
ACC003755,2026-09-14 07:44:53,South Kayla,SL,0
ACC003845,2026-09-14 07:44:53,Taylormouth,TG,0
ACC002443,2026-09-14 07:44:54,North Michael,VC,0
ACC000974,2026-09-14 07:44:55,Port Jerome,PW,1
ACC001226,2026-09-14 07:44:55,Carlosburgh,ST,0
ACC002726,2026-09-14 07:44:56,Morristown,CL,1
ACC001361,2026-09-14 07:44:56,Owenshaven,SL,0
ACC003855,2026-09-14 07:44:57,Evanschester,SA,0
ACC003120,2026-09-14 07:44:57,Maryfurt,KM,0
ACC003373,2026-09-14 07:44:57,North Tara,OM,0
ACC004023,2026-09-14 07:44:58,New Joseph,PG,0
ACC002618,2026-09-14 07:44:58,West Jamesview,TD,0
ACC002060,2026-09-14 07:44:58,West Melissa,FJ,0
ACC003080,2026-09-14 07:44:58,Lake Matthewchester,SG,0
ACC002073,2026-09-14 07:44:58,West Frank,DE,0
ACC000334,2026-09-14 07:44:59,Kristinport,EE,0
ACC000170,2026-09-14 07:44:59,Lawrencefort,FJ,0
ACC002697,2026-09-14 07:44:59,Traceyfurt,CD,0
ACC000855,2026-09-14 07:44:59,New Bryanville,UA,0
ACC004829,2026-09-14 07:44:59,Williamsmouth,CM,0
ACC003705,2026-09-14 07:45:00,East Melinda,IL,0
ACC002316,2026-09-14 07:45:00,West Justinborough,VE,0
ACC004094,2026-09-14 07:45:00,Joneschester,BE,1
ACC000948,2026-09-14 07:45:00,East Gabriel,VE,0
ACC003900,2026-09-14 07:45:01,Lambchester,HN,0
ACC002593,2026-09-14 07:45:01,Port Derekshire,ZW,1
ACC003919,2026-09-14 07:45:01,North Tammymouth,BD,0
ACC001251,2026-09-14 07:45:02,Huffmanberg,LB,0
ACC001382,2026-09-14 07:45:02,Williamsbury,RU,0
ACC004916,2026-09-14 07:45:02,Terrenceshire,TN,0
ACC004423,2026-09-14 07:45:02,South Cynthiaberg,GW,0
ACC003710,2026-09-14 07:45:03,New Crystalburgh,CY,0
ACC003574,2026-09-14 07:45:03,Maryhaven,BB,0
ACC000480,2026-09-14 07:45:03,New Melissa,FJ,1
ACC001710,2026-09-14 07:45:03,East Shannon,LB,0
ACC004304,2026-09-14 07:45:03,Leeview,RW,0
ACC003054,2026-09-14 07:45:04,Taylorfort,UY,0
ACC001278,2026-09-14 07:45:04,Danielleshire,PA,0
ACC001670,2026-09-14 07:45:04,Russellmouth,IS,0
ACC004169,2026-09-14 07:45:04,Karenside,US,0
ACC000345,2026-09-14 07:45:05,Lake Jillborough,HU,0
ACC002534,2026-09-14 07:45:05,New Scottchester,UG,1
ACC004200,2026-09-14 07:45:05,New Tonya,LB,0
ACC003601,2026-09-14 07:45:06,South Ryan,GM,1
ACC001579,2026-09-14 07:45:06,Piercemouth,AG,1
ACC004663,2026-09-14 07:45:06,South Carriestad,LV,0
ACC004614,2026-09-14 07:45:07,Rodneymouth,KG,0
ACC000830,2026-09-14 07:45:07,Douglasland,SN,1
ACC003740,2026-09-14 07:45:07,Smithton,HU,0
ACC002685,2026-09-14 07:45:08,Harmonland,PT,0
ACC000917,2026-09-14 07:45:08,North Carlachester,MX,0
ACC000393,2026-09-14 07:45:08,Marymouth,BH,0
ACC001556,2026-09-14 07:45:08,South William,CV,0
ACC004514,2026-09-14 07:45:08,Jacksonland,TR,0
ACC001111,2026-09-14 07:45:09,West Jacqueline,SL,0
ACC001071,2026-09-14 07:45:09,North Darrenchester,BD,0
ACC001826,2026-09-14 07:45:09,South Stevenport,PK,0
ACC001830,2026-09-14 07:45:09,Kellyberg,MD,0
ACC004129,2026-09-14 07:45:10,Williamsland,BN,0
ACC000485,2026-09-14 07:45:10,Amandafort,PK,0
ACC001018,2026-09-14 07:45:11,East Blake,BO,0
ACC002306,2026-09-14 07:45:12,North David,CV,0
ACC000934,2026-09-14 07:45:12,Lake Keith,ZA,0
ACC003458,2026-09-14 07:45:12,Frederickshire,TM,0
ACC000026,2026-09-14 07:45:12,Nguyenburgh,VU,0
ACC003454,2026-09-14 07:45:12,East Sarah,CO,0
ACC004480,2026-09-14 07:45:12,South David,IE,0
ACC002720,2026-09-14 07:45:12,East Cristina,FJ,1
ACC002657,2026-09-14 07:45:12,East Sarahshire,NA,0
ACC000541,2026-09-14 07:45:13,Lake Valerieside,KR,0
ACC000247,2026-09-14 07:45:13,New Tammytown,HT,0
ACC000108,2026-09-14 07:45:13,Vargasbury,MU,0
ACC004008,2026-09-14 07:45:13,East Valeriestad,RO,0
ACC004384,2026-09-14 07:45:13,Martinmouth,SD,0
ACC003308,2026-09-14 07:45:14,Lake Zachary,IQ,0
ACC002226,2026-09-14 07:45:14,West William,BF,1
ACC001909,2026-09-14 07:45:14,Mistyland,NO,0
ACC000790,2026-09-14 07:45:14,South Matthewfort,NI,0
ACC000654,2026-09-14 07:45:15,Muellerside,AE,0
ACC001780,2026-09-14 07:45:15,Valdezstad,TO,0
ACC001584,2026-09-14 07:45:15,North Michelle,GR,0
ACC004992,2026-09-14 07:45:15,Port Alexander,SB,0
ACC003344,2026-09-14 07:45:16,North Benjamin,ST,1
ACC000091,2026-09-14 07:45:16,Patrickchester,BZ,0
ACC003067,2026-09-14 07:45:16,Annetteburgh,ZM,0
ACC004730,2026-09-14 07:45:16,Sabrinahaven,SA,1
ACC002825,2026-09-14 07:45:16,Whiteborough,GQ,0
ACC003464,2026-09-14 07:45:16,Alexafort,TW,0
ACC001707,2026-09-14 07:45:17,West Karatown,AF,0
ACC004717,2026-09-14 07:45:17,Jacksonton,BG,1
ACC001859,2026-09-14 07:45:17,West Meredithchester,DO,0
ACC003017,2026-09-14 07:45:17,Chrisview,BS,0
ACC003876,2026-09-14 07:45:17,Lewisshire,CN,0
ACC001995,2026-09-14 07:45:18,Amyside,NE,0
ACC003782,2026-09-14 07:45:18,Adamsmouth,RW,1
ACC003014,2026-09-14 07:45:18,East Scott,LV,0
ACC001736,2026-09-14 07:45:18,Penaton,DE,0
ACC002406,2026-09-14 07:45:18,East Vanessahaven,GY,0
ACC004557,2026-09-14 07:45:19,North Carolland,LB,0
ACC001741,2026-09-14 07:45:19,New Tammy,DE,0
ACC001027,2026-09-14 07:45:19,South Heatherfurt,DJ,0
ACC001895,2026-09-14 07:45:19,Smithmouth,DE,0
ACC002543,2026-09-14 07:45:20,Williamsstad,BY,0
ACC001130,2026-09-14 07:45:20,Jonesborough,BT,1
ACC004976,2026-09-14 07:45:20,New John,KI,0
ACC001381,2026-09-14 07:45:21,Shawview,PA,0
ACC000996,2026-09-14 07:45:21,New Kathrynstad,AE,0
ACC004092,2026-09-14 07:45:21,West Marcus,KH,0
ACC000735,2026-09-14 07:45:21,Porterborough,BJ,0
ACC004953,2026-09-14 07:45:21,East Valeriechester,KR,0
ACC003511,2026-09-14 07:45:22,Courtneyton,CN,0
ACC000656,2026-09-14 07:45:23,Mitchellfurt,ER,0
ACC000197,2026-09-14 07:45:23,Port Anneport,GA,0
ACC000657,2026-09-14 07:45:23,Lake Richard,FI,0
ACC001653,2026-09-14 07:45:24,Kathleenview,AF,1
ACC003109,2026-09-14 07:45:24,New Melissa,CH,0
ACC000244,2026-09-14 07:45:24,Smithchester,LK,0
ACC004804,2026-09-14 07:45:24,Ashleyland,RO,1
ACC004629,2026-09-14 07:45:25,West Richardbury,GH,0
ACC001556,2026-09-14 07:45:25,East Ronnie,LU,1
ACC001823,2026-09-14 07:45:25,Rodriguezborough,PY,0
ACC004828,2026-09-14 07:45:25,North Patriciafort,AG,0
ACC001492,2026-09-14 07:45:26,West Coryport,KI,0
ACC003033,2026-09-14 07:45:26,Garciamouth,MC,0
ACC001885,2026-09-14 07:45:27,South Beth,TM,0
ACC003088,2026-09-14 07:45:28,Danielsberg,JP,0
ACC000999,2026-09-14 07:45:28,Dyerbury,IQ,0
ACC002148,2026-09-14 07:45:29,South Jesse,PA,0
ACC001106,2026-09-14 07:45:29,Mikaylaland,MA,0
ACC000057,2026-09-14 07:45:29,Christensenland,GH,0
ACC004137,2026-09-14 07:45:30,Kendraborough,SE,1
ACC001658,2026-09-14 07:45:30,Saraburgh,PA,0
ACC003095,2026-09-14 07:45:30,Petersville,ZA,0
ACC003918,2026-09-14 07:45:30,New Susan,AM,0
ACC000149,2026-09-14 07:45:30,Codymouth,ID,0
ACC001153,2026-09-14 07:45:30,Mcclainshire,VC,0
ACC003562,2026-09-14 07:45:32,Samanthachester,LK,0
ACC004443,2026-09-14 07:45:32,Huangborough,IS,0
ACC004501,2026-09-14 07:45:32,South Patrickshire,YE,0
ACC001037,2026-09-14 07:45:33,New Jeffrey,DM,1
ACC001142,2026-09-14 07:45:33,Davidshire,SB,0
ACC000882,2026-09-14 07:45:33,West Audreybury,MA,0
ACC000464,2026-09-14 07:45:33,Mitchellside,CA,0
ACC004450,2026-09-14 07:45:34,West Karen,LK,0
ACC003003,2026-09-14 07:45:34,North Johnberg,KM,0
ACC002007,2026-09-14 07:45:35,South Matthew,DE,0
ACC004561,2026-09-14 07:45:35,Lake Alexandraside,TV,0
ACC001126,2026-09-14 07:45:35,New Robert,BT,1
ACC000224,2026-09-14 07:45:36,Friedmanmouth,IE,0
ACC003503,2026-09-14 07:45:36,New Jamesview,NA,1
ACC002204,2026-09-14 07:45:36,Steeleland,LU,0
ACC002202,2026-09-14 07:45:36,East Keithstad,LU,0
ACC004804,2026-09-14 07:45:36,New Alexanderport,GA,0
ACC002262,2026-09-14 07:45:37,North Greg,SV,0
ACC002412,2026-09-14 07:45:37,West Sarah,BY,0
ACC000308,2026-09-14 07:45:37,Smithhaven,LV,0
ACC003525,2026-09-14 07:45:37,Leeborough,EG,0
ACC001229,2026-09-14 07:45:38,East Juanfurt,BA,0
ACC004258,2026-09-14 07:45:38,Port Michelleburgh,AM,0
ACC001651,2026-09-14 07:45:38,West Sandrahaven,BJ,0
ACC002741,2026-09-14 07:45:38,Coleton,SC,0
ACC002875,2026-09-14 07:45:38,Tammyton,NI,0
ACC000384,2026-09-14 07:45:39,Richardview,JP,0
ACC000240,2026-09-14 07:45:39,Moralesland,BH,0
ACC000266,2026-09-14 07:45:41,West Lindabury,LI,0
ACC001688,2026-09-14 07:45:41,Butlerfurt,SE,0
ACC003402,2026-09-14 07:45:41,Burtonview,GH,0
ACC000192,2026-09-14 07:45:41,Ethanborough,BN,0
ACC003547,2026-09-14 07:45:41,West Lynnbury,SE,1
ACC003348,2026-09-14 07:45:41,New Andrewmouth,PH,0
ACC000437,2026-09-14 07:45:42,East Jennifer,VU,0
ACC000807,2026-09-14 07:45:42,New Donald,EC,0
ACC003830,2026-09-14 07:45:42,Port Anthony,IL,0
ACC003366,2026-09-14 07:45:43,East Kristinamouth,SL,0
ACC002807,2026-09-14 07:45:43,Wrightport,PL,0
ACC003614,2026-09-14 07:45:44,Derrickchester,IQ,0
ACC000366,2026-09-14 07:45:44,Cheyenneland,PT,0
ACC003495,2026-09-14 07:45:44,Katiehaven,NP,0
ACC000391,2026-09-14 07:45:44,Lake Amber,NA,0
ACC002477,2026-09-14 07:45:45,Lisafurt,ES,0
ACC002104,2026-09-14 07:45:45,Smithfort,UY,1
ACC004209,2026-09-14 07:45:45,Port Danielville,LS,0
ACC000564,2026-09-14 07:45:45,South Abigail,YE,0
ACC001298,2026-09-14 07:45:46,Jacobview,VE,0
ACC003920,2026-09-14 07:45:47,Lopezfort,BT,0
ACC002461,2026-09-14 07:45:48,North Kyle,GB,0
ACC004916,2026-09-14 07:45:48,Benjaminhaven,BN,0
ACC003173,2026-09-14 07:45:48,Zacharyside,TW,0
ACC003065,2026-09-14 07:45:48,North Robertbury,LT,0
ACC000113,2026-09-14 07:45:48,Port Paul,AU,1
ACC002505,2026-09-14 07:45:49,North Gregory,SV,0
ACC000658,2026-09-14 07:45:49,New Meredithmouth,NA,0
ACC002394,2026-09-14 07:45:50,Smithside,MZ,0
ACC004306,2026-09-14 07:45:50,Charlesport,LU,0
ACC001833,2026-09-14 07:45:50,Jordanchester,BI,0
ACC004358,2026-09-14 07:45:50,North Michaelborough,AE,0
ACC004441,2026-09-14 07:45:51,Youngfurt,FM,1
ACC002357,2026-09-14 07:45:51,Jamesport,CG,0
ACC004182,2026-09-14 07:45:52,Charlesland,PW,0
ACC003044,2026-09-14 07:45:52,Sarahport,NR,1
ACC000213,2026-09-14 07:45:52,Port Melody,VA,0
ACC001024,2026-09-14 07:45:53,Lake Manuelborough,HR,0
ACC004365,2026-09-14 07:45:54,New Loristad,RO,0
ACC000000,2026-09-14 07:45:54,Jenniferville,TN,0
ACC001728,2026-09-14 07:45:54,Lake Elijah,ID,0
ACC002806,2026-09-14 07:45:55,Jamesbury,BH,0
ACC004330,2026-09-14 07:45:56,Kyleland,JO,1
ACC000735,2026-09-14 07:45:56,Duaneland,BZ,0
ACC004235,2026-09-14 07:45:57,Mezaberg,CZ,0
ACC003532,2026-09-14 07:45:57,Wardchester,BJ,0
ACC003650,2026-09-14 07:45:57,North Robert,AF,0
ACC002615,2026-09-14 07:45:58,Carolynport,GT,0
ACC002466,2026-09-14 07:45:59,Englishmouth,GR,0
ACC004800,2026-09-14 07:45:59,Daviston,MK,0
ACC004631,2026-09-14 07:45:59,Dixonhaven,CF,0
ACC003769,2026-09-14 07:45:59,North Laurieborough,LB,1
ACC004087,2026-09-14 07:45:59,Bakerburgh,AU,0
ACC000603,2026-09-14 07:46:00,Port Joshua,SZ,0
ACC001835,2026-09-14 08:40:00,New Richard,SN,1
ACC004473,2026-09-14 08:40:00,Sanchezchester,AE,1
ACC000272,2026-09-14 08:40:00,Port Sarahview,PK,0
ACC000844,2026-09-14 08:40:01,New Monicaburgh,CN,0
ACC000818,2026-09-14 08:40:01,East Danaton,ZM,0
ACC004152,2026-09-14 08:40:01,East David,SG,0
ACC000549,2026-09-14 08:40:01,Adkinsmouth,PH,0
ACC004179,2026-09-14 08:40:02,Laceyville,NL,0
ACC000715,2026-09-14 08:40:02,Bakerville,YE,0
ACC002922,2026-09-14 08:40:02,New Steven,TT,1
ACC002300,2026-09-14 08:40:02,New Jessicamouth,US,0
ACC004417,2026-09-14 08:40:03,West Williamberg,RS,0
ACC001614,2026-09-14 08:40:03,North Peter,LC,0
ACC004550,2026-09-14 08:40:03,North Carrietown,MU,1
ACC002045,2026-09-14 08:40:03,North Johnchester,LY,0
ACC002504,2026-09-14 08:40:05,Christineville,IL,0
ACC000305,2026-09-14 08:40:06,New Wesleyton,MY,0
ACC004046,2026-09-14 08:40:06,Lisaville,MA,0
ACC004320,2026-09-14 08:40:07,East Robertside,CV,0
ACC001832,2026-09-14 08:40:07,Peggychester,AO,0
ACC001395,2026-09-14 08:40:07,Roberttown,FR,0
ACC004477,2026-09-14 08:40:07,Margaretport,TT,0
ACC004039,2026-09-14 08:40:07,Vincentshire,GT,0
ACC002104,2026-09-14 08:40:07,East Paulamouth,SN,0
ACC001955,2026-09-14 08:40:08,East Tonyview,IQ,0
ACC000822,2026-09-14 08:40:09,Port Melissa,KP,0
ACC001085,2026-09-14 08:40:09,North Reneeton,SR,0
ACC000559,2026-09-14 08:40:09,Lake Chelseashire,CN,0
ACC000961,2026-09-14 08:40:09,Port Nancy,HN,0
ACC001004,2026-09-14 08:40:10,West Beverlyburgh,ER,0
ACC004541,2026-09-14 08:40:10,East Stephaniemouth,FM,0
ACC003598,2026-09-14 08:40:10,Shawnmouth,LU,0
ACC002488,2026-09-14 08:40:10,Adkinsburgh,PY,0
ACC003057,2026-09-14 08:40:10,Dunnfurt,US,0
ACC003748,2026-09-14 08:40:11,West Sarahburgh,ML,0
ACC000152,2026-09-14 08:40:11,Laurahaven,AG,0
ACC001124,2026-09-14 08:40:12,Myersfort,GM,0
ACC001446,2026-09-14 08:40:12,Brandonland,CZ,1
ACC004679,2026-09-14 08:40:12,North Monicabury,TW,0
ACC004600,2026-09-14 08:40:13,South Traceyside,KE,0
ACC000732,2026-09-14 08:40:13,North Danielleburgh,IS,0
ACC000688,2026-09-14 08:40:13,New Kathyburgh,AT,0
ACC001746,2026-09-14 08:40:13,Traciborough,GQ,0
ACC003885,2026-09-14 08:40:13,Thomasport,JP,0
ACC003953,2026-09-14 08:40:14,Nicolefurt,GW,0
ACC002534,2026-09-14 08:40:15,New Elizabethberg,MT,0
ACC000149,2026-09-14 08:40:15,East Michaelshire,AT,0
ACC002517,2026-09-14 08:40:16,West Stephen,KI,1
ACC000725,2026-09-14 08:40:16,North Katherine,CM,0
ACC000877,2026-09-14 08:40:17,Clinetown,WS,0
ACC001401,2026-09-14 08:40:17,Wilsonberg,CU,0
ACC001887,2026-09-14 08:40:17,East Rachaelview,AM,0
ACC001708,2026-09-14 08:40:17,Port Jessicamouth,BZ,0
ACC004433,2026-09-14 08:40:17,New Alexistown,SB,0
ACC000709,2026-09-14 08:40:17,Lake Karl,BO,0
ACC002540,2026-09-14 08:40:17,Anthonymouth,PE,1
ACC002444,2026-09-14 08:40:18,North Richardland,MG,0
ACC002877,2026-09-14 08:40:19,Lake Peterberg,ER,0
ACC003210,2026-09-14 08:40:19,East Evanland,PE,0
ACC002720,2026-09-14 08:40:19,West Bridgetmouth,JO,0
ACC001557,2026-09-14 08:40:20,Lake Williammouth,ID,1
ACC002494,2026-09-14 08:40:20,East Nathanielberg,OM,0
ACC000481,2026-09-14 08:40:20,Gonzalezfort,CN,0
ACC001923,2026-09-14 08:40:20,West Timothy,BT,0
ACC003413,2026-09-14 08:40:20,Davidville,MR,0
ACC002666,2026-09-14 08:40:20,North Kristi,BR,0
ACC000261,2026-09-14 08:40:21,Taylorborough,SY,0
ACC000026,2026-09-14 08:40:22,East James,PE,0
ACC002116,2026-09-14 08:40:23,Stricklandhaven,WS,0
ACC001087,2026-09-14 08:40:24,Sandratown,GN,1
ACC000723,2026-09-14 08:40:24,New Cherylton,MZ,0
ACC004623,2026-09-14 08:40:24,North Brent,DJ,1
ACC001710,2026-09-14 08:40:25,Mariaside,NE,0
ACC003215,2026-09-14 08:40:26,Fordton,CO,0
ACC004836,2026-09-14 08:40:26,Paulashire,AU,0
ACC001532,2026-09-14 08:40:26,Lake Kayla,GR,0
ACC000864,2026-09-14 08:40:28,Davidton,VE,0
ACC002221,2026-09-14 08:40:28,East Travisland,AD,0
ACC001892,2026-09-14 08:40:28,Carlport,TL,0
ACC002761,2026-09-14 08:40:29,Michaelfurt,ET,0
ACC002353,2026-09-14 08:40:29,Josephstad,CG,0
ACC000379,2026-09-14 08:40:30,Hoodshire,BZ,0
ACC001972,2026-09-14 08:40:30,Crystalbury,PH,0
ACC003175,2026-09-14 08:40:30,Leeport,IQ,0
ACC002248,2026-09-14 08:40:30,New Anthony,KG,0
ACC004104,2026-09-14 08:40:31,Lowerytown,NZ,0
ACC001295,2026-09-14 08:40:31,Scottport,KN,0
ACC004160,2026-09-14 08:40:31,Garrettside,PG,0
ACC003715,2026-09-14 08:40:33,West Joycehaven,YE,0
ACC000412,2026-09-14 08:40:33,Sheppardbury,ZM,0
ACC001979,2026-09-14 08:40:34,New Kevinton,HU,0
ACC002442,2026-09-14 08:40:34,North Daniel,HR,0
ACC001953,2026-09-14 08:40:35,East Garymouth,MG,0
ACC002077,2026-09-14 08:40:36,Port Loritown,CH,0
ACC000790,2026-09-14 08:40:36,Travisview,BR,0
ACC001420,2026-09-14 08:40:36,Cooperton,GH,0
ACC000526,2026-09-14 08:40:36,Mcdanielborough,ID,0
ACC002014,2026-09-14 08:40:36,Donaldbury,SD,0
ACC000526,2026-09-14 08:40:36,East Tracybury,IL,1
ACC001230,2026-09-14 08:40:37,Clarkport,IN,0
ACC000043,2026-09-14 08:40:37,Port Anthony,CZ,0
ACC002430,2026-09-14 08:40:39,Lake Miguelmouth,LK,0
ACC000706,2026-09-14 08:40:39,Obrienfort,FR,0
ACC004083,2026-09-14 08:40:39,Port Jenny,BY,0
ACC001194,2026-09-14 08:40:39,Brownborough,BN,0
ACC003530,2026-09-14 08:40:40,Port Stephenview,PL,0
ACC004661,2026-09-14 08:40:41,West Kimberlyhaven,LV,0
ACC000266,2026-09-14 08:40:41,Morganbury,YE,0
ACC004379,2026-09-14 08:40:41,Frankville,AG,0
ACC003196,2026-09-14 08:40:42,Annefurt,NG,1
ACC003813,2026-09-14 08:40:42,Michellestad,DM,0
ACC002446,2026-09-14 08:40:42,South Jeremiahberg,RU,0
ACC001579,2026-09-14 08:40:42,North Jessica,BH,0
ACC003605,2026-09-14 08:40:43,Lake Alexis,TM,0
ACC000209,2026-09-14 08:40:43,Bellton,EC,1
ACC002175,2026-09-14 08:40:43,Stevebury,SI,0
ACC003129,2026-09-14 08:40:44,Lisaborough,IQ,0
ACC001608,2026-09-14 08:40:44,Phillipsburgh,BO,0
ACC004046,2026-09-14 08:40:44,New Daniel,AU,0
ACC003118,2026-09-14 08:40:44,Amberhaven,BI,0
ACC003173,2026-09-14 08:40:45,Williammouth,MY,0
ACC001631,2026-09-14 08:40:45,Holdertown,PS,0
ACC004752,2026-09-14 08:40:45,East Johntown,LY,0
ACC000070,2026-09-14 08:40:45,North David,LU,0
ACC002648,2026-09-14 08:40:45,Thompsonborough,MA,0
ACC004421,2026-09-14 08:40:46,West Donnabury,DJ,0
ACC001154,2026-09-14 08:40:46,Lake Matthewland,ML,1
ACC003889,2026-09-14 08:40:46,Kelseystad,HT,0
ACC004384,2026-09-14 08:40:47,Stephanieshire,TL,0
ACC003254,2026-09-14 08:40:47,Gregoryview,SC,0
ACC001795,2026-09-14 08:40:47,Johnchester,JO,0
ACC000395,2026-09-14 08:40:47,Port Ambermouth,TR,0
ACC003767,2026-09-14 08:40:47,Christophershire,NA,0
ACC004556,2026-09-14 08:40:48,Port Jenniferstad,SK,0
ACC000555,2026-09-14 08:40:48,Cruzchester,RU,0
ACC004022,2026-09-14 08:40:49,Leonfurt,MV,0
ACC000986,2026-09-14 08:40:49,Masonton,AM,0
ACC002348,2026-09-14 08:40:49,North Philipport,GA,0
ACC002716,2026-09-14 08:40:49,Martinezfort,AR,0
ACC002516,2026-09-14 08:40:49,Christyland,BG,0
ACC002991,2026-09-14 08:40:50,Brandonland,YE,0
ACC001988,2026-09-14 08:40:50,Lake Donnaville,NR,0
ACC004897,2026-09-14 08:40:50,Lake Angelabury,PY,0
ACC000546,2026-09-14 08:40:50,New Ernest,BI,1
ACC004818,2026-09-14 08:40:50,Matthewshire,MK,0
ACC001894,2026-09-14 08:40:50,Taylorland,PS,1
ACC003488,2026-09-14 08:40:50,Jensenfort,KR,0
ACC003635,2026-09-14 08:40:51,Keithview,CY,0
ACC000719,2026-09-14 08:40:51,Mileschester,BW,0
ACC002268,2026-09-14 08:40:51,Jeffreyport,FI,0
ACC001442,2026-09-14 08:40:52,Wongstad,SV,0
ACC002258,2026-09-14 08:40:52,West Holly,LU,0
ACC003145,2026-09-14 08:40:52,North Raymond,CG,0
ACC003307,2026-09-14 08:40:52,Alexview,MC,0
ACC004330,2026-09-14 08:40:53,Khanport,GT,0
ACC001963,2026-09-14 08:40:53,Maldonadoville,SV,0
ACC001015,2026-09-14 08:40:53,Allenhaven,GA,0
ACC001521,2026-09-14 08:40:53,Scottton,PA,0
ACC001033,2026-09-14 08:40:54,Normanbury,GQ,0
ACC004323,2026-09-14 08:40:54,West Sandra,VU,0
ACC004751,2026-09-14 08:40:54,Blakemouth,CF,0
ACC002914,2026-09-14 08:40:56,Port Richardfort,NP,0
ACC004006,2026-09-14 08:40:56,North Kevinhaven,PT,0
ACC004599,2026-09-14 08:40:56,Pamelatown,DM,0
ACC000682,2026-09-14 08:40:56,Port Jill,KI,0
ACC002705,2026-09-14 08:40:56,Jessicafort,BS,0
ACC003210,2026-09-14 08:40:56,Port Scott,MK,0
ACC003369,2026-09-14 08:40:56,Keystad,LY,0
ACC001533,2026-09-14 08:40:56,Catherinemouth,PH,0
ACC001504,2026-09-14 08:40:57,Lake Rebekahhaven,MA,0
ACC004335,2026-09-14 08:40:57,Sharonmouth,PS,0
ACC003820,2026-09-14 08:40:57,North Shelia,EG,0
ACC000715,2026-09-14 08:40:58,Lewiston,SC,0
ACC004583,2026-09-14 08:40:58,New Natashabury,GE,0
ACC001901,2026-09-14 08:40:58,Mackville,ID,0
ACC004657,2026-09-14 08:40:59,Ellisfort,BI,0
ACC004805,2026-09-14 08:40:59,Lake Stephenfort,AG,0
ACC002093,2026-09-14 08:40:59,East Kathy,BA,0
ACC001094,2026-09-14 08:40:59,East Hollymouth,NR,0
ACC000008,2026-09-14 08:41:00,Allisonberg,ET,1
ACC003720,2026-09-14 08:41:00,East Jamiemouth,NI,0
ACC000662,2026-09-14 08:41:00,New Priscilla,BF,0
ACC000775,2026-09-14 08:41:00,South Christinahaven,LS,0
ACC001269,2026-09-14 08:41:00,New Jesusmouth,WS,0
ACC002373,2026-09-14 08:41:00,Sandersshire,ME,0
ACC000433,2026-09-14 08:41:00,Port Ethan,BB,0
ACC000463,2026-09-14 08:41:01,Lake Vanessa,UA,0
ACC000455,2026-09-14 08:41:02,Karenberg,CV,0
ACC003116,2026-09-14 08:41:02,Mendozaville,CV,0
ACC001114,2026-09-14 08:41:02,South Pamelaborough,RS,0
ACC003673,2026-09-14 08:41:02,South Sean,SA,0
ACC003272,2026-09-14 08:41:02,Lake Timothyville,LS,0
ACC002904,2026-09-14 08:41:03,Rodriguezfurt,SI,0
ACC002754,2026-09-14 08:41:03,Carlaland,LT,0
ACC004838,2026-09-14 08:41:03,Deborahberg,LU,0
ACC002923,2026-09-14 08:41:03,New Caitlin,MK,0
ACC001198,2026-09-14 08:41:03,Rosebury,HU,0
ACC003749,2026-09-14 08:41:04,Samuelton,IT,0
ACC004129,2026-09-14 08:41:05,Paulside,VC,0
ACC004467,2026-09-14 08:41:05,Timothyburgh,EG,0
ACC002793,2026-09-14 08:41:05,Owensburgh,PE,0
ACC003109,2026-09-14 08:41:05,Lake Destiny,HT,0
ACC000404,2026-09-14 08:41:05,Amandabury,BT,0
ACC000337,2026-09-14 08:41:06,North Teresa,DM,0
ACC002187,2026-09-14 08:41:06,Earlburgh,FR,1
ACC001380,2026-09-14 08:41:07,Brooksmouth,AO,0
ACC003796,2026-09-14 08:41:07,South Katietown,ES,0
ACC004896,2026-09-14 08:41:08,Rodriguezland,HR,0
ACC002207,2026-09-14 08:41:08,Vangtown,FM,0
ACC003296,2026-09-14 08:41:08,Lopezfurt,GR,0
ACC000465,2026-09-14 08:41:08,Miguelburgh,ME,0
ACC000703,2026-09-14 08:41:08,Frenchside,AG,0
ACC000879,2026-09-14 08:41:09,Cameronfurt,KH,0
ACC001716,2026-09-14 08:41:09,Port Josephtown,TR,0
ACC004489,2026-09-14 08:41:09,East Bruceberg,IT,1
ACC002306,2026-09-14 08:41:10,New Wendyborough,PE,0
ACC001714,2026-09-14 08:41:10,West John,IN,1
ACC000703,2026-09-14 08:41:10,New Chelsea,CU,0
ACC002401,2026-09-14 08:41:10,Meganmouth,ZM,0
ACC004082,2026-09-14 08:41:10,Brianport,AF,0
ACC000414,2026-09-14 08:41:10,South Bryanfurt,VA,0
ACC001557,2026-09-14 08:41:11,South Taylor,CG,0
ACC000508,2026-09-14 08:41:11,Robinsonhaven,CM,0
ACC000943,2026-09-14 08:41:11,Port Timothymouth,NL,0
ACC003006,2026-09-14 08:41:11,Hickschester,EC,0
ACC003646,2026-09-14 08:41:11,Norrismouth,CO,0
ACC004053,2026-09-14 08:41:12,South Douglas,KZ,1
ACC002639,2026-09-14 08:41:12,Millerport,AM,0
ACC000989,2026-09-14 08:41:12,Brownside,TT,0
ACC002684,2026-09-14 08:41:12,Scottton,EE,0
ACC000796,2026-09-14 08:41:13,Bentonview,TH,0
ACC003041,2026-09-14 08:41:13,Scottville,CY,1
ACC004959,2026-09-14 08:41:13,Lake Robert,UY,1
ACC003580,2026-09-14 08:41:13,Salinasside,VU,0
ACC001688,2026-09-14 08:41:13,Hernandezview,KZ,0
ACC003083,2026-09-14 08:41:14,Bellfurt,PS,0
ACC000335,2026-09-14 08:41:14,New Danny,BO,0
ACC000913,2026-09-14 08:41:14,Rodriguezberg,GM,0
ACC003999,2026-09-14 08:41:14,Karinaburgh,TR,0
ACC001921,2026-09-14 08:41:14,Jamiehaven,CH,0
ACC002967,2026-09-14 08:41:14,North Chelsea,BG,0
ACC000554,2026-09-14 08:41:14,Brandonberg,LA,0
ACC004740,2026-09-14 08:41:15,Port Heather,LU,1
ACC002525,2026-09-14 08:41:15,Lake Nicholas,VN,1
ACC000434,2026-09-14 08:41:16,North Juan,NA,1
ACC001024,2026-09-14 08:41:16,Port Jeffrey,TN,0
ACC001700,2026-09-14 08:41:16,North Marystad,GY,0
ACC002938,2026-09-14 08:41:16,Lake Joshuaton,KR,1
ACC004188,2026-09-14 08:41:16,Ryanmouth,MW,0
ACC002369,2026-09-14 08:41:16,South Tracyfort,BJ,0
ACC003466,2026-09-14 08:41:16,East Dylanview,BY,0
ACC000329,2026-09-14 08:41:17,East Timothyview,MW,0
ACC001906,2026-09-14 08:41:17,West Sarah,GT,0
ACC001844,2026-09-14 08:41:17,Maryfurt,RU,1
ACC003424,2026-09-14 08:41:17,Codyport,UY,0
ACC002666,2026-09-14 08:41:17,West Thomasside,LU,0
ACC000818,2026-09-14 08:41:17,East Trevor,PT,0
ACC004776,2026-09-14 08:41:18,Garciafort,PH,1
ACC002981,2026-09-14 08:41:18,North Rebeccamouth,DO,1
ACC002082,2026-09-14 08:41:18,Lake Kelliemouth,KI,0
ACC000961,2026-09-14 08:41:18,North Richard,IQ,0
ACC000212,2026-09-14 08:41:18,North Mark,UA,0
ACC004657,2026-09-14 08:41:19,West Martha,IN,0
ACC002642,2026-09-14 08:41:19,New Crystal,DM,0
ACC001795,2026-09-14 08:41:19,Brandimouth,HT,0
ACC003718,2026-09-14 08:41:19,Lake Colleen,GR,0
ACC004584,2026-09-14 08:41:20,Jordanside,VU,0
ACC003603,2026-09-14 08:41:20,East Derek,KM,0
ACC003031,2026-09-14 08:41:21,New Anna,NI,1
ACC003655,2026-09-14 08:41:22,North Kevin,AL,1
ACC000970,2026-09-14 08:41:22,Johnmouth,UG,0
ACC003934,2026-09-14 08:41:22,Josephside,PH,0
ACC002696,2026-09-14 08:41:22,Lake Haileystad,AO,0
ACC002394,2026-09-14 08:41:23,Flemingview,DJ,0
ACC000992,2026-09-14 08:41:23,North Kimberlyside,BW,0
ACC000387,2026-09-14 08:41:24,Lopezberg,GA,0
ACC001541,2026-09-14 08:41:25,Gomezfort,ER,1
ACC002920,2026-09-14 08:41:25,West Brandon,RO,0
ACC004388,2026-09-14 08:41:26,Zunigamouth,MV,0
ACC001793,2026-09-14 08:41:27,Faulknerville,SA,0
ACC004519,2026-09-14 08:41:27,New Joseph,PW,0
ACC004582,2026-09-14 08:41:27,East Justin,TG,0
ACC000714,2026-09-14 08:41:27,North Jason,MV,0
ACC002365,2026-09-14 08:41:29,Dianashire,LI,0
ACC000536,2026-09-14 08:41:29,Ericahaven,SN,0
ACC004910,2026-09-14 08:41:29,Wrightmouth,IN,1
ACC001038,2026-09-14 08:41:29,West Cynthia,RU,0
ACC001941,2026-09-14 08:41:30,Lake Justinshire,TV,0
ACC004414,2026-09-14 08:41:30,Port Robertside,SD,0
ACC001683,2026-09-14 08:41:30,Stephenville,SM,0
ACC000382,2026-09-14 08:41:30,Lake Jeffery,SD,0
ACC002699,2026-09-14 08:41:30,North Dawnmouth,MV,0
ACC002248,2026-09-14 08:41:30,Jamesland,AE,1
ACC002286,2026-09-14 08:41:31,New Elizabethfort,CN,0
ACC004068,2026-09-14 08:41:31,Jonestown,BI,1
ACC004344,2026-09-14 08:41:31,Christopherland,UY,0
ACC004110,2026-09-14 08:41:31,New Rebecca,BN,1
ACC004641,2026-09-14 08:41:32,Sandrafurt,NA,0
ACC000790,2026-09-14 08:41:32,Kevinborough,SM,0
ACC002508,2026-09-14 08:41:33,Cathyland,AD,0
ACC003556,2026-09-14 08:41:34,Dunnmouth,GE,0
ACC002325,2026-09-14 08:41:34,New Jacob,TV,0
ACC001802,2026-09-14 08:41:34,South Jenniferfurt,NP,0
ACC002793,2026-09-14 08:41:34,North Rebecca,PE,1
ACC001616,2026-09-14 08:41:34,West Rhondaton,ZM,0
ACC001919,2026-09-14 08:41:35,Harrisonburgh,NL,0
ACC003411,2026-09-14 08:41:35,Mccormickchester,KZ,0
ACC000431,2026-09-14 08:41:36,Lawsonstad,BH,0
ACC002490,2026-09-14 08:41:36,New Lauraburgh,VU,0
ACC003057,2026-09-14 08:41:36,North Kimberly,DO,1
ACC000082,2026-09-14 08:41:36,Ramosshire,SM,0
ACC004007,2026-09-14 08:41:36,Gregorychester,MV,0
ACC000864,2026-09-14 08:41:37,Lucasstad,TG,0
ACC003738,2026-09-14 08:41:37,Patriciaside,SC,1
ACC001275,2026-09-14 08:41:38,South Natashafurt,KG,0
ACC004289,2026-09-14 08:41:39,Port Sara,LR,0
ACC003992,2026-09-14 08:41:39,Merrittstad,CN,0
ACC003017,2026-09-14 08:41:39,Jeffreyberg,SM,0
ACC004520,2026-09-14 08:41:39,Lake Anthony,BR,0
ACC001997,2026-09-14 08:41:40,New Todd,BB,0
ACC001902,2026-09-14 08:41:40,Parkborough,ES,0
ACC003787,2026-09-14 08:41:40,Amyland,VN,0
ACC002267,2026-09-14 08:41:41,Coreyburgh,HU,0
ACC002039,2026-09-14 08:41:41,South Williammouth,PE,0
ACC000805,2026-09-14 08:41:42,Meganfort,GT,0
ACC002412,2026-09-14 08:41:42,Adamsstad,LK,0
ACC001280,2026-09-14 08:41:42,New Paula,ZM,0
ACC000446,2026-09-14 08:41:43,Wilsonview,JM,0
ACC001296,2026-09-14 08:41:43,Garzaborough,HR,0
ACC001983,2026-09-14 08:41:43,Schmidtview,SG,0
ACC004173,2026-09-14 08:41:44,Andersonhaven,TL,1
ACC003777,2026-09-14 08:41:44,North Mariofort,BZ,0
ACC001597,2026-09-14 08:41:44,Ashleyville,GY,1
ACC000760,2026-09-14 08:41:44,Buckleyburgh,CR,0
ACC004744,2026-09-14 08:41:45,South Cindyberg,NA,0
ACC001173,2026-09-14 08:41:45,South Shawnfurt,LU,0
ACC003261,2026-09-14 08:41:45,Annastad,MY,0
ACC003552,2026-09-14 08:41:45,Wadeside,LU,0
ACC003391,2026-09-14 08:41:45,Brianport,PG,0
ACC002108,2026-09-14 08:41:45,Danafort,VN,0
ACC002212,2026-09-14 08:41:46,North Ashleytown,AT,1
ACC000298,2026-09-14 08:41:47,Lake Hannah,MA,0
ACC004841,2026-09-14 08:41:47,Ramirezhaven,UZ,0
ACC000641,2026-09-14 08:41:48,Lake Debrafort,HN,0
ACC004695,2026-09-14 08:41:48,West William,CD,0
ACC000464,2026-09-14 08:41:49,Robertmouth,MM,0
ACC001827,2026-09-14 08:41:50,Jillbury,RO,0
ACC003326,2026-09-14 08:41:50,Johnchester,RO,1
ACC003354,2026-09-14 08:41:50,Robertamouth,CF,0
ACC001093,2026-09-14 08:41:51,West Brittanyhaven,MV,0
ACC001311,2026-09-14 08:41:51,North Andrew,GR,0
ACC001414,2026-09-14 08:41:51,South Charles,CZ,0
ACC003761,2026-09-14 08:41:51,Sandovalport,GT,0
ACC002789,2026-09-14 08:41:51,Port Mary,AL,0
ACC003504,2026-09-14 08:41:51,Colestad,CV,0
ACC004677,2026-09-14 08:41:53,South Dan,VA,1
ACC004413,2026-09-14 08:41:53,Alanhaven,KE,0
ACC001841,2026-09-14 08:41:53,South Colleen,CM,0
ACC004637,2026-09-14 08:41:54,South Laurenbury,ML,0
ACC004334,2026-09-14 08:41:55,Ramseyfurt,RW,0
ACC004427,2026-09-14 08:41:55,Lake Russell,BB,0
ACC001711,2026-09-14 08:41:55,Ramoshaven,UA,0
ACC003173,2026-09-14 08:41:55,West Alishatown,BA,0
ACC000668,2026-09-14 08:41:55,East Jessicastad,GA,0
ACC004673,2026-09-14 08:41:56,North Christinemouth,GH,0
ACC000406,2026-09-14 08:41:56,Christophershire,BG,0
ACC001768,2026-09-14 08:41:57,East Michael,EG,0
ACC002305,2026-09-14 08:41:57,Lake Gregory,MR,0
ACC000008,2026-09-14 08:41:58,Angelaburgh,NI,0
ACC004606,2026-09-14 08:41:58,Hortonstad,BI,1
ACC004967,2026-09-14 08:41:58,Wileyland,NI,0
ACC000896,2026-09-14 08:41:58,North Williamfurt,ET,0
ACC001710,2026-09-14 08:41:59,South Ashley,GE,0
ACC004822,2026-09-14 08:41:59,Michaelmouth,MY,0
ACC003743,2026-09-14 08:42:00,Patrickton,DM,0
ACC002626,2026-09-14 08:42:00,Bradleyhaven,BA,0
ACC000811,2026-09-14 08:42:00,Maynardstad,BR,0
ACC001472,2026-09-14 08:42:00,Jonathanchester,TJ,0
ACC002249,2026-09-14 08:42:01,Lake Jenniferchester,SB,0
ACC000034,2026-09-14 08:42:01,Shaunstad,AG,0
ACC001197,2026-09-14 08:42:02,Lake Jeffreyfurt,GH,0
ACC002537,2026-09-14 08:42:02,Kennethview,KG,0
ACC000865,2026-09-14 08:42:02,North Melissa,CI,0
ACC003924,2026-09-14 08:42:03,North Sabrina,DK,0
ACC000967,2026-09-14 08:42:04,North Dawnton,SE,0
ACC003668,2026-09-14 08:42:04,West Elizabethport,DZ,0
ACC002091,2026-09-14 08:42:05,East Matthew,KH,0
ACC001208,2026-09-14 08:42:06,South Trevor,MN,0
ACC000672,2026-09-14 08:42:06,Lake Meghan,UA,0
ACC000372,2026-09-14 08:42:06,Danafurt,RO,0
ACC001884,2026-09-14 08:42:07,Paigefurt,CF,0
ACC004967,2026-09-14 08:42:07,New Brian,TJ,0
ACC002644,2026-09-14 08:42:08,Markberg,SR,1
ACC000269,2026-09-14 08:42:08,Weavermouth,TJ,0
ACC001054,2026-09-14 08:42:08,North Matthew,KI,0
ACC001763,2026-09-14 08:42:08,East Andrew,JP,0
ACC004509,2026-09-14 08:42:08,Pollardborough,TT,1
ACC000290,2026-09-14 08:42:09,Port Williamfort,KE,0
ACC002733,2026-09-14 08:42:09,Thompsonview,UG,0
ACC003980,2026-09-14 08:42:09,Charlestown,TR,0
ACC001902,2026-09-14 08:42:09,West Cynthiaside,LA,1
ACC000489,2026-09-14 08:42:09,West Matthewville,PT,0
ACC004676,2026-09-14 08:42:10,Davidview,IL,0
ACC004616,2026-09-14 08:42:11,New Shelby,ST,0
ACC004633,2026-09-14 08:42:11,Thomasborough,ZW,0
ACC002687,2026-09-14 08:42:11,East Jody,AD,0
ACC000017,2026-09-14 08:42:11,Port Donaldton,BB,0
ACC003354,2026-09-14 08:42:12,Jessicafort,DK,0
ACC000998,2026-09-14 08:42:12,Jenniferville,DO,0
ACC000262,2026-09-14 08:42:12,Wardport,GH,0
ACC001635,2026-09-14 08:42:12,East Mark,GR,0
ACC002010,2026-09-14 08:42:12,Port Melanie,LA,0
ACC000578,2026-09-14 08:42:12,East Justinhaven,ST,0
ACC003798,2026-09-14 08:42:13,South Mitchell,IT,0
ACC004485,2026-09-14 08:42:13,Carolineview,DO,0
ACC001882,2026-09-14 08:42:13,Port Chad,CA,0
ACC002284,2026-09-14 08:42:14,Amyland,PA,0
ACC004279,2026-09-14 08:42:14,Whiteshire,MY,0
ACC003203,2026-09-14 08:42:14,East Douglasburgh,CU,0
ACC002452,2026-09-14 08:42:14,Meyersland,SE,0
ACC001535,2026-09-14 08:42:15,Sparksbury,TV,1
ACC003440,2026-09-14 08:42:15,Fieldschester,TL,0
ACC004496,2026-09-14 08:42:16,Hernandezchester,SO,1
ACC002214,2026-09-14 08:42:16,Port Michael,JM,1
ACC001113,2026-09-14 08:42:16,Lake Angelaview,DZ,0
ACC002596,2026-09-14 08:42:17,East Roy,HT,1
ACC000504,2026-09-14 08:42:17,Mcclainchester,TL,0
ACC003702,2026-09-14 08:42:17,Port Brian,CY,0
ACC004888,2026-09-14 08:42:17,West Peter,FR,0
ACC001243,2026-09-14 08:42:17,South John,KZ,0
ACC001845,2026-09-14 08:42:17,Weaverfort,CI,0
ACC002271,2026-09-14 08:42:17,Alexanderport,LU,0
ACC000315,2026-09-14 08:42:18,Montoyatown,GW,0
ACC003818,2026-09-14 08:42:18,Clineview,NG,0
ACC003897,2026-09-14 08:42:19,West Valerie,SZ,0
ACC001897,2026-09-14 08:42:19,Shanemouth,MH,0
ACC000569,2026-09-14 08:42:19,Jessicabury,SI,0
ACC002481,2026-09-14 08:42:19,South Sharonville,WS,0
ACC002434,2026-09-14 08:42:19,Millerton,ER,0
ACC001727,2026-09-14 08:42:19,East Ian,KG,0
ACC004574,2026-09-14 08:42:19,Wrightchester,SM,0
ACC002330,2026-09-14 08:42:19,West Georgeport,VE,0
ACC001285,2026-09-14 08:42:20,Clementsmouth,AF,0
ACC002675,2026-09-14 08:42:20,Paulberg,TD,0
ACC000477,2026-09-14 08:42:21,South Brittanyhaven,GR,0
ACC000264,2026-09-14 08:42:21,Lake Laura,KM,0
ACC000534,2026-09-14 08:42:21,East Rachelberg,KN,0
ACC004569,2026-09-14 08:42:21,South Karen,ZA,0
ACC002704,2026-09-14 08:42:22,West Amanda,CZ,0
ACC001831,2026-09-14 08:42:22,Tristanborough,BH,1
ACC003256,2026-09-14 08:42:22,Richardtown,CO,0
ACC004166,2026-09-14 08:42:22,Jonesmouth,NR,0
ACC001498,2026-09-14 08:42:22,Mariochester,SC,0
ACC001987,2026-09-14 08:42:22,Traviston,NP,0
ACC002908,2026-09-14 08:42:22,Port Davidton,SV,0
ACC001013,2026-09-14 08:42:23,East Christopher,DM,0
ACC003355,2026-09-14 08:42:23,Pennymouth,CF,0
ACC003637,2026-09-14 08:42:23,Thompsonburgh,PW,0
ACC002948,2026-09-14 08:42:24,Barrettfort,MU,0
ACC000485,2026-09-14 08:42:24,North Amandaberg,HN,0
ACC002285,2026-09-14 08:42:24,Port Jademouth,CG,0
ACC003443,2026-09-14 08:42:24,Beckton,US,0
ACC004888,2026-09-14 08:42:25,East Veronica,BG,0
ACC001537,2026-09-14 08:42:25,Whiteside,NA,0
ACC003425,2026-09-14 08:42:25,Friedmanside,KR,0
ACC000348,2026-09-14 08:42:25,Mariamouth,ES,0
ACC003584,2026-09-14 08:42:25,Ericamouth,SY,0
ACC000957,2026-09-14 08:42:26,South Christopherport,IR,0
ACC003234,2026-09-14 08:42:26,Erikshire,AM,0
ACC001509,2026-09-14 08:42:27,Donaldstad,SB,0
ACC001337,2026-09-14 08:42:27,East Jacobbury,HU,0
ACC002116,2026-09-14 08:42:27,Peterport,CN,0
ACC002277,2026-09-14 08:42:27,Bairdton,SN,0
ACC003423,2026-09-14 08:42:27,Jessicahaven,GM,0
ACC002377,2026-09-14 08:42:27,Garciatown,LB,0
ACC000739,2026-09-14 08:42:27,Melissashire,ML,0
ACC001325,2026-09-14 08:42:27,New Henry,UZ,0
ACC003353,2026-09-14 08:42:28,West Jasonton,SE,0
ACC002892,2026-09-14 08:42:29,Smithmouth,DM,0
ACC002554,2026-09-14 08:42:29,Katrinaberg,GW,0
ACC004982,2026-09-14 08:42:29,Port Logan,CF,0
ACC002016,2026-09-14 08:42:29,Port Scott,EC,1
ACC000463,2026-09-14 08:42:30,Lake Sara,DK,0
ACC001043,2026-09-14 08:42:30,Lake Kevin,MW,0
ACC004792,2026-09-14 08:42:31,North Morganstad,RW,0
ACC002657,2026-09-14 08:42:31,Nancybury,KI,0
ACC002926,2026-09-14 08:42:31,East Josephhaven,NR,0
ACC002834,2026-09-14 08:42:31,Brownville,VE,0
ACC001815,2026-09-14 08:42:31,Wilsonview,PK,1
ACC001612,2026-09-14 08:42:31,South Pamela,DK,0
ACC001006,2026-09-14 08:42:31,Steveville,CH,0
ACC002991,2026-09-14 08:42:32,Haleton,MA,0
ACC001149,2026-09-14 08:42:32,New Amanda,MV,0
ACC004362,2026-09-14 08:42:32,Clarkberg,DO,0
ACC002579,2026-09-14 08:42:33,North Brandon,PG,1
ACC001109,2026-09-14 08:42:33,Carlachester,LR,0
ACC004246,2026-09-14 08:42:34,Kevinmouth,BR,0
ACC002433,2026-09-14 08:42:35,New Stevenborough,FJ,1
ACC004803,2026-09-14 08:42:35,Port Madelineville,NI,0
ACC003626,2026-09-14 08:42:35,Port George,SV,1
ACC001931,2026-09-14 08:42:36,Patelville,BE,0
ACC004520,2026-09-14 08:42:37,Lake Martha,OM,0
ACC003993,2026-09-14 08:42:37,Pattersonport,PT,0
ACC003686,2026-09-14 08:42:37,Wrightton,TH,0
ACC002628,2026-09-14 08:42:37,Hunterton,IN,0
ACC002199,2026-09-14 08:42:38,Colefort,SC,0
ACC002725,2026-09-14 08:42:38,Martinezside,GT,0
ACC000139,2026-09-14 08:42:38,Matthewchester,CD,1
ACC003516,2026-09-14 08:42:38,New Cherylchester,BN,0
ACC003903,2026-09-14 08:42:38,Martinezmouth,LV,0
ACC004730,2026-09-14 08:42:38,North Ericchester,PS,0
ACC002986,2026-09-14 08:42:39,Youngport,LR,0
ACC003291,2026-09-14 08:42:39,Wardbury,SN,0
ACC002852,2026-09-14 08:42:40,Port Jesse,LY,0
ACC003861,2026-09-14 08:42:41,New Terri,IE,0
ACC003495,2026-09-14 08:42:41,North Nathaniel,PS,0
ACC002544,2026-09-14 08:42:41,North Robertaville,DK,0
ACC002132,2026-09-14 08:42:41,North Rachelland,MD,0
ACC003749,2026-09-14 08:42:41,South Blake,SR,0
ACC002557,2026-09-14 08:42:41,Port Alison,GE,0
ACC004322,2026-09-14 08:42:42,New Michaelmouth,MD,0
ACC002171,2026-09-14 08:42:42,Port Jessicamouth,LB,0
ACC003137,2026-09-14 08:42:42,Camerontown,LS,0
ACC003863,2026-09-14 08:42:42,Lake Brandonfurt,SE,0
ACC004036,2026-09-14 08:42:42,New Jason,CG,1
ACC003687,2026-09-14 08:42:42,Michellebury,CY,0
ACC002122,2026-09-14 08:42:43,Lopezshire,CO,1
ACC002464,2026-09-14 08:42:43,North Teresaland,LI,0
ACC004611,2026-09-14 08:42:43,Frankside,QA,0
ACC004610,2026-09-14 08:42:43,Nicholefort,VA,0
ACC004590,2026-09-14 08:42:43,Cassandrafort,GW,0
ACC004390,2026-09-14 08:42:43,Melissafort,AE,0
ACC000602,2026-09-14 08:42:44,Curtisfurt,KI,0
ACC002668,2026-09-14 08:42:44,East Susanbury,CI,0
ACC002395,2026-09-14 08:42:44,Port Andre,GH,0
ACC000207,2026-09-14 08:42:44,East James,CF,1
ACC004189,2026-09-14 08:42:45,Valentineside,NO,0
ACC003575,2026-09-14 08:42:45,Smithtown,AR,0
ACC001418,2026-09-14 08:42:45,Matthewshire,TZ,0
ACC000526,2026-09-14 08:42:45,New Candace,IT,0
ACC004667,2026-09-14 08:42:45,Novakbury,MG,0
ACC004470,2026-09-14 08:42:45,Edwardsfort,NP,0
ACC003466,2026-09-14 08:42:46,Johnton,KN,1
ACC000494,2026-09-14 08:42:46,Carolbury,BN,0
ACC003496,2026-09-14 08:42:46,Taylorhaven,LA,0
ACC004049,2026-09-14 08:42:48,East Derek,PH,0
ACC000507,2026-09-14 08:42:49,Johnborough,TV,0
ACC004509,2026-09-14 08:42:49,South Ann,GN,0
ACC001829,2026-09-14 08:42:49,Lisafurt,ST,0
ACC001563,2026-09-14 08:42:49,New Teresa,SL,0
ACC001243,2026-09-14 08:42:50,Blacktown,EG,0
ACC002544,2026-09-14 08:42:50,South Michael,JP,0
ACC002543,2026-09-14 08:42:50,South Deborahmouth,KP,0
ACC000775,2026-09-14 08:42:50,Loweborough,YE,0
ACC001665,2026-09-14 08:42:50,Davidside,GE,0
ACC001213,2026-09-14 08:42:50,Katherinestad,NE,0
ACC000052,2026-09-14 08:42:51,Aliciaborough,TZ,0
ACC003557,2026-09-14 08:42:51,West Rachelshire,VN,0
ACC000877,2026-09-14 08:42:51,North Bruce,JP,0
ACC003815,2026-09-14 08:42:52,Lake Daniel,MR,0
ACC003226,2026-09-14 08:42:53,Melissaburgh,SZ,0
ACC004790,2026-09-14 08:42:54,Reesebury,NL,0
ACC001237,2026-09-14 08:42:55,East Brian,UA,0
ACC002757,2026-09-14 08:42:55,Lindseyfort,CO,0
ACC000433,2026-09-14 08:42:55,Mayerberg,CG,0
ACC003045,2026-09-14 08:42:55,South Ashley,IE,0
ACC002840,2026-09-14 08:42:56,Lake Christopherburgh,LI,0
ACC000954,2026-09-14 08:42:56,Lake Jennifermouth,SR,1
ACC002848,2026-09-14 08:42:57,Lisaport,GQ,0
ACC003836,2026-09-14 08:42:57,Joshuaville,AD,0
ACC002705,2026-09-14 08:42:58,West Jessica,LB,0
ACC001994,2026-09-14 08:42:59,Lake Conniemouth,DJ,1
ACC004015,2026-09-14 08:42:59,Camachoside,ES,0
ACC000250,2026-09-14 08:42:59,Cindyberg,TL,0
ACC002611,2026-09-14 08:42:59,New Kari,MD,0
ACC001986,2026-09-14 08:42:59,Timothymouth,TN,0
ACC004714,2026-09-14 08:43:00,Michaelstad,BY,0
ACC001862,2026-09-14 08:43:00,Port Samanthastad,UZ,0
ACC004953,2026-09-14 08:43:00,Leeton,ID,0
ACC001325,2026-09-14 08:43:01,Lake Christina,FM,1
ACC002953,2026-09-14 08:43:02,Lake Ginaburgh,GH,1
ACC003532,2026-09-14 08:43:02,East Carlosport,BR,0
ACC001078,2026-09-14 08:43:02,North Mario,IT,0
ACC001505,2026-09-14 08:43:03,West Amanda,HU,0
ACC004149,2026-09-14 08:43:03,Lake Lisa,MX,0
ACC001526,2026-09-14 08:43:03,Crystalchester,KM,0
ACC001002,2026-09-14 08:43:04,Salinasland,TN,0
ACC000765,2026-09-14 08:43:04,East Raven,SN,0
ACC000886,2026-09-14 08:43:05,Bowmanshire,CI,0
ACC004296,2026-09-14 08:43:05,North Charlesside,GE,0
ACC000372,2026-09-14 08:43:05,New Deborah,TJ,0
ACC002337,2026-09-14 08:43:06,Meredithberg,BT,0
ACC000218,2026-09-14 08:43:06,Melissaville,SB,0
ACC002768,2026-09-14 08:43:07,New Virginia,KI,0
ACC000400,2026-09-14 08:43:07,Morganhaven,ST,0
ACC000468,2026-09-14 08:43:07,Lake Jake,MT,0
ACC004235,2026-09-14 08:43:07,Timothyfurt,LR,1
ACC003951,2026-09-14 08:43:08,Millerborough,IT,0
ACC003590,2026-09-14 08:43:08,Port Barbara,TH,0
ACC000919,2026-09-14 08:43:08,Josephbury,AF,0
ACC003459,2026-09-14 08:43:09,East Rebeccahaven,MZ,0
ACC004464,2026-09-14 08:43:09,Jamesview,IN,0
ACC004577,2026-09-14 08:43:09,Nelsonmouth,UG,0
ACC004654,2026-09-14 08:43:09,South Donald,CG,0
ACC004006,2026-09-14 08:43:10,Rodriguezchester,MG,0
ACC002392,2026-09-14 08:43:10,Craigton,PE,0
ACC001908,2026-09-14 08:43:11,Katherinebury,LB,0
ACC000254,2026-09-14 08:43:12,West Matthewberg,GB,0
ACC003511,2026-09-14 08:43:12,Mitchellview,LI,0
ACC003673,2026-09-14 08:43:12,Port Catherine,PY,0
ACC002804,2026-09-14 08:43:12,North Amyburgh,CN,0
ACC003823,2026-09-14 08:43:13,Barbaraborough,CG,0
ACC004320,2026-09-14 08:43:13,Hodgesfurt,JP,0
ACC000549,2026-09-14 08:43:13,Mccoyborough,AL,0
ACC003097,2026-09-14 08:43:14,Port Tyler,ML,0
ACC002294,2026-09-14 08:43:15,New Jennifer,GQ,0
ACC004545,2026-09-14 08:43:15,Lake Aaron,VE,0
ACC002910,2026-09-14 08:43:16,West Fernandoland,BJ,0
ACC004048,2026-09-14 08:43:16,Boothtown,GQ,0
ACC002281,2026-09-14 08:43:16,East Michaelton,BR,0
ACC001703,2026-09-14 08:43:16,Lake Cassandra,DK,0
ACC004191,2026-09-14 08:43:16,Youngmouth,GM,0
ACC004298,2026-09-14 08:43:16,Jacquelinestad,AR,1
ACC002843,2026-09-14 08:43:17,West Travisberg,RO,0
ACC003015,2026-09-14 08:43:17,Burnsberg,CY,0
ACC001801,2026-09-14 08:43:17,Reevesfort,PY,0
ACC003721,2026-09-14 08:43:17,Port Daniel,CR,0
ACC000749,2026-09-14 08:43:17,New Marc,HR,0
ACC003674,2026-09-14 08:43:17,Dakotafort,BR,0
ACC004316,2026-09-14 08:43:18,Lake Mary,UY,0
ACC001920,2026-09-14 08:43:18,Patriciabury,TT,0
ACC001157,2026-09-14 08:43:19,Steelebury,KP,1
ACC003411,2026-09-14 08:43:19,New Nicholas,ZM,1
ACC004989,2026-09-14 08:43:19,Anthonymouth,SY,0
ACC004792,2026-09-14 08:43:19,West Cynthialand,SZ,0
ACC003105,2026-09-14 08:43:19,West Juliemouth,CZ,1
ACC000135,2026-09-14 08:43:20,West Kimberly,LS,0
ACC000554,2026-09-14 08:43:20,Morganside,UG,0
ACC002442,2026-09-14 08:43:20,Wilsonstad,CD,0
ACC003761,2026-09-14 08:43:21,East Joel,FM,0
ACC000796,2026-09-14 08:43:21,New Richard,BN,0
ACC002046,2026-09-14 08:43:21,Port Joseph,AF,0
ACC003304,2026-09-14 08:43:21,Masonbury,NL,0
ACC003238,2026-09-14 08:43:21,Hamiltonview,CR,0
ACC002167,2026-09-14 08:43:22,Guerraton,PY,0
ACC001996,2026-09-14 08:43:22,Lake Linda,KE,0
ACC003743,2026-09-14 08:43:22,Erichaven,BE,1
ACC004489,2026-09-14 08:43:22,New Travis,NR,0
ACC003661,2026-09-14 08:43:23,South Louis,FR,0
ACC003647,2026-09-14 08:43:23,Davisbury,NL,0
ACC004281,2026-09-14 08:43:23,Vincentton,GQ,0
ACC004250,2026-09-14 08:43:23,Brandonborough,LR,0
ACC001053,2026-09-14 08:43:25,North Angelaburgh,SK,1
ACC000114,2026-09-14 08:43:25,Port Robert,ME,0
ACC002853,2026-09-14 08:43:25,Port Gavinport,DK,0
ACC003109,2026-09-14 08:43:25,Luisport,SK,0
ACC004320,2026-09-14 08:43:25,Jessicamouth,AU,1
ACC004957,2026-09-14 08:43:25,East Charlottefurt,BZ,0
ACC004188,2026-09-14 08:43:26,Ronaldfort,LI,0
ACC003698,2026-09-14 08:43:26,Port Suzanneton,ML,0
ACC000892,2026-09-14 08:43:26,North Stevenville,NZ,0
ACC000719,2026-09-14 08:43:26,Port Zachary,AO,0
ACC004590,2026-09-14 08:43:26,Lake Justin,LT,0
ACC002415,2026-09-14 08:43:26,East Melissa,TO,0
ACC000330,2026-09-14 08:43:26,Shelleyborough,MW,0
ACC002258,2026-09-14 08:43:27,North Jennifer,MC,0
ACC003611,2026-09-14 08:43:27,West Ianhaven,LS,0
ACC002019,2026-09-14 08:43:27,West Mariaton,BI,0
ACC000848,2026-09-14 08:43:27,Amychester,BT,0
ACC000746,2026-09-14 08:43:27,Jonesbury,GR,0
ACC000901,2026-09-14 08:43:28,West Raymondtown,MG,0
ACC000305,2026-09-14 08:43:28,Gonzaleschester,VE,0
ACC004805,2026-09-14 08:43:28,Jennifershire,DM,0
ACC002206,2026-09-14 08:43:28,North Kristinport,CM,0
ACC000133,2026-09-14 08:43:29,Vincentton,TT,0
ACC001239,2026-09-14 08:43:30,Grantburgh,LK,0
ACC002550,2026-09-14 08:43:30,Lorihaven,AG,0
ACC004098,2026-09-14 08:43:30,North Brittanychester,SL,0
ACC000958,2026-09-14 08:43:31,South Mauricemouth,DM,1
ACC003213,2026-09-14 08:43:31,Jamesfort,NI,0
ACC000277,2026-09-14 08:43:33,Brianton,DE,0
ACC003026,2026-09-14 08:43:33,Port Michaelstad,PA,0
ACC001585,2026-09-14 08:43:33,Port Susanville,BB,0
ACC003889,2026-09-14 08:43:33,Olsonburgh,BB,0
ACC001041,2026-09-14 08:43:33,West Jenniferside,IS,0
ACC004703,2026-09-14 08:43:34,Matthewborough,JP,1
ACC000198,2026-09-14 08:43:34,New Jacquelineville,AU,0
ACC004710,2026-09-14 08:43:34,South Michelle,IE,0
ACC002504,2026-09-14 08:43:35,West Anthony,SN,0
ACC000732,2026-09-14 08:43:35,Laurafurt,GA,0
ACC000865,2026-09-14 08:43:35,Jefferyshire,LI,0
ACC001895,2026-09-14 08:43:35,Sandovalfurt,SV,0
ACC004921,2026-09-14 08:43:35,Hufffort,ZA,0
ACC000392,2026-09-14 08:43:35,South Peterfurt,NR,0
ACC001809,2026-09-14 08:43:36,New Robinfort,LR,0
ACC004155,2026-09-14 08:43:36,New Ryanborough,PA,0
ACC000766,2026-09-14 08:43:36,Barrettburgh,DZ,0
ACC000274,2026-09-14 08:43:36,East Pedroton,NI,0
ACC003870,2026-09-14 08:43:36,Peterchester,HT,0
ACC000752,2026-09-14 08:43:37,Kathrynbury,CG,0
ACC001617,2026-09-14 08:43:38,Lake Christopherside,NR,0
ACC001821,2026-09-14 08:43:38,West Jessica,CO,1
ACC002852,2026-09-14 08:43:38,Angelafurt,TT,0
ACC003096,2026-09-14 08:43:39,Fordshire,KH,0
ACC001770,2026-09-14 08:43:39,West Isaiahtown,TR,0
ACC004955,2026-09-14 08:43:39,Stephaniechester,CH,0
ACC000929,2026-09-14 08:43:39,Watkinsside,AU,0
ACC001878,2026-09-14 08:43:40,Burkefurt,NG,0
ACC003677,2026-09-14 08:43:40,Guzmanside,RW,0
ACC003241,2026-09-14 08:43:40,Danielport,KH,0
ACC001862,2026-09-14 08:43:40,New Robertshire,ML,0
ACC000903,2026-09-14 08:43:40,North Lisa,MW,0
ACC001875,2026-09-14 08:43:40,New Adam,FJ,0
ACC001708,2026-09-14 08:43:40,Tiffanystad,SE,0
ACC001737,2026-09-14 08:43:40,Jennifertown,DK,1
ACC003895,2026-09-14 08:43:41,Julialand,MT,0
ACC001683,2026-09-14 08:43:41,Dorseyborough,NL,0
ACC002121,2026-09-14 08:43:41,New Ashleyburgh,GQ,0
ACC000626,2026-09-14 08:43:42,Sarahborough,TT,0
ACC003299,2026-09-14 08:43:42,North James,GT,1
ACC004814,2026-09-14 08:43:42,South Jasonmouth,IE,0
ACC000052,2026-09-14 08:43:43,Johnland,SO,0
ACC002502,2026-09-14 08:43:43,Martinezbury,SZ,0
ACC004719,2026-09-14 08:43:43,Henryburgh,ER,0
ACC000701,2026-09-14 08:43:43,New Tanya,HR,0
ACC000044,2026-09-14 08:43:44,New Hayden,ET,0
ACC001937,2026-09-14 08:43:44,Debbieberg,BS,0
ACC003772,2026-09-14 08:43:44,Tonymouth,UA,0
ACC001637,2026-09-14 08:43:44,New Thomasbury,KH,0
ACC000139,2026-09-14 08:43:45,Port Pamela,PS,0
ACC003786,2026-09-14 08:43:45,Lake Rhonda,NG,0
ACC003130,2026-09-14 08:43:45,Zacharytown,PT,0
ACC000031,2026-09-14 08:43:45,New Marytown,NA,0
ACC003471,2026-09-14 08:43:46,South Kaylamouth,BG,1
ACC000273,2026-09-14 08:43:46,Lake Jonathanport,UZ,0
ACC001087,2026-09-14 08:43:46,Meganville,GD,0
ACC004398,2026-09-14 08:43:47,Luisburgh,AZ,0
ACC002713,2026-09-14 08:43:47,Port Brendafort,SK,0
ACC001740,2026-09-14 08:43:47,East Deborahmouth,CF,0
ACC000813,2026-09-14 08:43:48,Lake Nicholaschester,ES,0
ACC001542,2026-09-14 08:43:48,Hudsonmouth,PS,0
ACC000030,2026-09-14 08:43:48,Ingramville,MR,0
ACC002724,2026-09-14 08:43:49,East Amberfurt,TM,0
ACC004136,2026-09-14 08:43:49,South Justinborough,GE,0
ACC003834,2026-09-14 08:43:49,Marymouth,EC,0
ACC004510,2026-09-14 08:43:49,Lake Johnathan,DE,0
ACC003870,2026-09-14 08:43:49,North Donnamouth,GY,0
ACC001242,2026-09-14 08:43:50,New Brianton,GA,0
ACC002162,2026-09-14 08:43:50,North Tracey,EC,0
ACC004102,2026-09-14 08:43:50,Lake Taylorfurt,VA,0
ACC002325,2026-09-14 08:43:51,Isabellaland,KW,0
ACC003159,2026-09-14 08:43:51,East Joshuaborough,CM,0
ACC001535,2026-09-14 08:43:51,Lake Kathrynbury,BD,0
ACC004510,2026-09-14 08:43:51,East Joshuaside,EE,0
ACC004984,2026-09-14 08:43:51,South Sarah,SN,0
ACC000947,2026-09-14 08:43:52,Jeffreyland,KR,0
ACC002430,2026-09-14 08:43:52,Johnmouth,IT,0
ACC002857,2026-09-14 08:43:52,Port Donald,VN,0
ACC000355,2026-09-14 08:43:53,Port Josephberg,VU,0
ACC002124,2026-09-14 08:43:53,Allenton,SN,0
ACC002041,2026-09-14 08:43:53,Harveyfurt,MZ,0
ACC004245,2026-09-14 08:43:54,Velezburgh,AL,0
ACC004878,2026-09-14 08:43:54,Derrickfort,MC,0
ACC004046,2026-09-14 08:43:55,Zimmermanfort,DM,0
ACC001750,2026-09-14 08:43:55,Ernestmouth,MH,0
ACC003043,2026-09-14 08:43:55,Garciahaven,AO,1
ACC002646,2026-09-14 08:43:55,Jamesport,FJ,0
ACC002773,2026-09-14 08:43:56,Williamhaven,BJ,0
ACC001695,2026-09-14 08:43:56,East Michaelside,JP,0
ACC000202,2026-09-14 08:43:56,Lucasburgh,LU,0
ACC000137,2026-09-14 08:43:56,Ericview,BT,0
ACC004045,2026-09-14 08:43:57,West Brenda,TL,0
ACC003045,2026-09-14 08:43:57,Jayhaven,GD,1
ACC002091,2026-09-14 08:43:57,Port David,TT,0
ACC001322,2026-09-14 08:43:58,Sloanview,LC,0
ACC002162,2026-09-14 08:43:59,East Ashleyside,PE,1
ACC004291,2026-09-14 08:43:59,South Heather,EG,0
ACC002542,2026-09-14 08:43:59,Lake Chelsea,BZ,0
ACC000709,2026-09-14 08:44:00,Cannonbury,TH,0
ACC000824,2026-09-14 08:44:00,Angieside,BF,0
ACC000322,2026-09-14 08:44:00,West Virginiaville,CU,0
ACC001419,2026-09-14 08:44:00,Haleyside,LT,0
ACC000173,2026-09-14 08:44:01,Port Audrey,SM,1
ACC000295,2026-09-14 08:44:01,Lake Stephenland,BZ,0
ACC002263,2026-09-14 08:44:02,Brianachester,IL,0
ACC002954,2026-09-14 08:44:02,Millershire,VC,0
ACC002663,2026-09-14 08:44:03,Lake Peter,AO,0
ACC004092,2026-09-14 08:44:03,South Andrewland,BT,0
ACC004692,2026-09-14 08:44:03,Millerburgh,OM,0
ACC004318,2026-09-14 08:44:03,South Bobmouth,DJ,0
ACC004755,2026-09-14 08:44:03,North Lawrence,BR,0
ACC002161,2026-09-14 08:44:04,South Kristinland,DO,0
ACC001141,2026-09-14 08:44:04,Colehaven,LV,0
ACC001820,2026-09-14 08:44:05,Davidfort,LC,0
ACC000952,2026-09-14 08:44:05,Keithton,MT,0
ACC000169,2026-09-14 08:44:06,North Jamie,ES,0
ACC003424,2026-09-14 08:44:06,Kelseyside,LI,0
ACC004251,2026-09-14 08:44:07,Anthonymouth,GN,0
ACC004952,2026-09-14 08:44:07,Adamsland,UZ,0
ACC002196,2026-09-14 08:44:07,South Ashley,ID,1
ACC003861,2026-09-14 08:44:07,New Brenda,MR,0
ACC001787,2026-09-14 08:44:07,Meganberg,LV,0
ACC002443,2026-09-14 08:44:08,Davidview,AG,0
ACC004612,2026-09-14 08:44:09,West Coryfurt,ER,0
ACC001492,2026-09-14 08:44:09,Port Gregoryton,ZW,0
ACC004711,2026-09-14 08:44:09,West Michelleton,TM,0
ACC000698,2026-09-14 08:44:10,North Wendytown,DJ,0
ACC000283,2026-09-14 08:44:10,Heatherburgh,FM,0
ACC002256,2026-09-14 08:44:10,Zacharystad,GN,0
ACC004634,2026-09-14 08:44:10,New Charles,TG,0
ACC004215,2026-09-14 08:44:10,Coxbury,EE,0
ACC003277,2026-09-14 08:44:11,West Rebeccaview,TL,0
ACC002722,2026-09-14 08:44:11,New Erin,HR,0
ACC003267,2026-09-14 08:44:11,West Justintown,JM,0
ACC002350,2026-09-14 08:44:11,Lake Danaborough,EC,0
ACC001721,2026-09-14 08:44:12,Ryanside,CF,0
ACC002378,2026-09-14 08:44:12,Martinview,GH,0
ACC003484,2026-09-14 08:44:12,East Danielton,TT,0
ACC004721,2026-09-14 08:44:13,Jorgechester,KM,0
ACC004429,2026-09-14 08:44:13,Wallerberg,SA,1
ACC000064,2026-09-14 08:44:14,Port Courtney,BY,0
ACC003278,2026-09-14 08:44:14,Robertsmouth,PE,0
ACC003215,2026-09-14 08:44:14,Youngfurt,NL,0
ACC002800,2026-09-14 08:44:15,Jonathanhaven,TJ,0
ACC003537,2026-09-14 08:44:15,New Josehaven,SG,0
ACC003400,2026-09-14 08:44:16,South Makaylashire,SC,0
ACC002257,2026-09-14 08:44:16,Lopezstad,LB,0
ACC003571,2026-09-14 08:44:16,Gonzalezside,TL,0
ACC004806,2026-09-14 08:44:16,Sheilahaven,MR,0
ACC001517,2026-09-14 08:44:17,Harristown,DE,0
ACC004483,2026-09-14 08:44:17,Port Seth,PE,0
ACC000379,2026-09-14 08:44:17,Ballardstad,ME,0
ACC003653,2026-09-14 08:44:18,North Williamside,LC,0
ACC002790,2026-09-14 08:44:18,Port Nicholas,TW,0
ACC002970,2026-09-14 08:44:18,North Aliciaberg,ZW,0
ACC002778,2026-09-14 08:44:18,Abbottchester,IS,0
ACC002690,2026-09-14 08:44:18,Dukehaven,DZ,0
ACC001424,2026-09-14 08:44:18,Lake Charlesville,IS,0
ACC003988,2026-09-14 08:44:19,Alexanderfort,ZW,0
ACC004064,2026-09-14 08:44:20,Chadberg,BE,0
ACC000951,2026-09-14 08:44:21,Courtneytown,KM,0
ACC003325,2026-09-14 08:44:21,Glasston,FR,0
ACC003305,2026-09-14 08:44:21,Port Reneeberg,BJ,0
ACC004366,2026-09-14 08:44:22,Cabrerafort,SV,0
ACC000985,2026-09-14 08:44:22,Moralesfort,KP,0
ACC003637,2026-09-14 08:44:23,Proctorton,PW,0
ACC003597,2026-09-14 08:44:23,Lake Aaron,NA,0
ACC003845,2026-09-14 08:44:23,Rebekahfort,ZA,0
ACC000900,2026-09-14 08:44:24,Wrightbury,BN,0
ACC000148,2026-09-14 08:44:24,Port Rachaelhaven,IL,0
ACC001724,2026-09-14 08:44:24,Morganchester,BO,1
ACC000909,2026-09-14 08:44:24,West Janet,MZ,0
ACC001209,2026-09-14 08:44:24,Colemanshire,GT,0
ACC003627,2026-09-14 08:44:24,Schmidtborough,QA,0
ACC004718,2026-09-14 08:44:24,New Ruth,BE,0
ACC002214,2026-09-14 08:44:25,West Teresa,UY,0
ACC003049,2026-09-14 08:44:25,East Jason,UY,0
ACC001459,2026-09-14 08:44:25,West Loganside,BJ,1
ACC001610,2026-09-14 08:44:25,West Miranda,BN,0
ACC003250,2026-09-14 08:44:25,Granttown,FJ,0
ACC000936,2026-09-14 08:44:25,Justinshire,BH,0
ACC000218,2026-09-14 08:44:25,Andrewport,RW,0
ACC004804,2026-09-14 08:44:25,South Ashleyview,GT,0
ACC002251,2026-09-14 08:44:25,South Cameron,BB,0
ACC001234,2026-09-14 08:44:26,Lake Josephburgh,CN,1
ACC002384,2026-09-14 08:44:27,West Donaldville,JM,0
ACC000295,2026-09-14 08:44:27,West Kathleen,BF,0
ACC002995,2026-09-14 08:44:27,Millershire,VE,0
ACC001233,2026-09-14 08:44:27,Lake Anthonyland,HN,0
ACC001026,2026-09-14 08:44:27,Joelshire,IN,0
ACC004006,2026-09-14 08:44:27,North Juan,MX,0
ACC001169,2026-09-14 08:44:27,Baldwinberg,BI,0
ACC003531,2026-09-14 08:44:28,South Belindastad,CD,0
ACC000312,2026-09-14 08:44:28,West Michael,MK,0
ACC000839,2026-09-14 08:44:28,New Justinland,PT,0
ACC003849,2026-09-14 08:44:28,Jacobhaven,SB,0
ACC002300,2026-09-14 08:44:29,North Williamport,HN,0
ACC000398,2026-09-14 08:44:29,Wrightberg,FJ,0
ACC000171,2026-09-14 08:44:29,Smithstad,CH,0
ACC004668,2026-09-14 08:44:29,Maloneton,OM,0
ACC002863,2026-09-14 08:44:30,West Jesusfurt,LU,0
ACC004691,2026-09-14 08:44:30,West Hannahberg,LR,0
ACC003624,2026-09-14 08:44:30,Lake Kristenburgh,PA,0
ACC002850,2026-09-14 08:44:31,New Jeremiahmouth,RW,0
ACC000516,2026-09-14 08:44:32,Josephhaven,AF,0
ACC000256,2026-09-14 08:44:32,Hawkinsburgh,CI,0
ACC002132,2026-09-14 08:44:32,West Samantha,UY,0
ACC000838,2026-09-14 08:44:32,Garciaville,LU,0
ACC002764,2026-09-14 08:44:32,East Nancyfort,GM,0
ACC000862,2026-09-14 08:44:33,Harringtonchester,NZ,0
ACC004366,2026-09-14 08:44:33,Garciafurt,RW,0
ACC000015,2026-09-14 08:44:33,North Alex,NG,0
ACC002281,2026-09-14 08:44:33,South Michaeltown,TD,1
ACC003973,2026-09-14 08:44:34,Lake Jorgemouth,CD,0
ACC003162,2026-09-14 08:44:34,Lake Erica,CV,0
ACC001169,2026-09-14 08:44:34,Millermouth,ST,0
ACC001193,2026-09-14 08:44:34,North Kevinville,CL,1
ACC000238,2026-09-14 08:44:34,Jessicastad,BR,0
ACC000215,2026-09-14 08:44:35,Andrewfurt,GH,0
ACC004703,2026-09-14 08:44:35,South Benjamin,KR,0
ACC000290,2026-09-14 08:44:36,Jaclynmouth,RS,0
ACC000391,2026-09-14 08:44:36,Glovermouth,VC,0
ACC001931,2026-09-14 08:44:37,Melanieburgh,IE,0
ACC002225,2026-09-14 08:44:37,North Hollytown,AD,0
ACC000974,2026-09-14 08:44:38,Kingport,TG,0
ACC000485,2026-09-14 08:44:38,Brucestad,CD,0
ACC004152,2026-09-14 08:44:38,West Dannyport,CA,0
ACC002992,2026-09-14 08:44:38,South Paulfort,GD,0
ACC000049,2026-09-14 08:44:38,Lake Aaronbury,OM,0
ACC004007,2026-09-14 08:44:39,New Laurafort,JP,0
ACC002767,2026-09-14 08:44:40,Jennafort,MW,0
ACC004614,2026-09-14 08:44:40,South Rebeccaport,LV,0
ACC000050,2026-09-14 08:44:40,Butlerland,CO,0
ACC000920,2026-09-14 08:44:41,Fuenteshaven,VC,0
ACC001891,2026-09-14 08:44:41,Simmonschester,TM,0
ACC002909,2026-09-14 08:44:42,North Autumn,LB,0
ACC003437,2026-09-14 08:44:42,Port Christopher,SZ,0
ACC000354,2026-09-14 08:44:43,Shannonville,SI,0
ACC004091,2026-09-14 08:44:43,Smithtown,KP,0
ACC004597,2026-09-14 08:44:43,Collinsville,HN,0
ACC001096,2026-09-14 08:44:43,Calebfurt,IQ,0
ACC001139,2026-09-14 08:44:43,Lake Tyler,LK,0
ACC004224,2026-09-14 08:44:43,Brownmouth,TV,0
ACC001383,2026-09-14 08:44:44,Garyborough,KW,0
ACC002540,2026-09-14 08:44:44,Lake Christopher,TG,0
ACC004736,2026-09-14 08:44:44,North Sandra,IE,0
ACC001929,2026-09-14 08:44:44,Michaelstad,CR,1
ACC003335,2026-09-14 08:44:45,Mooreborough,GN,0
ACC000395,2026-09-14 08:44:45,Aliciamouth,CU,0
ACC004993,2026-09-14 08:44:45,North Kristina,HU,0
ACC000140,2026-09-14 08:44:45,Gabrielleshire,AR,0
ACC003316,2026-09-14 08:44:45,Petersonview,MH,0
ACC000659,2026-09-14 08:44:46,Lake Douglas,TW,0
ACC003001,2026-09-14 08:44:46,Payneshire,RW,0
ACC004824,2026-09-14 08:44:47,North Chaseburgh,KN,0
ACC002533,2026-09-14 08:44:47,Kennedymouth,AT,0
ACC004891,2026-09-14 08:44:47,West Arthur,GQ,0
ACC001507,2026-09-14 08:44:48,North Michael,BW,0
ACC004361,2026-09-14 08:44:48,Port Christiemouth,UY,0
ACC002580,2026-09-14 08:44:48,Amandaside,NG,0
ACC002052,2026-09-14 08:44:48,Lake Jason,NZ,0
ACC000434,2026-09-14 08:44:48,South Lorrainechester,GB,0
ACC001172,2026-09-14 08:44:49,Debbieton,SE,0
ACC003757,2026-09-14 08:44:49,Stephensstad,MG,1
ACC004740,2026-09-14 08:44:49,Bakertown,PS,0
ACC001721,2026-09-14 08:44:49,Lake Elizabethfurt,ID,0
ACC003279,2026-09-14 08:44:49,South James,IL,1
ACC004972,2026-09-14 08:44:50,Feliciafort,PS,0
ACC001312,2026-09-14 08:44:50,Jeremyfort,BZ,0
ACC004392,2026-09-14 08:44:51,South Christopherfort,WS,1
ACC004388,2026-09-14 08:44:51,New Carlaburgh,SD,1
ACC004756,2026-09-14 08:44:51,Lake Michelle,MG,0
ACC002248,2026-09-14 08:44:51,Kelleyburgh,KP,0
ACC000072,2026-09-14 08:44:51,North Jeffrey,ZW,0
ACC004130,2026-09-14 08:44:51,Kaylatown,LY,1
ACC002995,2026-09-14 08:44:51,North Dan,LS,0
ACC004868,2026-09-14 08:44:52,Blairfort,TW,0
ACC004844,2026-09-14 08:44:52,Lake Christineburgh,TM,0
ACC003522,2026-09-14 08:44:52,Sarahburgh,BA,0
ACC003832,2026-09-14 08:44:52,Sydneyland,PE,0
ACC000506,2026-09-14 08:44:53,Lake Karenfort,MC,0
ACC000368,2026-09-14 08:44:53,West Michelleshire,BA,0
ACC001437,2026-09-14 08:44:53,Popemouth,DJ,0
ACC004567,2026-09-14 08:44:54,New Michelle,SY,0
ACC002056,2026-09-14 08:44:54,Hillborough,MY,0
ACC001816,2026-09-14 08:44:54,South Lisafort,IS,0
ACC001122,2026-09-14 08:44:55,North Matthew,VU,0
ACC001487,2026-09-14 08:44:55,Alexanderfurt,FJ,1
ACC003206,2026-09-14 08:44:55,New Jamie,GD,0
ACC001394,2026-09-14 08:44:55,Lisaview,GA,0
ACC003241,2026-09-14 08:44:55,Christyside,KI,0
ACC000184,2026-09-14 08:44:56,Bennettmouth,GH,0
ACC001642,2026-09-14 08:44:56,West Timothyshire,IS,0
ACC000604,2026-09-14 08:44:56,Lewistown,GY,0
ACC004613,2026-09-14 08:44:56,Masontown,KH,1
ACC000423,2026-09-14 08:44:56,Lake Elainefort,OM,0
ACC003062,2026-09-14 08:44:57,North Susan,NG,0
ACC000409,2026-09-14 08:44:57,Salinasport,SO,0
ACC000292,2026-09-14 08:44:58,Brandonborough,ES,0
ACC002242,2026-09-14 08:44:58,North Terri,NZ,0
ACC003919,2026-09-14 08:44:58,Kevinbury,HR,0
ACC002062,2026-09-14 08:44:58,New Brandimouth,WS,0
ACC004436,2026-09-14 08:44:58,Cardenastown,CY,0
ACC002286,2026-09-14 08:44:58,New Matthewton,BO,0
ACC002534,2026-09-14 08:44:58,Weaverchester,RW,0
ACC001231,2026-09-14 08:44:58,Deannatown,BB,0
ACC000526,2026-09-14 08:44:58,Jonmouth,PY,0
ACC003654,2026-09-14 08:44:59,Lake Brianborough,SN,0
ACC002649,2026-09-14 08:44:59,Priscillaton,GQ,0
ACC001875,2026-09-14 08:44:59,East Gregoryland,HT,0
ACC000322,2026-09-14 08:44:59,Traceychester,BG,0
ACC002018,2026-09-14 08:45:00,West Brendaport,LA,0
ACC001735,2026-09-14 08:45:00,Wellston,TM,0
ACC004281,2026-09-14 08:45:01,Andrewton,IE,0
ACC000065,2026-09-14 08:45:01,Websterchester,LR,0
ACC002922,2026-09-14 08:45:01,Robinsonside,AR,0
ACC003160,2026-09-14 08:45:01,Lake Lisa,SD,0
ACC003370,2026-09-14 08:45:02,Levistad,SZ,0
ACC001127,2026-09-14 08:45:03,West Christopherchester,DO,0
ACC001380,2026-09-14 08:45:04,Henryshire,OM,0
ACC004406,2026-09-14 08:45:04,Clarkport,KH,1
ACC002410,2026-09-14 08:45:05,Lake Jacobmouth,UA,0
ACC001270,2026-09-14 08:45:05,Garciafort,LR,0
ACC004810,2026-09-14 08:45:05,Bryanthaven,PY,0
ACC003940,2026-09-14 08:45:06,East Jamesfort,PL,0
ACC002310,2026-09-14 08:45:08,Jasonville,CI,0
ACC002885,2026-09-14 08:45:08,West Calvinbury,SB,0
ACC004245,2026-09-14 08:45:08,Lake Jacobland,CU,0
ACC000305,2026-09-14 08:45:08,Murphybury,AU,1
ACC004814,2026-09-14 08:45:08,Annafort,BS,0
ACC002287,2026-09-14 08:45:08,Penaland,ZW,0
ACC002291,2026-09-14 08:45:09,East Kelly,AE,0
ACC002730,2026-09-14 08:45:09,Lake Amyville,SZ,0
ACC004471,2026-09-14 08:45:09,New Jennifer,LS,0
ACC002195,2026-09-14 08:45:09,Hicksbury,TH,0
ACC001174,2026-09-14 08:45:10,Port Davidville,KG,0
ACC003685,2026-09-14 08:45:10,Danieltown,GB,0
ACC001270,2026-09-14 08:45:11,Derrickside,LS,1
ACC001702,2026-09-14 08:45:11,West Kathryn,NA,0
ACC004880,2026-09-14 08:45:11,North Kimberly,GH,0
ACC000655,2026-09-14 08:45:11,West Marilynstad,RW,1
ACC000360,2026-09-14 08:45:12,North Tyler,BJ,0
ACC002333,2026-09-14 08:45:12,Jessicaberg,KR,0
ACC001134,2026-09-14 08:45:12,West Jessica,BJ,0
ACC002972,2026-09-14 08:45:13,Floresmouth,IE,0
ACC000494,2026-09-14 08:45:13,Rosarioburgh,SN,0
ACC001928,2026-09-14 08:45:13,Morrisonberg,BE,0
ACC002944,2026-09-14 08:45:13,Lake Cassandrabury,CN,0
ACC004886,2026-09-14 08:45:13,Castilloborough,MW,0
ACC004123,2026-09-14 08:45:13,Melaniemouth,AR,0
ACC002100,2026-09-14 08:45:13,Port Shannonburgh,BA,0
ACC002033,2026-09-14 08:45:13,Port Patriciaview,MD,0
ACC001824,2026-09-14 08:45:14,Christinaport,HR,0
ACC003646,2026-09-14 08:45:14,New Lucas,CG,0
ACC003152,2026-09-14 08:45:14,Gordontown,KR,0
ACC002066,2026-09-14 08:45:14,Lake Emma,WS,0
ACC001074,2026-09-14 08:45:15,South Heatherberg,BD,0
ACC004859,2026-09-14 08:45:15,Sarahmouth,GR,0
ACC002770,2026-09-14 08:45:15,Goodmouth,DK,0
ACC000189,2026-09-14 08:45:15,Samanthashire,BT,0
ACC000266,2026-09-14 08:45:15,North Larryview,SA,0
ACC001069,2026-09-14 08:45:16,Morganmouth,JP,0
ACC000573,2026-09-14 08:45:16,Lake Debra,BB,0
ACC004799,2026-09-14 08:45:16,West Jacobville,BW,0
ACC003721,2026-09-14 08:45:18,Toddfort,KZ,0
ACC002420,2026-09-14 08:45:18,Terrimouth,GD,1
ACC004255,2026-09-14 08:45:18,Barbaramouth,FI,0
ACC000664,2026-09-14 08:45:19,Lake Laura,UA,0
ACC002448,2026-09-14 08:45:19,Sherylville,BH,1
ACC003225,2026-09-14 08:45:20,South Heatherburgh,SO,0
ACC003142,2026-09-14 08:45:20,South Madison,SG,0
ACC002829,2026-09-14 08:45:20,Anthonyport,CA,0
ACC000647,2026-09-14 08:45:21,Michaelland,RS,0
ACC004867,2026-09-14 08:45:21,North Justinhaven,CY,0
ACC003465,2026-09-14 08:45:22,New Heatherfurt,CU,0
ACC000956,2026-09-14 08:45:22,Port Colleen,KG,0
ACC000044,2026-09-14 08:45:22,East Meghanville,BB,0
ACC004621,2026-09-14 08:45:22,Timothyburgh,GM,0
ACC000080,2026-09-14 08:45:23,South Janet,ER,0
ACC002387,2026-09-14 08:45:23,West Molly,GE,0
ACC000322,2026-09-14 08:45:23,West Matthewhaven,AL,0
ACC002518,2026-09-14 08:45:24,Poolemouth,MC,0
ACC001542,2026-09-14 08:45:24,Navarroland,IL,0
ACC002748,2026-09-14 08:45:24,Lake Annamouth,RU,0
ACC000352,2026-09-14 08:45:25,Patriciahaven,UZ,0
ACC001110,2026-09-14 08:45:25,Ashleyberg,TH,0
ACC002434,2026-09-14 08:45:25,Travisburgh,FI,0
ACC004068,2026-09-14 08:45:25,North Courtney,IL,0
ACC003075,2026-09-14 08:45:25,Donnamouth,SA,0
ACC001542,2026-09-14 08:45:25,North Rhondashire,GA,0
ACC000032,2026-09-14 08:45:25,Gomezmouth,HT,0
ACC001386,2026-09-14 08:45:25,East Joseph,MH,0
ACC000261,2026-09-14 08:45:26,South Melissafort,GR,0
ACC003414,2026-09-14 08:45:26,Riggstown,OM,0
ACC004969,2026-09-14 08:45:26,Chapmanbury,KM,0
ACC000058,2026-09-14 08:45:26,Johnton,CV,0
ACC003075,2026-09-14 08:45:26,North Emilyland,KG,1
ACC001309,2026-09-14 08:45:26,South Miguelmouth,CR,0
ACC002930,2026-09-14 08:45:26,West Williamchester,IR,0
ACC003954,2026-09-14 08:45:27,Lake Sarahmouth,GT,1
ACC004986,2026-09-14 08:45:27,West Tarastad,ZW,1
ACC000586,2026-09-14 08:45:28,Jacksonberg,FI,0
ACC001633,2026-09-14 08:45:28,East Markbury,BD,0
ACC004069,2026-09-14 08:45:28,Bradleystad,MA,0
ACC004967,2026-09-14 08:45:28,South Brian,BI,0
ACC003563,2026-09-14 08:45:29,Adammouth,SR,0
ACC004319,2026-09-14 08:45:29,East Michele,FJ,0
ACC000286,2026-09-14 08:45:29,South Jim,NI,0
ACC002570,2026-09-14 08:45:29,Port Raymondtown,VE,1
ACC000011,2026-09-14 08:45:29,East Andrea,PY,0
ACC000463,2026-09-14 08:45:29,Lake Nicoleton,SZ,0
ACC004173,2026-09-14 08:45:30,West Kaylaberg,KM,0
ACC004921,2026-09-14 08:45:30,New Diamondstad,NE,0
ACC004021,2026-09-14 08:45:30,Bateston,DE,0
ACC004857,2026-09-14 08:45:31,North Brianview,ML,0
ACC004203,2026-09-14 08:45:31,Jennaburgh,GD,0
ACC003337,2026-09-14 08:45:32,West Ashley,BG,0
ACC002416,2026-09-14 08:45:32,Brittanyfurt,NA,0
ACC000102,2026-09-14 08:45:32,North Anthonymouth,RU,0
ACC001056,2026-09-14 08:45:33,Caitlynmouth,KH,1
ACC000737,2026-09-14 08:45:33,Lake Joshua,GE,1
ACC001195,2026-09-14 08:45:33,East Sarah,TZ,0
ACC003330,2026-09-14 08:45:33,West Sandra,CU,0
ACC003814,2026-09-14 08:45:33,West Leslieborough,AR,1
ACC002349,2026-09-14 08:45:34,Hinesport,JO,0
ACC001034,2026-09-14 08:45:34,Jasontown,TV,0
ACC001174,2026-09-14 08:45:34,Hernandezside,LV,0
ACC004717,2026-09-14 08:45:34,Millerton,CH,0
ACC002329,2026-09-14 08:45:35,East William,IT,0
ACC000851,2026-09-14 08:45:35,Evanfurt,TO,0
ACC000620,2026-09-14 08:45:35,Victorfort,MW,0
ACC000968,2026-09-14 08:45:35,Dianahaven,HN,1
ACC004914,2026-09-14 08:45:35,Colliermouth,CM,0
ACC004253,2026-09-14 08:45:35,Butlerborough,DE,0
ACC003274,2026-09-14 08:45:35,Huntburgh,GW,0
ACC000389,2026-09-14 08:45:35,Michelleside,KR,0
ACC000992,2026-09-14 08:45:36,South Tinaview,TO,0
ACC001495,2026-09-14 08:45:36,Hernandezfort,DO,0
ACC001887,2026-09-14 08:45:36,South John,VC,0
ACC004075,2026-09-14 08:45:37,Josephview,MA,0
ACC003887,2026-09-14 08:45:37,East Jennifer,DE,0
ACC000037,2026-09-14 08:45:37,Russellhaven,TL,0
ACC002039,2026-09-14 08:45:37,South Kevinland,CN,1
ACC004881,2026-09-14 08:45:37,Alexafurt,KI,0
ACC002425,2026-09-14 08:45:38,Schultzland,EE,0
ACC002128,2026-09-14 08:45:38,South Ronald,DM,0
ACC004709,2026-09-14 08:45:38,West Alicia,AU,0
ACC000366,2026-09-14 08:45:38,West Theodorefurt,SR,0
ACC004312,2026-09-14 08:45:39,North Amanda,MN,0
ACC004204,2026-09-14 08:45:40,Lake Larrymouth,VC,0
ACC003173,2026-09-14 08:45:41,Jamiebury,SC,1
ACC001797,2026-09-14 08:45:41,Lake Charlesfurt,ME,0
ACC002061,2026-09-14 08:45:42,Nicolefurt,KP,0
ACC000551,2026-09-14 08:45:42,West Samantha,AZ,0
ACC003966,2026-09-14 08:45:42,Lauramouth,BT,0
ACC003951,2026-09-14 08:45:42,Andersonburgh,ST,0
ACC000221,2026-09-14 08:45:42,Porterland,PK,0
ACC002355,2026-09-14 08:45:42,New Coreychester,CZ,0
ACC001032,2026-09-14 08:45:43,West Jamesstad,TR,0
ACC002738,2026-09-14 08:45:44,Nancyberg,GN,0
ACC001821,2026-09-14 08:45:44,South Kristina,MG,0
ACC003107,2026-09-14 08:45:44,Gibbstown,YE,0
ACC003099,2026-09-14 08:45:44,Kariland,KZ,0
ACC002463,2026-09-14 08:45:44,South Thomasview,JP,0
ACC003391,2026-09-14 08:45:45,New Anthony,VE,0
ACC001729,2026-09-14 08:45:45,Stantontown,PH,1
ACC001325,2026-09-14 08:45:46,Christopherhaven,PS,0
ACC000846,2026-09-14 08:45:46,West Michaelmouth,ER,1
ACC003263,2026-09-14 08:45:46,East Frank,BA,1
ACC000371,2026-09-14 08:45:46,West Laurieside,CO,0
ACC000640,2026-09-14 08:45:46,Kristinbury,SV,0
ACC000737,2026-09-14 08:45:47,West Lauraside,MU,0
ACC001300,2026-09-14 08:45:47,Lake Tony,TT,0
ACC004084,2026-09-14 08:45:47,Harperhaven,SO,0
ACC003613,2026-09-14 08:45:47,Helenhaven,TD,0
ACC004367,2026-09-14 08:45:48,North Robertmouth,AE,0
ACC003749,2026-09-14 08:45:48,Kaylabury,NE,0
ACC000981,2026-09-14 08:45:48,East Julia,ME,0
ACC003310,2026-09-14 08:45:49,East Paulhaven,BJ,0
ACC003116,2026-09-14 08:45:49,Brianport,LV,1
ACC004391,2026-09-14 08:45:49,East Susan,ML,0
ACC001878,2026-09-14 08:45:49,Alantown,MZ,0
ACC004341,2026-09-14 08:45:49,Harrisfort,GN,0
ACC001389,2026-09-14 08:45:49,Chavezhaven,PE,0
ACC004038,2026-09-14 08:45:49,West Michaelshire,VA,0
ACC002088,2026-09-14 08:45:50,Sarahfurt,DO,0
ACC003929,2026-09-14 08:45:50,Velasquezchester,MC,0
ACC001094,2026-09-14 08:45:50,North Calvinmouth,NR,0
ACC004334,2026-09-14 08:45:50,Gabriellemouth,MR,0
ACC003325,2026-09-14 08:45:50,Smithport,DM,0
ACC003537,2026-09-14 08:45:51,Mooreshire,VU,0
ACC000409,2026-09-14 08:45:51,Davidville,EG,0
ACC002912,2026-09-14 08:45:51,New Janeville,TO,0
ACC001992,2026-09-14 08:45:52,Port Melissaview,MD,0
ACC004313,2026-09-14 08:45:52,West Amandachester,RO,0
ACC002689,2026-09-14 08:45:53,Millertown,SL,0
ACC004279,2026-09-14 08:45:53,Hardyville,NI,0
ACC004158,2026-09-14 08:45:54,South Angelaburgh,MN,0
ACC003393,2026-09-14 08:45:54,Lauraton,BJ,0
ACC003887,2026-09-14 08:45:54,Gallagherstad,TR,0
ACC003312,2026-09-14 08:45:55,West Kristaview,SO,0
ACC000056,2026-09-14 08:45:55,South Danielborough,LT,0
ACC004539,2026-09-14 08:45:55,Brittanyberg,CM,0
ACC002024,2026-09-14 08:45:55,Davismouth,RS,0
ACC003249,2026-09-14 08:45:56,Randolphland,AR,1
ACC003507,2026-09-14 08:45:56,Port Karen,AE,0
ACC002750,2026-09-14 08:45:56,Michaelview,ML,0
ACC002778,2026-09-14 08:45:57,Allisonchester,BB,0
ACC001862,2026-09-14 08:45:57,Maryside,BB,0
ACC004595,2026-09-14 08:45:57,Robertburgh,KZ,0
ACC000440,2026-09-14 08:45:57,Port Kenneth,ES,1
ACC000595,2026-09-14 08:45:58,North Cindymouth,LI,0
ACC002621,2026-09-14 08:45:58,Berryberg,TN,0
ACC001186,2026-09-14 08:45:58,South Richardstad,US,0
ACC002593,2026-09-14 08:45:58,New Donna,TT,0
ACC000062,2026-09-14 08:45:58,Harrishaven,LA,0
ACC001432,2026-09-14 08:45:59,Toddhaven,TH,0
ACC002958,2026-09-14 08:45:59,Murraystad,BZ,0
ACC004711,2026-09-14 08:45:59,Wesleyside,SK,0
ACC001748,2026-09-14 08:45:59,Stewartside,OM,0
ACC002669,2026-09-14 08:46:00,South Ryan,KI,0
ACC003912,2026-09-14 08:46:00,Lake Rachelview,SI,0
ACC001103,2026-09-14 08:46:01,New Dennis,KN,0
ACC004047,2026-09-14 09:39:59,East Rosshaven,VA,0
ACC004414,2026-09-14 09:40:00,Mcknighthaven,NI,0
ACC004697,2026-09-14 09:40:01,New Brandonview,LS,0
ACC002444,2026-09-14 09:40:01,East Andrew,US,0
ACC002625,2026-09-14 09:40:01,New Mary,ST,0
ACC002667,2026-09-14 09:40:02,Brendaborough,LS,0
ACC001870,2026-09-14 09:40:02,Sandraborough,HT,0
ACC000664,2026-09-14 09:40:02,Port Daniel,CF,0
ACC000131,2026-09-14 09:40:02,Greeneport,TT,0
ACC001221,2026-09-14 09:40:02,Caitlinhaven,OM,0
ACC000478,2026-09-14 09:40:02,Amandamouth,TT,0
ACC003601,2026-09-14 09:40:02,Danielfort,ZM,0
ACC004756,2026-09-14 09:40:03,Lake Eric,TT,0
ACC003195,2026-09-14 09:40:03,Port Pamton,DK,0
ACC001822,2026-09-14 09:40:04,Lake Amandatown,CO,0
ACC001221,2026-09-14 09:40:04,Leslietown,UY,0
ACC004868,2026-09-14 09:40:04,Frenchport,SN,0
ACC000535,2026-09-14 09:40:05,West Heidi,ST,1
ACC003176,2026-09-14 09:40:05,North Randyfort,SL,1
ACC002105,2026-09-14 09:40:05,North Kellychester,IE,0
ACC000921,2026-09-14 09:40:06,Wilsonview,ET,0
ACC001800,2026-09-14 09:40:06,Taylorhaven,KI,0
ACC000290,2026-09-14 09:40:07,North Nathan,GN,0
ACC003728,2026-09-14 09:40:07,Theresashire,IL,0
ACC002763,2026-09-14 09:40:08,Port Victoria,LY,0
ACC003422,2026-09-14 09:40:08,Cookshire,UY,0
ACC002879,2026-09-14 09:40:09,South Maria,CR,0
ACC001021,2026-09-14 09:40:09,Timothyfort,ET,0
ACC004302,2026-09-14 09:40:09,Powerschester,BE,1
ACC002105,2026-09-14 09:40:09,North Ashley,BJ,1
ACC004126,2026-09-14 09:40:09,Andersonview,DM,0
ACC003683,2026-09-14 09:40:09,Port Monique,MN,1
ACC003986,2026-09-14 09:40:10,East Fernando,ET,0
ACC003431,2026-09-14 09:40:11,Morganchester,KR,0
ACC004326,2026-09-14 09:40:11,Katieport,PA,1
ACC002797,2026-09-14 09:40:13,East Samantha,CL,0
ACC002229,2026-09-14 09:40:13,Sarafort,MN,0
ACC001801,2026-09-14 09:40:13,Port Michaelborough,EG,0
ACC004290,2026-09-14 09:40:13,Mayville,LY,0
ACC003424,2026-09-14 09:40:13,Jonesfurt,ES,0
ACC003491,2026-09-14 09:40:13,Pricechester,TH,0
ACC004503,2026-09-14 09:40:14,Cassandraburgh,VU,0
ACC002790,2026-09-14 09:40:14,West Michaelton,AZ,0
ACC002603,2026-09-14 09:40:15,Oliverstad,AG,0
ACC004988,2026-09-14 09:40:15,Watsonville,BE,0
ACC002406,2026-09-14 09:40:15,Port Wayneshire,LI,1
ACC004064,2026-09-14 09:40:16,East Francisco,ES,0
ACC003993,2026-09-14 09:40:16,North Charles,ER,0
ACC001535,2026-09-14 09:40:16,Rodriguezside,GT,0
ACC001360,2026-09-14 09:40:16,Mikemouth,PL,0
ACC002299,2026-09-14 09:40:17,Spencertown,PY,0
ACC001220,2026-09-14 09:40:17,East Kimberlyville,JM,0
ACC001276,2026-09-14 09:40:17,Proctorhaven,DM,0
ACC002190,2026-09-14 09:40:18,Port Toddshire,AM,0
ACC003381,2026-09-14 09:40:19,Barnettside,US,0
ACC003236,2026-09-14 09:40:19,East Jamesville,DO,0
ACC003442,2026-09-14 09:40:19,Lake John,BE,0
ACC001610,2026-09-14 09:40:19,Kennedyport,GE,0
ACC000052,2026-09-14 09:40:20,Michaelport,YE,0
ACC002297,2026-09-14 09:40:20,East Carol,TJ,0
ACC001391,2026-09-14 09:40:20,Susanfurt,TJ,0
ACC002919,2026-09-14 09:40:21,Benitezhaven,EC,0
ACC002095,2026-09-14 09:40:21,Paulhaven,BS,0
ACC000849,2026-09-14 09:40:21,Michellechester,AZ,0
ACC004125,2026-09-14 09:40:21,Youngberg,HR,0
ACC000261,2026-09-14 09:40:21,South Meganhaven,AM,0
ACC003932,2026-09-14 09:40:22,West Brittney,TZ,0
ACC003064,2026-09-14 09:40:23,Port William,TG,1
ACC003103,2026-09-14 09:40:23,Davidsontown,UG,0
ACC001278,2026-09-14 09:40:23,South Chasefort,MG,0
ACC001150,2026-09-14 09:40:23,Jonside,LU,0
ACC001566,2026-09-14 09:40:23,South Taylorchester,OM,0
ACC003940,2026-09-14 09:40:24,Port Lindabury,VA,0
ACC002173,2026-09-14 09:40:24,West Brandontown,EC,1
ACC001175,2026-09-14 09:40:24,Lake Scott,CG,0
ACC003302,2026-09-14 09:40:24,North Briana,LB,0
ACC002084,2026-09-14 09:40:24,New Meghan,TT,0
ACC000395,2026-09-14 09:40:25,West Scottport,GB,0
ACC004746,2026-09-14 09:40:25,Port Barbaramouth,SB,0
ACC000678,2026-09-14 09:40:25,East Ryan,DJ,0
ACC004545,2026-09-14 09:40:25,Port Joseph,GW,0
ACC000915,2026-09-14 09:40:25,North Yvonne,FR,0
ACC003172,2026-09-14 09:40:25,Lake Amy,CG,0
ACC001866,2026-09-14 09:40:26,Blakeshire,NE,0
ACC003755,2026-09-14 09:40:26,Christopherbury,ET,0
ACC002777,2026-09-14 09:40:26,Lake Bonnie,IL,0
ACC003741,2026-09-14 09:40:26,Shahburgh,YE,0
ACC001665,2026-09-14 09:40:26,Fostertown,BB,0
ACC002863,2026-09-14 09:40:27,Monicafort,NP,0
ACC001281,2026-09-14 09:40:27,Harmonberg,SM,0
ACC001905,2026-09-14 09:40:28,Port Kelly,CM,0
ACC004942,2026-09-14 09:40:28,South Larryhaven,GE,0
ACC003573,2026-09-14 09:40:28,Port Desiree,MN,0
ACC004478,2026-09-14 09:40:28,Carneyburgh,LV,0
ACC001024,2026-09-14 09:40:30,South Warren,VA,0
ACC001218,2026-09-14 09:40:30,Sherrychester,CD,0
ACC001321,2026-09-14 09:40:30,New Dustin,CD,0
ACC004080,2026-09-14 09:40:31,Lake Shelley,AE,0
ACC001454,2026-09-14 09:40:31,North Timothybury,CY,0
ACC000292,2026-09-14 09:40:31,North Danielview,SV,1
ACC001291,2026-09-14 09:40:32,Wrightport,BJ,0
ACC002314,2026-09-14 09:40:32,South Julia,GB,0
ACC002107,2026-09-14 09:40:33,Holderville,IN,0
ACC004037,2026-09-14 09:40:33,Stephenhaven,LU,0
ACC000984,2026-09-14 09:40:33,Jenniferview,KZ,0
ACC003491,2026-09-14 09:40:33,Myersmouth,SM,0
ACC004988,2026-09-14 09:40:34,Heathermouth,CR,0
ACC002359,2026-09-14 09:40:34,East Steve,ET,0
ACC004114,2026-09-14 09:40:34,East Justin,MM,0
ACC000166,2026-09-14 09:40:34,North Edward,LB,1
ACC001586,2026-09-14 09:40:35,Taylorberg,SM,1
ACC003627,2026-09-14 09:40:35,North Rachael,SN,1
ACC001901,2026-09-14 09:40:37,Boydshire,HN,0
ACC003858,2026-09-14 09:40:37,New Gabriel,HN,0
ACC000681,2026-09-14 09:40:37,North Emily,NE,0
ACC001078,2026-09-14 09:40:37,South Dianaberg,TR,0
ACC004840,2026-09-14 09:40:37,Lake David,BG,1
ACC000261,2026-09-14 09:40:38,Josephshire,NP,0
ACC001906,2026-09-14 09:40:38,Thompsonton,SA,0
ACC001905,2026-09-14 09:40:38,West Samuelmouth,NA,0
ACC004807,2026-09-14 09:40:38,Baileyburgh,CL,0
ACC002244,2026-09-14 09:40:39,South Corey,ER,0
ACC003910,2026-09-14 09:40:40,Lake Destinyfurt,GE,0
ACC002525,2026-09-14 09:40:40,Lake Alanbury,BS,0
ACC002496,2026-09-14 09:40:40,Brittanyburgh,TJ,0
ACC000022,2026-09-14 09:40:40,North Robert,GN,0
ACC001841,2026-09-14 09:40:41,Brianberg,NE,0
ACC004544,2026-09-14 09:40:41,South Michaelbury,NG,0
ACC003114,2026-09-14 09:40:41,Port Jacobbury,UY,0
ACC002962,2026-09-14 09:40:41,Merritthaven,SM,1
ACC002855,2026-09-14 09:40:41,Saraside,YE,0
ACC000972,2026-09-14 09:40:41,Brianhaven,HU,0
ACC004094,2026-09-14 09:40:42,Charlesview,DK,0
ACC000209,2026-09-14 09:40:42,Mahoneyshire,MY,0
ACC003056,2026-09-14 09:40:42,Johnsstad,HU,0
ACC004531,2026-09-14 09:40:42,Ryanview,CG,0
ACC001960,2026-09-14 09:40:42,Maryside,TZ,1
ACC001105,2026-09-14 09:40:43,Christopherport,AL,0
ACC002717,2026-09-14 09:40:43,Donnahaven,ZM,0
ACC001766,2026-09-14 09:40:43,Karenside,BG,0
ACC003670,2026-09-14 09:40:43,Melindachester,PE,0
ACC002440,2026-09-14 09:40:44,New Sean,PT,0
ACC000612,2026-09-14 09:40:44,Ramirezmouth,LC,0
ACC004043,2026-09-14 09:40:44,West Tammy,MW,0
ACC000391,2026-09-14 09:40:45,Lopezhaven,BT,0
ACC001833,2026-09-14 09:40:45,Jeremyborough,HR,0
ACC001887,2026-09-14 09:40:45,New Dawn,UA,0
ACC001289,2026-09-14 09:40:45,Vanessashire,YE,1
ACC002316,2026-09-14 09:40:45,Phelpston,NL,0
ACC004961,2026-09-14 09:40:46,Johnsonland,SA,0
ACC002373,2026-09-14 09:40:46,Port Danielle,VA,1
ACC002680,2026-09-14 09:40:47,New Kelly,KP,0
ACC001822,2026-09-14 09:40:48,Danielton,SY,0
ACC003970,2026-09-14 09:40:49,North Debbieshire,BS,0
ACC003275,2026-09-14 09:40:49,New Noahfort,JP,0
ACC003886,2026-09-14 09:40:49,Port Michael,GD,0
ACC002022,2026-09-14 09:40:49,Lake Corymouth,GN,0
ACC002906,2026-09-14 09:40:49,Steventon,ST,0
ACC000589,2026-09-14 09:40:49,Sonyastad,MD,0
ACC001423,2026-09-14 09:40:50,Bruceport,TD,0
ACC004369,2026-09-14 09:40:50,New Kelly,SR,0
ACC001686,2026-09-14 09:40:50,New Christinaburgh,MW,0
ACC000769,2026-09-14 09:40:51,Lake Steven,CZ,0
ACC002015,2026-09-14 09:40:51,Edwardsfort,JP,0
ACC004952,2026-09-14 09:40:51,Grantmouth,MR,0
ACC001794,2026-09-14 09:40:52,Tammieville,AT,0
ACC003258,2026-09-14 09:40:52,West Shelly,SZ,0
ACC004427,2026-09-14 09:40:52,Timothyport,BO,0
ACC003852,2026-09-14 09:40:54,Cruztown,EG,0
ACC000058,2026-09-14 09:40:54,Danielview,LC,0
ACC004928,2026-09-14 09:40:54,Fosterburgh,TW,0
ACC000193,2026-09-14 09:40:54,Youngland,RO,0
ACC001441,2026-09-14 09:40:55,Lake Alexistown,LI,0
ACC000086,2026-09-14 09:40:55,Port Andrewfort,ZM,0
ACC000290,2026-09-14 09:40:55,Rebeccaborough,JP,0
ACC002770,2026-09-14 09:40:55,North Matthew,UA,0
ACC002800,2026-09-14 09:40:55,Port Hayley,LK,0
ACC004038,2026-09-14 09:40:56,Lake Sharon,TM,1
ACC003252,2026-09-14 09:40:56,Romerofort,MK,0
ACC003416,2026-09-14 09:40:56,East Matthewview,NA,0
ACC001680,2026-09-14 09:40:56,North Lisatown,AD,0
ACC002618,2026-09-14 09:40:57,Lauratown,TR,0
ACC003051,2026-09-14 09:40:57,Ericchester,PK,0
ACC004001,2026-09-14 09:40:58,South Aaron,UZ,0
ACC004873,2026-09-14 09:40:58,New Edwinbury,IE,0
ACC000287,2026-09-14 09:40:58,Rossside,CI,0
ACC000455,2026-09-14 09:40:58,Rebeccatown,LT,0
ACC002153,2026-09-14 09:40:58,Ericside,UY,1
ACC004093,2026-09-14 09:40:58,Alexandermouth,BY,0
ACC003570,2026-09-14 09:40:58,West Richardstad,NI,0
ACC002190,2026-09-14 09:40:59,Kevinfort,HN,0
ACC000043,2026-09-14 09:40:59,Clarktown,TM,0
ACC000727,2026-09-14 09:41:00,Kleinside,GQ,0
ACC004152,2026-09-14 09:41:00,Swansonmouth,AG,1
ACC000628,2026-09-14 09:41:00,North Mariah,GD,0
ACC002047,2026-09-14 09:41:00,South Robert,MH,0
ACC000511,2026-09-14 09:41:00,Yangtown,PS,0
ACC004318,2026-09-14 09:41:01,New Lukeborough,VA,0
ACC001279,2026-09-14 09:41:02,Lake Kevinport,ES,0
ACC004169,2026-09-14 09:41:02,East Roberto,KG,0
ACC002599,2026-09-14 09:41:02,North Nicholas,MH,0
ACC002409,2026-09-14 09:41:03,West Sharonberg,GN,0
ACC000704,2026-09-14 09:41:03,Mcguireville,UG,0
ACC001172,2026-09-14 09:41:04,North Ray,UY,0
ACC002598,2026-09-14 09:41:05,East Jorgeside,PE,0
ACC004187,2026-09-14 09:41:05,Michelleburgh,AF,0
ACC003934,2026-09-14 09:41:06,Triciamouth,LS,0
ACC002294,2026-09-14 09:41:07,Shawnstad,TL,0
ACC000574,2026-09-14 09:41:07,Cindychester,MC,0
ACC004293,2026-09-14 09:41:07,Jenkinsfort,TR,0
ACC003755,2026-09-14 09:41:07,Abbottmouth,GE,0
ACC002910,2026-09-14 09:41:07,Youngbury,TM,0
ACC003887,2026-09-14 09:41:08,New Yolandafort,BA,0
ACC003838,2026-09-14 09:41:08,Port Lisa,YE,0
ACC003029,2026-09-14 09:41:08,Lake Davidmouth,NZ,0
ACC002881,2026-09-14 09:41:09,Robertfort,BS,0
ACC001870,2026-09-14 09:41:09,Gonzalezmouth,VN,0
ACC001729,2026-09-14 09:41:10,Aliport,KG,0
ACC003012,2026-09-14 09:41:10,Lake Christina,BW,0
ACC001299,2026-09-14 09:41:10,Lake Deanna,BF,0
ACC004193,2026-09-14 09:41:11,Port Barbaraville,FI,0
ACC002962,2026-09-14 09:41:11,East Susan,ID,1
ACC004079,2026-09-14 09:41:12,Morganport,DM,0
ACC003953,2026-09-14 09:41:12,Port Lynnberg,TJ,0
ACC002911,2026-09-14 09:41:13,Lake Lisafort,PE,0
ACC004189,2026-09-14 09:41:13,West Stephanieville,SK,0
ACC001108,2026-09-14 09:41:14,Port Jeffrey,KN,0
ACC004879,2026-09-14 09:41:14,Jonesbury,OM,0
ACC000286,2026-09-14 09:41:14,South Melindaland,SG,0
ACC000760,2026-09-14 09:41:15,New Patrickberg,UA,0
ACC004943,2026-09-14 09:41:15,Reevesmouth,EE,0
ACC000941,2026-09-14 09:41:15,Kathleenside,MT,0
ACC004131,2026-09-14 09:41:15,Weberchester,WS,0
ACC000019,2026-09-14 09:41:15,New Loganchester,DK,0
ACC000955,2026-09-14 09:41:16,North Michelle,KW,0
ACC003759,2026-09-14 09:41:16,Robertmouth,NL,0
ACC000077,2026-09-14 09:41:16,Blackwellfurt,ET,0
ACC000515,2026-09-14 09:41:16,North Johnville,UZ,0
ACC002025,2026-09-14 09:41:16,West Brandi,GN,0
ACC003229,2026-09-14 09:41:16,Nguyenchester,FJ,0
ACC002854,2026-09-14 09:41:17,Boyertown,CU,0
ACC004632,2026-09-14 09:41:17,Port Laurenhaven,GT,0
ACC002513,2026-09-14 09:41:17,New Emily,MX,0
ACC002840,2026-09-14 09:41:17,Elizabethton,MG,0
ACC004580,2026-09-14 09:41:18,Lake Adambury,SY,0
ACC004310,2026-09-14 09:41:18,East Jesseberg,ME,0
ACC001433,2026-09-14 09:41:18,North Marychester,SG,0
ACC003962,2026-09-14 09:41:18,East Rachaelmouth,PT,1
ACC003559,2026-09-14 09:41:18,Lake Jennifer,SN,0
ACC000900,2026-09-14 09:41:19,North Michelemouth,BA,1
ACC004299,2026-09-14 09:41:19,Edwinland,YE,0
ACC003237,2026-09-14 09:41:19,North Jason,VU,0
ACC002865,2026-09-14 09:41:19,Ginaport,BR,0
ACC002387,2026-09-14 09:41:19,East Ronaldtown,CM,0
ACC004979,2026-09-14 09:41:19,Jeremyton,ZW,1
ACC001550,2026-09-14 09:41:19,New Robinport,UA,0
ACC004617,2026-09-14 09:41:20,Staceybury,PT,0
ACC003059,2026-09-14 09:41:20,West Kevin,NG,0
ACC002602,2026-09-14 09:41:20,Lake Beckymouth,LU,0
ACC002090,2026-09-14 09:41:20,West Dennisburgh,PA,1
ACC002917,2026-09-14 09:41:20,Pattonside,MT,0
ACC004017,2026-09-14 09:41:20,East Hannah,SG,0
ACC004089,2026-09-14 09:41:21,Darrellbury,GD,1
ACC002972,2026-09-14 09:41:21,Port Stephen,EG,0
ACC004928,2026-09-14 09:41:21,Smithhaven,DE,0
ACC001711,2026-09-14 09:41:21,Alvarezberg,LI,0
ACC004166,2026-09-14 09:41:23,Michaelstad,ES,0
ACC002884,2026-09-14 09:41:23,Port Chadborough,NG,0
ACC004659,2026-09-14 09:41:23,Austinfort,ES,0
ACC002410,2026-09-14 09:41:23,Martinezview,DJ,0
ACC003897,2026-09-14 09:41:23,New Michaelton,PW,0
ACC004008,2026-09-14 09:41:24,Nealmouth,KI,0
ACC000783,2026-09-14 09:41:24,Hunterton,BI,0
ACC003521,2026-09-14 09:41:24,New Sharonmouth,ZM,0
ACC004562,2026-09-14 09:41:24,Nathanchester,BH,0
ACC001426,2026-09-14 09:41:25,Lake Lori,CH,0
ACC001041,2026-09-14 09:41:25,New Markburgh,CY,0
ACC000439,2026-09-14 09:41:25,South Katieland,BD,0
ACC004850,2026-09-14 09:41:25,New Deborah,SE,1
ACC000577,2026-09-14 09:41:25,Samanthaburgh,AT,0
ACC001348,2026-09-14 09:41:26,Lake Eric,NR,1
ACC004998,2026-09-14 09:41:26,Houstonshire,MC,0
ACC004891,2026-09-14 09:41:26,Ritaland,VN,0
ACC002282,2026-09-14 09:41:26,Jacksonchester,CY,0
ACC003567,2026-09-14 09:41:27,West Garybury,MM,0
ACC004155,2026-09-14 09:41:27,Karenstad,MK,0
ACC002877,2026-09-14 09:41:27,South Andrewville,KW,0
ACC004167,2026-09-14 09:41:28,Munoztown,LC,0
ACC004114,2026-09-14 09:41:28,Jeanettetown,KW,0
ACC001081,2026-09-14 09:41:28,Erinchester,BB,0
ACC003759,2026-09-14 09:41:28,West Vickie,SE,0
ACC003908,2026-09-14 09:41:28,South Carrie,UA,1
ACC003472,2026-09-14 09:41:28,Stephensshire,MW,0
ACC000593,2026-09-14 09:41:29,Millerfort,GY,1
ACC000550,2026-09-14 09:41:29,Campbellview,KZ,0
ACC002858,2026-09-14 09:41:30,Crosbyton,SL,0
ACC001206,2026-09-14 09:41:30,South Noahfort,AD,0
ACC004664,2026-09-14 09:41:31,Jeremyport,ZM,0
ACC002040,2026-09-14 09:41:31,West Jamesview,CO,0
ACC000798,2026-09-14 09:41:31,Woodsview,GW,0
ACC001924,2026-09-14 09:41:31,New Patricia,LR,1
ACC002708,2026-09-14 09:41:31,Lake Kimchester,JO,0
ACC003564,2026-09-14 09:41:31,Crystalport,NA,0
ACC001004,2026-09-14 09:41:31,West Cindy,BG,0
ACC003427,2026-09-14 09:41:32,New Robert,MV,0
ACC001738,2026-09-14 09:41:32,East Rebekah,KG,0
ACC003299,2026-09-14 09:41:32,Port Stephanie,TZ,0
ACC001844,2026-09-14 09:41:32,Lowerytown,DZ,0
ACC000195,2026-09-14 09:41:32,Smithport,HT,1
ACC000321,2026-09-14 09:41:33,North Edwin,BF,0
ACC003709,2026-09-14 09:41:33,West Davidview,SL,0
ACC003086,2026-09-14 09:41:33,West Juliehaven,ES,0
ACC000460,2026-09-14 09:41:34,Youngtown,ME,0
ACC000978,2026-09-14 09:41:34,Edwardmouth,SR,1
ACC003709,2026-09-14 09:41:34,Grossmouth,DJ,0
ACC003526,2026-09-14 09:41:34,Fernandezburgh,JO,1
ACC002271,2026-09-14 09:41:36,North Colleenhaven,PW,0
ACC001300,2026-09-14 09:41:36,Delacruzhaven,LB,0
ACC000519,2026-09-14 09:41:36,Port Randy,JP,0
ACC003837,2026-09-14 09:41:36,Mcdonaldchester,SL,0
ACC001623,2026-09-14 09:41:37,East Jonathanborough,CA,0
ACC002211,2026-09-14 09:41:37,Atkinsonville,MM,0
ACC001441,2026-09-14 09:41:37,Lake Paulhaven,GN,0
ACC003476,2026-09-14 09:41:37,Laurenfurt,ZM,0
ACC002462,2026-09-14 09:41:37,South Heatherville,QA,1
ACC004739,2026-09-14 09:41:38,New Katherine,PA,0
ACC003222,2026-09-14 09:41:38,North Melindaton,KR,0
ACC000299,2026-09-14 09:41:38,Hartland,CA,0
ACC004943,2026-09-14 09:41:38,New Patricia,TG,0
ACC001248,2026-09-14 09:41:38,Mariaview,SC,0
ACC003606,2026-09-14 09:41:39,East Aprilland,LS,0
ACC002978,2026-09-14 09:41:39,East Tyler,NA,0
ACC002081,2026-09-14 09:41:39,North Jasmine,TV,0
ACC003954,2026-09-14 09:41:40,Danielborough,KM,0
ACC000814,2026-09-14 09:41:40,South Sara,PT,0
ACC001714,2026-09-14 09:41:41,Nicoleshire,SL,0
ACC001425,2026-09-14 09:41:41,New Jeffreyborough,KW,0
ACC000460,2026-09-14 09:41:41,Griffinton,LA,0
ACC003562,2026-09-14 09:41:41,South Erika,GB,0
ACC004785,2026-09-14 09:41:41,East Adam,CY,0
ACC004101,2026-09-14 09:41:41,Lake Tammymouth,CZ,0
ACC001502,2026-09-14 09:41:42,Stewartberg,JO,0
ACC004976,2026-09-14 09:41:42,West Christopher,PA,0
ACC002643,2026-09-14 09:41:42,Washingtonside,EC,0
ACC002148,2026-09-14 09:41:43,Kevinfort,EG,0
ACC000789,2026-09-14 09:41:43,East Deannaside,BJ,0
ACC001262,2026-09-14 09:41:44,Danielmouth,PT,0
ACC002117,2026-09-14 09:41:44,Patrickberg,PE,0
ACC003567,2026-09-14 09:41:44,North Hunterton,FR,0
ACC001655,2026-09-14 09:41:44,Stevenchester,SE,0
ACC004562,2026-09-14 09:41:45,Lake Andrewton,KI,0
ACC001057,2026-09-14 09:41:45,Lake Josephchester,SI,0
ACC001545,2026-09-14 09:41:45,Hernandezhaven,US,0
ACC004247,2026-09-14 09:41:46,Wilsonberg,CI,0
ACC000568,2026-09-14 09:41:46,Jesseville,NE,1
ACC001390,2026-09-14 09:41:46,North Melissa,KE,0
ACC003032,2026-09-14 09:41:47,Cruzshire,AO,1
ACC003595,2026-09-14 09:41:47,Patrickfurt,HN,0
ACC002121,2026-09-14 09:41:47,Port Breanna,BA,1
ACC000703,2026-09-14 09:41:48,Pearsonport,KE,0
ACC002104,2026-09-14 09:41:48,West Nathantown,LY,0
ACC000845,2026-09-14 09:41:48,Port Stephentown,VU,0
ACC004617,2026-09-14 09:41:48,Brownport,MY,0
ACC004058,2026-09-14 09:41:48,Barrybury,BR,0
ACC001434,2026-09-14 09:41:49,Lake Dennisland,CN,1
ACC001899,2026-09-14 09:41:49,Smithhaven,BD,0
ACC003581,2026-09-14 09:41:49,Gabriellestad,PH,1
ACC003444,2026-09-14 09:41:49,Phamberg,PE,0
ACC002967,2026-09-14 09:41:49,East Michael,VN,0
ACC000122,2026-09-14 09:41:49,Elizabethstad,UG,0
ACC004523,2026-09-14 09:41:49,Port Kristi,BS,0
ACC000615,2026-09-14 09:41:50,New Jillmouth,LK,0
ACC002551,2026-09-14 09:41:52,New Jessica,LC,0
ACC001525,2026-09-14 09:41:52,East Kennethburgh,ET,0
ACC001650,2026-09-14 09:41:53,South Jonathan,EE,1
ACC003895,2026-09-14 09:41:53,Chadmouth,SD,0
ACC000530,2026-09-14 09:41:54,Cabreraside,ER,0
ACC002184,2026-09-14 09:41:54,South Chad,DE,0
ACC000284,2026-09-14 09:41:55,Robertsborough,MR,0
ACC003983,2026-09-14 09:41:55,New Travisberg,MZ,0
ACC003702,2026-09-14 09:41:55,Port Theresa,SR,0
ACC002516,2026-09-14 09:41:55,Shermanborough,SY,0
ACC001580,2026-09-14 09:41:56,Port Anna,RO,0
ACC002073,2026-09-14 09:41:56,Sotochester,SA,0
ACC002736,2026-09-14 09:41:57,Michaelmouth,YE,0
ACC004010,2026-09-14 09:41:57,Natalieburgh,GE,0
ACC000580,2026-09-14 09:41:58,Jamesfort,AG,0
ACC001680,2026-09-14 09:41:58,Port Robertberg,KR,0
ACC003861,2026-09-14 09:41:58,East Jamie,AL,0
ACC004791,2026-09-14 09:41:59,Huffmanhaven,BG,0
ACC002798,2026-09-14 09:41:59,Juantown,GQ,0
ACC004109,2026-09-14 09:42:00,New Jillbury,DO,0
ACC003231,2026-09-14 09:42:00,Everettchester,KM,0
ACC001848,2026-09-14 09:42:00,Tylertown,BS,0
ACC002576,2026-09-14 09:42:00,Michaelberg,MR,0
ACC004803,2026-09-14 09:42:00,Ashleyfurt,KI,0
ACC000512,2026-09-14 09:42:01,West Melissa,FR,0
ACC002470,2026-09-14 09:42:01,Thorntonburgh,MV,0
ACC001318,2026-09-14 09:42:02,South Catherinehaven,IT,1
ACC004946,2026-09-14 09:42:02,Priceport,JM,0
ACC002969,2026-09-14 09:42:03,West Jay,CH,0
ACC002171,2026-09-14 09:42:03,New Christophermouth,IL,0
ACC004553,2026-09-14 09:42:03,East Briannahaven,ML,0
ACC000027,2026-09-14 09:42:03,West Andrea,BW,0
ACC002037,2026-09-14 09:42:04,Wardfort,BD,0
ACC001151,2026-09-14 09:42:04,Port Mary,DM,0
ACC002956,2026-09-14 09:42:04,West Mike,MN,0
ACC000055,2026-09-14 09:42:04,Gonzalezhaven,LY,0
ACC004212,2026-09-14 09:42:04,Cooleybury,ZM,0
ACC002658,2026-09-14 09:42:05,Francoton,AZ,0
ACC001328,2026-09-14 09:42:05,North Joshuaton,SM,0
ACC004267,2026-09-14 09:42:06,Jordanton,LC,0
ACC004067,2026-09-14 09:42:06,Hunterville,BO,0
ACC001371,2026-09-14 09:42:06,Port Nancy,DO,0
ACC003366,2026-09-14 09:42:07,Jacksonland,LK,0
ACC000931,2026-09-14 09:42:07,Port Kristopherchester,YE,0
ACC003811,2026-09-14 09:42:08,East Jeremyburgh,RO,0
ACC001490,2026-09-14 09:42:08,Port James,DE,0
ACC004006,2026-09-14 09:42:08,Lake Whitney,NE,0
ACC000160,2026-09-14 09:42:09,South Michael,AG,0
ACC000151,2026-09-14 09:42:09,New Wayne,RW,0
ACC003248,2026-09-14 09:42:09,Port Sean,MU,0
ACC002102,2026-09-14 09:42:10,Port Jillside,ID,0
ACC003142,2026-09-14 09:42:10,Jefferymouth,KG,0
ACC004916,2026-09-14 09:42:11,Jamesburgh,GE,0
ACC002077,2026-09-14 09:42:11,Destinyberg,PS,0
ACC002784,2026-09-14 09:42:12,Lake Toni,CV,0
ACC000962,2026-09-14 09:42:12,New Melindachester,NO,0
ACC002360,2026-09-14 09:42:13,Richardsonmouth,US,0
ACC004324,2026-09-14 09:42:13,Riddleborough,CY,1
ACC003667,2026-09-14 09:42:14,Thompsonstad,UG,0
ACC002193,2026-09-14 09:42:14,Carpenterview,KW,0
ACC001853,2026-09-14 09:42:14,West Melinda,BF,0
ACC003151,2026-09-14 09:42:14,Garyview,CL,0
ACC002670,2026-09-14 09:42:15,Justinland,LA,0
ACC000729,2026-09-14 09:42:16,Lake Joshua,TM,0
ACC000546,2026-09-14 09:42:16,Lake Stephanie,KI,0
ACC001988,2026-09-14 09:42:16,East Marymouth,KN,0
ACC003050,2026-09-14 09:42:17,Amberberg,LU,0
ACC002189,2026-09-14 09:42:18,Jeremyfort,FM,0
ACC004262,2026-09-14 09:42:18,Lake Robert,NR,0
ACC004059,2026-09-14 09:42:19,East Daniel,VC,0
ACC003909,2026-09-14 09:42:19,Christopherland,MA,0
ACC003203,2026-09-14 09:42:19,Charlestown,SN,0
ACC004312,2026-09-14 09:42:20,North Jonathan,MK,0
ACC003468,2026-09-14 09:42:20,New Dianechester,MG,0
ACC002690,2026-09-14 09:42:20,Powellburgh,CH,0
ACC002425,2026-09-14 09:42:20,Amyberg,BH,0
ACC000181,2026-09-14 09:42:21,New Ian,BR,0
ACC000157,2026-09-14 09:42:21,North Robert,FI,0
ACC000551,2026-09-14 09:42:22,Jessicaland,IL,0
ACC000011,2026-09-14 09:42:22,Port Richardshire,KZ,0
ACC004683,2026-09-14 09:42:22,Samanthaville,NR,0
ACC000572,2026-09-14 09:42:23,Timothybury,KG,0
ACC003427,2026-09-14 09:42:23,Danielland,SC,0
ACC001159,2026-09-14 09:42:23,Shirleymouth,BJ,0
ACC003459,2026-09-14 09:42:23,Lake Bryanland,NZ,0
ACC003706,2026-09-14 09:42:24,East Lisa,RS,0
ACC001575,2026-09-14 09:42:24,Kennethchester,LK,0
ACC002316,2026-09-14 09:42:24,Greenchester,CG,1
ACC004023,2026-09-14 09:42:24,Sarastad,BW,1
ACC000418,2026-09-14 09:42:24,West Sheilafort,TR,0
ACC001950,2026-09-14 09:42:24,South Patrickside,LR,0
ACC002961,2026-09-14 09:42:24,North Kristinville,QA,0
ACC003094,2026-09-14 09:42:25,North Brandonmouth,MM,1
ACC003054,2026-09-14 09:42:25,New Tylerside,BZ,0
ACC001908,2026-09-14 09:42:25,Lake Thomas,TJ,1
ACC002072,2026-09-14 09:42:26,Rosaleston,LV,0
ACC004835,2026-09-14 09:42:26,Walkerberg,CL,0
ACC000988,2026-09-14 09:42:26,South Daniel,HT,0
ACC002865,2026-09-14 09:42:27,Morenohaven,KW,1
ACC000843,2026-09-14 09:42:27,Greenville,LB,0
ACC002282,2026-09-14 09:42:28,Castroton,FM,0
ACC003649,2026-09-14 09:42:28,East Ronaldfurt,BI,0
ACC002868,2026-09-14 09:42:29,Douglasshire,DJ,0
ACC001199,2026-09-14 09:42:29,South Brett,IE,0
ACC002654,2026-09-14 09:42:29,North Anthony,LK,0
ACC004191,2026-09-14 09:42:31,Port Robertburgh,ZW,0
ACC003740,2026-09-14 09:42:31,Ericaborough,BS,0
ACC002333,2026-09-14 09:42:31,West Zacharyburgh,CL,0
ACC001971,2026-09-14 09:42:32,West Lindaport,BE,0
ACC004182,2026-09-14 09:42:32,Zacharyborough,EE,0
ACC003337,2026-09-14 09:42:32,Charleston,HT,0
ACC004823,2026-09-14 09:42:32,Popefurt,CA,0
ACC000575,2026-09-14 09:42:33,Acevedomouth,ME,0
ACC004354,2026-09-14 09:42:33,New Alison,AT,0
ACC004330,2026-09-14 09:42:34,East Kimberlyport,MU,0
ACC003217,2026-09-14 09:42:34,Stewartbury,BA,0
ACC002358,2026-09-14 09:42:34,Danielberg,AL,0
ACC002107,2026-09-14 09:42:35,New John,BI,0
ACC001921,2026-09-14 09:42:35,Port Samuelville,KR,0
ACC003920,2026-09-14 09:42:35,West Kelsey,EC,0
ACC003720,2026-09-14 09:42:35,Thomasbury,YE,0
ACC001547,2026-09-14 09:42:35,East Jenniferfort,AU,0
ACC004385,2026-09-14 09:42:37,New Mark,CY,0
ACC004501,2026-09-14 09:42:37,Port Jessicabury,AT,0
ACC002452,2026-09-14 09:42:37,West Melinda,GA,0
ACC004707,2026-09-14 09:42:37,Kingmouth,EC,0
ACC004850,2026-09-14 09:42:37,Beckerhaven,BW,0
ACC000178,2026-09-14 09:42:37,Muellerland,GB,0
ACC003288,2026-09-14 09:42:38,Anthonystad,BR,0
ACC004035,2026-09-14 09:42:38,South Barbarabury,KZ,0
ACC002004,2026-09-14 09:42:38,North Gregorytown,GE,0
ACC003847,2026-09-14 09:42:38,Jennifermouth,BA,0
ACC003212,2026-09-14 09:42:38,Thomasside,LA,0
ACC003570,2026-09-14 09:42:38,Laurenport,AG,0
ACC002404,2026-09-14 09:42:38,Piercehaven,PG,0
ACC001039,2026-09-14 09:42:38,North Hannahbury,SB,0
ACC004274,2026-09-14 09:42:39,North Davidton,MT,0
ACC003704,2026-09-14 09:42:40,Lake Alison,SB,0
ACC002369,2026-09-14 09:42:40,Justinburgh,ME,1
ACC004920,2026-09-14 09:42:41,Lake Ericmouth,MZ,0
ACC003003,2026-09-14 09:42:41,East Jonathan,IR,0
ACC004307,2026-09-14 09:42:42,Port Jennifer,IE,0
ACC003856,2026-09-14 09:42:42,West Laura,IN,0
ACC001476,2026-09-14 09:42:42,Jonborough,IN,0
ACC000861,2026-09-14 09:42:42,South Courtneyland,SC,0
ACC004937,2026-09-14 09:42:42,Lake Jillmouth,RS,0
ACC000895,2026-09-14 09:42:42,East Katie,SM,0
ACC003376,2026-09-14 09:42:43,Port Christinechester,IQ,0
ACC004896,2026-09-14 09:42:43,Christinefurt,BZ,0
ACC002458,2026-09-14 09:42:43,Port Johnfurt,KR,0
ACC001579,2026-09-14 09:42:43,New Tammyport,PA,0
ACC004870,2026-09-14 09:42:44,West Elizabethborough,EE,0
ACC003993,2026-09-14 09:42:44,West Jennifer,TD,0
ACC001175,2026-09-14 09:42:44,New Kevin,ST,0
ACC002540,2026-09-14 09:42:44,Williamview,PE,0
ACC002574,2026-09-14 09:42:45,North Kathryn,RO,0
ACC000916,2026-09-14 09:42:45,South Amybury,CO,1
ACC004581,2026-09-14 09:42:45,East Anthony,GQ,0
ACC000412,2026-09-14 09:42:47,West Jeffreyton,TW,0
ACC004998,2026-09-14 09:42:47,Lopezville,IE,0
ACC002447,2026-09-14 09:42:47,Jennifermouth,AM,0
ACC001473,2026-09-14 09:42:48,Patrickhaven,MZ,1
ACC003174,2026-09-14 09:42:48,Port Kelsey,PY,0
ACC002944,2026-09-14 09:42:48,East Kenneth,TL,0
ACC002812,2026-09-14 09:42:48,Wagnerbury,BD,0
ACC002483,2026-09-14 09:42:49,Ashleeton,LC,0
ACC003403,2026-09-14 09:42:49,South Mark,CH,0
ACC003575,2026-09-14 09:42:49,Tylerville,MX,0
ACC003024,2026-09-14 09:42:49,New Loriview,GN,0
ACC002669,2026-09-14 09:42:50,Lake Amandaville,BI,0
ACC000292,2026-09-14 09:42:50,New Danielleport,BO,0
ACC000566,2026-09-14 09:42:50,New Charlestown,AF,0
ACC003395,2026-09-14 09:42:50,New Christown,EE,0
ACC000124,2026-09-14 09:42:51,Lake Rebeccaborough,IT,1
ACC003567,2026-09-14 09:42:51,Nathanburgh,OM,1
ACC003109,2026-09-14 09:42:51,East Ralphborough,CZ,0
ACC004674,2026-09-14 09:42:52,North Brandonshire,TH,0
ACC004769,2026-09-14 09:42:52,North Timothyshire,DE,0
ACC003172,2026-09-14 09:42:53,South Sarahbury,CR,0
ACC000487,2026-09-14 09:42:54,Costabury,PL,0
ACC004962,2026-09-14 09:42:54,Carterstad,GN,0
ACC001799,2026-09-14 09:42:54,West Lisamouth,LA,0
ACC003292,2026-09-14 09:42:56,Wallsbury,VC,0
ACC004584,2026-09-14 09:42:56,North Douglas,AD,0
ACC001105,2026-09-14 09:42:56,Phillipsville,ER,0
ACC002759,2026-09-14 09:42:57,Markborough,RS,0
ACC002194,2026-09-14 09:42:57,Davisburgh,ML,0
ACC000920,2026-09-14 09:42:57,West Monica,UZ,0
ACC000604,2026-09-14 09:42:57,Crawfordmouth,PY,0
ACC003124,2026-09-14 09:42:57,Taraburgh,VE,0
ACC004256,2026-09-14 09:42:57,Shannonborough,BI,0
ACC004979,2026-09-14 09:42:58,Richardberg,EG,0
ACC002531,2026-09-14 09:42:58,Wagnerfurt,AU,0
ACC001675,2026-09-14 09:42:58,South Kimberly,SO,0
ACC001846,2026-09-14 09:42:59,New Kelly,NG,0
ACC001190,2026-09-14 09:42:59,Tylerborough,CL,0
ACC001405,2026-09-14 09:42:59,New Robert,GT,0
ACC001380,2026-09-14 09:42:59,Daviston,JO,1
ACC004236,2026-09-14 09:43:00,New Charles,MK,1
ACC003017,2026-09-14 09:43:00,Port John,NG,0
ACC002718,2026-09-14 09:43:01,Lake Alyssahaven,BW,0
ACC000762,2026-09-14 09:43:01,Port Haley,BF,0
ACC004762,2026-09-14 09:43:01,Lake Dorisstad,AE,0
ACC003143,2026-09-14 09:43:01,Kellermouth,QA,0
ACC003882,2026-09-14 09:43:03,Port Josehaven,ZM,1
ACC001564,2026-09-14 09:43:03,Lawrenceland,AF,0
ACC000777,2026-09-14 09:43:03,Jonesbury,KP,0
ACC000282,2026-09-14 09:43:03,South Steven,BH,0
ACC000938,2026-09-14 09:43:03,Allenview,AE,1
ACC002750,2026-09-14 09:43:04,Jameschester,CU,0
ACC002062,2026-09-14 09:43:04,Port Shannonville,BG,0
ACC000617,2026-09-14 09:43:04,South Shannon,GT,0
ACC004445,2026-09-14 09:43:04,Perryside,TM,0
ACC002368,2026-09-14 09:43:04,Williamchester,BN,0
ACC004653,2026-09-14 09:43:04,West Kaitlinshire,SZ,0
ACC004297,2026-09-14 09:43:05,Port Jessica,MZ,0
ACC003733,2026-09-14 09:43:05,North Alecfurt,JO,0
ACC004712,2026-09-14 09:43:05,Dudleyton,KR,0
ACC000301,2026-09-14 09:43:05,Fisherport,JO,0
ACC002968,2026-09-14 09:43:06,West Stephaniefort,GA,0
ACC002194,2026-09-14 09:43:06,Port Brenda,HR,0
ACC001735,2026-09-14 09:43:06,Leeberg,BS,0
ACC001797,2026-09-14 09:43:07,North Alexis,BH,0
ACC001345,2026-09-14 09:43:08,South Emilyfort,TM,0
ACC000764,2026-09-14 09:43:08,Port Michael,NL,0
ACC004015,2026-09-14 09:43:08,Connieburgh,UZ,0
ACC001718,2026-09-14 09:43:09,New Philip,EC,0
ACC004148,2026-09-14 09:43:09,Port Lancechester,TW,0
ACC004205,2026-09-14 09:43:09,South Angela,BA,0
ACC003918,2026-09-14 09:43:09,Port Thomas,UA,0
ACC001530,2026-09-14 09:43:10,West Rachelchester,SR,0
ACC001693,2026-09-14 09:43:10,Pearsonport,GW,0
ACC002345,2026-09-14 09:43:10,Port Alan,AD,1
ACC000590,2026-09-14 09:43:10,Bartlettshire,EC,0
ACC002653,2026-09-14 09:43:10,Port Evelynchester,DZ,0
ACC004060,2026-09-14 09:43:11,Patriciaberg,BG,0
ACC002681,2026-09-14 09:43:11,South Mary,NA,0
ACC004265,2026-09-14 09:43:11,Port Justinmouth,JO,0
ACC004451,2026-09-14 09:43:11,Morganview,AZ,0
ACC003395,2026-09-14 09:43:11,Port Latasha,ZM,0
ACC004079,2026-09-14 09:43:11,Herreraburgh,DZ,0
ACC003265,2026-09-14 09:43:12,East Blake,MW,0
ACC000360,2026-09-14 09:43:12,Terryton,NE,0
ACC003779,2026-09-14 09:43:12,West Davidville,NE,0
ACC003306,2026-09-14 09:43:12,West Erica,RW,0
ACC002725,2026-09-14 09:43:12,New Edward,UA,0
ACC003107,2026-09-14 09:43:12,Lake Jocelynton,BO,0
ACC003194,2026-09-14 09:43:12,North Kristamouth,NZ,0
ACC003628,2026-09-14 09:43:13,East Wesleychester,MK,0
ACC000285,2026-09-14 09:43:13,South Taraland,AE,1
ACC001349,2026-09-14 09:43:13,Deborahchester,RO,0
ACC003658,2026-09-14 09:43:13,New Eric,CL,0
ACC000737,2026-09-14 09:43:14,Shawside,CA,0
ACC001359,2026-09-14 09:43:14,Amyshire,JO,1
ACC004205,2026-09-14 09:43:16,North Jeffrey,GW,0
ACC004435,2026-09-14 09:43:16,Amberfurt,MZ,0
ACC002545,2026-09-14 09:43:16,Robinsonmouth,SO,0
ACC000798,2026-09-14 09:43:17,Boydberg,CF,0
ACC002825,2026-09-14 09:43:17,Baileyshire,DM,0
ACC001187,2026-09-14 09:43:18,Heatherside,UG,0
ACC004227,2026-09-14 09:43:18,Georgestad,PA,0
ACC004506,2026-09-14 09:43:18,East Roger,TM,0
ACC004327,2026-09-14 09:43:18,Port Michaelmouth,TZ,0
ACC002104,2026-09-14 09:43:18,Arnoldmouth,IL,0
ACC001735,2026-09-14 09:43:19,South Jacob,SI,0
ACC001680,2026-09-14 09:43:19,South Valerie,SC,0
ACC000714,2026-09-14 09:43:19,Port Jacobhaven,KI,0
ACC002083,2026-09-14 09:43:19,Lake Sandra,CU,0
ACC004658,2026-09-14 09:43:19,Lake Christopherchester,CR,0
ACC000306,2026-09-14 09:43:20,Smithmouth,DO,0
ACC003324,2026-09-14 09:43:20,Port Justinborough,MZ,0
ACC001568,2026-09-14 09:43:21,East Jaredview,SR,1
ACC001771,2026-09-14 09:43:21,Port Mary,PW,0
ACC000856,2026-09-14 09:43:22,New Valerie,SA,0
ACC001002,2026-09-14 09:43:22,Robertsview,GW,0
ACC004571,2026-09-14 09:43:22,East Richardhaven,IE,0
ACC004071,2026-09-14 09:43:22,West Bryceberg,PT,0
ACC003612,2026-09-14 09:43:23,Elainestad,ME,0
ACC004642,2026-09-14 09:43:23,Jamesbury,VE,0
ACC002736,2026-09-14 09:43:23,West Kimberlybury,SG,0
ACC001594,2026-09-14 09:43:24,East Christopher,LC,0
ACC003047,2026-09-14 09:43:24,Freemanhaven,GY,0
ACC001914,2026-09-14 09:43:25,Tonyafort,IL,0
ACC003667,2026-09-14 09:43:25,Joneston,LC,0
ACC003436,2026-09-14 09:43:25,East Courtney,CR,0
ACC000958,2026-09-14 09:43:25,West Johnside,WS,0
ACC000357,2026-09-14 09:43:25,Lisaside,LI,0
ACC001530,2026-09-14 09:43:26,Hunterborough,MC,0
ACC001873,2026-09-14 09:43:26,East Bradley,IE,0
ACC001584,2026-09-14 09:43:26,West Michaelborough,LR,1
ACC004563,2026-09-14 09:43:26,New Andre,IQ,0
ACC000861,2026-09-14 09:43:26,Smithport,BR,0
ACC004482,2026-09-14 09:43:27,Carolynview,ZA,0
ACC001336,2026-09-14 09:43:27,South Bridgetmouth,BN,0
ACC000406,2026-09-14 09:43:28,Lake Ricky,KE,0
ACC000462,2026-09-14 09:43:28,East Jonathan,PW,0
ACC002017,2026-09-14 09:43:28,Wilsontown,IL,0
ACC004310,2026-09-14 09:43:28,Annettefort,FI,0
ACC003307,2026-09-14 09:43:29,Allenfurt,AU,0
ACC004783,2026-09-14 09:43:29,Nicholashaven,OM,1
ACC000645,2026-09-14 09:43:29,West Jaclynfurt,IE,0
ACC003533,2026-09-14 09:43:29,South Julie,DE,0
ACC004688,2026-09-14 09:43:29,Barrettshire,TT,0
ACC001662,2026-09-14 09:43:30,New Laurenland,JM,0
ACC003268,2026-09-14 09:43:30,North Dennis,IQ,0
ACC001363,2026-09-14 09:43:31,North Williammouth,CL,0
ACC002424,2026-09-14 09:43:31,Lopezberg,HU,0
ACC001278,2026-09-14 09:43:32,New Danielland,TJ,0
ACC004239,2026-09-14 09:43:32,Port Ronald,LB,0
ACC000010,2026-09-14 09:43:32,Port Angie,ES,0
ACC000922,2026-09-14 09:43:32,South Megan,KI,0
ACC003527,2026-09-14 09:43:32,New Ashley,CO,0
ACC002763,2026-09-14 09:43:32,West Kristinfort,AD,1
ACC000338,2026-09-14 09:43:32,Stonestad,FI,1
ACC000252,2026-09-14 09:43:33,Tamarafurt,CY,0
ACC002191,2026-09-14 09:43:33,New Soniaberg,VU,0
ACC004097,2026-09-14 09:43:33,Lake Lori,IT,0
ACC001632,2026-09-14 09:43:34,Port Caitlin,GB,0
ACC003865,2026-09-14 09:43:34,North Robert,MG,0
ACC001251,2026-09-14 09:43:34,Victoriaport,ZA,0
ACC003692,2026-09-14 09:43:35,Marshallton,CG,0
ACC002849,2026-09-14 09:43:35,North Randy,KH,1
ACC002631,2026-09-14 09:43:35,East David,LK,0
ACC004282,2026-09-14 09:43:35,West Victoriamouth,RO,1
ACC002846,2026-09-14 09:43:36,South Jonathanland,TV,0
ACC003779,2026-09-14 09:43:36,Lake Daniel,MH,0
ACC002429,2026-09-14 09:43:36,East Elizabethview,JM,0
ACC004218,2026-09-14 09:43:36,Josephfurt,GW,0
ACC003451,2026-09-14 09:43:37,Pughhaven,MN,0
ACC001206,2026-09-14 09:43:37,East Carolynview,OM,0
ACC002849,2026-09-14 09:43:37,Andersonview,ST,0
ACC003315,2026-09-14 09:43:39,Port Sethview,AG,0
ACC000346,2026-09-14 09:43:39,West Kyle,KE,0
ACC000372,2026-09-14 09:43:40,Crystalbury,IT,0
ACC000495,2026-09-14 09:43:40,Andersonside,PY,1
ACC002245,2026-09-14 09:43:40,Janicechester,CU,0
ACC002669,2026-09-14 09:43:41,North Justin,ME,0
ACC001097,2026-09-14 09:43:41,Jeffreyton,TD,0
ACC003297,2026-09-14 09:43:41,Williamsfort,IT,0
ACC001092,2026-09-14 09:43:41,Philliphaven,MU,0
ACC001417,2026-09-14 09:43:41,New Walterville,NI,0
ACC002918,2026-09-14 09:43:41,Nicolebury,IE,1
ACC000581,2026-09-14 09:43:41,Kaylahaven,LU,1
ACC003998,2026-09-14 09:43:41,South Waynemouth,TN,0
ACC001960,2026-09-14 09:43:42,East Kimberly,MM,0
ACC000775,2026-09-14 09:43:42,New Tammy,SC,1
ACC004756,2026-09-14 09:43:42,South Douglasmouth,EC,0
ACC002312,2026-09-14 09:43:43,Flemingland,TW,0
ACC001825,2026-09-14 09:43:44,East Bobby,TM,0
ACC002655,2026-09-14 09:43:44,Port Martin,ZA,0
ACC000026,2026-09-14 09:43:44,South Justintown,TV,0
ACC001854,2026-09-14 09:43:44,Williamshaven,SN,0
ACC002833,2026-09-14 09:43:44,Kellymouth,TN,1
ACC000773,2026-09-14 09:43:44,North Theresahaven,JP,0
ACC002104,2026-09-14 09:43:45,East Christopherton,ME,0
ACC002060,2026-09-14 09:43:45,Lake Sheilaview,LB,0
ACC004741,2026-09-14 09:43:45,Matthewborough,AR,0
ACC004034,2026-09-14 09:43:45,Rossmouth,NE,0
ACC003155,2026-09-14 09:43:46,West Jenniferton,KI,0
ACC004322,2026-09-14 09:43:46,West Andrewburgh,ZW,0
ACC004961,2026-09-14 09:43:48,West Valerieview,SR,0
ACC001304,2026-09-14 09:43:49,East Michelleside,BW,0
ACC002153,2026-09-14 09:43:49,Grimeshaven,LT,0
ACC002051,2026-09-14 09:43:50,South Cindyland,AO,0
ACC000047,2026-09-14 09:43:51,East Janetfurt,IE,0
ACC002063,2026-09-14 09:43:51,Wilsonburgh,NP,0
ACC003458,2026-09-14 09:43:51,Angelicastad,AO,0
ACC000423,2026-09-14 09:43:51,Larryborough,GT,0
ACC004690,2026-09-14 09:43:51,Stevenborough,MV,0
ACC001583,2026-09-14 09:43:52,West Joseph,BR,1
ACC001446,2026-09-14 09:43:52,Michaelberg,PH,0
ACC000666,2026-09-14 09:43:52,Josephland,BJ,0
ACC000571,2026-09-14 09:43:52,Woodsville,BO,0
ACC002302,2026-09-14 09:43:52,Harperfort,MT,0
ACC000813,2026-09-14 09:43:52,New Amanda,LB,1
ACC000632,2026-09-14 09:43:53,North Robert,SE,0
ACC004876,2026-09-14 09:43:53,New Stevenfurt,HR,0
ACC001304,2026-09-14 09:43:53,Atkinsonburgh,GQ,0
ACC000648,2026-09-14 09:43:54,Coxstad,CI,0
ACC004830,2026-09-14 09:43:54,Lake Kristinfurt,UA,0
ACC003134,2026-09-14 09:43:54,Nguyenmouth,SL,0
ACC001386,2026-09-14 09:43:54,East Bonnieborough,AM,0
ACC001239,2026-09-14 09:43:55,Leeburgh,SM,0
ACC000808,2026-09-14 09:43:56,Robertsmouth,GA,0
ACC004989,2026-09-14 09:43:56,Port Brianaville,EC,0
ACC002639,2026-09-14 09:43:56,East Deniseview,GA,0
ACC001700,2026-09-14 09:43:57,Staceymouth,FJ,0
ACC000217,2026-09-14 09:43:57,Christophershire,LV,0
ACC003067,2026-09-14 09:43:57,North Melissamouth,LR,0
ACC000180,2026-09-14 09:43:57,Tonyashire,GR,0
ACC003125,2026-09-14 09:43:57,Farrellville,GM,0
ACC001765,2026-09-14 09:43:57,Angelicafurt,AE,0
ACC004485,2026-09-14 09:43:57,Richardstad,ET,0
ACC003528,2026-09-14 09:43:57,Tannerhaven,ME,0
ACC002366,2026-09-14 09:43:58,Lewischester,IQ,0
ACC002817,2026-09-14 09:43:58,Dennishaven,HR,0
ACC002970,2026-09-14 09:43:58,North Christopherfort,WS,0
ACC002442,2026-09-14 09:43:59,South Jerry,RW,0
ACC001344,2026-09-14 09:43:59,Joycemouth,NO,0
ACC004435,2026-09-14 09:43:59,New Laurahaven,CV,0
ACC004531,2026-09-14 09:43:59,Port Michaeltown,KM,0
ACC004373,2026-09-14 09:43:59,Taylorburgh,GR,1
ACC002821,2026-09-14 09:43:59,North Erica,BZ,0
ACC002258,2026-09-14 09:44:00,West Kylie,MX,0
ACC001819,2026-09-14 09:44:01,South Jenniferhaven,ZW,0
ACC003894,2026-09-14 09:44:02,New Janet,MC,0
ACC004979,2026-09-14 09:44:02,Harperstad,BZ,0
ACC002461,2026-09-14 09:44:02,Lake Stevenburgh,PL,0
ACC002098,2026-09-14 09:44:02,East Dylan,RS,0
ACC004211,2026-09-14 09:44:03,East Jillfurt,ML,0
ACC000205,2026-09-14 09:44:03,Port Meghan,CF,0
ACC003516,2026-09-14 09:44:03,North Tami,VC,0
ACC003290,2026-09-14 09:44:04,Adamston,SY,0
ACC000744,2026-09-14 09:44:04,New Robert,PK,0
ACC001109,2026-09-14 09:44:04,Terrifort,MU,0
ACC000844,2026-09-14 09:44:04,East Kristina,GR,0
ACC002095,2026-09-14 09:44:04,West Ericatown,VE,0
ACC003854,2026-09-14 09:44:04,New Christopherport,ET,0
ACC004557,2026-09-14 09:44:05,Conradbury,MM,0
ACC001308,2026-09-14 09:44:05,Port Cliffordside,SK,0
ACC001161,2026-09-14 09:44:06,New Christinahaven,KR,0
ACC000883,2026-09-14 09:44:07,Chadberg,NP,0
ACC001903,2026-09-14 09:44:07,Oscarfurt,LR,0
ACC003987,2026-09-14 09:44:08,Jefferybury,US,0
ACC003397,2026-09-14 09:44:08,Angelamouth,MC,0
ACC003915,2026-09-14 09:44:08,East Lisa,EC,0
ACC004426,2026-09-14 09:44:08,Lake Peterchester,SK,0
ACC003822,2026-09-14 09:44:09,Port Jerry,ID,0
ACC003983,2026-09-14 09:44:10,Jacksonchester,GM,0
ACC000204,2026-09-14 09:44:10,Williamstown,MT,1
ACC003156,2026-09-14 09:44:11,Burnetthaven,JO,0
ACC004394,2026-09-14 09:44:11,East Tylerfort,CV,0
ACC000063,2026-09-14 09:44:11,Jessicastad,BJ,0
ACC004092,2026-09-14 09:44:12,Phillipsburgh,RW,0
ACC000266,2026-09-14 09:44:12,Williammouth,IQ,0
ACC001695,2026-09-14 09:44:13,East Alexandriaport,KH,0
ACC001516,2026-09-14 09:44:13,East Michael,PE,0
ACC003846,2026-09-14 09:44:13,Mejiastad,ID,0
ACC000637,2026-09-14 09:44:14,Port Jose,EC,0
ACC003711,2026-09-14 09:44:14,New Cynthiahaven,CA,0
ACC001953,2026-09-14 09:44:14,Lake James,JO,1
ACC003271,2026-09-14 09:44:14,West Sabrinahaven,AG,0
ACC001350,2026-09-14 09:44:15,Jonathanchester,NI,0
ACC003470,2026-09-14 09:44:15,Williammouth,BN,0
ACC001199,2026-09-14 09:44:16,New Christopherton,FJ,0
ACC001712,2026-09-14 09:44:17,Port Crystalland,SC,0
ACC000572,2026-09-14 09:44:17,New Michaelton,FR,0
ACC003227,2026-09-14 09:44:18,Angelahaven,PL,0
ACC003396,2026-09-14 09:44:18,Calebmouth,CZ,0
ACC000165,2026-09-14 09:44:18,South Michaelburgh,KR,0
ACC004277,2026-09-14 09:44:19,Port Jacobfort,RU,0
ACC001908,2026-09-14 09:44:19,New Tracy,IN,0
ACC003338,2026-09-14 09:44:19,North Amanda,IQ,0
ACC001593,2026-09-14 09:44:19,Lake Christinahaven,TZ,1
ACC003401,2026-09-14 09:44:20,Lake David,FJ,0
ACC002993,2026-09-14 09:44:20,North Ronaldbury,PS,0
ACC000865,2026-09-14 09:44:21,Laurenstad,OM,0
ACC003305,2026-09-14 09:44:22,Mackenzietown,MK,0
ACC000654,2026-09-14 09:44:22,Cruzberg,MK,0
ACC003805,2026-09-14 09:44:22,New Craig,BA,0
ACC001774,2026-09-14 09:44:22,East Maryport,KP,0
ACC003942,2026-09-14 09:44:23,Pacechester,BJ,0
ACC003148,2026-09-14 09:44:23,Jasmineside,MY,0
ACC001663,2026-09-14 09:44:23,Jeffreymouth,ET,0
ACC002128,2026-09-14 09:44:23,East Lori,BA,0
ACC004915,2026-09-14 09:44:23,Ashleyside,ER,0
ACC004294,2026-09-14 09:44:23,New Wayne,GE,0
ACC001930,2026-09-14 09:44:24,Stewartfurt,EC,0
ACC000748,2026-09-14 09:44:24,New Leah,BG,0
ACC003733,2026-09-14 09:44:24,New Michaelland,LY,0
ACC001800,2026-09-14 09:44:24,Williamside,AG,0
ACC001303,2026-09-14 09:44:25,Patriciaborough,SZ,0
ACC001456,2026-09-14 09:44:26,New Sheila,LR,0
ACC000579,2026-09-14 09:44:26,North Franktown,SL,0
ACC002676,2026-09-14 09:44:26,North Shannon,PW,0
ACC000413,2026-09-14 09:44:27,North Christopherchester,CV,1
ACC002986,2026-09-14 09:44:27,South Stefanieshire,KM,0
ACC000431,2026-09-14 09:44:27,Williamfort,VA,0
ACC000428,2026-09-14 09:44:27,Schwartzmouth,WS,0
ACC000351,2026-09-14 09:44:27,West Rachel,BD,0
ACC000211,2026-09-14 09:44:27,Martineztown,DO,0
ACC004693,2026-09-14 09:44:27,Lake Sarah,SE,0
ACC000552,2026-09-14 09:44:27,Martinstad,ME,0
ACC002338,2026-09-14 09:44:28,Josephshire,IT,0
ACC002496,2026-09-14 09:44:29,Hoffmanfort,KG,0
ACC003331,2026-09-14 09:44:29,Vanessachester,MY,0
ACC003644,2026-09-14 09:44:29,New Angelton,KI,0
ACC003483,2026-09-14 09:44:29,Christinaside,BJ,0
ACC001871,2026-09-14 09:44:30,South Tracishire,CL,0
ACC000550,2026-09-14 09:44:30,Lake Steventown,SB,0
ACC003540,2026-09-14 09:44:30,Shaunmouth,CU,0
ACC004952,2026-09-14 09:44:30,Mcintoshchester,ST,0
ACC003798,2026-09-14 09:44:31,Thomasberg,KI,0
ACC002522,2026-09-14 09:44:31,Port Charles,KN,0
ACC003684,2026-09-14 09:44:31,Lake Sabrina,NG,0
ACC002703,2026-09-14 09:44:31,East Shawn,BT,0
ACC002220,2026-09-14 09:44:32,Franklinfurt,ZM,0
ACC003152,2026-09-14 09:44:32,Seanport,IN,0
ACC002350,2026-09-14 09:44:32,East Michaelfort,SY,0
ACC001131,2026-09-14 09:44:32,Wilsonside,NR,0
ACC002206,2026-09-14 09:44:33,West Jasmine,IT,1
ACC004366,2026-09-14 09:44:33,Huynhburgh,NP,0
ACC003351,2026-09-14 09:44:33,Sarahton,MG,0
ACC003654,2026-09-14 09:44:33,Hicksmouth,SK,0
ACC002830,2026-09-14 09:44:33,Lynchbury,UY,1
ACC004630,2026-09-14 09:44:34,Francisport,BG,0
ACC002034,2026-09-14 09:44:34,East Melissaport,FR,0
ACC000174,2026-09-14 09:44:34,Lake Jeffrey,PE,0
ACC004355,2026-09-14 09:44:34,Nunezhaven,AG,0
ACC003501,2026-09-14 09:44:35,Manuelhaven,PE,1
ACC001734,2026-09-14 09:44:35,South Theresa,LT,0
ACC004636,2026-09-14 09:44:35,South Territon,PE,0
ACC000165,2026-09-14 09:44:35,Kimberlyfurt,TM,0
ACC000251,2026-09-14 09:44:36,East Craigville,CZ,0
ACC003819,2026-09-14 09:44:36,East Danielfort,KP,0
ACC001877,2026-09-14 09:44:36,North Yolanda,EC,0
ACC001892,2026-09-14 09:44:36,Andrewburgh,KM,0
ACC003907,2026-09-14 09:44:36,Andrewmouth,MU,0
ACC003698,2026-09-14 09:44:37,New Stephanie,UA,0
ACC004964,2026-09-14 09:44:37,Ruizport,MZ,0
ACC000664,2026-09-14 09:44:37,Port Marialand,GD,0
ACC004998,2026-09-14 09:44:37,South Tracymouth,LT,0
ACC001515,2026-09-14 09:44:37,West Taylor,TV,0
ACC000049,2026-09-14 09:44:38,Savannahbury,KI,0
ACC001911,2026-09-14 09:44:38,Aguirreport,UG,0
ACC003975,2026-09-14 09:44:38,East Samantha,KM,0
ACC004149,2026-09-14 09:44:38,Kellytown,TW,0
ACC004506,2026-09-14 09:44:39,Terryport,SO,1
ACC004117,2026-09-14 09:44:39,North Richardport,MN,0
ACC001381,2026-09-14 09:44:39,South Christophershire,LU,0
ACC004469,2026-09-14 09:44:40,Harrisbury,ES,0
ACC001459,2026-09-14 09:44:40,Nortonville,BZ,0
ACC001771,2026-09-14 09:44:40,Lake Alice,BE,0
ACC004143,2026-09-14 09:44:40,Garzachester,GA,0
ACC002776,2026-09-14 09:44:40,Lake Lisa,BO,0
ACC000054,2026-09-14 09:44:41,West Audreyside,SR,0
ACC000068,2026-09-14 09:44:41,Port Tracyton,AL,0
ACC004196,2026-09-14 09:44:41,East Stephen,BO,1
ACC004146,2026-09-14 09:44:42,Shaffershire,BH,0
ACC003144,2026-09-14 09:44:42,Millerhaven,IR,0
ACC000207,2026-09-14 09:44:42,Lake Timothy,SB,0
ACC002764,2026-09-14 09:44:42,West Pamela,CA,0
ACC001858,2026-09-14 09:44:42,West Patrickstad,DO,0
ACC000600,2026-09-14 09:44:43,Williammouth,TJ,0
ACC003476,2026-09-14 09:44:44,Alexandriaport,PW,0
ACC004639,2026-09-14 09:44:44,Oliviafort,BH,0
ACC004701,2026-09-14 09:44:44,Fredton,MT,0
ACC000289,2026-09-14 09:44:45,Robinsonmouth,TN,0
ACC003421,2026-09-14 09:44:45,New Laura,GD,1
ACC002450,2026-09-14 09:44:45,Christinafurt,NG,1
ACC003060,2026-09-14 09:44:45,Garciastad,TZ,0
ACC004047,2026-09-14 09:44:46,Dennistown,NG,0
ACC003028,2026-09-14 09:44:46,New Travisfort,TM,0
ACC004139,2026-09-14 09:44:46,Eugenemouth,LC,0
ACC002948,2026-09-14 09:44:46,New Kathryn,SE,0
ACC003003,2026-09-14 09:44:46,Lake Marymouth,BN,0
ACC001974,2026-09-14 09:44:46,Jordanburgh,MG,0
ACC001204,2026-09-14 09:44:47,West Walter,BF,0
ACC004656,2026-09-14 09:44:47,Robertstad,PE,0
ACC001190,2026-09-14 09:44:47,Lake Lorraine,ET,0
ACC004130,2026-09-14 09:44:47,East Alisha,CL,0
ACC004727,2026-09-14 09:44:47,New Brianbury,TT,0
ACC001578,2026-09-14 09:44:48,Shannonville,SB,0
ACC003977,2026-09-14 09:44:48,East Nicholas,JP,0
ACC000486,2026-09-14 09:44:50,Port Vincent,MA,0
ACC004870,2026-09-14 09:44:50,North Michaelshire,MX,0
ACC001738,2026-09-14 09:44:52,New Kristinhaven,TD,0
ACC003627,2026-09-14 09:44:52,Costaville,TD,0
ACC004950,2026-09-14 09:44:53,Port Heather,ST,0
ACC002187,2026-09-14 09:44:53,Howellburgh,AU,0
ACC004026,2026-09-14 09:44:53,Port Emily,IS,0
ACC004169,2026-09-14 09:44:53,Taylorville,BY,0
ACC003707,2026-09-14 09:44:53,New Ashleytown,JP,0
ACC002189,2026-09-14 09:44:54,Mortonborough,IE,0
ACC004522,2026-09-14 09:44:54,Carlsonfurt,KR,0
ACC003112,2026-09-14 09:44:54,Brianbury,MW,0
ACC004811,2026-09-14 09:44:54,Samanthaside,CF,0
ACC000013,2026-09-14 09:44:55,Autumnshire,BT,0
ACC003128,2026-09-14 09:44:55,South Kimberlyburgh,FI,0
ACC000960,2026-09-14 09:44:55,Lake James,BI,0
ACC001153,2026-09-14 09:44:56,Port Michaelland,GY,0
ACC003426,2026-09-14 09:44:56,South Michealbury,AU,1
ACC004575,2026-09-14 09:44:56,Lake Christopher,NA,1
ACC003527,2026-09-14 09:44:56,Carrilloberg,EC,0
ACC002350,2026-09-14 09:44:57,East Barbarafort,MR,0
ACC004312,2026-09-14 09:44:57,North Cassandrahaven,VC,1
ACC003285,2026-09-14 09:44:58,West Amy,BO,0
ACC004826,2026-09-14 09:44:58,Port Kelseyville,PT,0
ACC002977,2026-09-14 09:44:58,Lake Mauricechester,SM,0
ACC000098,2026-09-14 09:44:59,East Lisa,CR,0
ACC000347,2026-09-14 09:44:59,Port Shannon,PE,1
ACC000217,2026-09-14 09:44:59,North Natalieside,IN,0
ACC000493,2026-09-14 09:44:59,South Sarah,US,0
ACC000533,2026-09-14 09:44:59,West Edwinport,LV,0
ACC000469,2026-09-14 09:45:00,Lewisberg,LV,0
ACC000102,2026-09-14 09:45:00,Leefurt,ZW,0
ACC000031,2026-09-14 09:45:00,Andersonview,SA,0
ACC003316,2026-09-14 09:45:00,Port Samuelfurt,RU,0
ACC001005,2026-09-14 09:45:01,Patrickview,AZ,0
ACC000516,2026-09-14 09:45:01,Martinezberg,YE,0
ACC004655,2026-09-14 09:45:01,Morsestad,LI,0
ACC002194,2026-09-14 09:45:01,Fisherport,LK,0
ACC004883,2026-09-14 09:45:01,Jamiechester,SR,0
ACC003328,2026-09-14 09:45:01,Jeremybury,KE,0
ACC002489,2026-09-14 09:45:03,New Jasonstad,ZM,0
ACC004813,2026-09-14 09:45:03,Nicholasburgh,LR,0
ACC000207,2026-09-14 09:45:03,Rachelmouth,NE,0
ACC001718,2026-09-14 09:45:04,West Tammyborough,ZA,0
ACC002426,2026-09-14 09:45:04,Vangbury,MC,0
ACC004182,2026-09-14 09:45:04,Port Kenneth,CY,0
ACC002080,2026-09-14 09:45:04,Marcochester,LU,0
ACC003642,2026-09-14 09:45:04,West Glennberg,ER,0
ACC003477,2026-09-14 09:45:04,North Morganbury,MN,0
ACC002944,2026-09-14 09:45:04,Sullivanburgh,CU,0
ACC000740,2026-09-14 09:45:05,New Donaldhaven,TM,0
ACC002255,2026-09-14 09:45:05,East Kara,MU,0
ACC003188,2026-09-14 09:45:05,West Natalie,MY,0
ACC002466,2026-09-14 09:45:05,Port Ashley,IR,0
ACC002026,2026-09-14 09:45:06,Lake John,MM,0
ACC004631,2026-09-14 09:45:06,Carolinemouth,NG,0
ACC002216,2026-09-14 09:45:06,Arnoldfort,CZ,0
ACC003348,2026-09-14 09:45:06,Wolfeview,AG,0
ACC004426,2026-09-14 09:45:06,West Kyle,BA,0
ACC004536,2026-09-14 09:45:06,Michaelfort,FM,0
ACC002156,2026-09-14 09:45:08,Cassandrafort,SZ,0
ACC003102,2026-09-14 09:45:08,Davidfort,IQ,0
ACC001162,2026-09-14 09:45:08,Ryanville,JM,0
ACC000857,2026-09-14 09:45:08,South Nicholas,BB,0
ACC004254,2026-09-14 09:45:08,West Jeffreyside,KM,0
ACC000260,2026-09-14 09:45:08,South Frankport,DJ,0
ACC000283,2026-09-14 09:45:08,Janestad,MH,0
ACC003125,2026-09-14 09:45:09,Deborahmouth,NE,0
ACC001031,2026-09-14 09:45:10,Granthaven,MA,0
ACC001416,2026-09-14 09:45:11,Port Gabriel,HN,0
ACC003625,2026-09-14 09:45:11,Clarkebury,CD,0
ACC004038,2026-09-14 09:45:11,South Tracy,DZ,1
ACC000359,2026-09-14 09:45:11,North Sarahbury,KN,0
ACC001984,2026-09-14 09:45:11,Nunezborough,OM,0
ACC002537,2026-09-14 09:45:12,Lake James,PE,0
ACC002157,2026-09-14 09:45:12,Williamstown,MN,0
ACC001796,2026-09-14 09:45:13,Jonathanshire,FM,1
ACC003765,2026-09-14 09:45:13,New Bryanmouth,SA,0
ACC001109,2026-09-14 09:45:13,Lake Aaron,KG,1
ACC001507,2026-09-14 09:45:14,Wagnertown,ES,1
ACC001240,2026-09-14 09:45:14,South Nicolasburgh,UG,0
ACC003577,2026-09-14 09:45:14,East Gina,BH,0
ACC002164,2026-09-14 09:45:14,Port Markchester,NA,0
ACC001649,2026-09-14 09:45:15,Amyside,PY,0
ACC004277,2026-09-14 09:45:15,Masonton,TW,0
ACC000832,2026-09-14 09:45:16,Cookstad,IN,0
ACC002206,2026-09-14 09:45:16,Gregorytown,CR,0
ACC001398,2026-09-14 09:45:17,Hawkinsshire,SV,0
ACC003696,2026-09-14 09:45:17,Washingtonmouth,TO,0
ACC004486,2026-09-14 09:45:18,South Robert,JO,0
ACC003308,2026-09-14 09:45:18,Lake Steven,LA,0
ACC004505,2026-09-14 09:45:19,Vasqueztown,TR,0
ACC002595,2026-09-14 09:45:20,North Candacemouth,TJ,0
ACC001697,2026-09-14 09:45:20,Oliviaport,LS,0
ACC003492,2026-09-14 09:45:20,Lake Marissa,VE,0
ACC004556,2026-09-14 09:45:20,Alvarezville,BA,1
ACC003126,2026-09-14 09:45:21,Rodriguezberg,GN,0
ACC001634,2026-09-14 09:45:21,West Jessebury,ET,0
ACC003648,2026-09-14 09:45:22,Lake Tonyville,NO,0
ACC003517,2026-09-14 09:45:22,New Antonioton,HN,0
ACC001721,2026-09-14 09:45:22,Lake Maureen,GY,0
ACC000098,2026-09-14 09:45:22,West Ronaldburgh,BG,0
ACC002184,2026-09-14 09:45:22,Port Aaron,JP,0
ACC001362,2026-09-14 09:45:23,East Davidborough,IR,0
ACC003919,2026-09-14 09:45:24,South Rileyville,GT,1
ACC004425,2026-09-14 09:45:24,Rossshire,CL,0
ACC003351,2026-09-14 09:45:24,Christopherstad,BT,0
ACC000424,2026-09-14 09:45:24,Tiffanyville,ML,0
ACC000635,2026-09-14 09:45:24,West Ashleytown,PT,1
ACC000504,2026-09-14 09:45:24,Jordanmouth,TR,0
ACC004550,2026-09-14 09:45:25,Mackenzieburgh,KH,0
ACC004266,2026-09-14 09:45:25,North Ryan,TV,0
ACC004691,2026-09-14 09:45:25,Middletonview,LV,0
ACC002291,2026-09-14 09:45:25,East Robert,DM,0
ACC000255,2026-09-14 09:45:26,South Joanfurt,CO,0
ACC000230,2026-09-14 09:45:26,New Jeffreyton,NZ,0
ACC000598,2026-09-14 09:45:27,Erinfurt,DE,0
ACC000806,2026-09-14 09:45:27,North Julie,PK,0
ACC003670,2026-09-14 09:45:27,Lake Jackville,GW,0
ACC003189,2026-09-14 09:45:28,West Andreafort,CV,0
ACC002963,2026-09-14 09:45:28,Alexandrachester,BY,0
ACC004458,2026-09-14 09:45:28,Port Cynthiaburgh,MU,0
ACC002982,2026-09-14 09:45:29,Jamesview,UG,0
ACC001632,2026-09-14 09:45:29,Whiteton,VA,0
ACC000836,2026-09-14 09:45:30,South Edward,AU,0
ACC004647,2026-09-14 09:45:30,Kaylafurt,BF,0
ACC000091,2026-09-14 09:45:30,Carloshaven,BE,1
ACC002206,2026-09-14 09:45:31,Pachecoside,CA,0
ACC004755,2026-09-14 09:45:31,Edwardsstad,NG,0
ACC003934,2026-09-14 09:45:32,Crystalport,ID,1
ACC003830,2026-09-14 09:45:32,North Juliefurt,JM,0
ACC000295,2026-09-14 09:45:32,Mclaughlinton,KW,1
ACC002091,2026-09-14 09:45:32,Michaelbury,MR,0
ACC004365,2026-09-14 09:45:33,Port Rachelhaven,DE,0
ACC004018,2026-09-14 09:45:34,North Deannaview,KE,0
ACC001797,2026-09-14 09:45:34,Thompsonstad,BE,0
ACC000880,2026-09-14 09:45:34,Allenborough,ZW,0
ACC000075,2026-09-14 09:45:35,New Adam,AT,0
ACC004307,2026-09-14 09:45:35,New Joan,BE,0
ACC003592,2026-09-14 09:45:35,South Joemouth,BN,0
ACC001580,2026-09-14 09:45:35,East Christopher,IN,0
ACC003857,2026-09-14 09:45:35,West Taylorstad,BF,0
ACC003877,2026-09-14 09:45:35,Lake Lisa,MD,0
ACC004125,2026-09-14 09:45:35,Haynesland,HU,0
ACC002627,2026-09-14 09:45:35,New Brendamouth,LC,0
ACC004624,2026-09-14 09:45:36,Hendersonberg,VN,0
ACC001669,2026-09-14 09:45:36,Port Robin,BT,0
ACC003157,2026-09-14 09:45:36,Martinezstad,LC,1
ACC004136,2026-09-14 09:45:36,Hobbsbury,VE,0
ACC003310,2026-09-14 09:45:37,Evanston,CU,0
ACC001820,2026-09-14 09:45:38,New Patricia,GT,0
ACC001227,2026-09-14 09:45:38,Sharpmouth,CL,0
ACC002070,2026-09-14 09:45:39,North Kayla,SL,0
ACC004191,2026-09-14 09:45:39,Trujillotown,RW,0
ACC004575,2026-09-14 09:45:40,Powellton,LV,0
ACC000609,2026-09-14 09:45:40,Morrowfort,BE,0
ACC004380,2026-09-14 09:45:40,South Whitney,NZ,0
ACC004594,2026-09-14 09:45:41,Johnsonstad,NI,0
ACC004537,2026-09-14 09:45:41,Mercadoport,SL,0
ACC002416,2026-09-14 09:45:41,East Robin,AO,0
ACC000571,2026-09-14 09:45:42,West Kevin,CZ,0
ACC004881,2026-09-14 09:45:42,Michelleport,BO,0
ACC001533,2026-09-14 09:45:42,New Amy,RW,1
ACC001587,2026-09-14 09:45:42,Taylorfurt,TO,1
ACC003372,2026-09-14 09:45:42,West Thomasfurt,BN,1
ACC000939,2026-09-14 09:45:43,Lake Mariemouth,NL,0
ACC000565,2026-09-14 09:45:43,East Garystad,LI,0
ACC001417,2026-09-14 09:45:44,Mckenzieside,TW,0
ACC002838,2026-09-14 09:45:44,South Scottstad,DM,0
ACC003328,2026-09-14 09:45:44,Lake Calvin,SI,0
ACC003321,2026-09-14 09:45:44,Port Danielle,DZ,0
ACC004853,2026-09-14 09:45:44,South Tiffanystad,NG,0
ACC001464,2026-09-14 09:45:45,Averyville,SZ,0
ACC001643,2026-09-14 09:45:46,Johnland,SK,0
ACC001863,2026-09-14 09:45:47,West Douglastown,SL,0
ACC002035,2026-09-14 09:45:47,Lake Paul,BZ,0
ACC000823,2026-09-14 09:45:47,Danielton,MN,1
ACC004093,2026-09-14 09:45:48,West Rebecca,SV,1
ACC003911,2026-09-14 09:45:48,Tinaport,LS,1
ACC003136,2026-09-14 09:45:48,New Bradley,AU,0
ACC003918,2026-09-14 09:45:48,Thomasfort,MV,0
ACC002772,2026-09-14 09:45:48,North Jennifer,WS,0
ACC003410,2026-09-14 09:45:49,Schneiderview,KH,0
ACC001403,2026-09-14 09:45:49,Collinsside,GQ,1
ACC004426,2026-09-14 09:45:50,Adamton,FM,0
ACC003948,2026-09-14 09:45:50,West Christopher,IL,0
ACC000285,2026-09-14 09:45:50,Port Virginia,MG,0
ACC004520,2026-09-14 09:45:51,Port Felicia,GE,0
ACC004601,2026-09-14 09:45:52,West Markside,TG,0
ACC003368,2026-09-14 09:45:52,New Frank,DZ,0
ACC002064,2026-09-14 09:45:52,Peterstad,NE,0
ACC001714,2026-09-14 09:45:52,Morenoburgh,MC,0
ACC001974,2026-09-14 09:45:52,Ramosberg,GH,1
ACC003935,2026-09-14 09:45:52,Jennifershire,LT,0
ACC002082,2026-09-14 09:45:52,East Beth,ZM,0
ACC003585,2026-09-14 09:45:53,West Jenniferville,TO,0
ACC001419,2026-09-14 09:45:53,Stokesside,PE,0
ACC000823,2026-09-14 09:45:53,Kennedyland,GE,1
ACC004159,2026-09-14 09:45:53,Port Devinbury,DE,0
ACC004203,2026-09-14 09:45:53,Randallchester,PK,0
ACC000118,2026-09-14 09:45:53,North Deborah,KI,0
ACC004150,2026-09-14 09:45:53,Garzabury,EE,1
ACC004308,2026-09-14 09:45:53,New Nicolas,LV,0
ACC003974,2026-09-14 09:45:53,Millerchester,NI,0
ACC001112,2026-09-14 09:45:53,Jeremiahbury,NO,0
ACC004815,2026-09-14 09:45:53,Lake Luke,JO,0
ACC004696,2026-09-14 09:45:54,Danielbury,CH,0
ACC002726,2026-09-14 09:45:54,Rodgershaven,HR,0
ACC000094,2026-09-14 09:45:54,North Timothyview,SI,0
ACC000858,2026-09-14 09:45:54,New Davidberg,PH,0
ACC003845,2026-09-14 09:45:54,Oscarchester,DE,0
ACC003236,2026-09-14 09:45:54,North Emily,CO,0
ACC004695,2026-09-14 09:45:56,North Whitney,NZ,0
ACC002876,2026-09-14 09:45:56,South Matthew,SC,1
ACC000487,2026-09-14 09:45:56,Port Autumnmouth,KR,0
ACC000809,2026-09-14 09:45:56,New Frank,BJ,0
ACC000531,2026-09-14 09:45:57,Timothychester,SG,0
ACC003393,2026-09-14 09:45:57,Tinaside,SZ,0
ACC004741,2026-09-14 09:45:58,New Larry,BS,0
ACC003227,2026-09-14 09:45:58,Riosborough,BD,0
ACC001726,2026-09-14 09:45:58,South Chloemouth,CO,0
ACC000382,2026-09-14 09:45:58,Lake Brentmouth,GW,0
ACC002214,2026-09-14 09:45:59,North Christopher,PL,0
ACC003816,2026-09-14 09:45:59,Jackieborough,JP,0
ACC000480,2026-09-14 09:45:59,Lake Deanburgh,CF,0
ACC000806,2026-09-14 09:46:00,Lake Craig,GA,0
ACC003305,2026-09-14 09:46:01,North Kristen,MZ,1
ACC001559,2026-09-14 10:39:59,Rhondachester,IL,0
ACC002697,2026-09-14 10:39:59,Port Laurie,VC,0
ACC000845,2026-09-14 10:40:00,Port Paulview,JO,0
ACC001047,2026-09-14 10:40:00,South Fernandomouth,DJ,0
ACC001751,2026-09-14 10:40:01,Lisamouth,LK,0
ACC002370,2026-09-14 10:40:01,Bowmanberg,CL,0
ACC001031,2026-09-14 10:40:01,North Christopher,UA,0
ACC002999,2026-09-14 10:40:01,North Michelleshire,MH,1
ACC004874,2026-09-14 10:40:02,New Christian,PL,0
ACC004893,2026-09-14 10:40:02,North Samanthaberg,CO,0
ACC004660,2026-09-14 10:40:02,Breannaland,FI,0
ACC003307,2026-09-14 10:40:02,Marthachester,NP,0
ACC003394,2026-09-14 10:40:02,Blairfort,TL,0
ACC002489,2026-09-14 10:40:02,Freemanside,CG,0
ACC003809,2026-09-14 10:40:03,South Michael,KH,0
ACC004785,2026-09-14 10:40:03,West Amberchester,PY,0
ACC003102,2026-09-14 10:40:03,Andreville,SY,0
ACC000998,2026-09-14 10:40:04,New Miguel,EC,0
ACC000778,2026-09-14 10:40:04,North Audrey,AE,0
ACC004990,2026-09-14 10:40:04,South Alexander,LV,0
ACC002619,2026-09-14 10:40:04,Robertsfurt,VA,0
ACC001917,2026-09-14 10:40:04,Justinfort,AO,0
ACC002330,2026-09-14 10:40:04,Port Tammy,ID,0
ACC002012,2026-09-14 10:40:05,South Amyshire,NE,0
ACC003530,2026-09-14 10:40:05,Port Robert,CI,0
ACC004716,2026-09-14 10:40:05,Lake Pattychester,GD,0
ACC004857,2026-09-14 10:40:06,South Deanna,TO,0
ACC000627,2026-09-14 10:40:06,Hillmouth,FI,0
ACC001555,2026-09-14 10:40:06,Lake Stevenburgh,VE,1
ACC003995,2026-09-14 10:40:07,Brianmouth,LK,0
ACC002044,2026-09-14 10:40:07,New Katherine,TJ,0
ACC000001,2026-09-14 10:40:08,Melanieland,LS,0
ACC004788,2026-09-14 10:40:08,Port Carolfort,CA,1
ACC004038,2026-09-14 10:40:08,New Derricktown,WS,0
ACC000181,2026-09-14 10:40:08,New Phyllisburgh,BA,1
ACC001832,2026-09-14 10:40:09,Walkerbury,VU,0
ACC002900,2026-09-14 10:40:09,Changside,JO,0
ACC004232,2026-09-14 10:40:09,Jacksonton,KW,0
ACC003281,2026-09-14 10:40:09,Mullinsview,TO,0
ACC004917,2026-09-14 10:40:10,North Phillipville,MV,0
ACC001247,2026-09-14 10:40:10,Isabelmouth,AF,0
ACC003548,2026-09-14 10:40:10,Taraland,SC,0
ACC000492,2026-09-14 10:40:10,New Alison,ER,0
ACC003227,2026-09-14 10:40:11,Annaview,TT,1
ACC002684,2026-09-14 10:40:11,North Douglas,LU,0
ACC003982,2026-09-14 10:40:11,Dominguezville,MC,0
ACC002128,2026-09-14 10:40:11,North Clayton,GT,0
ACC002924,2026-09-14 10:40:11,East Coreyville,TG,0
ACC004485,2026-09-14 10:40:11,Edwardhaven,AL,0
ACC002181,2026-09-14 10:40:12,Angelaton,RO,0
ACC000992,2026-09-14 10:40:12,North Jessica,LR,0
ACC003527,2026-09-14 10:40:12,Mooreton,LV,1
ACC000488,2026-09-14 10:40:12,Wrightmouth,EG,0
ACC000103,2026-09-14 10:40:13,North Jessica,SC,0
ACC004944,2026-09-14 10:40:13,Juliehaven,PY,0
ACC001756,2026-09-14 10:40:14,East Justin,CR,0
ACC001447,2026-09-14 10:40:14,West Jessicafurt,LU,0
ACC001364,2026-09-14 10:40:14,North Thomas,RU,0
ACC003855,2026-09-14 10:40:14,New Michelle,MU,1
ACC001826,2026-09-14 10:40:15,New Brenda,CL,1
ACC001628,2026-09-14 10:40:15,Holtburgh,IE,0
ACC000530,2026-09-14 10:40:15,North Josephfort,GR,0
ACC001114,2026-09-14 10:40:16,Brookefurt,CH,0
ACC003446,2026-09-14 10:40:16,Valeriehaven,PS,0
ACC001980,2026-09-14 10:40:17,East Andrew,JP,0
ACC001412,2026-09-14 10:40:17,Lake Thomasfurt,BF,0
ACC002898,2026-09-14 10:40:17,Lake Lisastad,BJ,0
ACC002105,2026-09-14 10:40:17,South Keith,GR,0
ACC001635,2026-09-14 10:40:17,Autumnfort,ST,0
ACC000421,2026-09-14 10:40:18,Jessicahaven,PW,0
ACC001828,2026-09-14 10:40:18,East Michaelside,BH,0
ACC003962,2026-09-14 10:40:18,Cookburgh,TR,0
ACC000588,2026-09-14 10:40:19,North Bruceton,BE,1
ACC004949,2026-09-14 10:40:19,North Alexis,LS,0
ACC002053,2026-09-14 10:40:19,East Benjaminstad,MD,1
ACC004337,2026-09-14 10:40:19,West Tina,ST,0
ACC001550,2026-09-14 10:40:19,Michaelbury,LY,0
ACC003484,2026-09-14 10:40:19,Port Edward,ER,0
ACC003077,2026-09-14 10:40:20,Rebekahmouth,KI,1
ACC004004,2026-09-14 10:40:20,Port Teresamouth,LC,0
ACC003141,2026-09-14 10:40:20,West Jeanette,UY,0
ACC003890,2026-09-14 10:40:20,Madelineport,AG,0
ACC001178,2026-09-14 10:40:20,Brianside,RS,1
ACC003148,2026-09-14 10:40:20,Williamsonfurt,MD,1
ACC004206,2026-09-14 10:40:20,Port Paulstad,DK,0
ACC003844,2026-09-14 10:40:21,Morenoshire,IQ,0
ACC004297,2026-09-14 10:40:21,Dannyport,SI,0
ACC001071,2026-09-14 10:40:22,East Heidiside,NI,0
ACC002009,2026-09-14 10:40:22,Donaldborough,DE,0
ACC003892,2026-09-14 10:40:22,Meaganfort,KW,0
ACC002270,2026-09-14 10:40:22,Port Elizabeth,RO,0
ACC004868,2026-09-14 10:40:22,Howellfurt,NP,0
ACC003808,2026-09-14 10:40:23,Andrewhaven,AU,0
ACC001725,2026-09-14 10:40:23,Darrenberg,GQ,0
ACC001550,2026-09-14 10:40:23,South Christyton,FM,0
ACC000783,2026-09-14 10:40:23,Hamptonton,UY,0
ACC004068,2026-09-14 10:40:25,Williamport,SM,0
ACC002383,2026-09-14 10:40:25,East Coleville,CN,0
ACC000947,2026-09-14 10:40:25,Boyerland,BB,0
ACC001166,2026-09-14 10:40:26,Mossside,PA,0
ACC001903,2026-09-14 10:40:27,Lake Daniel,TN,0
ACC001326,2026-09-14 10:40:27,Port Kimberlyland,PA,0
ACC002679,2026-09-14 10:40:28,Proctorshire,MR,0
ACC000068,2026-09-14 10:40:28,Hillborough,BW,0
ACC001106,2026-09-14 10:40:28,Michaelland,AM,0
ACC000426,2026-09-14 10:40:28,Arianaborough,SO,0
ACC004329,2026-09-14 10:40:29,Stricklandhaven,CA,1
ACC000991,2026-09-14 10:40:29,Josephstad,BG,0
ACC001976,2026-09-14 10:40:29,Matthewport,TH,0
ACC002609,2026-09-14 10:40:29,Roberthaven,FR,0
ACC004451,2026-09-14 10:40:31,Vazquezport,VN,0
ACC000832,2026-09-14 10:40:31,Franklintown,IR,0
ACC003851,2026-09-14 10:40:31,Ryanport,CU,0
ACC000595,2026-09-14 10:40:31,South Sarah,GW,0
ACC001740,2026-09-14 10:40:31,Roweview,SN,0
ACC004851,2026-09-14 10:40:31,Christyshire,JP,0
ACC003825,2026-09-14 10:40:31,Alexismouth,JO,0
ACC002752,2026-09-14 10:40:32,Port Danielle,ZW,0
ACC003785,2026-09-14 10:40:32,Simpsonburgh,CO,0
ACC003066,2026-09-14 10:40:32,East Kevin,NG,0
ACC003032,2026-09-14 10:40:32,Simmonsville,PY,1
ACC004089,2026-09-14 10:40:33,West Debra,BG,0
ACC003825,2026-09-14 10:40:33,South Lori,SM,0
ACC001087,2026-09-14 10:40:33,East Savannah,BD,0
ACC001304,2026-09-14 10:40:33,South Robinport,IQ,0
ACC002053,2026-09-14 10:40:33,Jacksonmouth,PE,0
ACC004422,2026-09-14 10:40:33,South Peter,RS,0
ACC003486,2026-09-14 10:40:33,South Meganport,IR,0
ACC004215,2026-09-14 10:40:33,Dustinhaven,RW,0
ACC004796,2026-09-14 10:40:34,Aaronmouth,PL,0
ACC002657,2026-09-14 10:40:34,Smithhaven,AU,1
ACC003894,2026-09-14 10:40:34,Robinsonstad,MT,0
ACC003264,2026-09-14 10:40:34,Port Taylor,DO,0
ACC003956,2026-09-14 10:40:34,South Angela,GR,0
ACC004020,2026-09-14 10:40:35,East Bruce,BG,1
ACC003641,2026-09-14 10:40:35,Bakerbury,QA,0
ACC003613,2026-09-14 10:40:35,Figueroaburgh,CU,0
ACC001520,2026-09-14 10:40:35,Robbinsbury,NL,0
ACC001082,2026-09-14 10:40:35,Amymouth,MH,1
ACC000652,2026-09-14 10:40:36,Baileymouth,MY,0
ACC000581,2026-09-14 10:40:36,Richardbury,SI,0
ACC000983,2026-09-14 10:40:36,New Randyview,BH,0
ACC003010,2026-09-14 10:40:36,North Kurttown,FJ,0
ACC001374,2026-09-14 10:40:37,Stephaniefort,LK,0
ACC003139,2026-09-14 10:40:38,Wendyside,GB,1
ACC001928,2026-09-14 10:40:38,Lake Philipside,MH,1
ACC003952,2026-09-14 10:40:38,New Casey,LK,0
ACC002366,2026-09-14 10:40:39,Rothshire,MD,0
ACC001224,2026-09-14 10:40:39,Gregoryville,CN,0
ACC000223,2026-09-14 10:40:39,Cookeland,BS,0
ACC001184,2026-09-14 10:40:40,Williamsborough,IT,0
ACC004229,2026-09-14 10:40:41,Michelleburgh,NO,1
ACC004089,2026-09-14 10:40:41,Hernandezville,NI,0
ACC004969,2026-09-14 10:40:41,South Michael,NI,0
ACC003244,2026-09-14 10:40:41,West Samuelberg,BZ,0
ACC003931,2026-09-14 10:40:42,Lewismouth,SO,0
ACC004093,2026-09-14 10:40:42,Powellport,HR,0
ACC001422,2026-09-14 10:40:43,Christopherside,BS,1
ACC001109,2026-09-14 10:40:43,East Sharon,NP,0
ACC003565,2026-09-14 10:40:43,South Charleshaven,OM,0
ACC002345,2026-09-14 10:40:43,West Jerrybury,AR,0
ACC002636,2026-09-14 10:40:44,Port Robert,SI,0
ACC001373,2026-09-14 10:40:44,Samanthaville,TV,0
ACC003889,2026-09-14 10:40:44,Amandafort,BF,0
ACC000058,2026-09-14 10:40:46,North Tammy,AD,1
ACC002822,2026-09-14 10:40:46,Tonyaland,LA,0
ACC003544,2026-09-14 10:40:46,Holdenfurt,MN,0
ACC000161,2026-09-14 10:40:46,Port Graceton,MK,0
ACC002074,2026-09-14 10:40:47,East Daniel,BO,0
ACC000823,2026-09-14 10:40:47,Ortizfort,BS,0
ACC003787,2026-09-14 10:40:47,Michaelmouth,TH,0
ACC000492,2026-09-14 10:40:47,West Dawn,LI,0
ACC003925,2026-09-14 10:40:47,Baileyport,AZ,0
ACC004285,2026-09-14 10:40:47,East Brittanyfort,TZ,0
ACC002281,2026-09-14 10:40:48,Phillipschester,BH,1
ACC003764,2026-09-14 10:40:48,Port Carla,BJ,0
ACC004993,2026-09-14 10:40:48,South Teresafort,SG,0
ACC001071,2026-09-14 10:40:50,Tiffanyport,PS,0
ACC004098,2026-09-14 10:40:50,Port Michael,ID,0
ACC001282,2026-09-14 10:40:50,Knappstad,NI,1
ACC000167,2026-09-14 10:40:50,South Dannybury,IQ,0
ACC002759,2026-09-14 10:40:50,East Jacobland,MR,0
ACC000076,2026-09-14 10:40:51,Hillmouth,HN,0
ACC003013,2026-09-14 10:40:51,Lake Kristen,MK,0
ACC001676,2026-09-14 10:40:51,Nelsonborough,LT,0
ACC003534,2026-09-14 10:40:51,North Ashley,ER,0
ACC004830,2026-09-14 10:40:52,Briggsstad,BO,1
ACC001064,2026-09-14 10:40:53,South Lisa,CM,0
ACC000059,2026-09-14 10:40:53,Thomasshire,MG,0
ACC001822,2026-09-14 10:40:53,West Eric,BT,0
ACC002753,2026-09-14 10:40:53,New Teresamouth,BS,0
ACC000012,2026-09-14 10:40:53,Haileyville,JO,0
ACC001630,2026-09-14 10:40:54,Rickyton,ZA,0
ACC000259,2026-09-14 10:40:54,Greenshire,EC,0
ACC001668,2026-09-14 10:40:54,West Abigailside,SO,0
ACC000848,2026-09-14 10:40:55,Williamsside,NR,0
ACC002898,2026-09-14 10:40:55,Amberburgh,TO,0
ACC001211,2026-09-14 10:40:55,North Veronicaville,CH,0
ACC001232,2026-09-14 10:40:56,South Gabriellaton,LS,0
ACC002484,2026-09-14 10:40:56,South Davidside,TO,0
ACC004669,2026-09-14 10:40:57,West Benjaminville,BD,0
ACC004914,2026-09-14 10:40:57,South Henry,ZA,0
ACC001885,2026-09-14 10:40:57,North Elizabethville,AD,0
ACC002793,2026-09-14 10:40:57,New Adam,MC,0
ACC001164,2026-09-14 10:40:57,Taraborough,ER,0
ACC004481,2026-09-14 10:40:57,East Sandyhaven,CF,0
ACC000065,2026-09-14 10:40:57,Jessicaton,PS,0
ACC002557,2026-09-14 10:40:57,Brianastad,CU,0
ACC002588,2026-09-14 10:40:58,Lake Jeffreyburgh,MA,1
ACC003620,2026-09-14 10:40:58,Millerville,SK,0
ACC002616,2026-09-14 10:40:58,North Lorrainemouth,HN,0
ACC002238,2026-09-14 10:40:58,Richardsfort,VU,0
ACC004634,2026-09-14 10:40:58,Knightmouth,UZ,0
ACC003600,2026-09-14 10:40:59,West Patrickbury,TD,0
ACC000773,2026-09-14 10:40:59,Lake Marioport,ID,0
ACC001662,2026-09-14 10:40:59,East Marioland,GB,0
ACC004839,2026-09-14 10:41:00,Lake Raymond,BY,0
ACC004375,2026-09-14 10:41:00,Port Taylorborough,NI,0
ACC000977,2026-09-14 10:41:01,East Christine,TZ,1
ACC004350,2026-09-14 10:41:01,Lake Brendahaven,GY,0
ACC003693,2026-09-14 10:41:01,Fryeberg,TM,0
ACC003973,2026-09-14 10:41:01,Changshire,KR,0
ACC002035,2026-09-14 10:41:01,Fosterport,BS,0
ACC001624,2026-09-14 10:41:01,Lopezville,EG,0
ACC001717,2026-09-14 10:41:01,New Felicia,GH,0
ACC004762,2026-09-14 10:41:01,West Laura,SR,0
ACC003066,2026-09-14 10:41:02,Curtismouth,PK,0
ACC000437,2026-09-14 10:41:02,Branchburgh,BW,1
ACC000957,2026-09-14 10:41:03,Clarktown,SL,0
ACC000038,2026-09-14 10:41:03,North Madison,PW,0
ACC002138,2026-09-14 10:41:04,Sanchezville,MM,0
ACC004559,2026-09-14 10:41:04,West Jessica,CL,0
ACC004580,2026-09-14 10:41:05,North Melanieville,NP,0
ACC004543,2026-09-14 10:41:05,South Susanhaven,IT,0
ACC002879,2026-09-14 10:41:05,Goldenview,NG,0
ACC003596,2026-09-14 10:41:05,Kathrynland,ST,0
ACC000812,2026-09-14 10:41:05,South Amy,CG,0
ACC004160,2026-09-14 10:41:05,East Christinebury,RS,0
ACC004583,2026-09-14 10:41:06,Bakerfurt,NG,0
ACC002627,2026-09-14 10:41:06,North Jonathan,SO,0
ACC003325,2026-09-14 10:41:06,Port Daleshire,WS,0
ACC000724,2026-09-14 10:41:06,Port Connorburgh,NA,0
ACC000670,2026-09-14 10:41:06,South Suzanneberg,MR,0
ACC004538,2026-09-14 10:41:06,East Brittany,CI,0
ACC000273,2026-09-14 10:41:06,New Brandiport,TZ,0
ACC003141,2026-09-14 10:41:06,West Andrewland,DE,0
ACC003903,2026-09-14 10:41:07,West Grace,EE,0
ACC004422,2026-09-14 10:41:08,West Vincent,KP,0
ACC000538,2026-09-14 10:41:08,New Karen,BH,0
ACC003078,2026-09-14 10:41:09,Lake Christopherville,ER,0
ACC000054,2026-09-14 10:41:09,East Tracy,TT,0
ACC002029,2026-09-14 10:41:09,West Robert,BI,0
ACC001852,2026-09-14 10:41:09,Torresside,TL,0
ACC004867,2026-09-14 10:41:10,South Catherine,AL,0
ACC000729,2026-09-14 10:41:10,West Willie,KE,1
ACC001620,2026-09-14 10:41:10,Richardsonport,GE,1
ACC003990,2026-09-14 10:41:10,Jacquelineville,MD,0
ACC002311,2026-09-14 10:41:10,Port Kimberlyshire,TH,0
ACC002750,2026-09-14 10:41:11,Lake Natashaburgh,FR,0
ACC000806,2026-09-14 10:41:11,Wrightmouth,PW,0
ACC004761,2026-09-14 10:41:11,Wendymouth,SI,0
ACC000408,2026-09-14 10:41:11,Justinview,CY,0
ACC003687,2026-09-14 10:41:11,North Justinside,RU,0
ACC001621,2026-09-14 10:41:11,Justinfort,DE,0
ACC000585,2026-09-14 10:41:11,Jonesview,LR,1
ACC004927,2026-09-14 10:41:12,Ericastad,UA,0
ACC000757,2026-09-14 10:41:12,Connerchester,EE,1
ACC000197,2026-09-14 10:41:13,Courtneychester,IN,0
ACC001554,2026-09-14 10:41:14,Bakerland,HU,0
ACC000738,2026-09-14 10:41:14,Port Rogermouth,CR,0
ACC000646,2026-09-14 10:41:14,Samuelton,ER,0
ACC004212,2026-09-14 10:41:14,South Christophermouth,TD,1
ACC002765,2026-09-14 10:41:15,Lake Christinahaven,MW,0
ACC000146,2026-09-14 10:41:15,North Jerryview,KI,0
ACC000750,2026-09-14 10:41:15,Richardchester,LC,0
ACC004934,2026-09-14 10:41:15,South Richard,TJ,0
ACC002281,2026-09-14 10:41:17,East Ashley,DM,0
ACC000760,2026-09-14 10:41:17,East Kristinaberg,FJ,0
ACC003431,2026-09-14 10:41:17,Jensenville,ZA,0
ACC002068,2026-09-14 10:41:17,Smithborough,ID,0
ACC003937,2026-09-14 10:41:18,Vazquezmouth,CH,0
ACC000585,2026-09-14 10:41:18,Garcialand,UY,0
ACC001632,2026-09-14 10:41:18,East Sarahland,KE,0
ACC001292,2026-09-14 10:41:19,South Donna,PG,0
ACC004771,2026-09-14 10:41:19,Graceville,SA,0
ACC003674,2026-09-14 10:41:19,Jamesborough,CR,0
ACC000350,2026-09-14 10:41:21,Leachland,PK,0
ACC004960,2026-09-14 10:41:21,New Colleen,MC,1
ACC003155,2026-09-14 10:41:21,North Jason,LB,0
ACC003008,2026-09-14 10:41:21,Jamiemouth,NP,0
ACC000768,2026-09-14 10:41:21,Lisafurt,PA,0
ACC000468,2026-09-14 10:41:22,Lake Molly,KE,0
ACC001748,2026-09-14 10:41:23,Pattersonport,RU,0
ACC000225,2026-09-14 10:41:23,West Ashley,AD,0
ACC002135,2026-09-14 10:41:24,West Davidview,LR,0
ACC000481,2026-09-14 10:41:24,West Susanberg,LS,0
ACC000060,2026-09-14 10:41:24,Port Howard,MV,0
ACC001170,2026-09-14 10:41:24,North April,PG,0
ACC004970,2026-09-14 10:41:25,North Amy,ME,0
ACC001256,2026-09-14 10:41:25,Lake Steven,NA,0
ACC001437,2026-09-14 10:41:25,Lake Matthew,PG,0
ACC004200,2026-09-14 10:41:26,South Benjamin,FI,0
ACC001547,2026-09-14 10:41:26,South Rachaelburgh,DZ,1
ACC002321,2026-09-14 10:41:27,South Kellyshire,CU,0
ACC001534,2026-09-14 10:41:28,New Edward,TJ,0
ACC000377,2026-09-14 10:41:28,Hardyborough,CG,0
ACC002367,2026-09-14 10:41:28,Jesseside,GW,0
ACC000450,2026-09-14 10:41:28,Schultzview,DO,0
ACC000510,2026-09-14 10:41:29,New Shannon,LV,0
ACC004979,2026-09-14 10:41:29,New Penny,IL,0
ACC002747,2026-09-14 10:41:29,Jacobmouth,HR,0
ACC004071,2026-09-14 10:41:30,Anitaborough,AG,0
ACC000721,2026-09-14 10:41:30,Waltonborough,MM,1
ACC001298,2026-09-14 10:41:30,Figueroaborough,RU,0
ACC002900,2026-09-14 10:41:30,North Maryfort,KE,0
ACC003207,2026-09-14 10:41:30,North Tiffanymouth,GM,0
ACC000882,2026-09-14 10:41:30,North Jose,DZ,0
ACC002381,2026-09-14 10:41:30,Bradleyberg,TR,1
ACC002922,2026-09-14 10:41:30,East Codyview,KP,0
ACC004309,2026-09-14 10:41:31,East Christina,SA,0
ACC001063,2026-09-14 10:41:31,Michelleport,BT,0
ACC004679,2026-09-14 10:41:32,East Katherine,LA,0
ACC002493,2026-09-14 10:41:33,Deborahchester,SM,0
ACC003389,2026-09-14 10:41:33,North Linda,DZ,0
ACC000087,2026-09-14 10:41:33,Lake Brendaville,TR,0
ACC000809,2026-09-14 10:41:33,Evelynhaven,SZ,0
ACC002358,2026-09-14 10:41:34,Bakerborough,UY,0
ACC002532,2026-09-14 10:41:34,Michaelton,US,0
ACC003005,2026-09-14 10:41:35,Rodriguezview,CV,0
ACC000584,2026-09-14 10:41:35,South Jeffreyborough,NL,1
ACC004831,2026-09-14 10:41:35,New Steven,IL,0
ACC000988,2026-09-14 10:41:35,Port Elizabeth,MW,0
ACC002317,2026-09-14 10:41:36,Lake Nancyshire,PY,0
ACC000243,2026-09-14 10:41:36,Alexanderview,CN,0
ACC002610,2026-09-14 10:41:36,Karenfort,SC,0
ACC004664,2026-09-14 10:41:37,Lake Daniel,ER,0
ACC003108,2026-09-14 10:41:37,Lake Sandra,BH,0
ACC004138,2026-09-14 10:41:37,Washingtonburgh,NG,0
ACC001722,2026-09-14 10:41:38,North Nancystad,LA,0
ACC003885,2026-09-14 10:41:39,Matthewberg,ET,0
ACC000313,2026-09-14 10:41:39,Cameronport,KH,0
ACC000309,2026-09-14 10:41:39,Smithville,KZ,0
ACC001044,2026-09-14 10:41:40,Lake Courtneyhaven,GE,0
ACC000748,2026-09-14 10:41:40,Kleinberg,BG,0
ACC004376,2026-09-14 10:41:40,Millerport,CM,0
ACC003175,2026-09-14 10:41:41,East Robert,MK,0
ACC003754,2026-09-14 10:41:41,Whiteberg,LK,0
ACC003569,2026-09-14 10:41:42,Port Billychester,ML,0
ACC000905,2026-09-14 10:41:42,Whitefort,VU,0
ACC002484,2026-09-14 10:41:44,Port Shannonborough,MT,0
ACC001758,2026-09-14 10:41:44,South Megan,VU,0
ACC003608,2026-09-14 10:41:44,South Jamesshire,TM,0
ACC004505,2026-09-14 10:41:44,South Angela,BR,0
ACC000222,2026-09-14 10:41:45,Schwartzhaven,FI,0
ACC001621,2026-09-14 10:41:45,Fowlerside,PY,0
ACC000050,2026-09-14 10:41:46,Hernandezhaven,WS,0
ACC003985,2026-09-14 10:41:46,Port Tylerhaven,CH,0
ACC000625,2026-09-14 10:41:46,North Natalieton,KP,0
ACC004769,2026-09-14 10:41:47,Lake Laurenland,DE,0
ACC000990,2026-09-14 10:41:47,Williamsstad,HR,0
ACC000015,2026-09-14 10:41:47,North James,IQ,0
ACC003715,2026-09-14 10:41:48,Simmonshaven,AM,0
ACC004856,2026-09-14 10:41:48,West Matthew,UG,0
ACC001261,2026-09-14 10:41:48,Hannahtown,JP,0
ACC002254,2026-09-14 10:41:49,South Veronicafurt,ID,0
ACC002631,2026-09-14 10:41:49,West Jenniferstad,BA,0
ACC004423,2026-09-14 10:41:49,Michaelfurt,MD,0
ACC004803,2026-09-14 10:41:49,Owenport,GT,0
ACC000373,2026-09-14 10:41:49,New Amandashire,AD,0
ACC000852,2026-09-14 10:41:49,Pamelafort,KE,0
ACC002768,2026-09-14 10:41:50,Paulmouth,JP,0
ACC000163,2026-09-14 10:41:50,West Kimberly,LV,0
ACC000032,2026-09-14 10:41:50,Shawnhaven,IN,0
ACC001705,2026-09-14 10:41:50,Port Davidmouth,LR,0
ACC002829,2026-09-14 10:41:50,South Briana,ER,0
ACC002806,2026-09-14 10:41:51,Bridgetland,BE,0
ACC003434,2026-09-14 10:41:51,New Eileenburgh,KZ,0
ACC004626,2026-09-14 10:41:52,Wrighthaven,TH,1
ACC002219,2026-09-14 10:41:52,Guzmanchester,ZW,0
ACC004580,2026-09-14 10:41:52,Amandaton,SI,1
ACC001904,2026-09-14 10:41:52,North Kelli,SL,0
ACC000103,2026-09-14 10:41:53,Proctormouth,AR,0
ACC004317,2026-09-14 10:41:53,Raymondstad,LB,0
ACC004490,2026-09-14 10:41:53,Bartlettberg,LU,0
ACC003561,2026-09-14 10:41:53,South Donnaside,ME,0
ACC002380,2026-09-14 10:41:53,Holmesshire,DE,0
ACC000524,2026-09-14 10:41:53,West Christian,NO,0
ACC000266,2026-09-14 10:41:53,Guerreromouth,NA,0
ACC004803,2026-09-14 10:41:54,West Jacquelineville,BN,0
ACC000597,2026-09-14 10:41:54,Port Katelyn,FJ,0
ACC000854,2026-09-14 10:41:54,Kevinland,FM,0
ACC003854,2026-09-14 10:41:55,Michaelhaven,IS,0
ACC003984,2026-09-14 10:41:55,Port Samanthaville,SG,0
ACC001692,2026-09-14 10:41:55,Kathrynland,RW,0
ACC003298,2026-09-14 10:41:55,South Mark,GN,0
ACC002320,2026-09-14 10:41:55,Millsbury,TJ,0
ACC000948,2026-09-14 10:41:56,Lauramouth,TW,0
ACC001538,2026-09-14 10:41:56,Colechester,QA,0
ACC004319,2026-09-14 10:41:56,Nunezbury,ER,0
ACC003543,2026-09-14 10:41:57,Parkerview,IR,0
ACC000613,2026-09-14 10:41:57,North Lori,RS,1
ACC004163,2026-09-14 10:41:57,Anitaton,BH,0
ACC001133,2026-09-14 10:41:58,Grayfort,NP,0
ACC003433,2026-09-14 10:41:58,North Patriciashire,MV,1
ACC002306,2026-09-14 10:41:58,East Jeremyview,TM,0
ACC001565,2026-09-14 10:41:58,New Franklin,BY,0
ACC000450,2026-09-14 10:41:58,Port Craig,KR,0
ACC001147,2026-09-14 10:41:59,Marquezborough,PE,0
ACC000172,2026-09-14 10:41:59,New Cheryl,LT,0
ACC000803,2026-09-14 10:42:00,Walkerborough,MK,0
ACC004243,2026-09-14 10:42:01,Wilsonberg,BS,0
ACC000459,2026-09-14 10:42:01,East Christopherfort,CF,0
ACC000348,2026-09-14 10:42:01,Bradleyberg,NI,0
ACC002642,2026-09-14 10:42:01,Lake Donaldstad,MH,0
ACC000777,2026-09-14 10:42:01,West Austin,BH,0
ACC001609,2026-09-14 10:42:01,North Anthonyshire,MN,0
ACC000800,2026-09-14 10:42:01,Martinezport,SK,0
ACC003909,2026-09-14 10:42:02,Jacksonborough,TH,1
ACC003108,2026-09-14 10:42:02,Aguilarchester,US,0
ACC002750,2026-09-14 10:42:04,North Whitney,MN,0
ACC002262,2026-09-14 10:42:04,Albertberg,HU,0
ACC000307,2026-09-14 10:42:04,Jamesfurt,UZ,0
ACC000629,2026-09-14 10:42:04,New Karen,TM,0
ACC002308,2026-09-14 10:42:05,Lake David,TT,1
ACC000751,2026-09-14 10:42:05,Port Kathleen,SR,0
ACC004128,2026-09-14 10:42:05,North Dianemouth,ML,0
ACC002761,2026-09-14 10:42:06,Frankton,NR,0
ACC000094,2026-09-14 10:42:06,Lake Brittany,NO,0
ACC003164,2026-09-14 10:42:06,Chelseafurt,SM,0
ACC004603,2026-09-14 10:42:06,Popeland,HN,1
ACC001278,2026-09-14 10:42:06,South Zoeton,VU,0
ACC001399,2026-09-14 10:42:06,Williamville,CY,1
ACC000540,2026-09-14 10:42:07,Watkinsfort,AO,0
ACC003944,2026-09-14 10:42:07,East Allen,CU,0
ACC002959,2026-09-14 10:42:07,East Dianechester,AD,0
ACC002411,2026-09-14 10:42:08,Allisonburgh,AT,0
ACC002426,2026-09-14 10:42:08,Piercefurt,AL,0
ACC004273,2026-09-14 10:42:08,Wilsonport,BE,0
ACC003868,2026-09-14 10:42:08,Cookstad,DJ,0
ACC000604,2026-09-14 10:42:09,Port Kristiebury,US,0
ACC003571,2026-09-14 10:42:09,Christopherchester,VU,0
ACC004141,2026-09-14 10:42:09,New Richardstad,BW,0
ACC002355,2026-09-14 10:42:10,Vasquezhaven,LR,0
ACC003315,2026-09-14 10:42:10,Matthewborough,CF,0
ACC003350,2026-09-14 10:42:11,Lake Kimberlyshire,BT,0
ACC004211,2026-09-14 10:42:11,Thompsonfort,TW,0
ACC002715,2026-09-14 10:42:11,Lake Tiffanychester,TT,0
ACC003960,2026-09-14 10:42:11,West Douglastown,JP,0
ACC000345,2026-09-14 10:42:12,East Ashleyfurt,HU,0
ACC003237,2026-09-14 10:42:12,Walkerside,SO,0
ACC003570,2026-09-14 10:42:12,Yatesbury,KW,0
ACC002560,2026-09-14 10:42:13,Stevenbury,SY,0
ACC004766,2026-09-14 10:42:13,New Maria,VU,0
ACC001560,2026-09-14 10:42:13,Port Russellberg,HT,0
ACC003389,2026-09-14 10:42:14,South Billyview,LA,0
ACC002476,2026-09-14 10:42:14,Whitemouth,MK,0
ACC002376,2026-09-14 10:42:14,Michaelville,KZ,0
ACC001866,2026-09-14 10:42:14,Jordanstad,NL,1
ACC004069,2026-09-14 10:42:15,Lake Joyce,DJ,0
ACC002954,2026-09-14 10:42:15,Wrightmouth,VE,0
ACC003585,2026-09-14 10:42:15,Lake Erin,RO,0
ACC002010,2026-09-14 10:42:15,Matthewfurt,AL,0
ACC003023,2026-09-14 10:42:16,New Deborahville,KR,0
ACC001228,2026-09-14 10:42:16,East Christopher,TW,0
ACC002595,2026-09-14 10:42:17,North Jeffreytown,VU,0
ACC004457,2026-09-14 10:42:17,South Christopherton,DE,0
ACC000003,2026-09-14 10:42:18,West Tyler,VN,0
ACC001879,2026-09-14 10:42:18,East Charlesborough,TT,0
ACC001296,2026-09-14 10:42:18,Port Robert,BN,1
ACC004311,2026-09-14 10:42:18,Masseyport,KR,0
ACC003225,2026-09-14 10:42:19,Sarahtown,NI,0
ACC004094,2026-09-14 10:42:19,North Cynthia,DZ,0
ACC002808,2026-09-14 10:42:20,West Megan,AD,0
ACC003193,2026-09-14 10:42:20,Jenniferfurt,PT,0
ACC000399,2026-09-14 10:42:20,Loriton,BE,0
ACC003413,2026-09-14 10:42:20,Port Angelica,MW,0
ACC003808,2026-09-14 10:42:21,Santosburgh,RU,0
ACC004422,2026-09-14 10:42:21,Woodardberg,LI,0
ACC001021,2026-09-14 10:42:21,Lake Richard,ZM,0
ACC003855,2026-09-14 10:42:21,Norrisview,BZ,0
ACC004422,2026-09-14 10:42:21,New Joseph,PA,0
ACC003313,2026-09-14 10:42:21,Ashleystad,CL,0
ACC002987,2026-09-14 10:42:22,Taramouth,MZ,0
ACC001556,2026-09-14 10:42:22,Timothyton,AD,1
ACC002913,2026-09-14 10:42:22,East Rachel,TV,0
ACC001462,2026-09-14 10:42:22,Cindyville,AG,1
ACC000915,2026-09-14 10:42:22,Petersenbury,SN,1
ACC001205,2026-09-14 10:42:22,Kelseyburgh,QA,0
ACC000577,2026-09-14 10:42:23,Blakehaven,KN,0
ACC002394,2026-09-14 10:42:23,Josephshire,OM,1
ACC000412,2026-09-14 10:42:23,Christineport,CV,0
ACC003130,2026-09-14 10:42:23,West Stevenview,CL,0
ACC002055,2026-09-14 10:42:24,South Christineberg,RS,0
ACC002356,2026-09-14 10:42:24,West Jacob,CF,1
ACC001783,2026-09-14 10:42:24,Bensonstad,RU,0
ACC001799,2026-09-14 10:42:24,East Nathanchester,TM,0
ACC003414,2026-09-14 10:42:24,Port Tonyaberg,ML,0
ACC003274,2026-09-14 10:42:25,East Alyssafurt,BY,0
ACC001531,2026-09-14 10:42:25,East Angela,CM,0
ACC002862,2026-09-14 10:42:26,Lake Christopher,ML,0
ACC002967,2026-09-14 10:42:26,Kaneberg,ID,0
ACC004482,2026-09-14 10:42:27,Watsonberg,KI,0
ACC004101,2026-09-14 10:42:27,Garrettbury,NG,1
ACC002988,2026-09-14 10:42:27,Lake Danielleberg,BS,0
ACC000673,2026-09-14 10:42:27,Sandraborough,AT,0
ACC003887,2026-09-14 10:42:28,Dennisville,JO,0
ACC004190,2026-09-14 10:42:29,Riveramouth,GN,0
ACC000750,2026-09-14 10:42:29,East James,FR,0
ACC002091,2026-09-14 10:42:29,Rachelchester,CZ,0
ACC003489,2026-09-14 10:42:30,Heathburgh,LI,0
ACC001491,2026-09-14 10:42:30,West Bianca,BB,0
ACC003192,2026-09-14 10:42:30,South Jesse,ZA,0
ACC000546,2026-09-14 10:42:30,Whitestad,CU,0
ACC004659,2026-09-14 10:42:30,Denisemouth,IQ,0
ACC002201,2026-09-14 10:42:30,Stephenchester,MY,0
ACC002222,2026-09-14 10:42:31,Yorkfurt,KZ,0
ACC000229,2026-09-14 10:42:32,West Donald,TW,0
ACC004935,2026-09-14 10:42:33,West Johnfort,SC,0
ACC000441,2026-09-14 10:42:33,Wrightfort,CG,1
ACC004712,2026-09-14 10:42:33,Port Anthonyfort,TD,0
ACC001415,2026-09-14 10:42:33,Timothystad,GQ,0
ACC000583,2026-09-14 10:42:33,Hendersonmouth,MR,0
ACC000058,2026-09-14 10:42:33,Jerrymouth,ML,0
ACC002449,2026-09-14 10:42:34,North Jamie,BS,0
ACC000512,2026-09-14 10:42:34,Jessicaborough,GQ,0
ACC002415,2026-09-14 10:42:35,Jamesstad,BD,0
ACC003113,2026-09-14 10:42:35,Johnnyhaven,GW,0
ACC001908,2026-09-14 10:42:35,Lake Claytonland,GH,0
ACC002303,2026-09-14 10:42:35,Randallfort,SR,1
ACC001081,2026-09-14 10:42:35,Richardbury,NG,0
ACC001343,2026-09-14 10:42:35,Jenniferfurt,GB,0
ACC002638,2026-09-14 10:42:35,Norrisstad,EE,0
ACC000264,2026-09-14 10:42:36,Colleenfurt,KN,0
ACC004782,2026-09-14 10:42:37,New Julie,GD,0
ACC003760,2026-09-14 10:42:37,Port Gregory,BI,0
ACC000697,2026-09-14 10:42:37,Port Thomas,PS,0
ACC001687,2026-09-14 10:42:37,Johnsonfort,MN,0
ACC000493,2026-09-14 10:42:40,Port Robertmouth,SV,0
ACC002675,2026-09-14 10:42:40,Lake Deanshire,AT,0
ACC004130,2026-09-14 10:42:40,New Matthew,RO,0
ACC000271,2026-09-14 10:42:40,New Christineberg,FI,0
ACC000979,2026-09-14 10:42:40,Lake Debbie,RW,0
ACC002671,2026-09-14 10:42:40,South Robertfurt,SA,0
ACC003779,2026-09-14 10:42:41,West Aaronton,TH,0
ACC002270,2026-09-14 10:42:41,Pamelabury,MY,0
ACC003819,2026-09-14 10:42:42,Johnberg,CN,0
ACC001942,2026-09-14 10:42:42,New Michaelmouth,IS,1
ACC003988,2026-09-14 10:42:42,Stevenchester,IR,0
ACC004281,2026-09-14 10:42:42,Sullivanberg,AD,0
ACC002859,2026-09-14 10:42:42,Sarahhaven,SO,0
ACC004078,2026-09-14 10:42:42,West Josephport,HU,0
ACC001811,2026-09-14 10:42:43,East Hollymouth,IS,0
ACC002660,2026-09-14 10:42:43,Jaredberg,TZ,0
ACC004242,2026-09-14 10:42:44,Kathyshire,CL,0
ACC003444,2026-09-14 10:42:44,Mcdanielside,UZ,0
ACC004301,2026-09-14 10:42:44,Port Tamibury,GA,0
ACC003875,2026-09-14 10:42:44,Curtistown,MD,0
ACC002525,2026-09-14 10:42:45,Garnerstad,NO,0
ACC004763,2026-09-14 10:42:45,East Sarah,ET,0
ACC002030,2026-09-14 10:42:45,New Anna,TR,1
ACC001129,2026-09-14 10:42:46,Johnsonside,NR,0
ACC002596,2026-09-14 10:42:46,Lake Davidshire,CG,0
ACC001824,2026-09-14 10:42:46,Carrollbury,DE,0
ACC003648,2026-09-14 10:42:47,Port Curtis,MK,0
ACC000193,2026-09-14 10:42:47,North Chloemouth,SE,0
ACC004773,2026-09-14 10:42:47,Angelahaven,NA,0
ACC001374,2026-09-14 10:42:48,New Elizabeth,AU,0
ACC002247,2026-09-14 10:42:48,Brownville,US,0
ACC003322,2026-09-14 10:42:48,Robertville,ST,0
ACC004498,2026-09-14 10:42:48,Sandrafort,AE,1
ACC000912,2026-09-14 10:42:48,Kristenfurt,LI,0
ACC002411,2026-09-14 10:42:49,New Johnborough,RS,0
ACC001496,2026-09-14 10:42:49,Powellbury,CG,0
ACC000295,2026-09-14 10:42:49,New Robertmouth,AL,0
ACC001908,2026-09-14 10:42:49,West Marciaburgh,CA,0
ACC001046,2026-09-14 10:42:49,Careymouth,IN,0
ACC002734,2026-09-14 10:42:50,Montgomeryshire,ZW,0
ACC001318,2026-09-14 10:42:50,North John,BB,0
ACC003993,2026-09-14 10:42:50,Johnberg,LI,0
ACC002301,2026-09-14 10:42:50,North Dianaburgh,SC,0
ACC002457,2026-09-14 10:42:50,Lake Stephanie,GH,0
ACC001579,2026-09-14 10:42:51,Jacksonshire,CF,0
ACC002709,2026-09-14 10:42:51,North Michael,KW,0
ACC004593,2026-09-14 10:42:52,Cisnerosberg,NG,0
ACC001442,2026-09-14 10:42:52,South Johnnyhaven,SL,0
ACC000348,2026-09-14 10:42:52,West Ashley,SG,0
ACC001071,2026-09-14 10:42:53,Samuelberg,LT,0
ACC004023,2026-09-14 10:42:53,South Eric,ET,0
ACC004136,2026-09-14 10:42:53,North Abigailhaven,VN,0
ACC004299,2026-09-14 10:42:53,Crystalland,SZ,0
ACC004959,2026-09-14 10:42:54,West Michaelport,AU,0
ACC004709,2026-09-14 10:42:54,Stephenstad,DM,0
ACC000997,2026-09-14 10:42:54,North Ericside,GT,0
ACC003141,2026-09-14 10:42:54,Richardberg,ID,0
ACC001646,2026-09-14 10:42:55,Juliafurt,RU,0
ACC001205,2026-09-14 10:42:55,Port Amber,CZ,0
ACC000952,2026-09-14 10:42:55,West Christinachester,UY,0
ACC002796,2026-09-14 10:42:55,Lake Brittany,ST,0
ACC003085,2026-09-14 10:42:56,South Sarahborough,LR,0
ACC000830,2026-09-14 10:42:56,Jessebury,DZ,0
ACC004802,2026-09-14 10:42:57,Kathleenville,SN,0
ACC002437,2026-09-14 10:42:57,Pereztown,ZA,0
ACC000706,2026-09-14 10:42:58,Lake Ashley,AL,0
ACC000636,2026-09-14 10:42:58,North Christopherhaven,QA,0
ACC004047,2026-09-14 10:42:58,Wagnerburgh,OM,0
ACC000731,2026-09-14 10:42:58,Mooreberg,NE,1
ACC000630,2026-09-14 10:42:58,Lake Allison,UG,0
ACC002056,2026-09-14 10:42:58,Darrellshire,TD,0
ACC002882,2026-09-14 10:42:58,West Roberto,UY,0
ACC004935,2026-09-14 10:42:59,Williamsburgh,SZ,0
ACC002076,2026-09-14 10:42:59,North Manuelside,GM,0
ACC001010,2026-09-14 10:42:59,Duncanmouth,PE,0
ACC001618,2026-09-14 10:43:00,Lake Aaron,LU,0
ACC000660,2026-09-14 10:43:00,Danielborough,KH,0
ACC002011,2026-09-14 10:43:01,West Carolineview,DM,0
ACC001659,2026-09-14 10:43:01,North Kevin,LK,0
ACC003679,2026-09-14 10:43:01,East Deannashire,KW,1
ACC003661,2026-09-14 10:43:02,Port Victoria,LR,0
ACC003535,2026-09-14 10:43:02,Tylerview,CM,0
ACC003065,2026-09-14 10:43:02,Smithton,MT,0
ACC002830,2026-09-14 10:43:02,South Kevinville,DZ,0
ACC001688,2026-09-14 10:43:03,Adamshaven,QA,0
ACC001727,2026-09-14 10:43:03,Lake Andrea,UY,0
ACC004051,2026-09-14 10:43:03,Port Sharon,TD,0
ACC004195,2026-09-14 10:43:03,Knightborough,KM,1
ACC000575,2026-09-14 10:43:04,Andrewburgh,MW,0
ACC002115,2026-09-14 10:43:05,Krystalton,ML,0
ACC003479,2026-09-14 10:43:05,Crawfordfort,SV,0
ACC003401,2026-09-14 10:43:05,West Kristinabury,BE,0
ACC002265,2026-09-14 10:43:05,Matthewstad,AM,0
ACC003229,2026-09-14 10:43:05,Port Patrickbury,RW,0
ACC001587,2026-09-14 10:43:05,North Patrick,PL,0
ACC001054,2026-09-14 10:43:05,Lake Ian,BT,0
ACC004674,2026-09-14 10:43:06,South Vickiport,CY,0
ACC002208,2026-09-14 10:43:06,Mooremouth,MG,0
ACC000053,2026-09-14 10:43:06,Lake Kimberlyland,MZ,0
ACC000834,2026-09-14 10:43:06,Joshuastad,PY,0
ACC004150,2026-09-14 10:43:06,Port Hunter,AU,0
ACC001917,2026-09-14 10:43:06,Port Johnstad,VC,0
ACC002288,2026-09-14 10:43:06,Elizabethburgh,MU,0
ACC003654,2026-09-14 10:43:06,Brooksberg,LB,0
ACC004813,2026-09-14 10:43:06,Coxburgh,FJ,0
ACC001070,2026-09-14 10:43:06,North Tammyville,SN,0
ACC004824,2026-09-14 10:43:06,Jenniferberg,BG,0
ACC003198,2026-09-14 10:43:07,Lake James,AL,0
ACC003237,2026-09-14 10:43:07,Huynhbury,GR,0
ACC002795,2026-09-14 10:43:07,Bullockburgh,GN,0
ACC000978,2026-09-14 10:43:08,Roytown,GA,0
ACC001048,2026-09-14 10:43:08,West Stacy,GW,0
ACC002442,2026-09-14 10:43:08,Greeneborough,MU,0
ACC003834,2026-09-14 10:43:08,South Leahshire,BS,0
ACC001648,2026-09-14 10:43:10,Andrewchester,ET,0
ACC004256,2026-09-14 10:43:10,West Mary,LC,1
ACC003501,2026-09-14 10:43:10,West Stephenchester,NG,0
ACC002828,2026-09-14 10:43:10,Johnsonfort,AF,0
ACC002556,2026-09-14 10:43:10,Port Danielfurt,MG,0
ACC000284,2026-09-14 10:43:10,New Michael,LY,0
ACC001071,2026-09-14 10:43:10,New Davidberg,BA,0
ACC001804,2026-09-14 10:43:10,Port Saraview,AT,0
ACC003200,2026-09-14 10:43:12,Wendyside,DO,0
ACC000821,2026-09-14 10:43:12,New Matthew,KR,0
ACC003218,2026-09-14 10:43:12,East Jesseville,CG,0
ACC003880,2026-09-14 10:43:12,Lewiston,DM,1
ACC003236,2026-09-14 10:43:13,Mosleytown,DO,0
ACC000539,2026-09-14 10:43:14,Mullinsport,MY,0
ACC004165,2026-09-14 10:43:14,South Debrashire,IL,0
ACC002514,2026-09-14 10:43:15,Port Curtis,LU,0
ACC000693,2026-09-14 10:43:15,Kylemouth,LT,0
ACC001412,2026-09-14 10:43:15,Kellychester,SK,0
ACC003041,2026-09-14 10:43:16,Lake Katherinefurt,PE,0
ACC002661,2026-09-14 10:43:16,Batesstad,PK,0
ACC004073,2026-09-14 10:43:16,New Susan,BG,0
ACC003915,2026-09-14 10:43:16,West Jacqueline,TO,1
ACC001329,2026-09-14 10:43:17,Kaylastad,MA,0
ACC001094,2026-09-14 10:43:17,Stevensview,PW,0
ACC004223,2026-09-14 10:43:18,Port Claire,WS,0
ACC002154,2026-09-14 10:43:18,Colemanmouth,MM,0
ACC001854,2026-09-14 10:43:18,Lake Jeffrey,NI,0
ACC002596,2026-09-14 10:43:18,Port Amber,OM,1
ACC001710,2026-09-14 10:43:19,New Wesley,TT,0
ACC002802,2026-09-14 10:43:19,Christopherberg,PA,0
ACC003176,2026-09-14 10:43:19,North Kelly,LT,0
ACC001798,2026-09-14 10:43:19,West Melissa,KN,0
ACC002173,2026-09-14 10:43:19,Aprilshire,MK,0
ACC004371,2026-09-14 10:43:20,Cynthiaport,RW,1
ACC004462,2026-09-14 10:43:20,Wattsland,DO,0
ACC003707,2026-09-14 10:43:20,Thompsonland,CF,0
ACC004867,2026-09-14 10:43:20,Michaelhaven,LK,0
ACC000123,2026-09-14 10:43:20,South Debbieville,PT,0
ACC003506,2026-09-14 10:43:20,Tammymouth,JO,0
ACC004273,2026-09-14 10:43:21,Lake Kelsey,VE,0
ACC000887,2026-09-14 10:43:21,New Anna,AG,0
ACC000289,2026-09-14 10:43:22,New Sharonfurt,VA,0
ACC003799,2026-09-14 10:43:22,Lake Carolyn,LI,0
ACC002870,2026-09-14 10:43:22,Lake Gregoryport,SA,0
ACC000063,2026-09-14 10:43:22,South Melanie,PK,0
ACC003116,2026-09-14 10:43:22,South Stacyville,TJ,0
ACC004697,2026-09-14 10:43:22,Port Sara,IL,0
ACC001774,2026-09-14 10:43:22,Hallfort,AM,0
ACC003956,2026-09-14 10:43:22,Austinside,CV,0
ACC000994,2026-09-14 10:43:23,East Nicolefort,DK,0
ACC000472,2026-09-14 10:43:23,South Jamesbury,SV,0
ACC002267,2026-09-14 10:43:23,Danachester,SA,0
ACC003179,2026-09-14 10:43:24,North Rachelfort,PH,0
ACC002527,2026-09-14 10:43:25,Lisachester,YE,0
ACC000354,2026-09-14 10:43:25,New Kyle,BI,0
ACC003771,2026-09-14 10:43:26,Livingstonstad,HT,0
ACC002814,2026-09-14 10:43:26,Websterfort,SG,0
ACC004077,2026-09-14 10:43:26,Lake Eugeneborough,CG,0
ACC004259,2026-09-14 10:43:26,West Christopher,FI,0
ACC001850,2026-09-14 10:43:27,Margaretborough,LA,0
ACC002974,2026-09-14 10:43:27,Lake Heatherfort,PA,1
ACC004853,2026-09-14 10:43:27,Hoffmanshire,IN,0
ACC002261,2026-09-14 10:43:27,Santiagofort,TH,0
ACC004158,2026-09-14 10:43:28,Joeberg,LC,0
ACC000266,2026-09-14 10:43:28,New Danielleshire,TD,0
ACC001480,2026-09-14 10:43:28,West Bryanbury,KP,1
ACC004035,2026-09-14 10:43:28,Stevenfort,HR,0
ACC004012,2026-09-14 10:43:29,North Kimberly,RO,0
ACC003530,2026-09-14 10:43:29,Littleland,MC,1
ACC004804,2026-09-14 10:43:30,North Timothyshire,PY,0
ACC000535,2026-09-14 10:43:30,North Matthewton,RO,0
ACC004758,2026-09-14 10:43:31,New Jessica,SM,0
ACC004005,2026-09-14 10:43:32,Yoderside,DE,0
ACC000098,2026-09-14 10:43:32,New Coryview,PT,0
ACC003701,2026-09-14 10:43:33,Dorothyville,NR,0
ACC001606,2026-09-14 10:43:33,Wrightbury,KR,0
ACC003037,2026-09-14 10:43:33,East Christopherbury,JM,0
ACC004250,2026-09-14 10:43:33,Thomastown,MT,1
ACC001899,2026-09-14 10:43:33,Kevinview,ZM,1
ACC003760,2026-09-14 10:43:34,Normanport,CD,0
ACC002434,2026-09-14 10:43:34,Lake Jeffrey,IS,0
ACC001493,2026-09-14 10:43:34,North Nicole,CZ,0
ACC000402,2026-09-14 10:43:34,North Johnberg,HU,0
ACC002623,2026-09-14 10:43:35,Kaylaville,BS,1
ACC004803,2026-09-14 10:43:35,Erikmouth,CY,0
ACC000123,2026-09-14 10:43:35,Lake Michaelborough,CF,0
ACC000747,2026-09-14 10:43:36,Sparksview,BZ,0
ACC004987,2026-09-14 10:43:36,Fergusonstad,RU,0
ACC003707,2026-09-14 10:43:36,New David,RO,0
ACC002501,2026-09-14 10:43:37,Port Gregory,TM,0
ACC002504,2026-09-14 10:43:37,Alyssaborough,PG,0
ACC003473,2026-09-14 10:43:37,Lake Chelsea,OM,0
ACC001044,2026-09-14 10:43:38,Mcconnelltown,RO,0
ACC002819,2026-09-14 10:43:38,North Kristiside,AZ,0
ACC004707,2026-09-14 10:43:38,Brittanyview,CZ,0
ACC002185,2026-09-14 10:43:38,Williammouth,TT,0
ACC002982,2026-09-14 10:43:39,West Stephanieshire,FM,0
ACC004850,2026-09-14 10:43:39,West Grace,TT,0
ACC002008,2026-09-14 10:43:40,Jonesfurt,AE,0
ACC001608,2026-09-14 10:43:40,Port Carlos,OM,0
ACC003524,2026-09-14 10:43:41,New Richard,AO,0
ACC001458,2026-09-14 10:43:41,South Kathleenview,FM,0
ACC000301,2026-09-14 10:43:42,Wendyhaven,DK,0
ACC003728,2026-09-14 10:43:42,Kelleyburgh,PY,0
ACC004584,2026-09-14 10:43:42,Brandonview,HU,0
ACC002340,2026-09-14 10:43:42,Thomasfort,TG,1
ACC002464,2026-09-14 10:43:42,Vancemouth,LS,0
ACC001716,2026-09-14 10:43:43,Port Wendy,LS,0
ACC003252,2026-09-14 10:43:43,Nicholsview,GN,0
ACC000127,2026-09-14 10:43:44,Pricetown,NR,0
ACC003048,2026-09-14 10:43:44,East Pamela,VN,1
ACC003154,2026-09-14 10:43:44,West Nicholas,FI,0
ACC000763,2026-09-14 10:43:45,Stricklandville,AR,0
ACC003351,2026-09-14 10:43:46,Royton,NZ,0
ACC003841,2026-09-14 10:43:46,West Joanbury,PW,0
ACC004950,2026-09-14 10:43:46,Alexandrialand,DM,0
ACC003967,2026-09-14 10:43:46,New Heidi,SZ,0
ACC004891,2026-09-14 10:43:47,Danielport,SB,0
ACC000884,2026-09-14 10:43:47,West Austinmouth,PT,0
ACC003718,2026-09-14 10:43:47,Huffbury,TL,1
ACC003812,2026-09-14 10:43:47,Daniellefurt,NR,0
ACC002869,2026-09-14 10:43:48,Klineshire,VE,0
ACC000680,2026-09-14 10:43:49,Feliciafurt,LV,0
ACC003897,2026-09-14 10:43:49,West Anita,NL,0
ACC001867,2026-09-14 10:43:50,West Erin,PK,0
ACC000564,2026-09-14 10:43:50,Karenhaven,DO,0
ACC003350,2026-09-14 10:43:50,North Danielfort,HR,0
ACC004056,2026-09-14 10:43:50,East Craig,LT,0
ACC004584,2026-09-14 10:43:51,New Jamesview,ML,0
ACC001210,2026-09-14 10:43:51,Lisafurt,DK,0
ACC001877,2026-09-14 10:43:51,Shawnaborough,KW,0
ACC001681,2026-09-14 10:43:51,Greentown,PH,0
ACC002145,2026-09-14 10:43:51,New Sarah,SR,0
ACC004736,2026-09-14 10:43:51,Ortegaberg,TV,0
ACC004332,2026-09-14 10:43:51,Melissahaven,LU,0
ACC000680,2026-09-14 10:43:52,New Emma,AD,0
ACC003283,2026-09-14 10:43:52,New Amber,DE,1
ACC001443,2026-09-14 10:43:52,Andreabury,AZ,0
ACC000723,2026-09-14 10:43:52,Christophermouth,NI,0
ACC003884,2026-09-14 10:43:52,Matthewbury,CO,0
ACC002276,2026-09-14 10:43:52,Dylantown,DZ,0
ACC003690,2026-09-14 10:43:53,West Rickey,GW,0
ACC000567,2026-09-14 10:43:53,Thomashaven,HN,0
ACC001772,2026-09-14 10:43:53,Jimmybury,BF,0
ACC004914,2026-09-14 10:43:53,Williamsburgh,IL,0
ACC003669,2026-09-14 10:43:53,Johnsonburgh,MY,0
ACC000818,2026-09-14 10:43:53,Bryantfurt,CU,0
ACC004948,2026-09-14 10:43:53,Sawyertown,WS,0
ACC003443,2026-09-14 10:43:54,West Jamesside,CH,0
ACC001309,2026-09-14 10:43:54,New Valerietown,CV,0
ACC004684,2026-09-14 10:43:54,Lisamouth,AO,0
ACC004071,2026-09-14 10:43:55,New Johnmouth,FJ,0
ACC001803,2026-09-14 10:43:55,Amandaside,ES,0
ACC003066,2026-09-14 10:43:55,Joshuahaven,IL,0
ACC001074,2026-09-14 10:43:56,Thomasmouth,BI,0
ACC001975,2026-09-14 10:43:56,Vaughanbury,TH,0
ACC003196,2026-09-14 10:43:56,Housechester,CA,0
ACC004245,2026-09-14 10:43:56,Carrilloville,LI,0
ACC004454,2026-09-14 10:43:56,Frazierberg,GY,0
ACC002082,2026-09-14 10:43:58,North Jeremychester,RS,0
ACC003306,2026-09-14 10:43:58,New Jasonport,ZA,0
ACC002319,2026-09-14 10:43:58,West Richard,VA,1
ACC001631,2026-09-14 10:43:58,North Brandon,VA,0
ACC000250,2026-09-14 10:43:58,Petersonborough,TZ,0
ACC002177,2026-09-14 10:43:59,Palmerchester,SA,0
ACC002452,2026-09-14 10:43:59,North Jonathan,KR,0
ACC002545,2026-09-14 10:43:59,Lake Matthew,KI,0
ACC000328,2026-09-14 10:44:00,Sanchezhaven,NG,0
ACC003756,2026-09-14 10:44:00,Parkerside,ST,0
ACC003959,2026-09-14 10:44:00,Lake Jessica,TG,0
ACC003623,2026-09-14 10:44:00,South Kendra,SM,0
ACC002830,2026-09-14 10:44:00,Brendamouth,TT,0
ACC002511,2026-09-14 10:44:00,Manningport,NP,0
ACC000361,2026-09-14 10:44:01,Whiteheadburgh,VU,0
ACC001409,2026-09-14 10:44:01,Lake Melaniebury,MK,1
ACC001521,2026-09-14 10:44:01,Steinville,BR,0
ACC003726,2026-09-14 10:44:01,Port Roybury,ZA,0
ACC000051,2026-09-14 10:44:02,Edwardsshire,MD,0
ACC000485,2026-09-14 10:44:02,Morganview,KM,0
ACC003968,2026-09-14 10:44:02,Diazburgh,RO,1
ACC003423,2026-09-14 10:44:03,Port Hannahfurt,TZ,0
ACC004534,2026-09-14 10:44:03,Reidhaven,MX,0
ACC001089,2026-09-14 10:44:04,Lake Briantown,KZ,0
ACC000758,2026-09-14 10:44:04,New Kristamouth,ER,0
ACC001637,2026-09-14 10:44:04,Port Jamiechester,BN,0
ACC002268,2026-09-14 10:44:05,Pinedachester,AF,0
ACC000676,2026-09-14 10:44:05,Jeffreyside,GW,0
ACC003482,2026-09-14 10:44:05,Romerofort,AU,0
ACC004091,2026-09-14 10:44:05,Robertmouth,FR,0
ACC002026,2026-09-14 10:44:05,Port Marcuschester,MD,0
ACC001098,2026-09-14 10:44:05,Stevensborough,NP,0
ACC001705,2026-09-14 10:44:05,Hermanchester,CZ,0
ACC002095,2026-09-14 10:44:07,Bonnieberg,MH,0
ACC002697,2026-09-14 10:44:07,New Anthony,GQ,0
ACC002437,2026-09-14 10:44:07,Washingtonmouth,MV,0
ACC001918,2026-09-14 10:44:07,West Donald,CL,0
ACC004447,2026-09-14 10:44:07,Port Amandahaven,BO,1
ACC003236,2026-09-14 10:44:07,New Kathryn,NR,0
ACC004996,2026-09-14 10:44:07,Port Kristina,AF,0
ACC003360,2026-09-14 10:44:07,East Sandraport,AE,0
ACC001394,2026-09-14 10:44:07,South Jonathan,GB,0
ACC003274,2026-09-14 10:44:08,Port Christopher,LY,0
ACC004163,2026-09-14 10:44:08,North Mary,KZ,0
ACC001067,2026-09-14 10:44:08,Jacobton,NA,0
ACC003506,2026-09-14 10:44:08,North Lorimouth,HT,0
ACC000420,2026-09-14 10:44:08,Haroldland,LT,0
ACC001930,2026-09-14 10:44:08,Mistystad,MC,0
ACC004246,2026-09-14 10:44:08,Lake Elizabethport,PE,1
ACC003739,2026-09-14 10:44:08,East Ryan,LC,0
ACC001842,2026-09-14 10:44:09,East Lori,LA,1
ACC002611,2026-09-14 10:44:09,North Joshuaside,LR,0
ACC000292,2026-09-14 10:44:09,East Sandra,UA,1
ACC000852,2026-09-14 10:44:09,East Cassandra,AG,0
ACC002772,2026-09-14 10:44:10,Wardland,JM,0
ACC004735,2026-09-14 10:44:11,Ronaldville,DO,0
ACC004523,2026-09-14 10:44:11,East Bradleytown,TL,0
ACC002938,2026-09-14 10:44:12,Jonesfurt,BN,1
ACC003298,2026-09-14 10:44:13,New Mark,LK,0
ACC004078,2026-09-14 10:44:13,Colemouth,WS,0
ACC003333,2026-09-14 10:44:13,Elizabethside,FM,0
ACC004754,2026-09-14 10:44:13,South Frankport,ES,0
ACC003997,2026-09-14 10:44:14,West Nicole,AM,0
ACC004853,2026-09-14 10:44:14,North Tristanfort,AL,0
ACC004378,2026-09-14 10:44:14,West Shannon,PK,0
ACC000413,2026-09-14 10:44:14,West Tamaraville,US,0
ACC001321,2026-09-14 10:44:15,Bryanport,HU,0
ACC002561,2026-09-14 10:44:15,East Stevenside,RO,0
ACC004854,2026-09-14 10:44:15,Port Timothy,NP,0
ACC000099,2026-09-14 10:44:15,Carrollburgh,IT,0
ACC003469,2026-09-14 10:44:15,Littlefort,HN,1
ACC000676,2026-09-14 10:44:15,Ryanmouth,IT,0
ACC002747,2026-09-14 10:44:15,East Daniel,TW,0
ACC000566,2026-09-14 10:44:16,Sheritown,YE,0
ACC002757,2026-09-14 10:44:16,New Jason,MU,0
ACC001073,2026-09-14 10:44:16,Simmonsfurt,YE,0
ACC001271,2026-09-14 10:44:16,Harthaven,BE,0
ACC002472,2026-09-14 10:44:17,Port Shane,GM,0
ACC001160,2026-09-14 10:44:17,New Jasmineside,PE,0
ACC002629,2026-09-14 10:44:17,West Laurafort,ST,0
ACC003725,2026-09-14 10:44:17,Lake Jesse,BB,0
ACC001090,2026-09-14 10:44:17,Nortonside,NG,0
ACC000500,2026-09-14 10:44:18,Crawfordberg,FM,1
ACC003331,2026-09-14 10:44:18,Brookschester,AG,0
ACC004832,2026-09-14 10:44:18,Lake Juliaberg,JO,0
ACC002305,2026-09-14 10:44:19,New Brianmouth,SC,0
ACC004110,2026-09-14 10:44:19,East Zacharymouth,JP,0
ACC004250,2026-09-14 10:44:19,New Alexander,AD,1
ACC002258,2026-09-14 10:44:19,North Michelle,NP,0
ACC002463,2026-09-14 10:44:20,Lake Elijah,OM,0
ACC001514,2026-09-14 10:44:20,Ramirezton,MG,0
ACC001200,2026-09-14 10:44:20,Richardsonbury,AT,0
ACC003698,2026-09-14 10:44:20,Sethland,MH,0
ACC001482,2026-09-14 10:44:20,Ericamouth,TW,0
ACC004046,2026-09-14 10:44:20,New Michaelton,TT,0
ACC001758,2026-09-14 10:44:21,New Michael,IL,0
ACC001207,2026-09-14 10:44:21,Port Laura,GY,0
ACC000883,2026-09-14 10:44:21,West Vincent,CO,0
ACC004027,2026-09-14 10:44:22,West Tylerborough,KW,0
ACC002378,2026-09-14 10:44:22,Camposport,AZ,0
ACC000207,2026-09-14 10:44:22,North Marytown,GD,0
ACC004568,2026-09-14 10:44:22,Thompsonchester,BJ,0
ACC000427,2026-09-14 10:44:22,Melissahaven,BB,0
ACC002656,2026-09-14 10:44:23,Atkinsonside,SE,1
ACC000917,2026-09-14 10:44:23,Ramirezbury,UY,0
ACC004062,2026-09-14 10:44:24,Justinmouth,GD,0
ACC003209,2026-09-14 10:44:24,Lake Lindsayville,BI,0
ACC003651,2026-09-14 10:44:25,Amyside,CY,0
ACC002549,2026-09-14 10:44:25,North Thomasshire,KI,0
ACC000520,2026-09-14 10:44:25,Elizabethfort,IR,0
ACC003676,2026-09-14 10:44:25,Meganland,IE,0
ACC002461,2026-09-14 10:44:25,Oconnellland,CD,0
ACC004534,2026-09-14 10:44:25,South Kellyview,EE,0
ACC003398,2026-09-14 10:44:26,North Jacquelineburgh,BI,0
ACC003214,2026-09-14 10:44:26,South Cindy,CG,0
ACC002096,2026-09-14 10:44:26,Deanfort,LS,0
ACC001783,2026-09-14 10:44:28,North Robertstad,CA,0
ACC003289,2026-09-14 10:44:28,West Tracey,JM,0
ACC000149,2026-09-14 10:44:29,New Melissa,UY,0
ACC000555,2026-09-14 10:44:29,Barbaraport,FM,0
ACC004545,2026-09-14 10:44:29,Elizabethhaven,FI,0
ACC003132,2026-09-14 10:44:29,New Lisa,GQ,0
ACC000049,2026-09-14 10:44:29,West Melissaburgh,CY,0
ACC001535,2026-09-14 10:44:30,Hobbsport,BT,0
ACC000424,2026-09-14 10:44:30,Port Rachelton,DM,0
ACC000134,2026-09-14 10:44:31,East Debbie,GT,0
ACC000056,2026-09-14 10:44:31,Harperbury,RS,0
ACC002995,2026-09-14 10:44:31,Jonestown,SO,0
ACC000067,2026-09-14 10:44:32,Anthonyport,BB,0
ACC002399,2026-09-14 10:44:32,Lake Christine,IR,0
ACC001874,2026-09-14 10:44:32,Lake Cynthiaburgh,CH,0
ACC002002,2026-09-14 10:44:32,Johnfort,MV,0
ACC000702,2026-09-14 10:44:32,Jasonville,CR,0
ACC000442,2026-09-14 10:44:32,Paulchester,CA,0
ACC001627,2026-09-14 10:44:33,West Allison,ET,0
ACC004603,2026-09-14 10:44:33,South Kristen,CO,0
ACC000438,2026-09-14 10:44:33,Stevenhaven,JP,0
ACC004137,2026-09-14 10:44:33,Lake Nathanberg,CU,0
ACC002719,2026-09-14 10:44:33,East Jennifermouth,AZ,0
ACC003160,2026-09-14 10:44:33,Hopkinsborough,KZ,0
ACC004091,2026-09-14 10:44:34,Brianaburgh,UY,0
ACC003448,2026-09-14 10:44:34,Hardinport,IQ,0
ACC004682,2026-09-14 10:44:34,West Laurenchester,BG,0
ACC003189,2026-09-14 10:44:34,Allenville,UG,0
ACC002675,2026-09-14 10:44:35,Brianside,DZ,0
ACC000149,2026-09-14 10:44:35,North Angelaland,BW,0
ACC002851,2026-09-14 10:44:35,Lukeport,CM,0
ACC004615,2026-09-14 10:44:36,Port Mary,CL,0
ACC001490,2026-09-14 10:44:36,Joanntown,VE,0
ACC004522,2026-09-14 10:44:36,Marcusfort,ID,0
ACC004744,2026-09-14 10:44:36,Gonzalezburgh,AR,0
ACC000585,2026-09-14 10:44:38,South Paula,SG,0
ACC003763,2026-09-14 10:44:38,North Nicholasstad,BR,0
ACC004163,2026-09-14 10:44:38,East Justin,AR,0
ACC003030,2026-09-14 10:44:38,Millertown,PA,0
ACC004186,2026-09-14 10:44:38,Davisbury,GQ,0
ACC000420,2026-09-14 10:44:38,New Matthew,JO,0
ACC004991,2026-09-14 10:44:39,Scottfort,KZ,0
ACC003789,2026-09-14 10:44:39,Crossfort,BY,0
ACC000159,2026-09-14 10:44:39,Lake Margarettown,CI,0
ACC001261,2026-09-14 10:44:40,Patrickview,YE,0
ACC004562,2026-09-14 10:44:40,West Melissafurt,DK,0
ACC002378,2026-09-14 10:44:41,Sherrystad,GT,0
ACC003544,2026-09-14 10:44:42,Lake Evanberg,TJ,0
ACC000925,2026-09-14 10:44:42,Natashachester,SA,0
ACC002114,2026-09-14 10:44:42,Mckenzieland,BN,0
ACC001770,2026-09-14 10:44:42,Lindseyville,MT,0
ACC003311,2026-09-14 10:44:43,Porterborough,TL,0
ACC001689,2026-09-14 10:44:43,Lake Jamesborough,LI,0
ACC004586,2026-09-14 10:44:43,Williamsland,IL,0
ACC003957,2026-09-14 10:44:44,Smithland,TG,0
ACC000545,2026-09-14 10:44:44,East John,LU,1
ACC004993,2026-09-14 10:44:45,Byrdmouth,NE,0
ACC004114,2026-09-14 10:44:45,North Kyle,TH,0
ACC004082,2026-09-14 10:44:45,West Robert,NP,0
ACC001427,2026-09-14 10:44:45,Carrollfort,JM,0
ACC003544,2026-09-14 10:44:45,East Rogerport,TH,0
ACC003378,2026-09-14 10:44:46,Richardtown,PG,1
ACC001798,2026-09-14 10:44:46,North Aaronberg,BI,0
ACC001399,2026-09-14 10:44:46,North James,ER,0
ACC001633,2026-09-14 10:44:46,Kyleshire,BJ,0
ACC004192,2026-09-14 10:44:47,Karenshire,EE,0
ACC004267,2026-09-14 10:44:47,New Annamouth,BD,0
ACC003974,2026-09-14 10:44:47,West Lindsayfort,BJ,0
ACC001911,2026-09-14 10:44:47,New Matthew,MZ,0
ACC002515,2026-09-14 10:44:47,New Charles,NE,0
ACC000275,2026-09-14 10:44:47,East Matthew,PE,0
ACC003410,2026-09-14 10:44:47,South Amber,SZ,0
ACC001034,2026-09-14 10:44:47,Lake Bradyfort,FR,0
ACC004701,2026-09-14 10:44:47,New Dale,IE,0
ACC003008,2026-09-14 10:44:47,South Timothystad,BJ,0
ACC003332,2026-09-14 10:44:47,Xavierstad,RS,0
ACC003840,2026-09-14 10:44:48,South Zachary,GT,0
ACC003743,2026-09-14 10:44:48,West Kevin,MN,0
ACC004662,2026-09-14 10:44:48,Bradleyfurt,TO,0
ACC002990,2026-09-14 10:44:49,Lake Brookeberg,AO,0
ACC004127,2026-09-14 10:44:49,Jacksonport,KI,0
ACC004915,2026-09-14 10:44:49,Berryland,GB,0
ACC002179,2026-09-14 10:44:50,West Jamesmouth,ID,0
ACC001147,2026-09-14 10:44:50,Lake Amymouth,KG,0
ACC001745,2026-09-14 10:44:50,Theresaton,LA,0
ACC000625,2026-09-14 10:44:50,Port Diane,LI,0
ACC000273,2026-09-14 10:44:51,West Maryburgh,GE,0
ACC000421,2026-09-14 10:44:51,Petersshire,SB,0
ACC001994,2026-09-14 10:44:52,West Michaelfurt,JM,0
ACC004229,2026-09-14 10:44:52,North Josephland,SC,0
ACC000531,2026-09-14 10:44:52,South Joel,CR,0
ACC004278,2026-09-14 10:44:52,Melindafort,UZ,0
ACC003698,2026-09-14 10:44:52,Port Bethanyfort,DE,0
ACC003175,2026-09-14 10:44:53,South Megan,TD,1
ACC001577,2026-09-14 10:44:53,Trujilloberg,DK,1
ACC003430,2026-09-14 10:44:53,Thomasport,IS,0
ACC003306,2026-09-14 10:44:54,Noahton,LA,0
ACC000413,2026-09-14 10:44:55,Sellersbury,PY,1
ACC003491,2026-09-14 10:44:55,Rebeccaland,DM,0
ACC001542,2026-09-14 10:44:55,North Thomas,JM,0
ACC003888,2026-09-14 10:44:55,Danielleshire,EG,0
ACC002349,2026-09-14 10:44:56,Smithland,MY,0
ACC004915,2026-09-14 10:44:57,Katieshire,VU,0
ACC003581,2026-09-14 10:44:57,Donaldmouth,BZ,0
ACC004036,2026-09-14 10:44:57,Bellchester,FJ,0
ACC002763,2026-09-14 10:44:57,Susanbury,GA,0
ACC001386,2026-09-14 10:44:58,Garciabury,TG,0
ACC000092,2026-09-14 10:44:58,Lake Joshualand,UG,0
ACC003675,2026-09-14 10:44:58,West Robertside,SD,0
ACC000700,2026-09-14 10:44:59,Natalieland,SO,0
ACC003522,2026-09-14 10:45:00,New Madisonside,FM,0
ACC004141,2026-09-14 10:45:00,Guerreroland,SY,0
ACC003179,2026-09-14 10:45:00,North Alexander,TR,0
ACC004970,2026-09-14 10:45:01,West Theresaview,SV,0
ACC003909,2026-09-14 10:45:01,Marcchester,SG,0
ACC002028,2026-09-14 10:45:02,Baileyshire,LT,0
ACC002273,2026-09-14 10:45:02,Hartborough,CF,0
ACC002541,2026-09-14 10:45:03,East Gina,FI,0
ACC000877,2026-09-14 10:45:03,Port Sabrina,NP,0
ACC004353,2026-09-14 10:45:04,Walterchester,RO,0
ACC000780,2026-09-14 10:45:05,Mooreburgh,IE,0
ACC003917,2026-09-14 10:45:05,Webbmouth,NO,0
ACC003209,2026-09-14 10:45:05,Ericshire,SE,0
ACC000486,2026-09-14 10:45:05,West Coreybury,VE,0
ACC000310,2026-09-14 10:45:06,Harrisbury,MZ,0
ACC003947,2026-09-14 10:45:06,Garciabury,KW,0
ACC000105,2026-09-14 10:45:06,New Matthew,MH,0
ACC004411,2026-09-14 10:45:07,New Ruthberg,LC,0
ACC003293,2026-09-14 10:45:07,Brandyfurt,NA,0
ACC003771,2026-09-14 10:45:07,West Michaelland,ZA,0
ACC004274,2026-09-14 10:45:08,East Kennethland,LC,0
ACC001065,2026-09-14 10:45:08,Millerview,SM,0
ACC003352,2026-09-14 10:45:08,Lake Melissaside,UY,0
ACC001505,2026-09-14 10:45:09,New Michelle,SL,1
ACC004250,2026-09-14 10:45:09,West Monicahaven,ZA,0
ACC002460,2026-09-14 10:45:09,North Roger,KW,0
ACC004885,2026-09-14 10:45:09,Walkermouth,HT,0
ACC000684,2026-09-14 10:45:09,East Ashley,LK,0
ACC000801,2026-09-14 10:45:10,East Samanthaport,HN,0
ACC002338,2026-09-14 10:45:10,South Stephaniebury,MH,0
ACC000409,2026-09-14 10:45:11,Natalieland,MC,0
ACC004529,2026-09-14 10:45:11,Andrewview,LI,0
ACC004731,2026-09-14 10:45:12,East Melissa,SG,0
ACC003319,2026-09-14 10:45:13,West Michael,PE,1
ACC002908,2026-09-14 10:45:13,Saraton,WS,0
ACC003460,2026-09-14 10:45:13,Hoffmanberg,TW,0
ACC002223,2026-09-14 10:45:13,Tammyville,MT,0
ACC004398,2026-09-14 10:45:13,Rebeccamouth,CI,0
ACC004020,2026-09-14 10:45:13,Cynthiamouth,NP,0
ACC001667,2026-09-14 10:45:14,East Stephaniechester,KG,0
ACC002637,2026-09-14 10:45:14,Frederickfort,GW,0
ACC004155,2026-09-14 10:45:15,Mcfarlandmouth,KH,0
ACC003969,2026-09-14 10:45:15,Colemanville,RO,0
ACC000258,2026-09-14 10:45:15,Christopherport,BH,0
ACC002144,2026-09-14 10:45:15,Michaelville,TZ,0
ACC001624,2026-09-14 10:45:15,Antonioshire,HN,1
ACC004278,2026-09-14 10:45:16,Toddshire,DK,0
ACC000307,2026-09-14 10:45:16,New Jenniferside,BJ,0
ACC002953,2026-09-14 10:45:16,South Lauren,KI,0
ACC001045,2026-09-14 10:45:18,Rodriguezfurt,AM,0
ACC001193,2026-09-14 10:45:18,Victoriaton,TG,0
ACC000186,2026-09-14 10:45:19,East Joshua,TL,0
ACC000846,2026-09-14 10:45:19,Andrewmouth,AT,0
ACC001612,2026-09-14 10:45:20,South Jason,AT,0
ACC003220,2026-09-14 10:45:20,Mullinsland,US,1
ACC003217,2026-09-14 10:45:20,North Adamport,AO,0
ACC003884,2026-09-14 10:45:20,Sarahville,VA,0
ACC000633,2026-09-14 10:45:21,West Josephville,LY,1
ACC001531,2026-09-14 10:45:21,Lake Matthew,FR,0
ACC003288,2026-09-14 10:45:21,Gonzalestown,CR,0
ACC001379,2026-09-14 10:45:21,Port Mallorymouth,TT,0
ACC004900,2026-09-14 10:45:22,Bryantfort,IQ,0
ACC004964,2026-09-14 10:45:22,Port Brent,PK,0
ACC001471,2026-09-14 10:45:22,East Timothyfort,MK,0
ACC001419,2026-09-14 10:45:23,Leehaven,ME,0
ACC003145,2026-09-14 10:45:23,Garyside,KM,0
ACC001202,2026-09-14 10:45:23,New Molly,SL,0
ACC003692,2026-09-14 10:45:23,New Annamouth,DJ,0
ACC003625,2026-09-14 10:45:23,South Jillland,MR,0
ACC001664,2026-09-14 10:45:24,Blakemouth,CR,0
ACC003305,2026-09-14 10:45:24,Jacksonberg,ID,1
ACC003329,2026-09-14 10:45:25,South Richard,PS,0
ACC001614,2026-09-14 10:45:25,Millerfort,BI,0
ACC001447,2026-09-14 10:45:25,West Sarahton,EC,0
ACC001832,2026-09-14 10:45:26,Jonathanland,BH,0
ACC001284,2026-09-14 10:45:26,Lauriestad,SC,0
ACC000517,2026-09-14 10:45:26,Howechester,HU,0
ACC001389,2026-09-14 10:45:26,Kevinfort,NG,0
ACC000903,2026-09-14 10:45:27,Sarahberg,SE,0
ACC000694,2026-09-14 10:45:27,Mariaburgh,SA,0
ACC002257,2026-09-14 10:45:27,Ashleyland,MZ,0
ACC001648,2026-09-14 10:45:28,West Laura,BD,0
ACC002210,2026-09-14 10:45:28,New Randyburgh,RO,0
ACC002271,2026-09-14 10:45:29,Robertsonmouth,AZ,0
ACC004910,2026-09-14 10:45:29,Lindsaymouth,CI,0
ACC001912,2026-09-14 10:45:29,Williamsfurt,DE,1
ACC004469,2026-09-14 10:45:29,Lake Terryhaven,AD,0
ACC003616,2026-09-14 10:45:30,Robertfurt,MN,0
ACC004067,2026-09-14 10:45:30,North Raventown,SE,0
ACC003978,2026-09-14 10:45:30,Elizabethside,TO,0
ACC001262,2026-09-14 10:45:31,South Jamesfort,CU,0
ACC003961,2026-09-14 10:45:31,New Ross,SY,0
ACC002331,2026-09-14 10:45:31,Shaffermouth,TL,0
ACC002996,2026-09-14 10:45:31,Lake Kimberly,NL,0
ACC002968,2026-09-14 10:45:32,Cliffordhaven,WS,0
ACC002079,2026-09-14 10:45:32,Port Markport,MC,0
ACC000652,2026-09-14 10:45:33,Lake Josechester,CH,0
ACC004956,2026-09-14 10:45:33,North Dana,JP,0
ACC004616,2026-09-14 10:45:33,West Kathleenton,TR,0
ACC003330,2026-09-14 10:45:33,North Jeffreyberg,SL,0
ACC000807,2026-09-14 10:45:33,West Stephanie,PG,0
ACC004223,2026-09-14 10:45:34,Port Stanley,IN,0
ACC004777,2026-09-14 10:45:34,Frankshire,SL,0
ACC003459,2026-09-14 10:45:34,West Joshuaborough,ES,0
ACC002624,2026-09-14 10:45:34,New Robertport,TR,0
ACC000507,2026-09-14 10:45:35,Sheriburgh,MA,0
ACC000507,2026-09-14 10:45:35,Jamesland,YE,0
ACC003482,2026-09-14 10:45:35,Lake Alan,ET,0
ACC001560,2026-09-14 10:45:36,Oliverchester,KI,0
ACC002246,2026-09-14 10:45:36,Amandachester,CN,0
ACC002980,2026-09-14 10:45:36,Barajasside,US,0
ACC001882,2026-09-14 10:45:37,West Maryside,TH,0
ACC004238,2026-09-14 10:45:37,Sonyaland,JM,1
ACC000872,2026-09-14 10:45:37,Walkertown,BT,1
ACC004078,2026-09-14 10:45:37,Wardfurt,BD,0
ACC001112,2026-09-14 10:45:38,Browntown,MG,0
ACC003834,2026-09-14 10:45:39,Patriciaville,GT,0
ACC001950,2026-09-14 10:45:39,North Zachary,MT,0
ACC003864,2026-09-14 10:45:39,Jamesborough,SM,0
ACC003472,2026-09-14 10:45:40,Damonhaven,DK,0
ACC001181,2026-09-14 10:45:40,Lake Jayview,CA,0
ACC002040,2026-09-14 10:45:40,Robertview,PL,0
ACC002174,2026-09-14 10:45:40,West Elizabeth,UG,0
ACC000772,2026-09-14 10:45:41,Sloanton,TR,0
ACC003039,2026-09-14 10:45:41,Lake Marcusborough,TO,0
ACC001818,2026-09-14 10:45:41,West Deniseside,EC,0
ACC004974,2026-09-14 10:45:41,Lake Aprilmouth,BB,0
ACC004883,2026-09-14 10:45:42,Audreyfort,KN,0
ACC003228,2026-09-14 10:45:42,Langhaven,RS,0
ACC000449,2026-09-14 10:45:43,Lake Taylorchester,ZW,0
ACC000562,2026-09-14 10:45:43,Thomasshire,CL,0
ACC001896,2026-09-14 10:45:43,Gonzalesfurt,LI,0
ACC000471,2026-09-14 10:45:43,New Amy,ML,1
ACC001947,2026-09-14 10:45:44,New Ryan,JM,1
ACC003382,2026-09-14 10:45:45,Brownton,GN,1
ACC002312,2026-09-14 10:45:46,Andersonview,SK,0
ACC002584,2026-09-14 10:45:46,South Jenniferchester,TO,1
ACC001135,2026-09-14 10:45:46,Matthewberg,SZ,0
ACC001194,2026-09-14 10:45:46,North Rebecca,MT,1
ACC004265,2026-09-14 10:45:46,Nicholsland,IL,0
ACC004073,2026-09-14 10:45:47,East Audrey,JP,1
ACC001150,2026-09-14 10:45:47,North Barbara,ML,0
ACC003383,2026-09-14 10:45:48,New Craig,VN,0
ACC000665,2026-09-14 10:45:48,Kristinaside,BW,1
ACC001870,2026-09-14 10:45:48,Robertsberg,FJ,1
ACC002526,2026-09-14 10:45:48,New Jenniferfort,KH,0
ACC000608,2026-09-14 10:45:48,West Jeffrey,CG,0
ACC004519,2026-09-14 10:45:49,Benjaminland,MW,0
ACC004276,2026-09-14 10:45:49,Thompsontown,AU,0
ACC004620,2026-09-14 10:45:49,Port Alyssafort,LT,0
ACC000827,2026-09-14 10:45:50,Parkerfort,NA,0
ACC000793,2026-09-14 10:45:50,East Roger,TJ,0
ACC000605,2026-09-14 10:45:50,Richardville,NE,0
ACC000021,2026-09-14 10:45:50,Lishire,MD,1
ACC003998,2026-09-14 10:45:50,Smithland,BO,0
ACC004544,2026-09-14 10:45:51,Lake Aprilfort,NL,1
ACC000864,2026-09-14 10:45:51,North Megan,SA,0
ACC001903,2026-09-14 10:45:51,Kimside,HR,0
ACC003903,2026-09-14 10:45:52,East Dawnmouth,BD,0
ACC002595,2026-09-14 10:45:52,Maryton,KM,0
ACC003523,2026-09-14 10:45:52,West Mark,BJ,0
ACC001812,2026-09-14 10:45:53,Jeffreyfort,NL,0
ACC003940,2026-09-14 10:45:53,Juanberg,KP,0
ACC002617,2026-09-14 10:45:53,Davidchester,GY,1
ACC001849,2026-09-14 10:45:54,Lake Laurie,GT,1
ACC000443,2026-09-14 10:45:54,South Michael,TZ,0
ACC004267,2026-09-14 10:45:54,Craigchester,RU,0
ACC004727,2026-09-14 10:45:54,East Staceyville,BS,0
ACC004781,2026-09-14 10:45:54,Lake Michaelton,AT,0
ACC003655,2026-09-14 10:45:55,Bellshire,CV,0
ACC004464,2026-09-14 10:45:55,Mccoyborough,ER,0
ACC001206,2026-09-14 10:45:55,Thomasburgh,KG,1
ACC000606,2026-09-14 10:45:55,Longborough,ER,0
ACC004189,2026-09-14 10:45:56,Meganhaven,CI,1
ACC002907,2026-09-14 10:45:56,Bobbybury,LU,0
ACC004152,2026-09-14 10:45:56,Wesleyton,FR,0
ACC001941,2026-09-14 10:45:56,Riverafurt,SG,0
ACC001047,2026-09-14 10:45:57,Ashleytown,SV,0
ACC001200,2026-09-14 10:45:57,Grahamfort,TZ,0
ACC001325,2026-09-14 10:45:57,Jonesfort,GY,0
ACC000069,2026-09-14 10:45:58,Port Steven,US,0
ACC003516,2026-09-14 10:45:59,New Cassidy,GE,0
ACC002613,2026-09-14 10:45:59,West Samantha,PG,0
ACC003139,2026-09-14 10:45:59,New Michael,ZW,0
ACC001529,2026-09-14 10:46:00,North Jamesstad,PL,0
ACC002826,2026-09-14 10:46:00,Torreschester,CR,0
ACC002761,2026-09-14 10:46:00,Port Pamelahaven,LR,0
ACC003118,2026-09-14 10:46:00,Brendafort,CM,0
ACC002876,2026-09-14 11:39:59,Robinside,LS,0
ACC002989,2026-09-14 11:39:59,South Jasmin,AU,0
ACC003928,2026-09-14 11:39:59,East Anthony,TD,0
ACC003458,2026-09-14 11:40:00,Lake Ernestborough,ZW,0
ACC002154,2026-09-14 11:40:00,New Shannonmouth,AD,0
ACC004998,2026-09-14 11:40:00,Bryanborough,IR,0
ACC004415,2026-09-14 11:40:01,Port Natalie,TJ,0
ACC000272,2026-09-14 11:40:01,Jamesburgh,RS,1
ACC002235,2026-09-14 11:40:01,Lopezport,PH,0
ACC004152,2026-09-14 11:40:01,East Alicia,LR,0
ACC001617,2026-09-14 11:40:02,Haynesville,HR,0
ACC001696,2026-09-14 11:40:02,West Vanessastad,UY,0
ACC004714,2026-09-14 11:40:03,Campbellborough,LI,0
ACC001164,2026-09-14 11:40:03,South Jacobbury,IS,0
ACC004046,2026-09-14 11:40:03,Johnsonmouth,RO,0
ACC003954,2026-09-14 11:40:04,Lake Michaelfurt,PS,1
ACC002843,2026-09-14 11:40:05,East Zachary,BZ,0
ACC002952,2026-09-14 11:40:05,Douglaston,NA,1
ACC000848,2026-09-14 11:40:05,West Eddie,FJ,0
ACC001852,2026-09-14 11:40:06,Barkermouth,AO,0
ACC001225,2026-09-14 11:40:06,Kelseyborough,RW,0
ACC001582,2026-09-14 11:40:06,Benjaminshire,FR,1
ACC000714,2026-09-14 11:40:06,Joeborough,GA,0
ACC002900,2026-09-14 11:40:07,Curtisport,LC,0
ACC004041,2026-09-14 11:40:07,Reyesmouth,AZ,0
ACC003457,2026-09-14 11:40:07,West Kim,SC,0
ACC004744,2026-09-14 11:40:07,West Kevinmouth,IS,0
ACC004195,2026-09-14 11:40:07,South Marcofort,SL,1
ACC001909,2026-09-14 11:40:08,Karaberg,TM,0
ACC001475,2026-09-14 11:40:08,Port Tracey,TJ,0
ACC003968,2026-09-14 11:40:09,South Kevinhaven,SC,0
ACC004853,2026-09-14 11:40:09,Randallland,SE,0
ACC000719,2026-09-14 11:40:09,Richardtown,CA,0
ACC003344,2026-09-14 11:40:10,Michaelville,AG,0
ACC001246,2026-09-14 11:40:10,Smithfurt,BD,1
ACC002589,2026-09-14 11:40:10,Mendozastad,TR,1
ACC001448,2026-09-14 11:40:10,East Margaretmouth,BH,0
ACC002860,2026-09-14 11:40:10,Hollyfort,PA,0
ACC001268,2026-09-14 11:40:10,West Thomas,CD,0
ACC000754,2026-09-14 11:40:12,Lake Collin,CF,0
ACC004419,2026-09-14 11:40:12,Hernandezton,ME,0
ACC002760,2026-09-14 11:40:12,West Johnfort,SN,1
ACC002089,2026-09-14 11:40:13,East Staceyburgh,NA,0
ACC004753,2026-09-14 11:40:13,Lake Rhonda,RO,1
ACC000724,2026-09-14 11:40:13,Benjaminburgh,AZ,0
ACC002325,2026-09-14 11:40:13,Grayview,TH,0
ACC000338,2026-09-14 11:40:14,North Donald,BR,1
ACC004418,2026-09-14 11:40:14,Tinaside,AT,0
ACC001426,2026-09-14 11:40:15,East Angela,PA,0
ACC002294,2026-09-14 11:40:16,Port Jimmouth,AG,0
ACC002996,2026-09-14 11:40:16,East Kevinchester,LU,0
ACC004889,2026-09-14 11:40:16,West Michael,EC,0
ACC000729,2026-09-14 11:40:17,Longchester,UY,0
ACC004556,2026-09-14 11:40:17,North Joseph,KE,0
ACC001479,2026-09-14 11:40:17,Georgefurt,NA,0
ACC001418,2026-09-14 11:40:17,Ronaldfort,SM,0
ACC001490,2026-09-14 11:40:18,Marvinside,VC,1
ACC000968,2026-09-14 11:40:18,Port Kristen,TR,0
ACC003374,2026-09-14 11:40:18,Katherinemouth,TO,0
ACC003666,2026-09-14 11:40:18,Gonzaleztown,US,0
ACC002917,2026-09-14 11:40:18,Turnermouth,NE,0
ACC002942,2026-09-14 11:40:19,East Waltermouth,NG,1
ACC001451,2026-09-14 11:40:19,Rossland,PT,0
ACC001949,2026-09-14 11:40:20,Hillton,GW,0
ACC001399,2026-09-14 11:40:20,South Johnland,TO,0
ACC000370,2026-09-14 11:40:20,Millerfurt,BE,0
ACC004409,2026-09-14 11:40:20,West Rebeccaland,TT,0
ACC004070,2026-09-14 11:40:20,New Scotttown,LK,0
ACC001561,2026-09-14 11:40:20,South Kennethmouth,IE,0
ACC001782,2026-09-14 11:40:21,Port Gerald,PW,0
ACC002241,2026-09-14 11:40:21,Bradleyside,MA,0
ACC001292,2026-09-14 11:40:21,New Kelly,ZM,0
ACC000988,2026-09-14 11:40:22,Lake Lisaview,PY,0
ACC004260,2026-09-14 11:40:23,West Spencerview,CU,0
ACC002283,2026-09-14 11:40:24,Alexanderstad,SR,0
ACC001237,2026-09-14 11:40:25,Williamsside,RO,0
ACC004100,2026-09-14 11:40:25,Amytown,SM,1
ACC004814,2026-09-14 11:40:25,New Sarah,VN,0
ACC003165,2026-09-14 11:40:26,Kylehaven,GA,1
ACC000846,2026-09-14 11:40:26,North Michael,CN,1
ACC001382,2026-09-14 11:40:26,Haydentown,YE,0
ACC002449,2026-09-14 11:40:26,West Rachelmouth,VU,0
ACC001002,2026-09-14 11:40:26,Lake Kaylee,LY,1
ACC002484,2026-09-14 11:40:26,East Jonathanville,CF,0
ACC001735,2026-09-14 11:40:26,Port Louis,UY,0
ACC001518,2026-09-14 11:40:27,West Tracey,MD,0
ACC002209,2026-09-14 11:40:27,New Jasonberg,CG,0
ACC003321,2026-09-14 11:40:27,Shawburgh,NG,0
ACC003962,2026-09-14 11:40:27,Port William,AO,0
ACC001923,2026-09-14 11:40:27,Randyshire,MM,0
ACC002313,2026-09-14 11:40:28,Meganfort,ZA,0
ACC004164,2026-09-14 11:40:28,Port Steven,FJ,0
ACC000846,2026-09-14 11:40:29,South John,KN,1
ACC003292,2026-09-14 11:40:29,New Joseph,PL,0
ACC001311,2026-09-14 11:40:29,North Joseph,PL,0
ACC004829,2026-09-14 11:40:29,Port Colinfort,NI,0
ACC002252,2026-09-14 11:40:29,West Codyside,GT,0
ACC001811,2026-09-14 11:40:30,Wrightberg,MC,0
ACC001956,2026-09-14 11:40:30,Port Sharon,BG,0
ACC003173,2026-09-14 11:40:31,Curtisberg,DJ,0
ACC003463,2026-09-14 11:40:31,Jacobsstad,FM,0
ACC001789,2026-09-14 11:40:32,Williamburgh,MU,0
ACC004171,2026-09-14 11:40:32,Miguelton,PY,0
ACC002269,2026-09-14 11:40:32,West David,UZ,0
ACC004590,2026-09-14 11:40:32,West Amber,KP,1
ACC004137,2026-09-14 11:40:32,Troyton,TH,0
ACC001331,2026-09-14 11:40:32,Perezberg,DE,0
ACC002299,2026-09-14 11:40:32,Timothyside,LY,0
ACC004022,2026-09-14 11:40:33,Thomasfurt,KW,0
ACC003759,2026-09-14 11:40:33,Lake Caseyhaven,UG,0
ACC002693,2026-09-14 11:40:33,Shawnshire,CR,0
ACC004691,2026-09-14 11:40:33,West Colleenfort,AO,1
ACC003688,2026-09-14 11:40:33,Michellefurt,FR,0
ACC004772,2026-09-14 11:40:33,Port Victoriaton,SY,0
ACC003795,2026-09-14 11:40:34,Barkermouth,BR,0
ACC000879,2026-09-14 11:40:34,Ruizton,HN,0
ACC003084,2026-09-14 11:40:35,North Nancyburgh,HU,0
ACC001296,2026-09-14 11:40:35,South Jason,CF,0
ACC001363,2026-09-14 11:40:35,Sherryhaven,UA,0
ACC002407,2026-09-14 11:40:35,Lake Mackenzie,IT,0
ACC001430,2026-09-14 11:40:35,West Morganstad,LK,0
ACC000922,2026-09-14 11:40:36,Robbinsside,PT,1
ACC001198,2026-09-14 11:40:36,Robinsonville,LT,0
ACC000457,2026-09-14 11:40:36,New Nancy,AF,0
ACC004979,2026-09-14 11:40:37,North Kimberlyshire,BO,0
ACC000459,2026-09-14 11:40:37,New Cynthia,CA,0
ACC003517,2026-09-14 11:40:37,Port Bethtown,HN,0
ACC003003,2026-09-14 11:40:37,Stevenburgh,CN,0
ACC001430,2026-09-14 11:40:37,New Debra,BN,0
ACC001115,2026-09-14 11:40:38,Laurenview,BS,1
ACC004518,2026-09-14 11:40:39,Christinaville,KM,0
ACC000448,2026-09-14 11:40:39,Andrewton,MA,0
ACC000325,2026-09-14 11:40:39,New Brittanymouth,AM,0
ACC002876,2026-09-14 11:40:39,New Nicholastown,RS,0
ACC001014,2026-09-14 11:40:40,Walterchester,DK,0
ACC002539,2026-09-14 11:40:40,Coleside,NZ,0
ACC003969,2026-09-14 11:40:40,North Benjamin,CV,0
ACC000702,2026-09-14 11:40:40,East Joeview,MW,0
ACC000740,2026-09-14 11:40:40,Port Ryan,EG,1
ACC001000,2026-09-14 11:40:41,Tracyland,CR,0
ACC002918,2026-09-14 11:40:41,Josephborough,BS,0
ACC002898,2026-09-14 11:40:41,Markberg,PS,0
ACC001494,2026-09-14 11:40:41,West Jacob,MZ,1
ACC004173,2026-09-14 11:40:42,New Larrystad,VC,0
ACC003121,2026-09-14 11:40:42,New Olivia,NA,1
ACC004575,2026-09-14 11:40:42,Michaelport,MG,0
ACC004930,2026-09-14 11:40:42,Fergusontown,BH,0
ACC002355,2026-09-14 11:40:42,Mollyview,PY,0
ACC001518,2026-09-14 11:40:42,Matthewburgh,ER,0
ACC000831,2026-09-14 11:40:42,North Ronaldshire,SD,0
ACC004311,2026-09-14 11:40:42,North Suzanne,MD,0
ACC002610,2026-09-14 11:40:43,East Tannerborough,ME,0
ACC004417,2026-09-14 11:40:43,Youngmouth,ZW,0
ACC002718,2026-09-14 11:40:43,Johnsonland,SL,0
ACC000458,2026-09-14 11:40:43,East Johnmouth,BA,0
ACC001535,2026-09-14 11:40:44,Ericborough,SN,0
ACC003154,2026-09-14 11:40:44,North Harrystad,BD,0
ACC003187,2026-09-14 11:40:44,Lake Katelynbury,ZM,0
ACC004422,2026-09-14 11:40:44,West Amy,MX,0
ACC002283,2026-09-14 11:40:44,Port Kevin,IR,0
ACC002528,2026-09-14 11:40:44,Johnview,FM,0
ACC001083,2026-09-14 11:40:44,Richardsonton,MY,0
ACC003730,2026-09-14 11:40:45,Lake Richard,IL,0
ACC002949,2026-09-14 11:40:45,Port Sarah,ZA,0
ACC004830,2026-09-14 11:40:45,East Kyle,IQ,0
ACC001334,2026-09-14 11:40:45,South Nathan,HR,0
ACC001429,2026-09-14 11:40:46,Lake John,TW,0
ACC004541,2026-09-14 11:40:46,Josephfurt,SV,0
ACC002378,2026-09-14 11:40:46,Lake Amyfurt,FR,0
ACC002496,2026-09-14 11:40:46,Lake Amy,FM,0
ACC003665,2026-09-14 11:40:47,Lake Allison,MX,0
ACC001839,2026-09-14 11:40:47,Brianburgh,LT,0
ACC003534,2026-09-14 11:40:47,Port Courtney,ET,0
ACC002913,2026-09-14 11:40:47,Stephanieshire,AL,0
ACC001632,2026-09-14 11:40:48,Madelineview,TT,0
ACC003110,2026-09-14 11:40:48,North Eugene,MN,0
ACC003763,2026-09-14 11:40:48,Rachaelmouth,LK,0
ACC000857,2026-09-14 11:40:48,East Rebecca,HU,0
ACC002282,2026-09-14 11:40:48,North Ashleymouth,MH,0
ACC002682,2026-09-14 11:40:49,Colinport,MG,0
ACC001914,2026-09-14 11:40:49,South Holly,BD,0
ACC004634,2026-09-14 11:40:50,Burnsberg,AL,0
ACC004039,2026-09-14 11:40:50,New Katietown,CF,1
ACC003257,2026-09-14 11:40:50,Port Katherinehaven,BW,0
ACC001891,2026-09-14 11:40:50,West Adriennemouth,LA,0
ACC004435,2026-09-14 11:40:50,West Jonathonchester,VN,0
ACC004451,2026-09-14 11:40:50,Reidside,SN,0
ACC003597,2026-09-14 11:40:50,Greerfort,NP,0
ACC003740,2026-09-14 11:40:51,Joshuatown,PG,0
ACC004423,2026-09-14 11:40:51,Jacksonside,CF,0
ACC003328,2026-09-14 11:40:51,Lake Michelleview,TH,0
ACC001493,2026-09-14 11:40:52,Wilsonborough,MX,0
ACC002106,2026-09-14 11:40:52,New Nathan,SY,0
ACC001858,2026-09-14 11:40:52,Nixonville,HN,0
ACC002645,2026-09-14 11:40:52,Dominguezville,TL,0
ACC003107,2026-09-14 11:40:52,Toddborough,AO,0
ACC003831,2026-09-14 11:40:52,Kristinachester,DZ,0
ACC004872,2026-09-14 11:40:52,South Jason,UG,0
ACC004943,2026-09-14 11:40:53,Lake Troyland,PK,0
ACC004298,2026-09-14 11:40:54,West Sally,BJ,0
ACC001758,2026-09-14 11:40:54,Nicholaschester,BN,0
ACC000950,2026-09-14 11:40:54,Jonathanmouth,GN,0
ACC002181,2026-09-14 11:40:55,East Bobby,VN,0
ACC003345,2026-09-14 11:40:55,South Robert,GN,0
ACC001553,2026-09-14 11:40:55,East Isaacberg,IT,0
ACC004207,2026-09-14 11:40:55,Deniseport,LT,0
ACC004672,2026-09-14 11:40:55,New Margaret,NL,1
ACC002544,2026-09-14 11:40:56,Nelsonland,PK,0
ACC001665,2026-09-14 11:40:57,South Diane,RW,0
ACC001166,2026-09-14 11:40:57,North Kimberlychester,BF,0
ACC001014,2026-09-14 11:40:58,Port Nicole,QA,0
ACC002268,2026-09-14 11:41:00,Port Joelstad,EE,0
ACC001041,2026-09-14 11:41:00,Gonzaleshaven,SA,1
ACC001838,2026-09-14 11:41:00,Richardbury,CG,0
ACC001323,2026-09-14 11:41:00,Priscillachester,TG,0
ACC003316,2026-09-14 11:41:00,Christopherside,BB,0
ACC002226,2026-09-14 11:41:00,North Nancyside,BR,0
ACC003553,2026-09-14 11:41:00,Smithville,PY,0
ACC000630,2026-09-14 11:41:01,New Misty,JM,1
ACC002949,2026-09-14 11:41:01,Leestad,JP,0
ACC001680,2026-09-14 11:41:01,Juanburgh,SV,0
ACC001201,2026-09-14 11:41:01,East Kim,CL,0
ACC000359,2026-09-14 11:41:02,Alexandraburgh,ZA,0
ACC001214,2026-09-14 11:41:02,Port Christophertown,LC,0
ACC004133,2026-09-14 11:41:02,Jasonhaven,CV,1
ACC002697,2026-09-14 11:41:02,New Lisa,MZ,0
ACC004500,2026-09-14 11:41:03,Michaelville,TO,0
ACC002445,2026-09-14 11:41:03,Patelchester,CI,0
ACC004328,2026-09-14 11:41:03,Faithchester,IE,0
ACC000608,2026-09-14 11:41:04,Codyfurt,NR,0
ACC004115,2026-09-14 11:41:04,New Lisa,AT,0
ACC003878,2026-09-14 11:41:04,Robertafort,SI,0
ACC002697,2026-09-14 11:41:05,New Monica,LA,0
ACC003969,2026-09-14 11:41:05,Chadville,SZ,0
ACC000843,2026-09-14 11:41:06,Nathanmouth,NG,0
ACC000894,2026-09-14 11:41:07,East Paula,CA,0
ACC003239,2026-09-14 11:41:07,Cherryview,SR,0
ACC003510,2026-09-14 11:41:07,Kingview,WS,0
ACC000328,2026-09-14 11:41:08,East Brett,BN,0
ACC001661,2026-09-14 11:41:09,Lake Timfort,SI,0
ACC000410,2026-09-14 11:41:09,Lake Robert,SY,0
ACC000255,2026-09-14 11:41:10,Jordanville,LK,0
ACC003701,2026-09-14 11:41:10,Whiteview,GM,0
ACC003765,2026-09-14 11:41:11,Port Victoria,ST,1
ACC004551,2026-09-14 11:41:11,Annehaven,CM,0
ACC003004,2026-09-14 11:41:11,Hinesmouth,SD,0
ACC004724,2026-09-14 11:41:11,North Lisa,LK,0
ACC002686,2026-09-14 11:41:11,East Kennethview,BR,0
ACC003555,2026-09-14 11:41:12,Port Ianland,AZ,0
ACC001733,2026-09-14 11:41:12,Ashleeborough,MY,0
ACC003378,2026-09-14 11:41:12,Kevinfurt,VU,0
ACC002915,2026-09-14 11:41:12,Lake Juliastad,BE,0
ACC003895,2026-09-14 11:41:12,West Amy,PG,0
ACC004753,2026-09-14 11:41:12,North Elizabethberg,GN,1
ACC001139,2026-09-14 11:41:12,New Christopherborough,ME,0
ACC000474,2026-09-14 11:41:13,Kellyside,AU,0
ACC002080,2026-09-14 11:41:14,Jasonside,DM,0
ACC001801,2026-09-14 11:41:14,Palmerchester,MR,0
ACC002919,2026-09-14 11:41:15,North Garytown,CH,0
ACC004998,2026-09-14 11:41:15,Port Josephborough,TW,0
ACC000213,2026-09-14 11:41:15,Port Michael,SC,0
ACC001416,2026-09-14 11:41:16,Courtneymouth,ME,0
ACC000911,2026-09-14 11:41:16,South Larry,BN,0
ACC003904,2026-09-14 11:41:16,Robinport,FR,0
ACC003204,2026-09-14 11:41:16,Ryanton,MV,0
ACC004066,2026-09-14 11:41:17,Port Heathermouth,BD,0
ACC000488,2026-09-14 11:41:17,Howardfort,TO,0
ACC002323,2026-09-14 11:41:17,Hoffmanborough,LB,0
ACC001084,2026-09-14 11:41:17,South Cody,NZ,0
ACC003831,2026-09-14 11:41:17,Goodmanside,FI,1
ACC002829,2026-09-14 11:41:17,Krystalmouth,RS,0
ACC001685,2026-09-14 11:41:18,Sharpside,OM,0
ACC002615,2026-09-14 11:41:18,East Yolanda,JM,1
ACC004574,2026-09-14 11:41:18,New Theresa,MV,0
ACC004065,2026-09-14 11:41:19,Port Sheilaville,BD,0
ACC003727,2026-09-14 11:41:19,Brooksborough,BO,0
ACC002364,2026-09-14 11:41:19,New Wendy,CL,1
ACC002298,2026-09-14 11:41:19,Ramseyfurt,AM,0
ACC004654,2026-09-14 11:41:20,South Karenburgh,KI,0
ACC000625,2026-09-14 11:41:20,South Hollyville,GH,0
ACC003656,2026-09-14 11:41:20,New Ronnietown,KZ,1
ACC004828,2026-09-14 11:41:20,Jameschester,PA,1
ACC004067,2026-09-14 11:41:20,Marshmouth,PY,0
ACC000609,2026-09-14 11:41:20,Jonesshire,VE,0
ACC002068,2026-09-14 11:41:20,Lake Dylantown,NL,0
ACC002719,2026-09-14 11:41:21,Thomastown,SC,1
ACC003652,2026-09-14 11:41:21,Harrisburgh,BW,0
ACC004370,2026-09-14 11:41:21,Micheleborough,TM,0
ACC000308,2026-09-14 11:41:21,Lake Shelleychester,ER,0
ACC000484,2026-09-14 11:41:21,New Jeanbury,KN,0
ACC002397,2026-09-14 11:41:22,East Jessicaburgh,BF,0
ACC002281,2026-09-14 11:41:23,Port Tamara,DE,1
ACC001005,2026-09-14 11:41:24,Stevenside,CN,1
ACC003739,2026-09-14 11:41:24,Zacharytown,TJ,0
ACC003334,2026-09-14 11:41:24,Henrytown,UY,0
ACC004954,2026-09-14 11:41:25,East Brianfurt,CY,0
ACC000037,2026-09-14 11:41:25,Reeseberg,IN,0
ACC000613,2026-09-14 11:41:26,West Thomashaven,SR,0
ACC004648,2026-09-14 11:41:26,South Erikastad,MM,0
ACC000429,2026-09-14 11:41:26,North Kelly,CM,0
ACC003740,2026-09-14 11:41:27,Larsenview,SY,0
ACC002450,2026-09-14 11:41:28,Erictown,PG,1
ACC000000,2026-09-14 11:41:29,South Johnmouth,SE,0
ACC003249,2026-09-14 11:41:29,Marthashire,UG,0
ACC000257,2026-09-14 11:41:29,Josemouth,BY,0
ACC002117,2026-09-14 11:41:29,Graceton,BA,0
ACC001284,2026-09-14 11:41:29,West Leah,RU,0
ACC000745,2026-09-14 11:41:29,North Michael,RU,0
ACC001217,2026-09-14 11:41:29,Stevensburgh,KM,0
ACC003743,2026-09-14 11:41:29,South Paul,PS,0
ACC003461,2026-09-14 11:41:30,Port Heidiville,KM,0
ACC000777,2026-09-14 11:41:30,Lopezport,DJ,0
ACC002927,2026-09-14 11:41:30,South Sylvia,VE,1
ACC003193,2026-09-14 11:41:30,Nicholsbury,FJ,0
ACC000586,2026-09-14 11:41:31,North Danielleshire,GY,0
ACC002712,2026-09-14 11:41:31,Patriciaport,AD,0
ACC001310,2026-09-14 11:41:31,East Joseph,CA,0
ACC003804,2026-09-14 11:41:31,Bartonberg,GW,0
ACC004869,2026-09-14 11:41:31,Jessicaton,KW,1
ACC003922,2026-09-14 11:41:32,North Joshua,DM,0
ACC004234,2026-09-14 11:41:33,Juanberg,CF,0
ACC000848,2026-09-14 11:41:33,Jasonmouth,HT,0
ACC000429,2026-09-14 11:41:33,Lynchside,SR,0
ACC000226,2026-09-14 11:41:34,Ryanton,GT,1
ACC002976,2026-09-14 11:41:34,Normanchester,CU,1
ACC001970,2026-09-14 11:41:34,Devonton,SB,0
ACC003741,2026-09-14 11:41:34,Lake Randystad,FM,0
ACC001205,2026-09-14 11:41:35,Kaitlynside,AZ,0
ACC004610,2026-09-14 11:41:35,Hawkinsmouth,BE,0
ACC000198,2026-09-14 11:41:36,Evansburgh,LV,0
ACC003652,2026-09-14 11:41:36,West Shawntown,AT,0
ACC000303,2026-09-14 11:41:37,Port Carolmouth,YE,0
ACC001004,2026-09-14 11:41:38,Jeffersonville,MH,0
ACC003722,2026-09-14 11:41:38,North Matthewfurt,EE,0
ACC001755,2026-09-14 11:41:38,North Charleschester,MV,0
ACC004072,2026-09-14 11:41:38,Jonathanview,ME,0
ACC004656,2026-09-14 11:41:39,West Vickiefurt,TO,0
ACC000012,2026-09-14 11:41:39,South Sarahport,RS,0
ACC004022,2026-09-14 11:41:39,Sandersville,IE,0
ACC000147,2026-09-14 11:41:39,Lake Darlene,CD,0
ACC003489,2026-09-14 11:41:40,West Matthew,CL,0
ACC000695,2026-09-14 11:41:40,Ginaport,GW,0
ACC004483,2026-09-14 11:41:41,Lake Lori,LB,0
ACC002130,2026-09-14 11:41:41,New Meagan,BT,0
ACC001753,2026-09-14 11:41:42,Brendaland,NA,0
ACC003338,2026-09-14 11:41:42,Ashleyland,IN,0
ACC000077,2026-09-14 11:41:42,Port Sonyachester,ES,0
ACC001282,2026-09-14 11:41:42,Petersonchester,LY,0
ACC002455,2026-09-14 11:41:43,Mejiamouth,NA,0
ACC002002,2026-09-14 11:41:43,East Richardmouth,EG,0
ACC000650,2026-09-14 11:41:43,Fergusonton,ES,0
ACC002415,2026-09-14 11:41:43,West Kayla,ET,0
ACC004848,2026-09-14 11:41:44,Freemanburgh,NA,0
ACC003814,2026-09-14 11:41:45,North Robertborough,IQ,0
ACC002290,2026-09-14 11:41:45,Lake Diane,MY,1
ACC003501,2026-09-14 11:41:45,Robinchester,US,0
ACC003706,2026-09-14 11:41:45,East Danielfort,AE,0
ACC004639,2026-09-14 11:41:45,West Barbara,DK,0
ACC004199,2026-09-14 11:41:45,North William,MY,0
ACC001254,2026-09-14 11:41:46,Hernandezmouth,KP,0
ACC001227,2026-09-14 11:41:46,New Jessica,SE,1
ACC003320,2026-09-14 11:41:46,Port Stephanie,SI,1
ACC002673,2026-09-14 11:41:47,Port Jon,DO,1
ACC001159,2026-09-14 11:41:47,Davisland,GM,0
ACC004305,2026-09-14 11:41:48,South Matthewstad,GA,0
ACC001408,2026-09-14 11:41:48,Tiffanyhaven,AM,0
ACC003333,2026-09-14 11:41:48,Garyside,KG,0
ACC002084,2026-09-14 11:41:49,Mullinsville,AR,0
ACC003872,2026-09-14 11:41:49,Thomashaven,US,0
ACC004280,2026-09-14 11:41:49,Brownport,NA,0
ACC001754,2026-09-14 11:41:49,Brownport,TV,0
ACC003711,2026-09-14 11:41:49,Alanberg,VA,0
ACC001341,2026-09-14 11:41:50,South Steven,MM,0
ACC002338,2026-09-14 11:41:50,Kevintown,GD,0
ACC001393,2026-09-14 11:41:50,Laurenfurt,IT,0
ACC003792,2026-09-14 11:41:50,New Shannonmouth,MA,0
ACC002224,2026-09-14 11:41:51,Olsonburgh,RW,0
ACC001590,2026-09-14 11:41:53,Samuelborough,EC,0
ACC000336,2026-09-14 11:41:53,New Dennis,LK,0
ACC004176,2026-09-14 11:41:53,East Susan,AU,0
ACC002544,2026-09-14 11:41:54,West Elizabethborough,AO,0
ACC002667,2026-09-14 11:41:56,Stephanieview,CO,1
ACC000892,2026-09-14 11:41:56,Port Shaun,FR,0
ACC002078,2026-09-14 11:41:56,East Kaitlyn,EC,0
ACC002716,2026-09-14 11:41:57,Matthewville,GA,0
ACC004492,2026-09-14 11:41:57,Port Julian,VC,0
ACC004291,2026-09-14 11:41:58,Davidshire,AT,0
ACC002910,2026-09-14 11:41:58,North Sara,ID,0
ACC002692,2026-09-14 11:41:58,Terryville,UA,0
ACC004304,2026-09-14 11:41:58,Daleville,TN,0
ACC002669,2026-09-14 11:41:58,Whiteview,TZ,0
ACC001145,2026-09-14 11:41:58,Bradyberg,GD,0
ACC003313,2026-09-14 11:41:59,Port Molly,PY,0
ACC001986,2026-09-14 11:41:59,Rodriguezmouth,PH,0
ACC000034,2026-09-14 11:42:00,South Michael,MN,0
ACC000460,2026-09-14 11:42:00,West Jill,AF,0
ACC002030,2026-09-14 11:42:00,Smithtown,TJ,0
ACC001666,2026-09-14 11:42:00,South Trevor,MC,0
ACC001377,2026-09-14 11:42:01,East Guy,MN,0
ACC000907,2026-09-14 11:42:01,Christinefort,UY,0
ACC000913,2026-09-14 11:42:02,Turnerfort,LT,0
ACC003368,2026-09-14 11:42:02,New Stephaniemouth,FR,0
ACC004268,2026-09-14 11:42:02,Port Lauren,DJ,0
ACC004502,2026-09-14 11:42:03,East Willieland,LU,0
ACC001861,2026-09-14 11:42:03,Wagnerton,ME,0
ACC003927,2026-09-14 11:42:03,North Susanstad,TV,0
ACC003195,2026-09-14 11:42:04,Charlesfurt,DZ,0
ACC000067,2026-09-14 11:42:04,Gatesborough,NI,0
ACC002080,2026-09-14 11:42:04,North Mitchellmouth,IN,0
ACC002315,2026-09-14 11:42:04,Hodgechester,IE,0
ACC000519,2026-09-14 11:42:05,West Cassiebury,SA,0
ACC000709,2026-09-14 11:42:05,Kyletown,CL,0
ACC000140,2026-09-14 11:42:06,Port Karla,KZ,0
ACC000138,2026-09-14 11:42:06,Port Nicole,CF,0
ACC002382,2026-09-14 11:42:06,South John,DE,0
ACC001851,2026-09-14 11:42:06,West Matthewside,LI,0
ACC000098,2026-09-14 11:42:07,Haaston,CO,0
ACC000934,2026-09-14 11:42:07,Ashleystad,KW,0
ACC003075,2026-09-14 11:42:07,Port Gregory,PS,0
ACC003739,2026-09-14 11:42:08,Jillfort,LR,0
ACC001735,2026-09-14 11:42:08,New Davidview,KE,0
ACC003746,2026-09-14 11:42:08,Lake Kathryntown,JO,0
ACC000259,2026-09-14 11:42:09,Monicaberg,NL,0
ACC003646,2026-09-14 11:42:09,Hayleystad,ZA,0
ACC002893,2026-09-14 11:42:09,New Jonathan,NG,0
ACC002360,2026-09-14 11:42:09,Mitchellberg,KR,0
ACC000177,2026-09-14 11:42:09,Lake Natalie,TW,0
ACC002574,2026-09-14 11:42:09,New Colleenfort,ZW,0
ACC002378,2026-09-14 11:42:10,North Connor,PE,0
ACC003784,2026-09-14 11:42:11,Lake Ryan,SB,0
ACC000981,2026-09-14 11:42:11,Jenniferchester,GB,1
ACC003607,2026-09-14 11:42:11,North Lisa,CI,0
ACC000236,2026-09-14 11:42:12,Myersview,LV,0
ACC004002,2026-09-14 11:42:12,Ashleytown,FJ,0
ACC002628,2026-09-14 11:42:12,Medinamouth,NO,0
ACC002047,2026-09-14 11:42:12,New Melanie,TZ,0
ACC002088,2026-09-14 11:42:13,New Anthonyberg,CA,0
ACC003465,2026-09-14 11:42:13,Garciamouth,AL,0
ACC003778,2026-09-14 11:42:13,Stephanieport,LU,0
ACC001247,2026-09-14 11:42:13,South Brianna,NL,0
ACC001526,2026-09-14 11:42:13,Lake Anna,PY,0
ACC001136,2026-09-14 11:42:14,Rachelborough,TJ,1
ACC002944,2026-09-14 11:42:15,Markberg,VA,0
ACC004362,2026-09-14 11:42:15,Lawrenceside,CA,0
ACC004589,2026-09-14 11:42:15,North Rebeccahaven,ER,0
ACC002634,2026-09-14 11:42:16,Joshuaberg,ZW,0
ACC003634,2026-09-14 11:42:17,Lake John,NP,1
ACC003292,2026-09-14 11:42:17,South Dianaland,NZ,0
ACC002721,2026-09-14 11:42:17,West Kelly,PG,0
ACC003923,2026-09-14 11:42:17,East Paul,KI,0
ACC000886,2026-09-14 11:42:18,Danachester,UG,0
ACC004730,2026-09-14 11:42:18,East Philipstad,LV,0
ACC004980,2026-09-14 11:42:18,South Karenbury,MU,0
ACC002171,2026-09-14 11:42:19,Kathrynstad,SV,0
ACC004457,2026-09-14 11:42:19,Jaredview,IR,0
ACC001163,2026-09-14 11:42:19,New Nicole,NE,0
ACC000667,2026-09-14 11:42:19,Rebeccaburgh,MA,0
ACC001314,2026-09-14 11:42:19,West Joseph,IE,0
ACC004237,2026-09-14 11:42:19,North Elizabethside,BT,0
ACC004947,2026-09-14 11:42:20,West Charles,AL,0
ACC002309,2026-09-14 11:42:20,Durhamstad,SB,0
ACC001287,2026-09-14 11:42:20,Dorseyfurt,DK,0
ACC004188,2026-09-14 11:42:20,East Gary,GM,0
ACC001784,2026-09-14 11:42:21,Smallhaven,PK,0
ACC003793,2026-09-14 11:42:21,East Christopher,AE,0
ACC003383,2026-09-14 11:42:22,Port Paulafort,GQ,0
ACC000937,2026-09-14 11:42:22,West Linda,AU,0
ACC000774,2026-09-14 11:42:23,Port Michaelmouth,MV,0
ACC000788,2026-09-14 11:42:23,Port Moniqueland,BE,0
ACC004887,2026-09-14 11:42:23,Gallowaychester,DJ,0
ACC002574,2026-09-14 11:42:23,Santiagofurt,NO,0
ACC003337,2026-09-14 11:42:24,East Jason,LY,0
ACC000828,2026-09-14 11:42:24,East Jacob,DZ,0
ACC003850,2026-09-14 11:42:24,Sarashire,MZ,0
ACC001307,2026-09-14 11:42:24,Kingtown,LR,0
ACC002197,2026-09-14 11:42:25,Kathleenbury,ST,0
ACC003207,2026-09-14 11:42:26,East Matthew,CA,0
ACC000125,2026-09-14 11:42:26,Cassandrastad,GT,0
ACC000946,2026-09-14 11:42:27,Moorehaven,PL,0
ACC001998,2026-09-14 11:42:27,Jessicaview,SL,0
ACC003175,2026-09-14 11:42:27,Lake Susanbury,QA,0
ACC000298,2026-09-14 11:42:28,Port Peter,GH,0
ACC001029,2026-09-14 11:42:28,New Coltonberg,BO,0
ACC000275,2026-09-14 11:42:29,West Christopherside,TV,1
ACC001046,2026-09-14 11:42:29,West Jane,PY,1
ACC004340,2026-09-14 11:42:29,Conwayport,GY,0
ACC004240,2026-09-14 11:42:29,Elizabethmouth,GA,0
ACC000921,2026-09-14 11:42:29,Smithberg,SC,0
ACC002694,2026-09-14 11:42:29,Lake Joel,JM,0
ACC004850,2026-09-14 11:42:29,South Morgan,FM,0
ACC002243,2026-09-14 11:42:29,South Melanie,LA,0
ACC002436,2026-09-14 11:42:30,East James,NR,0
ACC004618,2026-09-14 11:42:30,Dwaynemouth,TM,0
ACC003171,2026-09-14 11:42:30,West Matthewmouth,PA,0
ACC001672,2026-09-14 11:42:30,Kimberlyberg,IL,1
ACC003277,2026-09-14 11:42:30,Port Christopherton,UY,0
ACC002033,2026-09-14 11:42:31,Pattersonberg,AG,0
ACC004579,2026-09-14 11:42:31,Jacobhaven,GT,0
ACC000822,2026-09-14 11:42:32,Meganville,MU,0
ACC000464,2026-09-14 11:42:32,Francisshire,RW,0
ACC004736,2026-09-14 11:42:32,Bryanfurt,KN,0
ACC003661,2026-09-14 11:42:33,West Charles,GQ,0
ACC004022,2026-09-14 11:42:33,North Taylorland,US,1
ACC002995,2026-09-14 11:42:33,Lake Samuelshire,TT,0
ACC002420,2026-09-14 11:42:33,Michaelchester,CY,0
ACC000423,2026-09-14 11:42:33,Samanthamouth,MY,0
ACC001753,2026-09-14 11:42:34,Dustinmouth,KZ,0
ACC004948,2026-09-14 11:42:34,South Tara,KM,0
ACC002487,2026-09-14 11:42:34,Danielside,VC,0
ACC001204,2026-09-14 11:42:34,North Matthew,YE,0
ACC004247,2026-09-14 11:42:35,North Michael,CG,0
ACC001241,2026-09-14 11:42:35,New Rodneychester,FJ,0
ACC002920,2026-09-14 11:42:36,New Sarah,GQ,0
ACC002912,2026-09-14 11:42:36,Laurenstad,GE,0
ACC003690,2026-09-14 11:42:36,Justinborough,TZ,0
ACC003937,2026-09-14 11:42:36,Jacobtown,BH,0
ACC002091,2026-09-14 11:42:36,Danielsport,US,1
ACC002599,2026-09-14 11:42:37,Lake Rebecca,WS,0
ACC004997,2026-09-14 11:42:37,Lake Ericaside,CG,0
ACC003071,2026-09-14 11:42:37,New Laurie,TO,0
ACC000396,2026-09-14 11:42:37,Maryside,FR,0
ACC004162,2026-09-14 11:42:38,North Hannahside,DK,0
ACC001648,2026-09-14 11:42:38,East Wayneland,MX,1
ACC004026,2026-09-14 11:42:38,Victoriaborough,KN,0
ACC004910,2026-09-14 11:42:39,Elizabethchester,UG,0
ACC000052,2026-09-14 11:42:39,Port Ericfort,SD,0
ACC003486,2026-09-14 11:42:39,Calhounberg,CA,0
ACC000863,2026-09-14 11:42:40,Littleview,CY,0
ACC000800,2026-09-14 11:42:40,New Nicholas,LK,1
ACC004478,2026-09-14 11:42:41,East Jessica,MM,0
ACC004092,2026-09-14 11:42:41,Lake Josephland,MX,0
ACC003076,2026-09-14 11:42:41,West Jenniferstad,LI,1
ACC003373,2026-09-14 11:42:41,Hartmanmouth,TH,0
ACC001408,2026-09-14 11:42:42,Port Sallyfurt,SV,0
ACC000927,2026-09-14 11:42:42,Lake Nicholas,LR,0
ACC003158,2026-09-14 11:42:43,Boyermouth,SE,0
ACC000762,2026-09-14 11:42:43,South Tyler,TM,0
ACC002558,2026-09-14 11:42:43,Jasonland,CV,1
ACC004528,2026-09-14 11:42:44,Calvinshire,HR,0
ACC002796,2026-09-14 11:42:44,Howardville,CZ,0
ACC002714,2026-09-14 11:42:44,Lake Kevin,BE,0
ACC000911,2026-09-14 11:42:44,Cherylmouth,PK,0
ACC003660,2026-09-14 11:42:45,East Tylershire,LA,0
ACC004162,2026-09-14 11:42:45,Port Robert,BR,0
ACC000485,2026-09-14 11:42:45,East Mariestad,GR,0
ACC001954,2026-09-14 11:42:45,Maryland,CI,0
ACC001672,2026-09-14 11:42:45,Jamesburgh,JM,0
ACC002529,2026-09-14 11:42:46,East Stevenhaven,VE,0
ACC003027,2026-09-14 11:42:46,Meyerland,ME,0
ACC000443,2026-09-14 11:42:46,South Chelseabury,LR,0
ACC000524,2026-09-14 11:42:47,Peckview,MR,0
ACC001939,2026-09-14 11:42:47,Ryanstad,MA,0
ACC002264,2026-09-14 11:42:47,North James,TH,0
ACC002217,2026-09-14 11:42:47,Andrewsburgh,ZA,0
ACC004548,2026-09-14 11:42:47,Elizabethbury,CZ,0
ACC004016,2026-09-14 11:42:48,Julieland,DJ,0
ACC001730,2026-09-14 11:42:48,Bushfurt,AD,0
ACC004952,2026-09-14 11:42:48,Campbellton,PT,0
ACC000029,2026-09-14 11:42:49,Port Davidborough,KZ,0
ACC002234,2026-09-14 11:42:49,North Michellehaven,PW,0
ACC001826,2026-09-14 11:42:49,Katherinemouth,BW,0
ACC001991,2026-09-14 11:42:49,New Tony,ER,0
ACC001762,2026-09-14 11:42:49,New Edwardburgh,GQ,0
ACC003756,2026-09-14 11:42:49,West Jasmine,SY,0
ACC000572,2026-09-14 11:42:50,Younghaven,IQ,0
ACC004204,2026-09-14 11:42:50,Port Sharon,BG,0
ACC003729,2026-09-14 11:42:50,Lake Cassidy,PT,0
ACC003816,2026-09-14 11:42:50,Williamsonborough,HN,0
ACC001649,2026-09-14 11:42:50,Wareberg,UZ,1
ACC003119,2026-09-14 11:42:50,Kevintown,CA,0
ACC004794,2026-09-14 11:42:51,Gonzalesview,YE,0
ACC000433,2026-09-14 11:42:51,Lake Michaeltown,MZ,1
ACC002626,2026-09-14 11:42:51,North Alec,LU,0
ACC002319,2026-09-14 11:42:51,New Brittany,BY,0
ACC003783,2026-09-14 11:42:51,East Gregory,BJ,0
ACC003877,2026-09-14 11:42:52,New Victor,VC,0
ACC000887,2026-09-14 11:42:52,Lake Kathleen,KI,0
ACC004600,2026-09-14 11:42:52,New Barbaraside,MD,0
ACC004622,2026-09-14 11:42:52,Richfurt,CF,0
ACC002023,2026-09-14 11:42:52,Port Abigail,NE,1
ACC003214,2026-09-14 11:42:52,New Matthewview,TL,1
ACC003243,2026-09-14 11:42:53,Amandamouth,LB,0
ACC003183,2026-09-14 11:42:53,North Jessicaberg,LK,0
ACC004844,2026-09-14 11:42:53,Simonfurt,TZ,0
ACC004927,2026-09-14 11:42:54,Karenbury,TV,1
ACC002874,2026-09-14 11:42:54,North Richard,SD,1
ACC004045,2026-09-14 11:42:54,Mosschester,BI,0
ACC001572,2026-09-14 11:42:55,Robertsside,DZ,0
ACC001199,2026-09-14 11:42:55,Foxton,CL,0
ACC004950,2026-09-14 11:42:55,East Saramouth,MN,1
ACC002394,2026-09-14 11:42:56,Davisburgh,ZA,0
ACC003414,2026-09-14 11:42:56,North Brian,TH,0
ACC003192,2026-09-14 11:42:56,Douglasmouth,GH,0
ACC001387,2026-09-14 11:42:56,Martinezland,GW,0
ACC000521,2026-09-14 11:42:56,North Michelleshire,GD,0
ACC004794,2026-09-14 11:42:58,West Crystal,CA,0
ACC002095,2026-09-14 11:42:58,Lisatown,AF,0
ACC001481,2026-09-14 11:42:58,West Lorichester,ML,0
ACC003259,2026-09-14 11:42:59,Lake Jasmine,TM,0
ACC001370,2026-09-14 11:42:59,New Emilystad,TM,0
ACC003646,2026-09-14 11:42:59,New Kellifort,BA,0
ACC001827,2026-09-14 11:43:00,South Elizabeth,PS,1
ACC002740,2026-09-14 11:43:00,Johnsonview,HU,0
ACC001468,2026-09-14 11:43:01,East Tricia,ET,1
ACC000043,2026-09-14 11:43:01,Jeffreychester,BA,0
ACC003346,2026-09-14 11:43:01,Adamsfurt,IE,0
ACC003998,2026-09-14 11:43:02,Reyesborough,PY,0
ACC004098,2026-09-14 11:43:02,Thompsonshire,SE,0
ACC000088,2026-09-14 11:43:02,Ashleyville,TW,0
ACC003597,2026-09-14 11:43:03,West Lisamouth,BZ,0
ACC003690,2026-09-14 11:43:03,West Michelle,SE,0
ACC000795,2026-09-14 11:43:03,Mendeztown,VA,0
ACC000073,2026-09-14 11:43:04,Port Melissatown,RS,0
ACC004843,2026-09-14 11:43:04,Port Crystalside,ID,0
ACC004907,2026-09-14 11:43:04,South Brent,CR,0
ACC000458,2026-09-14 11:43:04,Melissashire,TL,0
ACC003726,2026-09-14 11:43:05,East Maria,ME,0
ACC004998,2026-09-14 11:43:05,Singletonmouth,PS,0
ACC001717,2026-09-14 11:43:05,Williamsfort,PY,0
ACC002402,2026-09-14 11:43:05,Michaelshire,NA,0
ACC000319,2026-09-14 11:43:05,Kimberlystad,LI,0
ACC002252,2026-09-14 11:43:05,West Scott,CN,0
ACC000715,2026-09-14 11:43:06,New Tammy,CH,0
ACC002679,2026-09-14 11:43:06,Douglasberg,GT,0
ACC004979,2026-09-14 11:43:06,Wrightville,SD,0
ACC001750,2026-09-14 11:43:06,Port Suzanneshire,SE,0
ACC003651,2026-09-14 11:43:06,Port Denise,NP,0
ACC003128,2026-09-14 11:43:07,East Charleneport,TN,0
ACC002608,2026-09-14 11:43:07,Lanetown,CY,0
ACC002993,2026-09-14 11:43:07,Saraport,SE,0
ACC004324,2026-09-14 11:43:08,West Gwendolyn,CV,0
ACC003700,2026-09-14 11:43:08,Leetown,EE,0
ACC002585,2026-09-14 11:43:10,South Vincent,GN,0
ACC002924,2026-09-14 11:43:10,South Debraton,IL,1
ACC000725,2026-09-14 11:43:10,East Jeremiah,UZ,0
ACC004599,2026-09-14 11:43:10,Hernandezburgh,BZ,0
ACC000314,2026-09-14 11:43:10,Port Raymondtown,BS,0
ACC003820,2026-09-14 11:43:11,East Antoniofurt,BW,0
ACC004989,2026-09-14 11:43:11,Brandonland,PS,0
ACC001307,2026-09-14 11:43:12,North Sandra,AT,1
ACC000578,2026-09-14 11:43:12,Port Jeffrey,GA,0
ACC001632,2026-09-14 11:43:12,South William,ID,0
ACC001994,2026-09-14 11:43:13,Patriciafort,GM,0
ACC003895,2026-09-14 11:43:13,West Kristyton,HT,0
ACC003951,2026-09-14 11:43:14,Lake John,LA,0
ACC002832,2026-09-14 11:43:14,Christopherbury,CF,0
ACC002157,2026-09-14 11:43:14,West Ruben,AO,0
ACC004411,2026-09-14 11:43:14,Thomashaven,MW,0
ACC003639,2026-09-14 11:43:14,Karenstad,GW,0
ACC003951,2026-09-14 11:43:14,North Meganhaven,AR,0
ACC003184,2026-09-14 11:43:15,Hallchester,RO,0
ACC004695,2026-09-14 11:43:16,Reginaldchester,VN,0
ACC000245,2026-09-14 11:43:16,Crystalville,AE,1
ACC002670,2026-09-14 11:43:17,Garcialand,HR,0
ACC002526,2026-09-14 11:43:17,Port Christinefurt,CD,0
ACC004501,2026-09-14 11:43:17,Port Rachelland,MR,0
ACC000790,2026-09-14 11:43:17,Port Marystad,HR,0
ACC003721,2026-09-14 11:43:18,Brownhaven,ST,0
ACC002519,2026-09-14 11:43:18,Sanchezside,MW,0
ACC001512,2026-09-14 11:43:19,Kevintown,CY,0
ACC002392,2026-09-14 11:43:19,Matthewshire,MW,0
ACC000085,2026-09-14 11:43:19,Stephentown,MN,0
ACC003893,2026-09-14 11:43:19,Pamelamouth,BN,0
ACC002591,2026-09-14 11:43:20,Michelleshire,TL,0
ACC003582,2026-09-14 11:43:20,Lake Marcland,EC,0
ACC003639,2026-09-14 11:43:21,Wrightside,IT,0
ACC004562,2026-09-14 11:43:21,Martinezside,NO,0
ACC003100,2026-09-14 11:43:21,East Johnhaven,TO,0
ACC002588,2026-09-14 11:43:21,New Michelle,US,0
ACC002954,2026-09-14 11:43:22,Chavezmouth,GR,0
ACC004781,2026-09-14 11:43:22,Port Charles,GN,0
ACC002192,2026-09-14 11:43:22,Michaelchester,KP,0
ACC001884,2026-09-14 11:43:22,Dustintown,GT,1
ACC002657,2026-09-14 11:43:24,Karatown,KH,0
ACC002790,2026-09-14 11:43:24,Garrettberg,KH,0
ACC001064,2026-09-14 11:43:24,New Jason,PY,0
ACC003288,2026-09-14 11:43:24,Gravesland,DO,0
ACC002442,2026-09-14 11:43:24,New Gregory,WS,0
ACC001211,2026-09-14 11:43:25,Richardsonland,PE,0
ACC003991,2026-09-14 11:43:25,Colinstad,OM,0
ACC004844,2026-09-14 11:43:25,Jasonton,MW,0
ACC001716,2026-09-14 11:43:25,Dylanhaven,TJ,0
ACC003899,2026-09-14 11:43:26,South Stephenland,PY,0
ACC003108,2026-09-14 11:43:26,South Dillonshire,TZ,0
ACC003201,2026-09-14 11:43:28,Smithtown,GM,0
ACC000404,2026-09-14 11:43:28,Anthonyview,NA,1
ACC000623,2026-09-14 11:43:28,Christopherbury,FI,0
ACC001656,2026-09-14 11:43:28,East Alexa,CY,0
ACC002837,2026-09-14 11:43:28,Wangshire,KN,1
ACC004013,2026-09-14 11:43:29,Emilybury,UY,0
ACC001715,2026-09-14 11:43:29,Wallacebury,GQ,0
ACC000856,2026-09-14 11:43:29,Craigfort,LR,0
ACC000056,2026-09-14 11:43:29,Greenport,AE,0
ACC004032,2026-09-14 11:43:29,Kennethbury,CL,0
ACC003957,2026-09-14 11:43:30,Port Nicolemouth,TD,0
ACC004559,2026-09-14 11:43:30,New Davidville,CL,0
ACC002062,2026-09-14 11:43:30,North Vincentmouth,SK,0
ACC003870,2026-09-14 11:43:31,Jonesland,BD,0
ACC004796,2026-09-14 11:43:31,North Jack,SZ,0
ACC003158,2026-09-14 11:43:32,Ronaldton,IE,0
ACC002880,2026-09-14 11:43:32,Gibsonfurt,VN,0
ACC000817,2026-09-14 11:43:32,Port Michaelstad,ZW,0
ACC003567,2026-09-14 11:43:32,Lake Scott,CU,0
ACC000021,2026-09-14 11:43:32,Port Williamland,FI,1
ACC003185,2026-09-14 11:43:33,Lake Todd,JM,1
ACC004529,2026-09-14 11:43:33,Paulstad,IL,0
ACC002770,2026-09-14 11:43:34,Port Rebeccafort,MM,1
ACC001718,2026-09-14 11:43:34,Bennettville,MK,0
ACC003554,2026-09-14 11:43:34,West Scottstad,MR,0
ACC001795,2026-09-14 11:43:34,Michaelhaven,DE,0
ACC000865,2026-09-14 11:43:34,New Trevor,JO,0
ACC004955,2026-09-14 11:43:35,Jacksonhaven,TZ,0
ACC001155,2026-09-14 11:43:35,Wardton,CV,1
ACC003841,2026-09-14 11:43:35,Perezmouth,SK,0
ACC000283,2026-09-14 11:43:36,West Laura,KM,0
ACC000982,2026-09-14 11:43:36,Johnsonburgh,BB,0
ACC001996,2026-09-14 11:43:36,North Jacquelineburgh,CG,0
ACC004477,2026-09-14 11:43:36,East Amandaberg,BJ,0
ACC000896,2026-09-14 11:43:37,South Mariafort,KH,0
ACC000455,2026-09-14 11:43:38,Aprilbury,MH,0
ACC003668,2026-09-14 11:43:38,Victorton,CD,0
ACC004256,2026-09-14 11:43:38,Anthonyburgh,CV,1
ACC002955,2026-09-14 11:43:40,Port Tarabury,SV,0
ACC002868,2026-09-14 11:43:40,Miguelstad,SZ,0
ACC002361,2026-09-14 11:43:40,New Johnfort,SO,0
ACC003247,2026-09-14 11:43:41,Port Peter,QA,0
ACC001726,2026-09-14 11:43:41,Clarkberg,LV,0
ACC000906,2026-09-14 11:43:41,Harrismouth,UG,0
ACC001512,2026-09-14 11:43:42,Lake Michael,LU,0
ACC003634,2026-09-14 11:43:42,East Jennifer,FJ,0
ACC004034,2026-09-14 11:43:42,Lynchstad,GB,0
ACC003526,2026-09-14 11:43:42,Johnsonmouth,MV,0
ACC004699,2026-09-14 11:43:43,New Davidtown,BB,0
ACC004193,2026-09-14 11:43:43,Veronicachester,TW,0
ACC001196,2026-09-14 11:43:43,Scottchester,LA,0
ACC002482,2026-09-14 11:43:43,North Melissa,VE,0
ACC000663,2026-09-14 11:43:43,Claytonview,TW,0
ACC003722,2026-09-14 11:43:43,Markfort,MD,0
ACC001147,2026-09-14 11:43:43,Bankschester,FI,0
ACC000297,2026-09-14 11:43:43,North Stephen,GM,0
ACC004264,2026-09-14 11:43:44,Melissafort,KP,0
ACC004546,2026-09-14 11:43:44,Rachelport,CM,0
ACC004987,2026-09-14 11:43:44,Fordside,MU,0
ACC001398,2026-09-14 11:43:45,Seanchester,IN,0
ACC004530,2026-09-14 11:43:45,Garnerside,BY,1
ACC004197,2026-09-14 11:43:45,New Kirsten,IT,0
ACC003373,2026-09-14 11:43:45,South Elizabethfurt,MN,1
ACC003205,2026-09-14 11:43:45,Rebeccaberg,BG,0
ACC002405,2026-09-14 11:43:45,Jonesview,AZ,0
ACC001844,2026-09-14 11:43:46,Jacobview,QA,0
ACC004642,2026-09-14 11:43:47,North Margaretton,BI,1
ACC002757,2026-09-14 11:43:48,New Garychester,IL,0
ACC004074,2026-09-14 11:43:48,Lake Robertmouth,MH,0
ACC003320,2026-09-14 11:43:49,Robinside,UZ,0
ACC000977,2026-09-14 11:43:49,Oliverview,SA,0
ACC000382,2026-09-14 11:43:49,New Veronicabury,CD,0
ACC003530,2026-09-14 11:43:50,Kevinborough,MX,0
ACC001497,2026-09-14 11:43:50,Lake Dianabury,WS,0
ACC000167,2026-09-14 11:43:50,Stuartbury,CV,0
ACC000770,2026-09-14 11:43:50,Berryland,GR,0
ACC003716,2026-09-14 11:43:50,Port Arthur,GT,0
ACC000471,2026-09-14 11:43:50,Aliciaton,CV,0
ACC000898,2026-09-14 11:43:51,Brianshire,LR,0
ACC003943,2026-09-14 11:43:51,South Gregoryfort,AG,0
ACC004800,2026-09-14 11:43:51,Danielfort,IT,0
ACC002276,2026-09-14 11:43:52,East Davidport,ML,0
ACC003100,2026-09-14 11:43:52,South Katrinaberg,TJ,1
ACC002808,2026-09-14 11:43:52,Jonesshire,PL,0
ACC000275,2026-09-14 11:43:52,Evansland,US,0
ACC002941,2026-09-14 11:43:53,Lake Micheleport,SM,0
ACC000354,2026-09-14 11:43:53,Davidshire,MN,0
ACC001509,2026-09-14 11:43:53,Jonesburgh,SZ,0
ACC000039,2026-09-14 11:43:53,South Michael,PA,0
ACC001683,2026-09-14 11:43:53,East Annamouth,IL,1
ACC004055,2026-09-14 11:43:54,Angelicaburgh,CM,0
ACC004239,2026-09-14 11:43:54,Lindseyfort,AZ,0
ACC003953,2026-09-14 11:43:54,Port Brookeland,BI,0
ACC003663,2026-09-14 11:43:54,West Elizabeth,PW,0
ACC004515,2026-09-14 11:43:54,New Sarahbury,LK,0
ACC000064,2026-09-14 11:43:55,Austinfort,RU,0
ACC002125,2026-09-14 11:43:55,Ayalahaven,BT,0
ACC001850,2026-09-14 11:43:55,Port Amandaland,LV,0
ACC000528,2026-09-14 11:43:55,North Larry,HN,0
ACC003294,2026-09-14 11:43:56,South Brett,NE,0
ACC004228,2026-09-14 11:43:56,Janetville,GT,0
ACC004405,2026-09-14 11:43:56,Jasonshire,DJ,0
ACC002965,2026-09-14 11:43:56,Lake Timothychester,BA,0
ACC003732,2026-09-14 11:43:56,New Max,CZ,0
ACC002352,2026-09-14 11:43:56,Nicolechester,ES,0
ACC002557,2026-09-14 11:43:56,Lake Elizabeth,YE,1
ACC004340,2026-09-14 11:43:56,North Catherineland,CI,0
ACC001766,2026-09-14 11:43:57,North Anthonyburgh,NI,0
ACC002487,2026-09-14 11:43:57,North Karenborough,LC,0
ACC004568,2026-09-14 11:43:57,Harveymouth,NZ,0
ACC003419,2026-09-14 11:43:58,Mortontown,BF,0
ACC002912,2026-09-14 11:43:58,Elijahland,SG,0
ACC001613,2026-09-14 11:43:58,Port Dana,AT,0
ACC002350,2026-09-14 11:43:58,North Michael,IQ,0
ACC004345,2026-09-14 11:43:58,Thomasberg,MY,0
ACC000398,2026-09-14 11:43:58,South Courtney,AR,0
ACC000928,2026-09-14 11:43:59,West Erin,DO,0
ACC003149,2026-09-14 11:43:59,Lisastad,TM,0
ACC004971,2026-09-14 11:43:59,North Morgan,PA,1
ACC000814,2026-09-14 11:44:00,East Oliviahaven,MW,1
ACC000067,2026-09-14 11:44:00,North Michaelburgh,CU,0
ACC000868,2026-09-14 11:44:00,North Katelyn,LV,0
ACC002823,2026-09-14 11:44:01,Sandraberg,HR,0
ACC002131,2026-09-14 11:44:01,Katherineview,IL,0
ACC004713,2026-09-14 11:44:01,Port Michael,LT,0
ACC000923,2026-09-14 11:44:02,Port Thomas,BD,0
ACC004656,2026-09-14 11:44:02,West Margaret,LK,0
ACC002548,2026-09-14 11:44:02,East Tina,CI,1
ACC002931,2026-09-14 11:44:03,Huangfort,KH,0
ACC002504,2026-09-14 11:44:03,East Tracey,NR,0
ACC002457,2026-09-14 11:44:03,Michaelbury,AR,0
ACC000412,2026-09-14 11:44:03,East Amanda,PT,0
ACC002489,2026-09-14 11:44:03,Ethanburgh,GH,0
ACC004688,2026-09-14 11:44:03,Alexandermouth,MG,0
ACC001082,2026-09-14 11:44:03,Port Eric,US,0
ACC000428,2026-09-14 11:44:04,Port Micheal,PT,0
ACC002279,2026-09-14 11:44:04,Mariahfort,LT,0
ACC004143,2026-09-14 11:44:04,East Ashleymouth,SI,0
ACC001380,2026-09-14 11:44:05,Jessicaton,MC,0
ACC004299,2026-09-14 11:44:05,Port Shari,KH,0
ACC003388,2026-09-14 11:44:05,Port Davidside,EG,0
ACC004961,2026-09-14 11:44:06,Arnoldtown,SN,0
ACC003846,2026-09-14 11:44:06,Benjaminview,TV,0
ACC002799,2026-09-14 11:44:06,East Mariah,LI,0
ACC000818,2026-09-14 11:44:06,Jacobshire,CH,0
ACC001828,2026-09-14 11:44:07,Port Travismouth,CI,0
ACC004269,2026-09-14 11:44:07,West Jennifer,CO,0
ACC003311,2026-09-14 11:44:07,Garciamouth,NL,0
ACC002258,2026-09-14 11:44:07,Johnsonchester,YE,0
ACC000592,2026-09-14 11:44:07,North Paulmouth,CY,0
ACC004640,2026-09-14 11:44:07,North Hollyville,TD,0
ACC001311,2026-09-14 11:44:07,Floresland,NE,1
ACC001027,2026-09-14 11:44:08,North Jeanette,TV,1
ACC004177,2026-09-14 11:44:08,West Lisaville,SK,0
ACC002403,2026-09-14 11:44:08,Joyceview,KP,0
ACC000616,2026-09-14 11:44:09,South Charleshaven,BE,0
ACC003631,2026-09-14 11:44:09,Howemouth,GE,0
ACC001927,2026-09-14 11:44:09,Madisonmouth,JO,0
ACC001749,2026-09-14 11:44:10,New William,TJ,0
ACC000310,2026-09-14 11:44:10,Jonesborough,AE,0
ACC003122,2026-09-14 11:44:10,Freemanport,CZ,0
ACC001865,2026-09-14 11:44:11,Dennishaven,AO,0
ACC002809,2026-09-14 11:44:11,West Cherylmouth,TO,0
ACC001946,2026-09-14 11:44:12,Lake Johnchester,BZ,0
ACC004648,2026-09-14 11:44:12,North Dana,DO,0
ACC002996,2026-09-14 11:44:12,South Jenniferberg,CH,0
ACC002718,2026-09-14 11:44:12,North Philipfurt,PW,0
ACC002930,2026-09-14 11:44:13,West Bryanbury,GY,0
ACC001647,2026-09-14 11:44:13,Bonnieberg,SR,0
ACC004287,2026-09-14 11:44:14,Aarontown,LA,0
ACC003523,2026-09-14 11:44:14,Arnoldberg,AZ,0
ACC004001,2026-09-14 11:44:14,South Alexandria,BA,1
ACC004025,2026-09-14 11:44:16,East Jasonchester,MD,0
ACC004779,2026-09-14 11:44:16,Carrhaven,TV,0
ACC003285,2026-09-14 11:44:16,South Dana,AG,0
ACC001589,2026-09-14 11:44:17,West Brian,MG,0
ACC001943,2026-09-14 11:44:17,Johnsonstad,JP,0
ACC001778,2026-09-14 11:44:18,Nunezfurt,HU,0
ACC002610,2026-09-14 11:44:18,Rayshire,CH,0
ACC004759,2026-09-14 11:44:18,West Sierra,AD,0
ACC004473,2026-09-14 11:44:18,Lake Breanna,DO,0
ACC002928,2026-09-14 11:44:19,New Robertfort,BS,0
ACC002771,2026-09-14 11:44:19,Charlenechester,CL,0
ACC001298,2026-09-14 11:44:19,Evansstad,VC,0
ACC003435,2026-09-14 11:44:20,Shawnshire,AO,0
ACC002011,2026-09-14 11:44:20,Levinebury,ZM,0
ACC003553,2026-09-14 11:44:20,Wardstad,LS,0
ACC004278,2026-09-14 11:44:21,Lake Charlesstad,BT,1
ACC000791,2026-09-14 11:44:21,South Thomas,LI,0
ACC003558,2026-09-14 11:44:22,Richardmouth,AF,0
ACC001685,2026-09-14 11:44:22,Lake Deborah,ZM,0
ACC003011,2026-09-14 11:44:22,Williamsville,BD,0
ACC004279,2026-09-14 11:44:23,East Racheltown,SR,0
ACC002589,2026-09-14 11:44:23,Lake Renee,IT,0
ACC000423,2026-09-14 11:44:23,South Jessica,BI,1
ACC003546,2026-09-14 11:44:23,Dawnchester,CR,0
ACC001238,2026-09-14 11:44:23,Adamsborough,NE,0
ACC003443,2026-09-14 11:44:23,Wardfurt,MZ,0
ACC002926,2026-09-14 11:44:23,South Edwardland,DK,0
ACC001779,2026-09-14 11:44:24,Brianmouth,IR,0
ACC003245,2026-09-14 11:44:24,Deanton,SN,0
ACC004700,2026-09-14 11:44:25,Baileyville,MU,0
ACC001322,2026-09-14 11:44:25,Fuentesside,PS,1
ACC002342,2026-09-14 11:44:25,East Randy,TT,0
ACC000719,2026-09-14 11:44:27,New Christopherside,SB,0
ACC002531,2026-09-14 11:44:27,South Reginaldtown,TO,0
ACC003877,2026-09-14 11:44:27,East Jessica,MR,0
ACC000937,2026-09-14 11:44:27,North Susanmouth,BO,0
ACC004032,2026-09-14 11:44:27,Hardintown,SA,0
ACC000775,2026-09-14 11:44:27,Nancyhaven,PY,0
ACC000146,2026-09-14 11:44:27,Hernandezport,AF,0
ACC003044,2026-09-14 11:44:28,Jamesview,QA,0
ACC000914,2026-09-14 11:44:28,Franklinberg,FJ,0
ACC003276,2026-09-14 11:44:28,Garciabury,TG,0
ACC002035,2026-09-14 11:44:29,Lake Taylor,JM,0
ACC003512,2026-09-14 11:44:29,North Patrick,TV,0
ACC001321,2026-09-14 11:44:29,South Ashleyborough,BG,0
ACC000530,2026-09-14 11:44:30,Chrisville,FI,0
ACC000808,2026-09-14 11:44:30,Timothyhaven,HN,0
ACC001459,2026-09-14 11:44:30,Tinaberg,KM,0
ACC000770,2026-09-14 11:44:30,South Madisonville,GH,0
ACC004538,2026-09-14 11:44:30,Kellyside,MR,0
ACC003898,2026-09-14 11:44:30,Wallaceberg,SC,0
ACC000765,2026-09-14 11:44:31,North Danielborough,ER,0
ACC002843,2026-09-14 11:44:31,North Theresaport,BS,1
ACC002980,2026-09-14 11:44:33,West Matthewhaven,BT,0
ACC000736,2026-09-14 11:44:33,South Ashleyburgh,KP,0
ACC002592,2026-09-14 11:44:33,Lauraburgh,AU,0
ACC003546,2026-09-14 11:44:34,Lake Teresa,AD,0
ACC003652,2026-09-14 11:44:34,Amberhaven,TR,0
ACC000371,2026-09-14 11:44:34,North Shannonhaven,FM,0
ACC002796,2026-09-14 11:44:34,Lake Jacob,UG,0
ACC001127,2026-09-14 11:44:34,New Erin,LB,1
ACC003208,2026-09-14 11:44:34,Collinsfort,QA,0
ACC000711,2026-09-14 11:44:34,Melissafort,CV,0
ACC000775,2026-09-14 11:44:35,South Patrick,NG,1
ACC003474,2026-09-14 11:44:35,Johnview,MH,0
ACC004441,2026-09-14 11:44:35,Nicholasshire,GY,0
ACC003289,2026-09-14 11:44:36,Judyhaven,NA,0
ACC002892,2026-09-14 11:44:36,Evanstown,CA,0
ACC000329,2026-09-14 11:44:36,Samanthafurt,IS,0
ACC001143,2026-09-14 11:44:36,New Veronicaland,NL,0
ACC002993,2026-09-14 11:44:37,Claudiabury,LS,0
ACC001092,2026-09-14 11:44:37,West Nathanfurt,KR,0
ACC001604,2026-09-14 11:44:37,Hansonmouth,TH,0
ACC002553,2026-09-14 11:44:37,Powellshire,CL,0
ACC000166,2026-09-14 11:44:37,Port Amber,AL,0
ACC004813,2026-09-14 11:44:38,Kellyport,MV,0
ACC000134,2026-09-14 11:44:38,Lake Anthony,SL,0
ACC001129,2026-09-14 11:44:39,North Sharonton,GE,0
ACC004586,2026-09-14 11:44:40,New Amyhaven,ID,0
ACC000437,2026-09-14 11:44:40,Gileschester,CH,0
ACC002161,2026-09-14 11:44:40,Carrollhaven,LC,0
ACC000206,2026-09-14 11:44:40,West Aaronmouth,MK,0
ACC001217,2026-09-14 11:44:41,Acostaview,SE,0
ACC000439,2026-09-14 11:44:41,West James,KN,1
ACC001741,2026-09-14 11:44:42,Smithshire,BR,0
ACC003304,2026-09-14 11:44:42,Port Jessica,LS,0
ACC003468,2026-09-14 11:44:42,New Jody,PS,0
ACC000847,2026-09-14 11:44:42,North Christina,LA,0
ACC002966,2026-09-14 11:44:42,South Angela,EE,0
ACC002703,2026-09-14 11:44:43,Lake Courtneymouth,NO,0
ACC002472,2026-09-14 11:44:44,Collinsmouth,PE,0
ACC002629,2026-09-14 11:44:44,South Joshuaside,GH,0
ACC000445,2026-09-14 11:44:45,Port Edward,TD,0
ACC003395,2026-09-14 11:44:45,Amyside,YE,0
ACC002005,2026-09-14 11:44:45,Lake Seanmouth,AR,0
ACC001416,2026-09-14 11:44:45,South Rogerside,AT,1
ACC004656,2026-09-14 11:44:45,Adamview,MW,0
ACC000843,2026-09-14 11:44:45,Lake Mariaberg,ET,0
ACC004303,2026-09-14 11:44:45,New Richard,OM,0
ACC003899,2026-09-14 11:44:45,North Jeremy,AT,0
ACC004694,2026-09-14 11:44:46,Muellerbury,MD,0
ACC004187,2026-09-14 11:44:47,Jonathonburgh,TJ,0
ACC000311,2026-09-14 11:44:47,East Veronica,KH,0
ACC000715,2026-09-14 11:44:47,North Davidborough,TO,0
ACC003553,2026-09-14 11:44:47,Banksmouth,CH,0
ACC003987,2026-09-14 11:44:48,Brownchester,KE,0
ACC002275,2026-09-14 11:44:48,Rhondafort,CA,0
ACC002790,2026-09-14 11:44:49,West William,VC,0
ACC002549,2026-09-14 11:44:49,North Julieberg,TD,0
ACC002659,2026-09-14 11:44:49,East Devonburgh,GB,0
ACC004213,2026-09-14 11:44:49,Shawnport,CH,0
ACC000738,2026-09-14 11:44:50,West Chelsea,PL,0
ACC000138,2026-09-14 11:44:51,Clarkburgh,CV,0
ACC000324,2026-09-14 11:44:51,South Kyleside,IL,0
ACC003579,2026-09-14 11:44:51,Lake Courtneyborough,IE,0
ACC004007,2026-09-14 11:44:51,Lake Mary,RO,0
ACC001571,2026-09-14 11:44:51,Donaldside,CZ,0
ACC001766,2026-09-14 11:44:52,Willieland,JP,0
ACC001495,2026-09-14 11:44:52,Lopezside,PL,0
ACC003346,2026-09-14 11:44:52,Fosterfort,UG,0
ACC003337,2026-09-14 11:44:52,South Scott,BD,0
ACC003348,2026-09-14 11:44:52,East Lindaside,NA,0
ACC003292,2026-09-14 11:44:52,South Nicolemouth,BE,0
ACC002960,2026-09-14 11:44:52,Lake Julieberg,DZ,0
ACC004804,2026-09-14 11:44:52,Georgefurt,MZ,0
ACC002246,2026-09-14 11:44:52,Donaldfurt,TH,0
ACC003573,2026-09-14 11:44:52,Yolandaside,LR,0
ACC003154,2026-09-14 11:44:52,Davisfort,UA,0
ACC004651,2026-09-14 11:44:53,Lake Samuelland,CF,0
ACC001812,2026-09-14 11:44:53,Katherineport,TW,0
ACC002274,2026-09-14 11:44:53,Petersonton,ZM,0
ACC004967,2026-09-14 11:44:54,Andersonport,CY,0
ACC000412,2026-09-14 11:44:54,Lake Dawnfort,BG,0
ACC002061,2026-09-14 11:44:54,East Joelborough,ZW,0
ACC004074,2026-09-14 11:44:55,Jacobland,GT,0
ACC000978,2026-09-14 11:44:56,Evansfurt,HR,0
ACC004336,2026-09-14 11:44:56,North Kimberly,BE,0
ACC003999,2026-09-14 11:44:57,South Robinstad,NE,0
ACC002055,2026-09-14 11:44:57,Lake Melissa,AM,0
ACC004439,2026-09-14 11:44:57,East Colinchester,UG,0
ACC003714,2026-09-14 11:44:58,West Leetown,VN,0
ACC002776,2026-09-14 11:44:58,South Melissaberg,ES,0
ACC001065,2026-09-14 11:44:59,North Michelle,CO,0
ACC001327,2026-09-14 11:44:59,Morrisonbury,TW,0
ACC000272,2026-09-14 11:45:00,Annachester,LR,0
ACC001724,2026-09-14 11:45:00,Lake Jennifer,MH,0
ACC003140,2026-09-14 11:45:00,Stephenland,SD,0
ACC004588,2026-09-14 11:45:01,South Charles,IS,0
ACC003200,2026-09-14 11:45:02,Danielleburgh,SO,0
ACC004683,2026-09-14 11:45:02,Port Jessicaton,IL,0
ACC001107,2026-09-14 11:45:02,Victorshire,PW,0
ACC000362,2026-09-14 11:45:02,Courtneyfort,NG,0
ACC000771,2026-09-14 11:45:02,Knightfort,DJ,0
ACC003354,2026-09-14 11:45:02,Lake Tylerhaven,SD,0
ACC002784,2026-09-14 11:45:02,Lake Courtney,RW,0
ACC001559,2026-09-14 11:45:04,West Eugeneport,PW,0
ACC001516,2026-09-14 11:45:04,Lake Kevinchester,SL,0
ACC002261,2026-09-14 11:45:04,Johnmouth,AD,0
ACC000650,2026-09-14 11:45:04,New Chadstad,TJ,0
ACC004295,2026-09-14 11:45:04,Dixonfurt,SN,0
ACC003825,2026-09-14 11:45:04,Christinemouth,PW,0
ACC001796,2026-09-14 11:45:04,Fordfort,BT,1
ACC003135,2026-09-14 11:45:05,West Jacqueline,ZM,0
ACC002923,2026-09-14 11:45:05,Anthonyhaven,GH,1
ACC001954,2026-09-14 11:45:05,Kendrashire,BZ,1
ACC003956,2026-09-14 11:45:05,Johnsonmouth,NZ,0
ACC001890,2026-09-14 11:45:06,Millerchester,PW,0
ACC001219,2026-09-14 11:45:07,South Marissa,NA,0
ACC000866,2026-09-14 11:45:07,Davidmouth,MH,0
ACC000674,2026-09-14 11:45:07,Lake Jason,BF,0
ACC001184,2026-09-14 11:45:08,Suzannemouth,SI,0
ACC003243,2026-09-14 11:45:08,Morrisburgh,SD,0
ACC002388,2026-09-14 11:45:09,South Stephen,TR,0
ACC002469,2026-09-14 11:45:10,Lake Jenny,ME,0
ACC004685,2026-09-14 11:45:10,Deborahfort,MY,0
ACC002308,2026-09-14 11:45:10,South Juliebury,EC,0
ACC003410,2026-09-14 11:45:10,West Kelly,TV,0
ACC002415,2026-09-14 11:45:10,Taylortown,MX,0
ACC003217,2026-09-14 11:45:11,Johnland,PY,0
ACC001953,2026-09-14 11:45:11,Davidmouth,AM,0
ACC002594,2026-09-14 11:45:11,Combsstad,NL,0
ACC001681,2026-09-14 11:45:12,Danielbury,AE,0
ACC004682,2026-09-14 11:45:12,Karenstad,CG,0
ACC000307,2026-09-14 11:45:12,Ronaldshire,CM,0
ACC003182,2026-09-14 11:45:12,West Samuel,MX,0
ACC003959,2026-09-14 11:45:12,South Todd,PH,0
ACC003200,2026-09-14 11:45:12,Port Dennisville,AD,0
ACC003942,2026-09-14 11:45:12,Nathanfurt,VE,0
ACC004756,2026-09-14 11:45:12,Lewishaven,PT,0
ACC004249,2026-09-14 11:45:12,Brewerton,KM,0
ACC004951,2026-09-14 11:45:12,Gatesville,IE,1
ACC000525,2026-09-14 11:45:13,Paulland,BN,0
ACC004622,2026-09-14 11:45:13,North Brandon,GT,0
ACC002689,2026-09-14 11:45:13,East Annachester,ER,0
ACC001476,2026-09-14 11:45:15,Lake Anthony,UY,0
ACC000500,2026-09-14 11:45:15,Robertmouth,SM,0
ACC000739,2026-09-14 11:45:15,Huntport,FR,0
ACC002293,2026-09-14 11:45:15,West Pamelatown,SY,0
ACC003848,2026-09-14 11:45:16,Collinsville,BI,0
ACC004384,2026-09-14 11:45:16,West Katherine,TH,0
ACC004382,2026-09-14 11:45:16,Lake Amanda,LU,0
ACC002166,2026-09-14 11:45:17,North Elizabeth,PH,0
ACC004617,2026-09-14 11:45:18,Port Stacy,YE,0
ACC000024,2026-09-14 11:45:18,North Robertland,AT,0
ACC000819,2026-09-14 11:45:18,Bellhaven,LU,0
ACC002159,2026-09-14 11:45:19,Port Charles,VA,0
ACC002368,2026-09-14 11:45:20,Port Scottland,KI,0
ACC000255,2026-09-14 11:45:21,South Carlosland,CO,0
ACC002929,2026-09-14 11:45:21,Port Robertshire,UG,0
ACC003145,2026-09-14 11:45:21,Cynthiaport,TD,0
ACC001301,2026-09-14 11:45:22,South Jasonfurt,KW,0
ACC004356,2026-09-14 11:45:23,West Jonathan,UZ,1
ACC003958,2026-09-14 11:45:23,Austinview,BS,0
ACC002476,2026-09-14 11:45:24,Gregorymouth,BN,0
ACC003932,2026-09-14 11:45:24,North Christopher,VC,0
ACC003267,2026-09-14 11:45:24,Thorntonshire,EE,1
ACC001014,2026-09-14 11:45:24,Morrisfurt,MG,0
ACC004513,2026-09-14 11:45:25,New Jasmine,TW,0
ACC000686,2026-09-14 11:45:25,North Hannahtown,JP,0
ACC002492,2026-09-14 11:45:25,North Michelle,MG,0
ACC000659,2026-09-14 11:45:25,Blanchardbury,SZ,0
ACC000726,2026-09-14 11:45:25,East Timothyside,BB,0
ACC003145,2026-09-14 11:45:25,Mariemouth,ST,0
ACC003015,2026-09-14 11:45:26,Justinmouth,LK,0
ACC001185,2026-09-14 11:45:26,Samanthaborough,MK,1
ACC004087,2026-09-14 11:45:26,South Ericstad,TL,0
ACC001435,2026-09-14 11:45:27,Gibsontown,MG,0
ACC000940,2026-09-14 11:45:27,West Pamela,BT,0
ACC001156,2026-09-14 11:45:27,Bakershire,MR,0
ACC000386,2026-09-14 11:45:27,New Brittanybury,TJ,0
ACC001840,2026-09-14 11:45:28,Lisafurt,NZ,0
ACC004198,2026-09-14 11:45:28,Lindsaymouth,BT,0
ACC000088,2026-09-14 11:45:28,East Jacqueline,EG,0
ACC003008,2026-09-14 11:45:28,Lake Annachester,TZ,0
ACC001366,2026-09-14 11:45:29,Newmanbury,PT,0
ACC004476,2026-09-14 11:45:29,Howardborough,SZ,0
ACC003386,2026-09-14 11:45:29,Lake Douglas,LK,0
ACC000738,2026-09-14 11:45:30,East Gregory,DE,1
ACC002597,2026-09-14 11:45:30,Port Jessicachester,BI,0
ACC003506,2026-09-14 11:45:30,Boydfort,MN,0
ACC002356,2026-09-14 11:45:30,East Alexander,CO,0
ACC003915,2026-09-14 11:45:30,Jonesstad,CF,0
ACC003098,2026-09-14 11:45:30,Port Carol,LI,0
ACC004485,2026-09-14 11:45:31,Port Nicole,CG,0
ACC000595,2026-09-14 11:45:31,North Allison,ZM,0
ACC004933,2026-09-14 11:45:31,South Danielton,NR,0
ACC003687,2026-09-14 11:45:32,Port Bonniemouth,TT,0
ACC001618,2026-09-14 11:45:33,Danielleton,KZ,0
ACC002147,2026-09-14 11:45:33,Martinhaven,CM,0
ACC004638,2026-09-14 11:45:33,Riddlemouth,SI,1
ACC004794,2026-09-14 11:45:33,Jeanchester,GM,0
ACC001885,2026-09-14 11:45:34,Lopezville,CM,0
ACC003149,2026-09-14 11:45:34,Lake Williamhaven,ZW,0
ACC002868,2026-09-14 11:45:34,Lake Sean,IQ,0
ACC000877,2026-09-14 11:45:34,East Katherine,SD,0
ACC001358,2026-09-14 11:45:35,Martinshire,BI,0
ACC001272,2026-09-14 11:45:35,Stokesburgh,BO,0
ACC001982,2026-09-14 11:45:35,Lake Kathy,BG,0
ACC003065,2026-09-14 11:45:35,Port Christopher,MA,0
ACC001547,2026-09-14 11:45:36,South Samantha,BG,0
ACC002051,2026-09-14 11:45:37,North Michaelhaven,JP,0
ACC001515,2026-09-14 11:45:37,New Marcoside,SC,0
ACC001770,2026-09-14 11:45:37,Lake Andrea,AO,0
ACC003952,2026-09-14 11:45:37,East Davidhaven,CF,0
ACC002160,2026-09-14 11:45:38,Lake Teresaton,KW,1
ACC003663,2026-09-14 11:45:38,Byrdfort,CY,0
ACC001351,2026-09-14 11:45:38,North Billmouth,SC,1
ACC001871,2026-09-14 11:45:38,Bendershire,AL,0
ACC001006,2026-09-14 11:45:39,Kristenton,IE,0
ACC000760,2026-09-14 11:45:39,Port Terrance,BG,0
ACC003358,2026-09-14 11:45:39,East Samantha,LY,0
ACC002035,2026-09-14 11:45:39,Lake Joshua,BZ,0
ACC001211,2026-09-14 11:45:41,New Coryborough,NE,0
ACC002930,2026-09-14 11:45:41,Warrenmouth,LV,0
ACC002701,2026-09-14 11:45:41,Drewton,LI,0
ACC002815,2026-09-14 11:45:42,New Jillian,SC,0
ACC001322,2026-09-14 11:45:42,Jonesfurt,TH,0
ACC003050,2026-09-14 11:45:42,South Danielbury,NP,0
ACC004242,2026-09-14 11:45:42,Herreraburgh,CO,0
ACC002411,2026-09-14 11:45:42,Mikemouth,LV,0
ACC001788,2026-09-14 11:45:43,Lake Ginamouth,HU,0
ACC004038,2026-09-14 11:45:43,New Beckyville,ER,0
ACC004908,2026-09-14 11:45:43,Kimberlymouth,MG,0
ACC000133,2026-09-14 11:45:43,Harrisborough,NP,0
ACC003143,2026-09-14 11:45:44,East Courtneyshire,SB,0
ACC002705,2026-09-14 11:45:44,Lake Lindahaven,LY,0
ACC003689,2026-09-14 11:45:45,Cunninghamton,OM,0
ACC000235,2026-09-14 11:45:45,Perezview,VE,0
ACC001294,2026-09-14 11:45:45,Gilmoreville,TN,0
ACC001960,2026-09-14 11:45:45,South Jessica,TJ,0
ACC001686,2026-09-14 11:45:46,New Juliaberg,AF,0
ACC001715,2026-09-14 11:45:46,Susanfurt,SE,1
ACC004615,2026-09-14 11:45:47,Bennettland,TZ,0
ACC004489,2026-09-14 11:45:48,Perryport,SN,0
ACC003622,2026-09-14 11:45:48,Christopherfurt,KE,0
ACC000648,2026-09-14 11:45:49,Port Robertfort,ER,1
ACC000548,2026-09-14 11:45:49,Port Joe,NZ,0
ACC000539,2026-09-14 11:45:49,Lindseyburgh,DM,0
ACC004769,2026-09-14 11:45:49,Tarafort,SN,0
ACC003177,2026-09-14 11:45:50,Bridgesmouth,JM,0
ACC003595,2026-09-14 11:45:50,Moralestown,MY,0
ACC000616,2026-09-14 11:45:50,North Pamelaland,CR,0
ACC002488,2026-09-14 11:45:50,North Darrenport,AL,0
ACC003303,2026-09-14 11:45:51,North Kaylamouth,NR,0
ACC003018,2026-09-14 11:45:52,West Heather,IN,0
ACC003387,2026-09-14 11:45:52,Webbton,ZW,1
ACC004386,2026-09-14 11:45:52,Tyronebury,TO,0
ACC001741,2026-09-14 11:45:52,North Gabrielstad,SC,0
ACC001702,2026-09-14 11:45:52,West Erika,BJ,0
ACC004619,2026-09-14 11:45:52,Farmerfort,TZ,0
ACC000379,2026-09-14 11:45:52,Mccoyport,BW,0
ACC000117,2026-09-14 11:45:52,Port Julie,MH,0
ACC002561,2026-09-14 11:45:53,Wattsmouth,TJ,0
ACC001849,2026-09-14 11:45:53,Port Logan,IQ,0
ACC003025,2026-09-14 11:45:53,Erinmouth,IQ,0
ACC004160,2026-09-14 11:45:54,New Tina,ME,0
ACC000931,2026-09-14 11:45:54,Ashleyfurt,MZ,0
ACC003618,2026-09-14 11:45:54,Walltown,MD,1
ACC000913,2026-09-14 11:45:55,Jonesfurt,ET,0
ACC000720,2026-09-14 11:45:56,East Alexandria,BA,0
ACC000296,2026-09-14 11:45:56,Perryport,DM,0
ACC004320,2026-09-14 11:45:56,Amyburgh,VU,0
ACC004493,2026-09-14 11:45:56,Lake Lynn,CI,0
ACC000489,2026-09-14 11:45:56,East Brandonhaven,CN,0
ACC000381,2026-09-14 11:45:56,Sanchezmouth,CR,0
ACC002025,2026-09-14 11:45:56,Schwartzborough,NL,0
ACC002791,2026-09-14 11:45:57,North Zachary,RW,0
ACC000842,2026-09-14 11:45:57,North Sarahstad,VU,0
ACC000478,2026-09-14 11:45:57,New Anthonymouth,BG,0
ACC000968,2026-09-14 11:45:58,Baldwinmouth,GT,0
ACC003924,2026-09-14 11:45:58,Florestown,TG,1
ACC001767,2026-09-14 11:45:58,Middletonville,BF,0
ACC003429,2026-09-14 11:45:58,North Christinachester,BH,0
ACC000597,2026-09-14 11:45:59,South Lindseybury,KW,0
ACC003094,2026-09-14 11:45:59,Lake Andrea,TV,0
ACC004161,2026-09-14 11:45:59,Bradleystad,HT,0
ACC000209,2026-09-14 12:39:59,East Nicholaston,LT,0
ACC001151,2026-09-14 12:39:59,Johnsonbury,MR,0
ACC000734,2026-09-14 12:39:59,Lake Felicia,ZW,0
ACC002094,2026-09-14 12:40:00,Caldwellstad,GD,0
ACC001843,2026-09-14 12:40:00,Stoneland,TJ,0
ACC004172,2026-09-14 12:40:00,Williamsland,KW,0
ACC000210,2026-09-14 12:40:01,Ashleyberg,SR,0
ACC003896,2026-09-14 12:40:01,Georgeshire,JP,0
ACC001020,2026-09-14 12:40:02,Port Kevin,NZ,0
ACC000367,2026-09-14 12:40:02,East Vanessafort,RU,0
ACC003938,2026-09-14 12:40:02,Port Oliviaburgh,JM,0
ACC002162,2026-09-14 12:40:02,Lake Sharonport,UY,0
ACC002337,2026-09-14 12:40:02,Walkerport,TT,0
ACC000010,2026-09-14 12:40:03,South Sandra,EC,0
ACC001376,2026-09-14 12:40:03,South Linda,PW,0
ACC000501,2026-09-14 12:40:03,West Christopher,IN,0
ACC002659,2026-09-14 12:40:03,South Donaldberg,GW,0
ACC004995,2026-09-14 12:40:03,North Ann,PA,0
ACC001585,2026-09-14 12:40:03,West Ellen,KI,0
ACC003535,2026-09-14 12:40:04,West Michael,CV,0
ACC000482,2026-09-14 12:40:04,Melissaburgh,EE,0
ACC004278,2026-09-14 12:40:05,Mitchellview,MY,1
ACC001146,2026-09-14 12:40:05,South Wesley,UY,0
ACC004893,2026-09-14 12:40:05,South William,ST,0
ACC004042,2026-09-14 12:40:05,Lake Michaelberg,GW,0
ACC002348,2026-09-14 12:40:06,Maryhaven,ST,0
ACC004049,2026-09-14 12:40:06,Lake Madisonfort,MU,0
ACC004076,2026-09-14 12:40:06,Rodriguezside,TD,0
ACC002554,2026-09-14 12:40:06,South Megan,BN,0
ACC000390,2026-09-14 12:40:07,Jeremyfurt,AF,0
ACC001065,2026-09-14 12:40:07,Roberttown,UZ,0
ACC003130,2026-09-14 12:40:07,East Erin,PS,0
ACC000210,2026-09-14 12:40:08,South Jeffery,NP,0
ACC004964,2026-09-14 12:40:09,Davidton,PH,0
ACC002961,2026-09-14 12:40:09,South Tyroneburgh,KG,0
ACC001385,2026-09-14 12:40:10,Haynesborough,MT,1
ACC000830,2026-09-14 12:40:10,Edwardsburgh,IR,0
ACC004926,2026-09-14 12:40:10,Vegafort,BS,0
ACC003749,2026-09-14 12:40:11,North Adrienne,KN,1
ACC000984,2026-09-14 12:40:11,Jessicaside,FI,0
ACC004303,2026-09-14 12:40:12,South Shelby,MU,0
ACC000920,2026-09-14 12:40:12,Port Kellyton,UY,0
ACC001174,2026-09-14 12:40:12,West Jane,LA,0
ACC002488,2026-09-14 12:40:12,Lake Roy,PA,0
ACC000400,2026-09-14 12:40:12,Nicoleshire,AR,0
ACC004175,2026-09-14 12:40:13,Christineburgh,GE,0
ACC003327,2026-09-14 12:40:13,Currymouth,YE,0
ACC003820,2026-09-14 12:40:13,South David,MA,0
ACC000694,2026-09-14 12:40:13,South Justin,IT,0
ACC003151,2026-09-14 12:40:13,Miguelchester,NE,0
ACC003550,2026-09-14 12:40:13,Port Donna,PG,0
ACC004603,2026-09-14 12:40:14,Warrenburgh,TH,0
ACC002393,2026-09-14 12:40:14,North Larryhaven,HR,0
ACC001766,2026-09-14 12:40:14,Perryville,KR,0
ACC003395,2026-09-14 12:40:14,West Brendaville,KN,0
ACC001007,2026-09-14 12:40:14,Chaveztown,QA,0
ACC001725,2026-09-14 12:40:15,Cruzton,US,1
ACC003076,2026-09-14 12:40:15,East Daniel,HN,0
ACC002152,2026-09-14 12:40:15,Riveraborough,GY,0
ACC004390,2026-09-14 12:40:15,Leblanctown,MY,0
ACC002149,2026-09-14 12:40:16,South Donaldside,QA,0
ACC001816,2026-09-14 12:40:16,East Stevestad,SZ,0
ACC002006,2026-09-14 12:40:16,Baileyfurt,MH,0
ACC000169,2026-09-14 12:40:17,East Jenniferburgh,AO,1
ACC000699,2026-09-14 12:40:17,Maysfort,HN,0
ACC003479,2026-09-14 12:40:18,Taraville,HT,0
ACC000989,2026-09-14 12:40:18,West Loriborough,PK,0
ACC000588,2026-09-14 12:40:18,Michaelton,BT,0
ACC000288,2026-09-14 12:40:19,North Matthew,VA,0
ACC001667,2026-09-14 12:40:20,Andreaton,BA,0
ACC001849,2026-09-14 12:40:20,South Andrea,LB,0
ACC002576,2026-09-14 12:40:21,Wilsonborough,IQ,0
ACC000476,2026-09-14 12:40:21,Lake Michelle,CD,0
ACC000462,2026-09-14 12:40:21,North Donnaburgh,TR,0
ACC004013,2026-09-14 12:40:22,Port Bradleymouth,BI,1
ACC000451,2026-09-14 12:40:22,East David,NP,0
ACC003920,2026-09-14 12:40:22,East Robert,ES,0
ACC002203,2026-09-14 12:40:22,Michelleburgh,OM,0
ACC004954,2026-09-14 12:40:23,South Michelleberg,AG,0
ACC000965,2026-09-14 12:40:23,East David,CI,0
ACC004811,2026-09-14 12:40:24,Port Kevin,EC,0
ACC002685,2026-09-14 12:40:24,South Erin,LS,0
ACC001573,2026-09-14 12:40:25,Port John,IR,0
ACC001223,2026-09-14 12:40:27,Bowersmouth,PT,0
ACC002467,2026-09-14 12:40:27,Ashleyville,SV,0
ACC000041,2026-09-14 12:40:27,Kingberg,VU,0
ACC004968,2026-09-14 12:40:27,New Jake,BT,0
ACC001665,2026-09-14 12:40:27,Kendramouth,GN,0
ACC000230,2026-09-14 12:40:27,East Stephanie,LK,0
ACC001978,2026-09-14 12:40:28,Nicholaston,CN,0
ACC003703,2026-09-14 12:40:29,Jeffreyburgh,VE,0
ACC000317,2026-09-14 12:40:29,Williamberg,ER,0
ACC000967,2026-09-14 12:40:29,Monicafurt,AT,0
ACC000822,2026-09-14 12:40:29,Jasonberg,AG,0
ACC002314,2026-09-14 12:40:29,Rodriguezland,GM,0
ACC001919,2026-09-14 12:40:29,South Krystalborough,IN,1
ACC002684,2026-09-14 12:40:30,Cindyland,CU,0
ACC001776,2026-09-14 12:40:30,Lake Richardberg,TM,1
ACC000420,2026-09-14 12:40:30,Port Amyfort,VA,0
ACC004428,2026-09-14 12:40:30,East Melissaborough,MN,0
ACC002475,2026-09-14 12:40:31,Gillespiehaven,LR,0
ACC001173,2026-09-14 12:40:31,Kristinaport,CV,0
ACC003767,2026-09-14 12:40:32,West Dean,GD,0
ACC001290,2026-09-14 12:40:32,East Ashley,FR,0
ACC003133,2026-09-14 12:40:32,Ryanshire,CN,0
ACC000336,2026-09-14 12:40:32,Erikatown,JM,1
ACC002344,2026-09-14 12:40:32,East Michaelport,KM,1
ACC000294,2026-09-14 12:40:32,Bryantborough,UG,0
ACC002631,2026-09-14 12:40:34,South Tyler,NP,0
ACC000899,2026-09-14 12:40:34,Lorifurt,BF,0
ACC001491,2026-09-14 12:40:34,North Lisa,BZ,0
ACC002024,2026-09-14 12:40:35,Matthewsside,BB,0
ACC003719,2026-09-14 12:40:35,North Kathrynmouth,UZ,0
ACC002973,2026-09-14 12:40:35,New Adamville,TO,1
ACC001631,2026-09-14 12:40:35,Rasmussenburgh,HN,0
ACC003878,2026-09-14 12:40:35,North Adam,SZ,0
ACC002559,2026-09-14 12:40:36,West Gary,BG,0
ACC002428,2026-09-14 12:40:36,North Debra,TN,0
ACC003143,2026-09-14 12:40:36,Marissaborough,MA,0
ACC002936,2026-09-14 12:40:37,Jillfort,AZ,0
ACC002014,2026-09-14 12:40:38,Reyeshaven,RS,0
ACC001575,2026-09-14 12:40:38,Amberburgh,WS,0
ACC002675,2026-09-14 12:40:38,Geraldton,JO,0
ACC002176,2026-09-14 12:40:38,New Christophertown,CH,0
ACC004127,2026-09-14 12:40:39,Reevesmouth,BD,0
ACC001524,2026-09-14 12:40:39,East Johnmouth,BZ,1
ACC004828,2026-09-14 12:40:40,East Beth,IL,0
ACC002794,2026-09-14 12:40:40,Lake Anthony,US,0
ACC003747,2026-09-14 12:40:40,Danaberg,RU,0
ACC001651,2026-09-14 12:40:41,Lake Melissamouth,LB,1
ACC004660,2026-09-14 12:40:41,Brendastad,UG,0
ACC002765,2026-09-14 12:40:41,Jessicaberg,MU,0
ACC001429,2026-09-14 12:40:41,North Austinshire,AD,0
ACC001827,2026-09-14 12:40:42,North Bradleyside,AD,0
ACC003690,2026-09-14 12:40:42,Lake Christopher,SR,0
ACC001935,2026-09-14 12:40:43,Watsonview,BA,0
ACC002307,2026-09-14 12:40:43,Bellside,RS,0
ACC004726,2026-09-14 12:40:43,North Larryshire,EE,0
ACC004984,2026-09-14 12:40:43,East Michael,LA,0
ACC004330,2026-09-14 12:40:43,South Brian,MY,0
ACC001517,2026-09-14 12:40:43,Lake Lisa,TH,0
ACC004645,2026-09-14 12:40:44,East Vernon,GA,0
ACC002717,2026-09-14 12:40:44,East Jessicabury,KM,0
ACC004675,2026-09-14 12:40:44,Floresshire,AZ,0
ACC002427,2026-09-14 12:40:45,South Jessica,WS,0
ACC003633,2026-09-14 12:40:45,Abigailtown,PT,0
ACC004158,2026-09-14 12:40:45,Alexisfurt,IN,0
ACC003726,2026-09-14 12:40:46,Aguilarberg,KR,0
ACC001218,2026-09-14 12:40:46,Brianberg,IR,0
ACC003356,2026-09-14 12:40:47,Christieside,BS,1
ACC002169,2026-09-14 12:40:47,West Kaitlinland,CV,0
ACC004606,2026-09-14 12:40:47,North Tammyborough,MW,0
ACC004825,2026-09-14 12:40:47,East Kevin,BA,0
ACC004015,2026-09-14 12:40:47,West Dillonshire,HN,0
ACC004529,2026-09-14 12:40:48,Port Marthashire,SO,0
ACC000016,2026-09-14 12:40:49,Rothshire,UG,0
ACC002980,2026-09-14 12:40:49,Lake Stevenmouth,AO,0
ACC000930,2026-09-14 12:40:49,Petersenborough,US,0
ACC002858,2026-09-14 12:40:49,South Jessemouth,HU,0
ACC003827,2026-09-14 12:40:50,Cherryville,FM,0
ACC000795,2026-09-14 12:40:50,East Paula,CR,0
ACC004556,2026-09-14 12:40:51,Lake Joseph,GW,0
ACC003998,2026-09-14 12:40:51,Shelleyton,UG,0
ACC003952,2026-09-14 12:40:51,West Jenniferfort,ST,0
ACC001922,2026-09-14 12:40:52,West Raymondville,VU,0
ACC000709,2026-09-14 12:40:52,Jennifertown,AR,0
ACC003447,2026-09-14 12:40:52,Port Tanner,TM,0
ACC000118,2026-09-14 12:40:52,West Vicki,PW,0
ACC002779,2026-09-14 12:40:53,Heatherburgh,ER,1
ACC001602,2026-09-14 12:40:53,Brownside,MH,0
ACC003297,2026-09-14 12:40:53,Lake Shane,AR,0
ACC002702,2026-09-14 12:40:53,North Kayla,GH,0
ACC004024,2026-09-14 12:40:53,South Lindsay,AO,0
ACC001159,2026-09-14 12:40:54,North Mark,SE,0
ACC000580,2026-09-14 12:40:54,North Alyssa,CM,0
ACC004824,2026-09-14 12:40:54,Debraland,NL,0
ACC004553,2026-09-14 12:40:55,North Brandi,SM,0
ACC004469,2026-09-14 12:40:55,New Abigail,KP,1
ACC001342,2026-09-14 12:40:56,Christopherberg,BZ,0
ACC001822,2026-09-14 12:40:56,South Brandonmouth,MY,0
ACC001617,2026-09-14 12:40:56,Melissaland,TT,0
ACC003222,2026-09-14 12:40:57,Marieberg,BR,0
ACC003586,2026-09-14 12:40:57,Beverlyshire,GT,1
ACC003886,2026-09-14 12:40:58,Powellchester,SV,0
ACC000972,2026-09-14 12:40:58,Lawrenceberg,LY,0
ACC002087,2026-09-14 12:40:58,Blackshire,GH,0
ACC000516,2026-09-14 12:40:59,Williamfurt,SY,0
ACC003423,2026-09-14 12:41:00,Travishaven,ZM,0
ACC003245,2026-09-14 12:41:00,East Shawn,BS,1
ACC003062,2026-09-14 12:41:00,Halltown,OM,0
ACC004619,2026-09-14 12:41:01,Campbelltown,CI,0
ACC003012,2026-09-14 12:41:01,Nicholasfort,MD,0
ACC003379,2026-09-14 12:41:01,Parkerview,DO,0
ACC003061,2026-09-14 12:41:02,Joshuamouth,ER,0
ACC003882,2026-09-14 12:41:02,Karastad,MA,0
ACC001516,2026-09-14 12:41:02,Nguyenborough,BT,0
ACC001510,2026-09-14 12:41:03,Port Cynthiahaven,MH,1
ACC003481,2026-09-14 12:41:03,South Heatherhaven,BS,0
ACC003385,2026-09-14 12:41:03,Logantown,BH,0
ACC004134,2026-09-14 12:41:04,Juliantown,AE,0
ACC001161,2026-09-14 12:41:04,West Jane,KE,0
ACC000545,2026-09-14 12:41:05,Melendezburgh,DZ,0
ACC001023,2026-09-14 12:41:05,South Ianview,PE,0
ACC004431,2026-09-14 12:41:05,North Derek,AL,0
ACC000026,2026-09-14 12:41:05,Lake Michael,SO,0
ACC000802,2026-09-14 12:41:06,Lake Jennifer,GD,0
ACC002967,2026-09-14 12:41:06,Antonioside,TZ,0
ACC004564,2026-09-14 12:41:06,Chenburgh,WS,0
ACC001126,2026-09-14 12:41:07,Clarkside,BW,0
ACC002030,2026-09-14 12:41:07,Salazarstad,US,0
ACC002967,2026-09-14 12:41:07,East Marystad,BW,0
ACC004029,2026-09-14 12:41:08,Caitlinberg,ZA,0
ACC003545,2026-09-14 12:41:08,Ballport,KP,0
ACC001070,2026-09-14 12:41:09,South Jeffreyport,ID,0
ACC001426,2026-09-14 12:41:09,Heatherview,CO,0
ACC003503,2026-09-14 12:41:09,New Nicholas,TZ,0
ACC002181,2026-09-14 12:41:09,Jenniferhaven,IL,0
ACC001418,2026-09-14 12:41:09,Daniellehaven,PE,1
ACC003403,2026-09-14 12:41:10,Johnsonport,SK,0
ACC000168,2026-09-14 12:41:10,South Traceymouth,VN,0
ACC001737,2026-09-14 12:41:10,West Reneechester,QA,0
ACC003668,2026-09-14 12:41:11,Travisshire,IS,0
ACC004393,2026-09-14 12:41:11,Ramseyshire,PH,0
ACC002670,2026-09-14 12:41:11,Gilmoreville,BW,0
ACC000444,2026-09-14 12:41:12,Castroport,GB,0
ACC003931,2026-09-14 12:41:13,New Cory,MC,0
ACC002223,2026-09-14 12:41:13,Kaylastad,CG,0
ACC004375,2026-09-14 12:41:13,Goodmanburgh,PH,0
ACC002367,2026-09-14 12:41:13,Lake Richard,DE,0
ACC002778,2026-09-14 12:41:14,East Tonybury,EG,0
ACC003629,2026-09-14 12:41:14,Jenniferstad,NA,0
ACC001210,2026-09-14 12:41:15,Catherineberg,SY,0
ACC003308,2026-09-14 12:41:15,East Danielle,FM,0
ACC002637,2026-09-14 12:41:15,North Paul,BY,0
ACC002154,2026-09-14 12:41:15,Lake Robertoton,PA,0
ACC002813,2026-09-14 12:41:15,Lake Timothy,BY,0
ACC001663,2026-09-14 12:41:16,North Robert,PW,0
ACC002210,2026-09-14 12:41:16,Normanberg,EG,0
ACC002813,2026-09-14 12:41:17,South Valerieborough,MA,0
ACC003852,2026-09-14 12:41:17,South Samuel,GN,0
ACC003735,2026-09-14 12:41:17,West William,LK,0
ACC004303,2026-09-14 12:41:17,Port Philip,CR,0
ACC002327,2026-09-14 12:41:18,Port Danielmouth,TV,0
ACC003826,2026-09-14 12:41:18,Carolview,BI,0
ACC002232,2026-09-14 12:41:18,West Sharon,CH,0
ACC002975,2026-09-14 12:41:18,Jacobview,AE,0
ACC004938,2026-09-14 12:41:19,Meganland,DZ,0
ACC001939,2026-09-14 12:41:19,East Andreaburgh,PY,0
ACC003075,2026-09-14 12:41:19,South Karen,NR,0
ACC001750,2026-09-14 12:41:19,Fowlerland,TZ,0
ACC002048,2026-09-14 12:41:19,Lake Michael,TT,0
ACC003620,2026-09-14 12:41:19,Meyerston,GW,1
ACC001855,2026-09-14 12:41:20,Port Brianside,CN,0
ACC002498,2026-09-14 12:41:20,North Lauriefort,DE,0
ACC002761,2026-09-14 12:41:20,East Michelleberg,RU,0
ACC000686,2026-09-14 12:41:20,Andrewport,KP,0
ACC004634,2026-09-14 12:41:22,East Ryanfort,VN,0
ACC000847,2026-09-14 12:41:22,Peterstad,AO,1
ACC004893,2026-09-14 12:41:23,Smithview,ZM,0
ACC000413,2026-09-14 12:41:23,Johnland,VU,0
ACC004548,2026-09-14 12:41:24,Carriechester,UG,0
ACC002667,2026-09-14 12:41:24,South Mitchellmouth,ZM,0
ACC001918,2026-09-14 12:41:24,East Sandrashire,BZ,0
ACC004890,2026-09-14 12:41:25,Kingfurt,CZ,0
ACC004701,2026-09-14 12:41:25,Derrickhaven,ML,0
ACC004260,2026-09-14 12:41:26,South Garyview,DE,0
ACC004123,2026-09-14 12:41:26,Lake Lisafurt,CY,0
ACC002772,2026-09-14 12:41:26,New Jenniferchester,MG,0
ACC003315,2026-09-14 12:41:27,New Louis,HT,0
ACC001984,2026-09-14 12:41:27,Porterton,BG,0
ACC001805,2026-09-14 12:41:27,Amandabury,VA,0
ACC004329,2026-09-14 12:41:27,Williambury,NZ,1
ACC002667,2026-09-14 12:41:28,Beverlytown,BH,0
ACC004001,2026-09-14 12:41:28,Lake Dennis,KR,0
ACC002146,2026-09-14 12:41:28,Lake Jonathanside,BY,1
ACC003170,2026-09-14 12:41:28,Coryland,PL,1
ACC004937,2026-09-14 12:41:29,Danachester,NI,0
ACC002651,2026-09-14 12:41:30,South Brittanyview,HR,0
ACC004017,2026-09-14 12:41:30,West Christopher,VN,0
ACC003462,2026-09-14 12:41:30,West Crystalburgh,BZ,0
ACC002054,2026-09-14 12:41:31,Lake Andrew,SK,0
ACC001242,2026-09-14 12:41:31,New Austinshire,SM,0
ACC000677,2026-09-14 12:41:31,New Jamesmouth,LV,0
ACC002449,2026-09-14 12:41:31,Jamieland,ME,0
ACC003972,2026-09-14 12:41:32,Cookmouth,AE,0
ACC000664,2026-09-14 12:41:32,New Patrick,IN,0
ACC000761,2026-09-14 12:41:32,Lake Angelaton,LC,0
ACC000902,2026-09-14 12:41:32,North Michellehaven,AF,0
ACC001774,2026-09-14 12:41:33,West Ravenborough,BD,0
ACC002578,2026-09-14 12:41:33,Rebeccamouth,IE,0
ACC003856,2026-09-14 12:41:33,Port Kevinmouth,MA,0
ACC004830,2026-09-14 12:41:33,Angelaberg,GR,0
ACC004716,2026-09-14 12:41:33,North Anne,MR,0
ACC004748,2026-09-14 12:41:34,South Robertstad,PY,0
ACC002894,2026-09-14 12:41:34,Nortonstad,TD,0
ACC004918,2026-09-14 12:41:34,Lake Jeremyton,LB,0
ACC002021,2026-09-14 12:41:34,Hughesland,BN,1
ACC004208,2026-09-14 12:41:34,Davidmouth,AE,0
ACC002837,2026-09-14 12:41:35,East Mark,IS,0
ACC003532,2026-09-14 12:41:35,West Sabrinaburgh,TO,0
ACC000550,2026-09-14 12:41:35,Quinnmouth,MH,1
ACC004722,2026-09-14 12:41:36,Franciscoborough,CZ,0
ACC000448,2026-09-14 12:41:36,Mccartyberg,ST,0
ACC001543,2026-09-14 12:41:36,North Jefferyhaven,BS,0
ACC001778,2026-09-14 12:41:36,North Justinview,SN,0
ACC002713,2026-09-14 12:41:36,Lake Catherine,SG,0
ACC003764,2026-09-14 12:41:37,Jillport,EC,0
ACC001964,2026-09-14 12:41:37,Piercechester,MR,1
ACC003832,2026-09-14 12:41:37,North Kenneth,MG,1
ACC004365,2026-09-14 12:41:38,Port Kelsey,ER,0
ACC003186,2026-09-14 12:41:39,Stevenbury,ZW,0
ACC002984,2026-09-14 12:41:39,Goodmanbury,ST,0
ACC003449,2026-09-14 12:41:39,East Kenneth,TJ,0
ACC000270,2026-09-14 12:41:40,East Aaronhaven,PH,1
ACC003275,2026-09-14 12:41:40,West Nicholas,ME,0
ACC002334,2026-09-14 12:41:40,Gomezmouth,SN,0
ACC003282,2026-09-14 12:41:41,Paynefort,SV,0
ACC000945,2026-09-14 12:41:41,Charlotteberg,CY,0
ACC001179,2026-09-14 12:41:41,Hullville,BE,0
ACC003029,2026-09-14 12:41:42,West Kathrynchester,ML,0
ACC003440,2026-09-14 12:41:42,Port Michelle,IE,0
ACC004542,2026-09-14 12:41:42,Lake Craig,KI,0
ACC001326,2026-09-14 12:41:42,Grossland,ST,0
ACC000462,2026-09-14 12:41:42,Andradestad,GR,1
ACC004615,2026-09-14 12:41:43,New Joseph,KE,0
ACC000390,2026-09-14 12:41:43,Masonview,CA,0
ACC000281,2026-09-14 12:41:43,West Dylanside,OM,0
ACC004391,2026-09-14 12:41:44,Johnsonfort,BO,0
ACC004240,2026-09-14 12:41:44,Ashleychester,ET,0
ACC004243,2026-09-14 12:41:44,Sullivanhaven,IT,0
ACC001951,2026-09-14 12:41:45,New Tammyberg,MY,0
ACC004870,2026-09-14 12:41:46,North Nicolemouth,SE,0
ACC003020,2026-09-14 12:41:46,Collinsmouth,VC,0
ACC000273,2026-09-14 12:41:47,New Ericborough,ES,0
ACC004599,2026-09-14 12:41:47,Howardmouth,ES,0
ACC001676,2026-09-14 12:41:47,Smithland,ML,1
ACC000021,2026-09-14 12:41:48,Lake Brandon,YE,0
ACC000209,2026-09-14 12:41:48,West Lisa,ER,0
ACC001554,2026-09-14 12:41:48,South Jasminebury,DZ,0
ACC002732,2026-09-14 12:41:48,North Cristinaborough,SV,0
ACC004741,2026-09-14 12:41:48,New Monique,LT,0
ACC001100,2026-09-14 12:41:48,Justinland,CG,0
ACC002598,2026-09-14 12:41:49,Maryburgh,KR,0
ACC004808,2026-09-14 12:41:49,Johnsonshire,MY,0
ACC004712,2026-09-14 12:41:49,Lake Adamhaven,CN,0
ACC000517,2026-09-14 12:41:49,Lake Erica,ZM,0
ACC001179,2026-09-14 12:41:49,Jamesport,CZ,1
ACC000350,2026-09-14 12:41:49,New Michelle,BD,1
ACC000833,2026-09-14 12:41:50,Henryview,PW,0
ACC003241,2026-09-14 12:41:50,East Keith,ST,1
ACC000157,2026-09-14 12:41:50,New Kimberly,MN,0
ACC003138,2026-09-14 12:41:51,Port Peggyville,MY,0
ACC002034,2026-09-14 12:41:52,Suzannetown,TV,0
ACC004680,2026-09-14 12:41:53,Lake Diane,GE,0
ACC003550,2026-09-14 12:41:53,Lake Jonathan,CY,0
ACC001408,2026-09-14 12:41:53,South Tracymouth,IE,0
ACC003864,2026-09-14 12:41:54,North Christopher,TZ,0
ACC004241,2026-09-14 12:41:55,Lake Alexandraborough,NZ,0
ACC004634,2026-09-14 12:41:55,Holtville,ZM,0
ACC000230,2026-09-14 12:41:55,Port Martha,SL,0
ACC001023,2026-09-14 12:41:55,South Danielfort,CZ,0
ACC004542,2026-09-14 12:41:56,East Justinshire,NR,0
ACC002569,2026-09-14 12:41:56,Thomasmouth,TL,0
ACC002634,2026-09-14 12:41:56,North Melvin,BJ,0
ACC002801,2026-09-14 12:41:56,Lake Tina,CL,0
ACC002193,2026-09-14 12:41:56,New Jessicaborough,AZ,1
ACC001213,2026-09-14 12:41:56,Danielsbury,CA,0
ACC002953,2026-09-14 12:41:57,Fischermouth,CO,0
ACC004143,2026-09-14 12:41:57,Port Debbiemouth,IE,0
ACC000417,2026-09-14 12:41:57,Durhamton,RW,0
ACC003329,2026-09-14 12:41:57,West Phillipton,SB,0
ACC004802,2026-09-14 12:41:57,Amandastad,AF,0
ACC003385,2026-09-14 12:41:58,Audreymouth,HU,0
ACC004610,2026-09-14 12:41:58,Littlefort,IL,1
ACC003928,2026-09-14 12:41:59,North Danielborough,NA,0
ACC001173,2026-09-14 12:42:00,Ruizport,BI,1
ACC000040,2026-09-14 12:42:00,Benjaminfort,IT,0
ACC002179,2026-09-14 12:42:01,Kevinport,MZ,0
ACC001197,2026-09-14 12:42:01,Phillipsfort,TH,0
ACC002236,2026-09-14 12:42:01,Sarastad,SM,0
ACC002118,2026-09-14 12:42:01,New Juan,KZ,0
ACC002485,2026-09-14 12:42:01,East Scottfurt,BB,0
ACC003967,2026-09-14 12:42:02,Clinebury,MD,1
ACC003657,2026-09-14 12:42:02,Lake Veronica,GT,0
ACC003238,2026-09-14 12:42:02,Larachester,CO,0
ACC002968,2026-09-14 12:42:03,Chloemouth,BS,0
ACC004150,2026-09-14 12:42:03,Loriview,VE,1
ACC000906,2026-09-14 12:42:03,Lake Melanie,AE,0
ACC000634,2026-09-14 12:42:03,Lake Kellyhaven,FJ,1
ACC000306,2026-09-14 12:42:03,Howardhaven,CA,1
ACC000152,2026-09-14 12:42:03,Sullivanburgh,VN,1
ACC004129,2026-09-14 12:42:04,Port Audrey,CG,1
ACC004272,2026-09-14 12:42:04,Petersonmouth,SY,0
ACC003370,2026-09-14 12:42:04,South Lesliefurt,KG,0
ACC001319,2026-09-14 12:42:04,Michelleshire,SB,1
ACC003545,2026-09-14 12:42:05,Port Brandi,GQ,0
ACC001536,2026-09-14 12:42:05,Olsonhaven,BW,0
ACC001532,2026-09-14 12:42:06,Lake Kelsey,ER,0
ACC003412,2026-09-14 12:42:06,North Anita,LB,0
ACC001135,2026-09-14 12:42:07,Sanchezhaven,TW,0
ACC002502,2026-09-14 12:42:08,Lake Stacey,ME,0
ACC000601,2026-09-14 12:42:08,Port Jameschester,TM,0
ACC004761,2026-09-14 12:42:09,Kevinton,KN,1
ACC000091,2026-09-14 12:42:09,Kelseyville,AF,0
ACC002127,2026-09-14 12:42:09,Cooketon,ER,0
ACC004648,2026-09-14 12:42:09,Margaretmouth,FR,0
ACC004665,2026-09-14 12:42:10,Brownborough,TT,0
ACC000813,2026-09-14 12:42:10,Davishaven,GD,0
ACC001822,2026-09-14 12:42:10,West Daniel,MX,0
ACC001284,2026-09-14 12:42:10,Hubershire,TL,0
ACC002874,2026-09-14 12:42:11,Ellischester,BH,0
ACC003507,2026-09-14 12:42:12,Lake Michelleport,HU,0
ACC000634,2026-09-14 12:42:12,East Daniel,RS,0
ACC001774,2026-09-14 12:42:13,West James,LU,1
ACC004429,2026-09-14 12:42:13,Nicolefort,MY,0
ACC000734,2026-09-14 12:42:13,North Jeffrey,MN,1
ACC000135,2026-09-14 12:42:13,Lake Danielle,MX,0
ACC003205,2026-09-14 12:42:14,Jenniferville,GE,0
ACC003171,2026-09-14 12:42:14,North Arthur,MC,0
ACC003965,2026-09-14 12:42:15,Port Nicholas,BA,0
ACC002439,2026-09-14 12:42:15,Tinamouth,ST,0
ACC002035,2026-09-14 12:42:16,Charlesstad,BA,0
ACC004676,2026-09-14 12:42:16,Banksmouth,OM,0
ACC004163,2026-09-14 12:42:16,Carriefort,UG,0
ACC000505,2026-09-14 12:42:16,Harrishaven,VN,0
ACC000970,2026-09-14 12:42:17,Johnsonstad,BY,1
ACC004665,2026-09-14 12:42:17,Amberstad,PH,0
ACC000099,2026-09-14 12:42:17,Walkertown,KM,0
ACC003747,2026-09-14 12:42:17,Lake Donna,RW,0
ACC003262,2026-09-14 12:42:17,Fernandoland,TZ,0
ACC004748,2026-09-14 12:42:17,West William,LI,0
ACC003587,2026-09-14 12:42:17,New Daniellebury,JM,1
ACC002106,2026-09-14 12:42:18,South Lisa,CG,0
ACC003451,2026-09-14 12:42:18,Nicholashaven,ES,0
ACC000160,2026-09-14 12:42:18,Port Bryantown,BW,0
ACC004319,2026-09-14 12:42:19,Christopherside,SD,0
ACC002191,2026-09-14 12:42:20,Lake Nancyport,PK,0
ACC000792,2026-09-14 12:42:20,Ashleyport,NR,0
ACC002537,2026-09-14 12:42:20,East Stephaniebury,BA,0
ACC001697,2026-09-14 12:42:21,North Alyssa,MN,0
ACC003177,2026-09-14 12:42:22,Port Janice,LY,0
ACC004571,2026-09-14 12:42:22,East Richardview,EG,0
ACC002123,2026-09-14 12:42:22,Rosschester,GM,0
ACC004793,2026-09-14 12:42:22,South Pamela,SY,0
ACC002037,2026-09-14 12:42:22,New Angelafurt,DM,0
ACC000148,2026-09-14 12:42:22,Darleneburgh,NA,1
ACC003192,2026-09-14 12:42:25,Port Joshua,TV,0
ACC003303,2026-09-14 12:42:26,Kramerview,TN,0
ACC004866,2026-09-14 12:42:26,North Derekstad,CR,0
ACC001196,2026-09-14 12:42:26,South Jameschester,TT,0
ACC004223,2026-09-14 12:42:27,Meghanhaven,TG,0
ACC004057,2026-09-14 12:42:27,Nancyport,NP,0
ACC003902,2026-09-14 12:42:28,West Ruthshire,CM,0
ACC000932,2026-09-14 12:42:28,Lake Luis,AE,0
ACC001440,2026-09-14 12:42:28,West Heather,MN,0
ACC002806,2026-09-14 12:42:28,Tiffanybury,SA,0
ACC001711,2026-09-14 12:42:28,Port Cynthia,AG,0
ACC003628,2026-09-14 12:42:28,Lake Amanda,TR,0
ACC003452,2026-09-14 12:42:29,Lake Megantown,SE,0
ACC000668,2026-09-14 12:42:29,Swansonchester,KG,1
ACC001968,2026-09-14 12:42:29,North Brendaton,NA,0
ACC003072,2026-09-14 12:42:29,West Michaelberg,RU,0
ACC001659,2026-09-14 12:42:30,Lake Stephenville,DO,0
ACC001344,2026-09-14 12:42:30,Lake Shannon,AE,0
ACC004939,2026-09-14 12:42:30,North Timothytown,GM,0
ACC002232,2026-09-14 12:42:30,Jillianstad,RS,0
ACC000235,2026-09-14 12:42:30,South Stephen,MA,0
ACC001955,2026-09-14 12:42:31,Port Robertchester,JP,0
ACC004301,2026-09-14 12:42:31,New Ashleyfort,LT,1
ACC004514,2026-09-14 12:42:31,South Jeffreyton,TJ,0
ACC000781,2026-09-14 12:42:31,New Ariel,NP,0
ACC000755,2026-09-14 12:42:31,Davidfort,MX,0
ACC003079,2026-09-14 12:42:31,Carolynchester,HT,0
ACC003070,2026-09-14 12:42:32,New Michaelview,SO,0
ACC003058,2026-09-14 12:42:32,Pennyville,IN,0
ACC004100,2026-09-14 12:42:33,Mosleystad,MK,0
ACC002971,2026-09-14 12:42:33,Murraychester,EC,0
ACC001257,2026-09-14 12:42:33,Christopherfurt,BI,1
ACC004181,2026-09-14 12:42:34,Lake Angelview,MH,0
ACC000867,2026-09-14 12:42:35,New Jason,LB,0
ACC000554,2026-09-14 12:42:35,Steeleside,SM,1
ACC002185,2026-09-14 12:42:35,Barkerberg,AZ,0
ACC004107,2026-09-14 12:42:35,Salazarhaven,PG,0
ACC003019,2026-09-14 12:42:35,Lake William,BR,0
ACC000022,2026-09-14 12:42:36,Williamsborough,BA,0
ACC004109,2026-09-14 12:42:36,Cunninghamland,GT,0
ACC002066,2026-09-14 12:42:37,Ernestberg,MA,0
ACC002836,2026-09-14 12:42:37,New Joshuatown,PS,0
ACC003401,2026-09-14 12:42:37,East John,CD,0
ACC001167,2026-09-14 12:42:38,East Brian,FI,0
ACC001735,2026-09-14 12:42:38,Snydertown,BT,0
ACC003270,2026-09-14 12:42:38,North Vanessa,LR,0
ACC000559,2026-09-14 12:42:38,Floreschester,JO,0
ACC002290,2026-09-14 12:42:38,Port Melanie,BW,0
ACC002527,2026-09-14 12:42:38,Millerchester,IE,0
ACC003180,2026-09-14 12:42:41,Brookeland,MG,0
ACC000857,2026-09-14 12:42:41,West Douglasbury,MD,0
ACC002840,2026-09-14 12:42:41,Lake Donna,MN,0
ACC000203,2026-09-14 12:42:41,Jasonfort,JM,0
ACC004271,2026-09-14 12:42:41,Vincentfurt,BH,0
ACC001962,2026-09-14 12:42:42,East Angela,MY,0
ACC000363,2026-09-14 12:42:42,South Sheila,MR,0
ACC004650,2026-09-14 12:42:42,Port Gabrielle,SY,0
ACC004624,2026-09-14 12:42:42,Porterburgh,AM,0
ACC002713,2026-09-14 12:42:43,West Jake,MK,0
ACC004763,2026-09-14 12:42:43,South Samanthastad,TH,0
ACC000614,2026-09-14 12:42:43,West Lisa,GY,1
ACC003908,2026-09-14 12:42:43,Lisaburgh,KG,0
ACC004267,2026-09-14 12:42:44,Clarkbury,AG,0
ACC002877,2026-09-14 12:42:44,New Jackport,FI,1
ACC002282,2026-09-14 12:42:45,Conniemouth,AZ,0
ACC003365,2026-09-14 12:42:45,Christopherland,IN,0
ACC001744,2026-09-14 12:42:45,Jessicaland,KG,0
ACC004686,2026-09-14 12:42:45,Morrisonstad,TL,0
ACC002169,2026-09-14 12:42:45,South Carolstad,CD,0
ACC004578,2026-09-14 12:42:46,Collinsview,MD,0
ACC002914,2026-09-14 12:42:46,West Barbaraburgh,MU,0
ACC004269,2026-09-14 12:42:47,North Matthew,AO,1
ACC001199,2026-09-14 12:42:47,Brianbury,WS,0
ACC004642,2026-09-14 12:42:47,Smithville,CO,0
ACC001210,2026-09-14 12:42:47,Paigefurt,ER,0
ACC004576,2026-09-14 12:42:48,Freemanburgh,IN,0
ACC001498,2026-09-14 12:42:48,North Andrew,BF,0
ACC004907,2026-09-14 12:42:48,Spearschester,YE,0
ACC000414,2026-09-14 12:42:49,Johnton,GM,0
ACC001187,2026-09-14 12:42:49,Gordonfort,NE,0
ACC003598,2026-09-14 12:42:50,Ryanstad,UZ,0
ACC002913,2026-09-14 12:42:50,Kathrynside,PE,1
ACC002538,2026-09-14 12:42:50,Jonesstad,ET,1
ACC002759,2026-09-14 12:42:50,South Patriciabury,PE,1
ACC002013,2026-09-14 12:42:50,New Thomas,ER,0
ACC004020,2026-09-14 12:42:50,Brandonland,AG,0
ACC004927,2026-09-14 12:42:50,Mcintyremouth,SY,0
ACC004767,2026-09-14 12:42:51,South Gavinville,LS,0
ACC000448,2026-09-14 12:42:52,South David,CM,0
ACC000150,2026-09-14 12:42:52,Michaelshire,IT,0
ACC001919,2026-09-14 12:42:52,Amberstad,NI,0
ACC003956,2026-09-14 12:42:53,West Taylorstad,IS,0
ACC000515,2026-09-14 12:42:53,Holtshire,UZ,1
ACC002898,2026-09-14 12:42:54,North Luisstad,ST,0
ACC001559,2026-09-14 12:42:54,Crawfordborough,MZ,0
ACC002189,2026-09-14 12:42:54,Schwartzburgh,JM,0
ACC002967,2026-09-14 12:42:55,Helenshire,TL,0
ACC004551,2026-09-14 12:42:56,South Kathryn,IE,0
ACC003857,2026-09-14 12:42:56,Heathermouth,LU,0
ACC004407,2026-09-14 12:42:56,Jasminemouth,CZ,0
ACC004236,2026-09-14 12:42:56,Powersburgh,AD,0
ACC001243,2026-09-14 12:42:56,North Juanhaven,TG,0
ACC000648,2026-09-14 12:42:57,East Jennifer,BH,0
ACC003596,2026-09-14 12:42:57,Julieshire,SE,0
ACC004403,2026-09-14 12:42:58,Mayhaven,KR,0
ACC002070,2026-09-14 12:42:58,Lake Susan,TG,1
ACC000286,2026-09-14 12:42:59,Port Sandychester,JM,1
ACC003545,2026-09-14 12:42:59,North Nathan,SI,0
ACC004504,2026-09-14 12:42:59,East Denise,PH,1
ACC003208,2026-09-14 12:42:59,Barbaraland,BY,0
ACC000306,2026-09-14 12:43:00,East Jacobville,IR,0
ACC003507,2026-09-14 12:43:01,West Kimberly,EE,0
ACC003012,2026-09-14 12:43:01,Owenstad,MZ,0
ACC004583,2026-09-14 12:43:02,Lake Mary,GE,0
ACC004927,2026-09-14 12:43:02,South Caitlin,UZ,1
ACC004623,2026-09-14 12:43:02,North Shirleymouth,MV,0
ACC002712,2026-09-14 12:43:02,Matthewport,DO,0
ACC004696,2026-09-14 12:43:02,North Vickie,VA,0
ACC000469,2026-09-14 12:43:02,North Donaldborough,TO,0
ACC003257,2026-09-14 12:43:02,Lake Jaredberg,NI,0
ACC002135,2026-09-14 12:43:03,New Andrewport,CI,0
ACC001610,2026-09-14 12:43:04,Millerstad,CH,0
ACC003360,2026-09-14 12:43:05,Meganhaven,KG,0
ACC000850,2026-09-14 12:43:05,Gonzalezside,IN,0
ACC004749,2026-09-14 12:43:05,Lake Jessica,VC,1
ACC001648,2026-09-14 12:43:06,New Yvettechester,BE,0
ACC001722,2026-09-14 12:43:06,Rachelfurt,DO,0
ACC002934,2026-09-14 12:43:06,Jenniferville,AD,0
ACC001782,2026-09-14 12:43:06,New Anthonyberg,MU,0
ACC000463,2026-09-14 12:43:07,Donnastad,UG,0
ACC002761,2026-09-14 12:43:08,Jordanfort,HT,0
ACC002883,2026-09-14 12:43:08,Brownmouth,NE,0
ACC002808,2026-09-14 12:43:09,Lake Mark,NA,0
ACC002159,2026-09-14 12:43:09,Tammystad,MM,0
ACC000165,2026-09-14 12:43:09,Arnoldton,UZ,0
ACC000297,2026-09-14 12:43:10,New Heatherstad,PW,0
ACC000651,2026-09-14 12:43:11,Oliviafurt,CN,0
ACC002956,2026-09-14 12:43:11,North Richard,CG,0
ACC001053,2026-09-14 12:43:11,New Jaimemouth,BB,0
ACC003818,2026-09-14 12:43:12,Port Lisafort,LA,0
ACC002225,2026-09-14 12:43:12,East Megan,SL,0
ACC002872,2026-09-14 12:43:12,North Ginafort,SV,0
ACC003296,2026-09-14 12:43:13,Heathershire,NP,0
ACC002138,2026-09-14 12:43:13,East Darlene,CL,1
ACC001985,2026-09-14 12:43:13,Mariefurt,IS,0
ACC003983,2026-09-14 12:43:13,East Nicolasland,RW,0
ACC000114,2026-09-14 12:43:14,Michaelfurt,GY,0
ACC002780,2026-09-14 12:43:14,Maryview,PE,0
ACC000110,2026-09-14 12:43:14,Randallmouth,SY,0
ACC003254,2026-09-14 12:43:15,Lake Luisfurt,ID,0
ACC003112,2026-09-14 12:43:16,Millerview,AT,1
ACC001100,2026-09-14 12:43:16,Harristown,AF,0
ACC001371,2026-09-14 12:43:16,Margaretport,GY,0
ACC000884,2026-09-14 12:43:16,Kristenville,NA,0
ACC002589,2026-09-14 12:43:16,East Travisfurt,VA,0
ACC003160,2026-09-14 12:43:17,Coxland,MT,0
ACC000804,2026-09-14 12:43:17,Aliciaville,GA,0
ACC000902,2026-09-14 12:43:17,New Iantown,AG,0
ACC002178,2026-09-14 12:43:17,New Michelle,RW,0
ACC003181,2026-09-14 12:43:18,Derekside,AT,0
ACC004580,2026-09-14 12:43:19,Maddenview,SM,0
ACC001840,2026-09-14 12:43:19,North Jane,EE,0
ACC004740,2026-09-14 12:43:19,Josebury,EG,0
ACC001411,2026-09-14 12:43:20,Wongberg,IN,1
ACC001477,2026-09-14 12:43:22,Tammyberg,DZ,0
ACC003548,2026-09-14 12:43:22,Port Joan,ME,0
ACC002841,2026-09-14 12:43:22,East Jared,BF,0
ACC002369,2026-09-14 12:43:22,Kellybury,LU,0
ACC003395,2026-09-14 12:43:22,Lake Ralphview,CN,0
ACC003741,2026-09-14 12:43:22,Moniquestad,PK,0
ACC001309,2026-09-14 12:43:23,West Jasonshire,JP,0
ACC003426,2026-09-14 12:43:23,Lake Michaelfort,MK,0
ACC003616,2026-09-14 12:43:23,Guzmanside,KN,1
ACC000789,2026-09-14 12:43:23,North Renee,HU,1
ACC003361,2026-09-14 12:43:24,East Cindymouth,TO,0
ACC001012,2026-09-14 12:43:24,North Zacharyshire,TN,1
ACC004202,2026-09-14 12:43:24,East Taylorton,LK,0
ACC002699,2026-09-14 12:43:24,Lisaview,LS,0
ACC001479,2026-09-14 12:43:24,South Georgeton,AO,0
ACC002603,2026-09-14 12:43:24,Port Angelport,TD,0
ACC003309,2026-09-14 12:43:24,Danielstad,BZ,0
ACC004951,2026-09-14 12:43:25,East Benjamin,GR,0
ACC002795,2026-09-14 12:43:25,Amyberg,KZ,0
ACC001431,2026-09-14 12:43:25,West Anthonychester,UA,0
ACC004328,2026-09-14 12:43:25,Lauraside,WS,0
ACC000549,2026-09-14 12:43:25,Port Ericberg,AG,0
ACC001082,2026-09-14 12:43:26,North Jamesview,TR,0
ACC004668,2026-09-14 12:43:26,Michaelstad,DK,0
ACC004535,2026-09-14 12:43:26,West Jose,DE,1
ACC004651,2026-09-14 12:43:26,Andrewberg,LA,0
ACC000578,2026-09-14 12:43:26,Allenchester,PT,1
ACC002253,2026-09-14 12:43:27,Ginahaven,MT,0
ACC000754,2026-09-14 12:43:27,Jillton,JM,0
ACC001924,2026-09-14 12:43:27,South Garyton,AL,0
ACC001934,2026-09-14 12:43:28,East Jennifer,VN,0
ACC001741,2026-09-14 12:43:28,Calebmouth,TM,0
ACC003102,2026-09-14 12:43:28,New Davidchester,BF,0
ACC002952,2026-09-14 12:43:28,Ramirezside,GN,0
ACC001028,2026-09-14 12:43:28,West Michael,SI,0
ACC002665,2026-09-14 12:43:29,Nicholasshire,UZ,0
ACC001299,2026-09-14 12:43:29,Jamesborough,RO,0
ACC004628,2026-09-14 12:43:29,Heidiborough,RS,0
ACC003768,2026-09-14 12:43:30,Cantuland,ER,0
ACC001612,2026-09-14 12:43:30,West Erictown,SV,0
ACC000292,2026-09-14 12:43:31,New Emilyshire,TT,0
ACC001807,2026-09-14 12:43:31,Johnsonchester,CD,1
ACC002602,2026-09-14 12:43:32,Michaelfurt,LU,0
ACC003780,2026-09-14 12:43:32,North Christina,SO,1
ACC000310,2026-09-14 12:43:32,Cindyhaven,LS,0
ACC004513,2026-09-14 12:43:32,Stephenborough,IN,0
ACC002335,2026-09-14 12:43:32,North Jamesmouth,HT,0
ACC000152,2026-09-14 12:43:32,Caitlinchester,GY,1
ACC003282,2026-09-14 12:43:33,South Pamelashire,MV,0
ACC003218,2026-09-14 12:43:33,Reyesbury,WS,0
ACC001238,2026-09-14 12:43:33,Maryberg,AM,0
ACC002239,2026-09-14 12:43:33,Williamfurt,ER,0
ACC000639,2026-09-14 12:43:33,Daystad,YE,0
ACC000979,2026-09-14 12:43:34,Tammyberg,ME,0
ACC002941,2026-09-14 12:43:34,Whiteton,NG,0
ACC004644,2026-09-14 12:43:35,New Carol,CR,0
ACC001822,2026-09-14 12:43:35,Henryside,GE,0
ACC001856,2026-09-14 12:43:35,North Bradleyport,TW,0
ACC002891,2026-09-14 12:43:35,Wendybury,MG,0
ACC001169,2026-09-14 12:43:36,North Andrew,MA,0
ACC000849,2026-09-14 12:43:36,Salinasfort,SN,0
ACC003409,2026-09-14 12:43:36,New Danielburgh,LI,1
ACC003385,2026-09-14 12:43:36,Matthewmouth,SD,0
ACC000552,2026-09-14 12:43:37,East Allisonberg,LB,0
ACC001799,2026-09-14 12:43:37,New Juan,TM,0
ACC004335,2026-09-14 12:43:37,West Paulfort,HR,0
ACC002889,2026-09-14 12:43:38,Mercadoburgh,TL,0
ACC004085,2026-09-14 12:43:38,North Jenniferburgh,IN,0
ACC004440,2026-09-14 12:43:39,South Angela,CD,1
ACC003541,2026-09-14 12:43:39,Andrewburgh,AE,0
ACC002888,2026-09-14 12:43:39,Bergerland,CU,0
ACC003654,2026-09-14 12:43:39,Port Jameshaven,TR,0
ACC001850,2026-09-14 12:43:40,North Christopher,BN,0
ACC001574,2026-09-14 12:43:40,Batesview,RO,0
ACC000173,2026-09-14 12:43:40,Lake Markberg,DO,0
ACC000944,2026-09-14 12:43:40,Port Kayla,GH,0
ACC002559,2026-09-14 12:43:41,Jefferyhaven,LC,0
ACC002423,2026-09-14 12:43:41,South Williamchester,EC,1
ACC003417,2026-09-14 12:43:41,Moraleschester,IT,0
ACC002304,2026-09-14 12:43:41,North Desireetown,ET,0
ACC002768,2026-09-14 12:43:41,Velasquezland,SD,0
ACC003854,2026-09-14 12:43:42,Alexanderchester,GW,0
ACC002728,2026-09-14 12:43:42,North Clayton,IQ,0
ACC003430,2026-09-14 12:43:42,South Matthew,SG,0
ACC000822,2026-09-14 12:43:42,Vaughanborough,BO,0
ACC004481,2026-09-14 12:43:43,West Lindsayport,OM,0
ACC001671,2026-09-14 12:43:43,South Davidland,LY,0
ACC001580,2026-09-14 12:43:43,Sandersstad,IS,0
ACC003292,2026-09-14 12:43:43,Sheilamouth,IR,0
ACC001509,2026-09-14 12:43:44,Johnfurt,AO,0
ACC001354,2026-09-14 12:43:44,New Jenniferton,AM,1
ACC003680,2026-09-14 12:43:44,Deleonshire,AZ,1
ACC004578,2026-09-14 12:43:44,East Joshua,TR,0
ACC002481,2026-09-14 12:43:44,Jonesside,IE,0
ACC000773,2026-09-14 12:43:44,Waltonfurt,MR,0
ACC002701,2026-09-14 12:43:44,Solischester,BD,0
ACC002711,2026-09-14 12:43:45,Tranborough,DO,0
ACC003504,2026-09-14 12:43:45,Lake Christopher,DM,0
ACC004010,2026-09-14 12:43:45,Lake Tinatown,AG,0
ACC001624,2026-09-14 12:43:46,Caitlinberg,SD,0
ACC000413,2026-09-14 12:43:46,Tyronestad,GB,0
ACC004118,2026-09-14 12:43:46,Lambertbury,ME,0
ACC001853,2026-09-14 12:43:47,Sotoview,KE,0
ACC001630,2026-09-14 12:43:47,Andreaville,NI,0
ACC003754,2026-09-14 12:43:47,Mariahmouth,DZ,0
ACC003870,2026-09-14 12:43:48,West Melissa,LR,0
ACC002988,2026-09-14 12:43:48,South Jeremy,JM,0
ACC001975,2026-09-14 12:43:48,Port Derekfurt,SG,0
ACC000318,2026-09-14 12:43:49,South Michaelchester,UG,0
ACC002837,2026-09-14 12:43:49,Duartetown,ER,0
ACC004382,2026-09-14 12:43:49,Clarkshire,AF,0
ACC000511,2026-09-14 12:43:49,New Russell,BI,1
ACC000505,2026-09-14 12:43:49,West Kathleen,CY,0
ACC002917,2026-09-14 12:43:50,Lake Kimberly,IR,0
ACC002979,2026-09-14 12:43:50,Hubbardfurt,SN,0
ACC004141,2026-09-14 12:43:50,Hammondchester,BA,1
ACC004591,2026-09-14 12:43:51,Lanebury,SM,1
ACC002309,2026-09-14 12:43:51,North Jared,MH,0
ACC001432,2026-09-14 12:43:52,Joelbury,LI,0
ACC003100,2026-09-14 12:43:52,South Terri,DM,0
ACC004143,2026-09-14 12:43:53,Castilloport,BS,0
ACC001497,2026-09-14 12:43:53,Kingmouth,SD,0
ACC001736,2026-09-14 12:43:53,North Jade,SK,0
ACC003236,2026-09-14 12:43:53,West Danielle,UY,0
ACC001965,2026-09-14 12:43:54,Lake Eduardo,VN,0
ACC003510,2026-09-14 12:43:54,Harrisstad,DK,0
ACC001759,2026-09-14 12:43:55,Michaelview,NA,0
ACC000505,2026-09-14 12:43:55,Jeanetteshire,GQ,0
ACC003440,2026-09-14 12:43:56,South Raymondshire,AM,0
ACC003534,2026-09-14 12:43:56,East Jordanton,GD,0
ACC004052,2026-09-14 12:43:56,New Triciaburgh,ME,0
ACC002002,2026-09-14 12:43:56,North Nicole,VC,1
ACC004435,2026-09-14 12:43:56,Smithmouth,NI,0
ACC002044,2026-09-14 12:43:56,New Michaelberg,TG,0
ACC001214,2026-09-14 12:43:56,New Olivia,AL,1
ACC003620,2026-09-14 12:43:57,Heatherville,KR,0
ACC000479,2026-09-14 12:43:58,Port Jacobburgh,IQ,0
ACC002282,2026-09-14 12:43:58,Patrickview,ET,0
ACC004105,2026-09-14 12:43:58,Jonathanport,CI,0
ACC002716,2026-09-14 12:43:58,Reedmouth,VU,1
ACC000971,2026-09-14 12:43:58,Port Kimberly,BE,1
ACC003670,2026-09-14 12:43:58,Anitaland,KZ,0
ACC002097,2026-09-14 12:43:59,Ricemouth,MT,0
ACC002599,2026-09-14 12:44:00,Jonathanview,DM,0
ACC000203,2026-09-14 12:44:00,Wileychester,NA,0
ACC001833,2026-09-14 12:44:00,East Kimberlyview,RO,0
ACC000216,2026-09-14 12:44:01,Edwardport,IS,0
ACC002455,2026-09-14 12:44:01,New Michael,CU,1
ACC000794,2026-09-14 12:44:02,Hendersonside,CL,0
ACC003164,2026-09-14 12:44:02,Beltrantown,ZM,0
ACC001378,2026-09-14 12:44:02,Louisport,QA,0
ACC003608,2026-09-14 12:44:03,Caitlinfurt,NO,1
ACC002077,2026-09-14 12:44:03,Port Sarah,KN,0
ACC004395,2026-09-14 12:44:03,Lewisfort,BT,0
ACC002147,2026-09-14 12:44:04,West Christina,LA,0
ACC000463,2026-09-14 12:44:04,Lake Renee,BH,1
ACC002555,2026-09-14 12:44:04,Port Kellyhaven,MC,0
ACC001148,2026-09-14 12:44:04,Lake David,SD,0
ACC000655,2026-09-14 12:44:04,West Bruceton,JM,0
ACC002110,2026-09-14 12:44:05,New Susanfort,MH,0
ACC004619,2026-09-14 12:44:05,Fullerton,SA,0
ACC001834,2026-09-14 12:44:05,East Jessicaton,MV,0
ACC001279,2026-09-14 12:44:05,Dawsonborough,DE,0
ACC000333,2026-09-14 12:44:05,Lake Kara,VN,0
ACC000633,2026-09-14 12:44:06,Collinston,TW,0
ACC000569,2026-09-14 12:44:06,Port Justinmouth,SG,0
ACC002456,2026-09-14 12:44:07,Nicholasberg,HR,0
ACC004397,2026-09-14 12:44:07,New Matthewville,KI,0
ACC004127,2026-09-14 12:44:07,West Doris,PY,0
ACC000282,2026-09-14 12:44:07,Port Renee,SO,0
ACC003537,2026-09-14 12:44:08,New Justinchester,SR,0
ACC000219,2026-09-14 12:44:09,New Michael,NG,0
ACC002567,2026-09-14 12:44:09,Casehaven,KZ,0
ACC000086,2026-09-14 12:44:09,North Johnville,SE,0
ACC001698,2026-09-14 12:44:09,New Elizabethton,LR,0
ACC001845,2026-09-14 12:44:10,Barnesstad,BA,0
ACC004155,2026-09-14 12:44:10,Rodriguezshire,IT,0
ACC003633,2026-09-14 12:44:10,Justinview,MD,0
ACC000876,2026-09-14 12:44:11,Port Michaelberg,DE,0
ACC004625,2026-09-14 12:44:11,Jamesland,MU,0
ACC002059,2026-09-14 12:44:11,Maysport,MN,0
ACC001871,2026-09-14 12:44:11,Port Robertchester,SK,0
ACC004287,2026-09-14 12:44:11,Davidland,BZ,1
ACC001446,2026-09-14 12:44:12,New Bradleyshire,KI,1
ACC004699,2026-09-14 12:44:12,West Xavierstad,KI,0
ACC003048,2026-09-14 12:44:12,Eatonville,PW,0
ACC000879,2026-09-14 12:44:12,Melissaberg,AG,0
ACC000516,2026-09-14 12:44:13,Lake Jeffreyport,CL,0
ACC001033,2026-09-14 12:44:14,West Brandifort,MM,0
ACC001044,2026-09-14 12:44:14,Sarahchester,SY,0
ACC001104,2026-09-14 12:44:15,South Ericburgh,IS,0
ACC004454,2026-09-14 12:44:15,New Teresaville,SM,0
ACC004593,2026-09-14 12:44:15,Frazierburgh,AU,0
ACC003149,2026-09-14 12:44:16,Lake Conniefurt,FR,0
ACC004225,2026-09-14 12:44:16,Stephanietown,BJ,1
ACC002082,2026-09-14 12:44:16,Thomaschester,DE,0
ACC003844,2026-09-14 12:44:17,New Nicholas,KZ,0
ACC001856,2026-09-14 12:44:17,Williamston,MN,0
ACC002507,2026-09-14 12:44:17,West Ricardo,GM,0
ACC000821,2026-09-14 12:44:19,Brianbury,IR,0
ACC000672,2026-09-14 12:44:19,East Brianachester,RO,0
ACC004392,2026-09-14 12:44:19,New Ellen,TJ,0
ACC003135,2026-09-14 12:44:19,Hillberg,LS,0
ACC001856,2026-09-14 12:44:19,North Megan,MX,0
ACC003710,2026-09-14 12:44:20,Nicholastown,TJ,1
ACC000799,2026-09-14 12:44:20,Hamiltonview,NA,0
ACC002105,2026-09-14 12:44:20,Leachport,GD,0
ACC004833,2026-09-14 12:44:21,Lake Jonathan,MZ,0
ACC004560,2026-09-14 12:44:21,Kristinaview,GH,0
ACC000367,2026-09-14 12:44:21,Dorothyside,AE,0
ACC003415,2026-09-14 12:44:21,Lake Brittanyland,ME,0
ACC001072,2026-09-14 12:44:21,Silvafort,SB,0
ACC004829,2026-09-14 12:44:22,North Amyland,BR,0
ACC000585,2026-09-14 12:44:22,West Garrett,RS,0
ACC002769,2026-09-14 12:44:23,Lake Misty,SD,0
ACC001772,2026-09-14 12:44:24,Port Tracy,NL,0
ACC004136,2026-09-14 12:44:24,Port Tiffany,HU,1
ACC003738,2026-09-14 12:44:24,North David,TV,0
ACC003263,2026-09-14 12:44:24,Annaville,SZ,1
ACC003793,2026-09-14 12:44:24,Courtneyfurt,IR,0
ACC003121,2026-09-14 12:44:24,Andreabury,UZ,1
ACC000724,2026-09-14 12:44:25,Lake Laurenborough,MV,0
ACC003401,2026-09-14 12:44:26,New Williamland,ET,0
ACC000901,2026-09-14 12:44:26,Robertton,VN,0
ACC001712,2026-09-14 12:44:26,Port Lauren,NR,0
ACC000303,2026-09-14 12:44:27,Juarezfort,PY,0
ACC000279,2026-09-14 12:44:27,New Daniel,GT,0
ACC003587,2026-09-14 12:44:27,South Andreafort,SM,0
ACC000635,2026-09-14 12:44:27,Lake Fernandoberg,VN,0
ACC004111,2026-09-14 12:44:27,Port Maryborough,AE,0
ACC003979,2026-09-14 12:44:27,Angelafort,FR,0
ACC003432,2026-09-14 12:44:27,New Kathryn,SZ,0
ACC001947,2026-09-14 12:44:28,Navarroton,BT,0
ACC002315,2026-09-14 12:44:28,Thomaschester,HN,0
ACC004191,2026-09-14 12:44:28,Smithfort,BZ,0
ACC004169,2026-09-14 12:44:28,Walkertown,PK,0
ACC000338,2026-09-14 12:44:28,North Jessicafurt,DZ,0
ACC003321,2026-09-14 12:44:29,East Christyland,TR,0
ACC004574,2026-09-14 12:44:29,East Jason,ZM,0
ACC002975,2026-09-14 12:44:29,North Christopher,ZA,0
ACC002114,2026-09-14 12:44:30,Sarahburgh,CM,0
ACC003752,2026-09-14 12:44:30,East Joanmouth,NL,0
ACC003050,2026-09-14 12:44:30,Palmerfort,CM,0
ACC000127,2026-09-14 12:44:30,North Daleborough,AU,0
ACC003296,2026-09-14 12:44:31,Michaelview,CO,1
ACC003926,2026-09-14 12:44:31,East Christopherborough,GB,0
ACC003530,2026-09-14 12:44:31,New Jeffery,CY,0
ACC004038,2026-09-14 12:44:31,West Pennybury,ID,0
ACC001482,2026-09-14 12:44:31,West Michael,NI,1
ACC003221,2026-09-14 12:44:31,Kimberlyside,AT,0
ACC003078,2026-09-14 12:44:31,Sparkstown,SN,0
ACC004756,2026-09-14 12:44:32,Billyburgh,HR,0
ACC001795,2026-09-14 12:44:32,Millermouth,KW,1
ACC003129,2026-09-14 12:44:32,Dianaland,GE,0
ACC002365,2026-09-14 12:44:32,Hendersonchester,BT,0
ACC003413,2026-09-14 12:44:32,New Dianamouth,DE,0
ACC000431,2026-09-14 12:44:33,Port Douglasshire,IN,0
ACC002349,2026-09-14 12:44:33,North Charles,AO,0
ACC004855,2026-09-14 12:44:34,Henryberg,HU,0
ACC002783,2026-09-14 12:44:34,West Karen,MR,0
ACC000530,2026-09-14 12:44:34,West Ashleyville,ME,0
ACC004889,2026-09-14 12:44:34,New Cynthia,CL,0
ACC002239,2026-09-14 12:44:34,Port Daniel,AU,1
ACC004938,2026-09-14 12:44:35,Connieton,AT,0
ACC000721,2026-09-14 12:44:35,Deborahmouth,SL,0
ACC000628,2026-09-14 12:44:35,Cortezton,ML,1
ACC003325,2026-09-14 12:44:35,Lake Mario,CL,0
ACC002052,2026-09-14 12:44:36,Brandifort,UG,0
ACC003497,2026-09-14 12:44:37,East Shannonborough,GB,0
ACC004987,2026-09-14 12:44:37,Andersonhaven,VU,0
ACC003590,2026-09-14 12:44:38,Nicholefort,LU,0
ACC000770,2026-09-14 12:44:39,East Wendychester,KZ,0
ACC004495,2026-09-14 12:44:39,West Jessica,GA,0
ACC003465,2026-09-14 12:44:39,Lake Dustinview,ZM,0
ACC003092,2026-09-14 12:44:39,Port Jessica,KZ,0
ACC003904,2026-09-14 12:44:39,East Courtney,RS,0
ACC001882,2026-09-14 12:44:39,Port Stephenmouth,LA,0
ACC004169,2026-09-14 12:44:40,North David,IE,0
ACC003882,2026-09-14 12:44:41,Jenniferland,TT,0
ACC001905,2026-09-14 12:44:42,New Lauriefurt,MD,0
ACC004156,2026-09-14 12:44:42,Griffinland,MH,0
ACC003165,2026-09-14 12:44:43,Graymouth,ML,0
ACC004807,2026-09-14 12:44:43,Chloefurt,PS,0
ACC001967,2026-09-14 12:44:43,East Johnfurt,LB,0
ACC004693,2026-09-14 12:44:43,South Lynnmouth,MH,0
ACC000495,2026-09-14 12:44:43,Joshuaborough,IN,0
ACC003315,2026-09-14 12:44:44,Marilynchester,EE,0
ACC001273,2026-09-14 12:44:44,Browningberg,SV,0
ACC003548,2026-09-14 12:44:44,Stephentown,BR,0
ACC001606,2026-09-14 12:44:44,Valdezshire,SC,0
ACC003552,2026-09-14 12:44:44,Ashleyland,IR,0
ACC004947,2026-09-14 12:44:45,Lisafurt,GA,0
ACC004588,2026-09-14 12:44:45,Myersland,DK,0
ACC001351,2026-09-14 12:44:45,Floresbury,KI,0
ACC003234,2026-09-14 12:44:45,South Andres,PL,0
ACC001617,2026-09-14 12:44:45,North Elizabeth,TN,0
ACC000147,2026-09-14 12:44:46,South Joshualand,AO,0
ACC004966,2026-09-14 12:44:46,New Kendraview,GW,0
ACC000907,2026-09-14 12:44:47,Tuckerhaven,CR,0
ACC001336,2026-09-14 12:44:47,South Walter,IQ,1
ACC004632,2026-09-14 12:44:47,New Barbarabury,US,0
ACC001612,2026-09-14 12:44:47,Danieltown,IT,0
ACC003976,2026-09-14 12:44:48,West Elizabethport,GQ,0
ACC000492,2026-09-14 12:44:48,Ginashire,AD,0
ACC003847,2026-09-14 12:44:48,Wushire,AM,0
ACC004942,2026-09-14 12:44:48,Lake Joseph,NZ,0
ACC000133,2026-09-14 12:44:49,Bradleyland,VE,1
ACC000174,2026-09-14 12:44:49,Summersville,PY,0
ACC002419,2026-09-14 12:44:49,Alecmouth,TG,0
ACC003896,2026-09-14 12:44:49,Lake Renee,BF,0
ACC004404,2026-09-14 12:44:49,Gomezhaven,DZ,0
ACC003416,2026-09-14 12:44:49,Porterbury,MH,0
ACC004347,2026-09-14 12:44:50,Moniquechester,BR,0
ACC001938,2026-09-14 12:44:51,East Robin,AE,1
ACC004847,2026-09-14 12:44:51,North Mitchelltown,VE,0
ACC004924,2026-09-14 12:44:51,Lake Donald,PT,0
ACC004094,2026-09-14 12:44:51,Wadechester,ZA,0
ACC002186,2026-09-14 12:44:52,Whitebury,AL,0
ACC002685,2026-09-14 12:44:52,Port Melissa,FI,0
ACC004105,2026-09-14 12:44:52,Lynchborough,CA,0
ACC003118,2026-09-14 12:44:52,Stacyville,CG,0
ACC004000,2026-09-14 12:44:53,North Andrewfort,NZ,0
ACC004201,2026-09-14 12:44:53,Kaylatown,MZ,1
ACC000923,2026-09-14 12:44:53,Brownview,AM,0
ACC002944,2026-09-14 12:44:53,West Davidview,FI,0
ACC000035,2026-09-14 12:44:54,Lake Nicoleport,KN,0
ACC003665,2026-09-14 12:44:54,South Daniel,GR,0
ACC004804,2026-09-14 12:44:55,Port Meganport,UA,0
ACC002928,2026-09-14 12:44:55,North Tracihaven,SC,0
ACC000847,2026-09-14 12:44:55,East Kaitlyn,IE,0
ACC001133,2026-09-14 12:44:55,Marktown,ZM,0
ACC002622,2026-09-14 12:44:55,Craigmouth,SE,0
ACC000163,2026-09-14 12:44:57,Bookerburgh,TN,0
ACC003766,2026-09-14 12:44:57,Kennethmouth,BB,0
ACC001854,2026-09-14 12:44:57,New Kyle,NL,0
ACC003108,2026-09-14 12:44:57,Frankside,KP,1
ACC001565,2026-09-14 12:44:57,Christineborough,ML,1
ACC000254,2026-09-14 12:44:57,Allenmouth,GH,0
ACC001956,2026-09-14 12:44:58,North Donnaburgh,MD,1
ACC004393,2026-09-14 12:44:59,Fowlerhaven,PY,0
ACC000650,2026-09-14 12:44:59,Lake Jasminehaven,CR,0
ACC000713,2026-09-14 12:45:00,West Sharon,IE,0
ACC001386,2026-09-14 12:45:00,West Johnfurt,IN,0
ACC003938,2026-09-14 12:45:00,Jameston,UG,0
ACC000548,2026-09-14 12:45:00,Christinamouth,WS,0
ACC004241,2026-09-14 12:45:01,Nicoleshire,OM,1
ACC004061,2026-09-14 12:45:01,Matthewview,TL,0
ACC000794,2026-09-14 12:45:01,Vanessamouth,MD,0
ACC004114,2026-09-14 12:45:01,New Gabriela,DO,0
ACC000758,2026-09-14 12:45:02,Hernandezhaven,TV,0
ACC002512,2026-09-14 12:45:02,East Stacey,EC,0
ACC002056,2026-09-14 12:45:02,North Elizabethport,SE,0
ACC002435,2026-09-14 12:45:02,Larsonmouth,AO,0
ACC004884,2026-09-14 12:45:03,North Anthony,KZ,0
ACC000385,2026-09-14 12:45:03,Howellmouth,CU,0
ACC003099,2026-09-14 12:45:04,East Karenport,GY,0
ACC004877,2026-09-14 12:45:04,Smithborough,KE,0
ACC001252,2026-09-14 12:45:04,Kingmouth,BO,0
ACC001791,2026-09-14 12:45:04,Port Travis,PS,1
ACC004437,2026-09-14 12:45:05,Salazarberg,QA,0
ACC000129,2026-09-14 12:45:06,Annaton,HN,0
ACC003514,2026-09-14 12:45:06,Bowenfort,SL,0
ACC001303,2026-09-14 12:45:06,Coopertown,GD,0
ACC002736,2026-09-14 12:45:06,West Heatherside,CG,0
ACC004786,2026-09-14 12:45:06,Riceville,CG,0
ACC000523,2026-09-14 12:45:08,North Charlesville,TO,0
ACC003423,2026-09-14 12:45:08,North Elizabethland,KR,0
ACC004108,2026-09-14 12:45:08,Dawnton,BG,0
ACC001313,2026-09-14 12:45:09,Amyfort,KP,0
ACC001586,2026-09-14 12:45:09,Dayburgh,BB,0
ACC002037,2026-09-14 12:45:09,East Matthew,RS,0
ACC004827,2026-09-14 12:45:09,New Michaelburgh,CG,0
ACC000589,2026-09-14 12:45:09,Thomaschester,NO,0
ACC003200,2026-09-14 12:45:09,New Jacquelineburgh,CZ,1
ACC001179,2026-09-14 12:45:10,North Rachaelhaven,JM,0
ACC004658,2026-09-14 12:45:11,Monicaberg,HU,0
ACC002920,2026-09-14 12:45:11,Rebeccaland,LK,0
ACC002850,2026-09-14 12:45:11,Jordanshire,SO,0
ACC002589,2026-09-14 12:45:11,Marshallview,RW,0
ACC001228,2026-09-14 12:45:11,South Michaelchester,PT,0
ACC004775,2026-09-14 12:45:11,South Scottshire,MC,0
ACC001375,2026-09-14 12:45:11,North Debra,MX,0
ACC000121,2026-09-14 12:45:12,Lynchport,KM,0
ACC001264,2026-09-14 12:45:12,Hillchester,JP,0
ACC003082,2026-09-14 12:45:12,Gonzalezhaven,KP,0
ACC003844,2026-09-14 12:45:12,East Kellyton,GN,1
ACC004845,2026-09-14 12:45:12,West Mitchellburgh,HU,0
ACC001553,2026-09-14 12:45:13,Leeton,MX,1
ACC002300,2026-09-14 12:45:14,West Jennifer,BH,0
ACC004008,2026-09-14 12:45:14,Smithbury,GB,0
ACC004790,2026-09-14 12:45:14,Lake Cathy,CA,0
ACC001783,2026-09-14 12:45:14,Kellyside,CR,0
ACC000327,2026-09-14 12:45:15,East Kevin,PG,0
ACC002763,2026-09-14 12:45:15,Laurenhaven,KW,0
ACC003815,2026-09-14 12:45:16,South Caitlin,TO,0
ACC002833,2026-09-14 12:45:16,Scotthaven,TZ,0
ACC000779,2026-09-14 12:45:16,Alvaradoview,GN,0
ACC001763,2026-09-14 12:45:16,South Emilyside,MU,0
ACC002956,2026-09-14 12:45:17,South Kellyborough,HT,0
ACC000130,2026-09-14 12:45:17,Janiceland,DO,0
ACC002682,2026-09-14 12:45:17,Jessicachester,ME,0
ACC004548,2026-09-14 12:45:17,Jenniferville,SM,1
ACC000079,2026-09-14 12:45:18,Stouttown,GM,0
ACC004449,2026-09-14 12:45:18,Janetfurt,EG,1
ACC004774,2026-09-14 12:45:18,Jacquelinefurt,CH,0
ACC000472,2026-09-14 12:45:18,East Sherri,TJ,0
ACC003867,2026-09-14 12:45:18,Jayfort,BF,0
ACC001999,2026-09-14 12:45:18,Kevinfurt,BA,0
ACC003909,2026-09-14 12:45:18,East Thomas,BR,0
ACC004454,2026-09-14 12:45:18,Davidstad,CV,0
ACC003169,2026-09-14 12:45:19,Robinsonville,UA,1
ACC002941,2026-09-14 12:45:20,Michaelmouth,NZ,0
ACC001882,2026-09-14 12:45:20,Carrietown,US,0
ACC000994,2026-09-14 12:45:20,West Anthonyfort,KW,0
ACC004798,2026-09-14 12:45:20,North Susanborough,EE,1
ACC004984,2026-09-14 12:45:21,Antonioton,CM,0
ACC003588,2026-09-14 12:45:21,West Johnathanstad,AR,0
ACC000988,2026-09-14 12:45:22,Port Logan,ZW,0
ACC002386,2026-09-14 12:45:22,New Kenneth,TL,0
ACC002246,2026-09-14 12:45:22,Ramirezview,TW,0
ACC001602,2026-09-14 12:45:22,South Michaelland,KM,0
ACC003916,2026-09-14 12:45:23,East Richardshire,GA,0
ACC002619,2026-09-14 12:45:23,Susanburgh,DZ,0
ACC003554,2026-09-14 12:45:23,East Shane,TJ,0
ACC000103,2026-09-14 12:45:23,Jessicastad,IE,1
ACC000349,2026-09-14 12:45:24,Port Garrettfort,TW,0
ACC004417,2026-09-14 12:45:24,Port Stacey,SL,0
ACC003036,2026-09-14 12:45:24,South Scott,PS,0
ACC000397,2026-09-14 12:45:25,New Rachelchester,CF,1
ACC004485,2026-09-14 12:45:25,South Deborahmouth,TT,0
ACC004600,2026-09-14 12:45:25,Rodneymouth,TM,0
ACC001632,2026-09-14 12:45:26,Jenniferside,TW,0
ACC004021,2026-09-14 12:45:26,Mcdowellberg,AR,0
ACC003811,2026-09-14 12:45:26,Adamborough,TT,0
ACC001889,2026-09-14 12:45:26,East Erictown,PS,0
ACC000037,2026-09-14 12:45:27,West Mark,CI,0
ACC004774,2026-09-14 12:45:27,Hernandezview,RW,0
ACC003641,2026-09-14 12:45:27,North Meghanmouth,BS,0
ACC000789,2026-09-14 12:45:28,Christopherland,TG,1
ACC001608,2026-09-14 12:45:29,Port Maxwellberg,SC,0
ACC003066,2026-09-14 12:45:29,New Adam,AZ,1
ACC004932,2026-09-14 12:45:29,Lake Donna,TT,0
ACC002874,2026-09-14 12:45:29,Lake Nicolefort,TD,1
ACC004755,2026-09-14 12:45:30,Port Lucasville,EG,0
ACC003039,2026-09-14 12:45:30,Lake Glenn,TT,0
ACC003776,2026-09-14 12:45:30,New Michellemouth,SL,0
ACC001535,2026-09-14 12:45:30,Watkinschester,ST,0
ACC001889,2026-09-14 12:45:30,South William,SI,0
ACC000031,2026-09-14 12:45:30,Jeromeshire,DO,0
ACC004554,2026-09-14 12:45:31,Port Donna,YE,0
ACC000416,2026-09-14 12:45:32,Lake Gregory,GE,0
ACC004873,2026-09-14 12:45:32,Nelsonchester,BE,0
ACC000530,2026-09-14 12:45:32,East Shelleyside,NA,0
ACC001912,2026-09-14 12:45:32,Kelseymouth,HN,0
ACC001368,2026-09-14 12:45:32,East Kelly,IL,0
ACC000062,2026-09-14 12:45:33,Lake Teresamouth,ML,0
ACC004437,2026-09-14 12:45:33,Port Rachael,SM,0
ACC004234,2026-09-14 12:45:33,Suttonside,DJ,0
ACC003947,2026-09-14 12:45:33,West Patricktown,PY,0
ACC003683,2026-09-14 12:45:34,Port Travis,AE,0
ACC002937,2026-09-14 12:45:35,Erinshire,CM,0
ACC004751,2026-09-14 12:45:35,Brendaside,MZ,0
ACC001266,2026-09-14 12:45:36,Samanthaland,TG,1
ACC002474,2026-09-14 12:45:36,West Jasonchester,BZ,0
ACC001494,2026-09-14 12:45:36,Shawnstad,FI,0
ACC001830,2026-09-14 12:45:37,Jamesmouth,LA,0
ACC002240,2026-09-14 12:45:37,South James,LB,0
ACC003636,2026-09-14 12:45:37,Russellmouth,NG,0
ACC004558,2026-09-14 12:45:37,West Josephton,RW,0
ACC001028,2026-09-14 12:45:37,Marcusburgh,BJ,0
ACC000323,2026-09-14 12:45:38,West David,KR,0
ACC001410,2026-09-14 12:45:39,Smithville,BB,0
ACC001844,2026-09-14 12:45:40,East Kayla,HR,0
ACC003768,2026-09-14 12:45:40,South Lisashire,PS,0
ACC002204,2026-09-14 12:45:40,East Georgetown,RU,0
ACC000102,2026-09-14 12:45:40,Port Holly,GN,0
ACC002743,2026-09-14 12:45:41,South Deniseland,NG,0
ACC003425,2026-09-14 12:45:41,South Kenneth,MH,0
ACC001791,2026-09-14 12:45:41,Andrewland,CH,0
ACC004875,2026-09-14 12:45:42,Tracystad,JP,0
ACC000752,2026-09-14 12:45:42,Camachoport,DZ,0
ACC003214,2026-09-14 12:45:42,Nicholsmouth,CR,0
ACC003821,2026-09-14 12:45:43,Harringtonstad,SD,1
ACC003674,2026-09-14 12:45:44,Donnashire,TV,0
ACC002345,2026-09-14 12:45:44,Beckyhaven,CV,0
ACC000166,2026-09-14 12:45:44,West Bradley,ML,1
ACC000550,2026-09-14 12:45:45,West Lauraport,BZ,0
ACC004629,2026-09-14 12:45:46,Port Johnburgh,GH,0
ACC003042,2026-09-14 12:45:46,Lake John,PS,0
ACC003359,2026-09-14 12:45:46,Hunterhaven,GW,0
ACC001742,2026-09-14 12:45:46,Hodgesland,NI,0
ACC002734,2026-09-14 12:45:47,Troychester,NO,0
ACC001176,2026-09-14 12:45:47,North Stevenland,CD,0
ACC003784,2026-09-14 12:45:47,Harrellport,KW,0
ACC004644,2026-09-14 12:45:48,East Sheila,GQ,1
ACC002570,2026-09-14 12:45:48,Jasonstad,OM,0
ACC004879,2026-09-14 12:45:48,Markview,SR,0
ACC002574,2026-09-14 12:45:48,Lake Cathy,MC,0
ACC000269,2026-09-14 12:45:48,Brianville,BE,0
ACC000898,2026-09-14 12:45:49,West Robert,UY,0
ACC003946,2026-09-14 12:45:50,East Tyler,CR,0
ACC000674,2026-09-14 12:45:50,Johnport,SM,0
ACC000015,2026-09-14 12:45:50,Wagnerport,KI,0
ACC001169,2026-09-14 12:45:50,Lloydland,GY,0
ACC003685,2026-09-14 12:45:50,Collinschester,MX,0
ACC000328,2026-09-14 12:45:51,West Lauren,ET,0
ACC004446,2026-09-14 12:45:51,South Hector,YE,0
ACC000458,2026-09-14 12:45:52,Port Anthonystad,VA,0
ACC004441,2026-09-14 12:45:52,Veronicaview,AU,0
ACC003149,2026-09-14 12:45:52,North Cynthiafurt,ME,0
ACC001443,2026-09-14 12:45:53,New Jessica,CU,0
ACC001677,2026-09-14 12:45:53,Mikaylaborough,AZ,0
ACC003180,2026-09-14 12:45:53,East Christopherside,TR,0
ACC004489,2026-09-14 12:45:54,Lake Maria,MR,0
ACC001000,2026-09-14 12:45:54,East Pamela,LS,0
ACC002392,2026-09-14 12:45:55,New William,SD,0
ACC000463,2026-09-14 12:45:55,West Michaelport,IL,0
ACC001726,2026-09-14 12:45:55,Carlaville,VU,0
ACC000438,2026-09-14 12:45:56,Garretttown,MD,0
ACC001480,2026-09-14 12:45:56,Reedmouth,TD,0
ACC004058,2026-09-14 12:45:56,New Heatherport,CV,0
ACC002327,2026-09-14 12:45:56,Laurenmouth,SO,0
ACC004756,2026-09-14 12:45:56,Daisymouth,TZ,1
ACC001859,2026-09-14 12:45:56,West Cameron,TD,0
ACC004991,2026-09-14 12:45:56,Robinsonberg,CO,0
ACC002227,2026-09-14 12:45:56,Port Christopherchester,EC,0
ACC002649,2026-09-14 12:45:58,Blackmouth,FM,0
ACC002098,2026-09-14 12:45:58,Sotostad,UG,0
ACC004042,2026-09-14 12:45:58,Roblesberg,FI,0
ACC000033,2026-09-14 12:45:58,Quinnmouth,SI,0
ACC004636,2026-09-14 12:45:58,Andrewfurt,HR,1
ACC000842,2026-09-14 12:45:58,North Benjaminmouth,VE,0
ACC002659,2026-09-14 12:45:59,New Anthony,CI,0
ACC003775,2026-09-14 12:45:59,Jordanfort,NI,0
ACC004461,2026-09-14 12:45:59,Lake Donna,KH,0
ACC003731,2026-09-14 12:45:59,Karafort,BH,0
ACC002049,2026-09-14 12:45:59,New Robertport,LV,0
ACC001452,2026-09-14 12:46:00,Watsonburgh,DK,0
ACC000169,2026-09-14 13:39:59,Carrville,GH,0
ACC004576,2026-09-14 13:39:59,South Richard,OM,0
ACC001732,2026-09-14 13:40:00,South Richardbury,KG,0
ACC003154,2026-09-14 13:40:00,Thomashaven,MV,0
ACC003647,2026-09-14 13:40:01,Christopherberg,SN,0
ACC002489,2026-09-14 13:40:01,North Kara,QA,0
ACC001573,2026-09-14 13:40:01,East Jennifer,CO,0
ACC000531,2026-09-14 13:40:02,East Tammyburgh,GQ,0
ACC000980,2026-09-14 13:40:02,South Matthew,LU,0
ACC002415,2026-09-14 13:40:02,Port Breannaland,VU,0
ACC000169,2026-09-14 13:40:02,Yatesmouth,VN,0
ACC004996,2026-09-14 13:40:02,Rasmussenland,KH,1
ACC001215,2026-09-14 13:40:03,Port Samuel,JP,0
ACC001855,2026-09-14 13:40:04,Mataville,NO,1
ACC000030,2026-09-14 13:40:05,East Michaelbury,SB,0
ACC002139,2026-09-14 13:40:05,West John,NP,0
ACC003275,2026-09-14 13:40:05,Patelview,GA,0
ACC000392,2026-09-14 13:40:06,North Ryan,JO,0
ACC001746,2026-09-14 13:40:06,Matthewfort,MY,0
ACC003067,2026-09-14 13:40:06,Westburgh,SC,0
ACC003111,2026-09-14 13:40:06,Port Nicole,SK,0
ACC000721,2026-09-14 13:40:07,East Johnfurt,KZ,0
ACC001900,2026-09-14 13:40:07,Robertview,GM,0
ACC002103,2026-09-14 13:40:08,New Timothy,HN,1
ACC001534,2026-09-14 13:40:08,Marshallfurt,UA,0
ACC003249,2026-09-14 13:40:08,East Jessicatown,PW,0
ACC003800,2026-09-14 13:40:08,New Kendramouth,ZA,0
ACC003161,2026-09-14 13:40:09,New Veronicamouth,AF,1
ACC003770,2026-09-14 13:40:09,Sparksville,ES,0
ACC004199,2026-09-14 13:40:09,Williamsonfort,MY,0
ACC000647,2026-09-14 13:40:09,Edwinmouth,LK,0
ACC003567,2026-09-14 13:40:11,Port Greg,LR,0
ACC003902,2026-09-14 13:40:11,North Donald,RO,0
ACC003972,2026-09-14 13:40:11,Sheilaborough,MG,0
ACC004529,2026-09-14 13:40:12,New Nancy,VA,0
ACC002037,2026-09-14 13:40:12,Silvaborough,AZ,1
ACC001051,2026-09-14 13:40:12,Montoyatown,NR,0
ACC000386,2026-09-14 13:40:13,Ernesttown,MU,0
ACC004656,2026-09-14 13:40:13,East Victoriatown,MN,0
ACC000049,2026-09-14 13:40:14,Danaberg,HU,0
ACC000055,2026-09-14 13:40:14,Barbermouth,GN,0
ACC003332,2026-09-14 13:40:15,South Holly,NZ,0
ACC001901,2026-09-14 13:40:15,North Josephview,LU,0
ACC003565,2026-09-14 13:40:15,Kellyburgh,DJ,0
ACC003862,2026-09-14 13:40:15,Silvaburgh,TM,0
ACC004148,2026-09-14 13:40:15,Littlemouth,TT,0
ACC004835,2026-09-14 13:40:15,Jessicatown,PA,0
ACC003684,2026-09-14 13:40:16,Johnland,MY,0
ACC001311,2026-09-14 13:40:17,Coleland,TJ,0
ACC004239,2026-09-14 13:40:17,East Robertbury,KP,0
ACC004412,2026-09-14 13:40:17,Moralesmouth,GW,0
ACC004715,2026-09-14 13:40:18,East Rachel,AZ,0
ACC003736,2026-09-14 13:40:18,Snowhaven,DK,0
ACC003036,2026-09-14 13:40:19,Christopherhaven,LV,0
ACC004621,2026-09-14 13:40:19,West Robert,KE,0
ACC004855,2026-09-14 13:40:19,East Nicole,TW,0
ACC003733,2026-09-14 13:40:19,East Jaime,IL,0
ACC001031,2026-09-14 13:40:19,Port Vincentchester,UA,0
ACC001463,2026-09-14 13:40:19,Lake Katiefurt,AZ,0
ACC000628,2026-09-14 13:40:19,New Teresa,TD,0
ACC000369,2026-09-14 13:40:20,Amberbury,LU,1
ACC003650,2026-09-14 13:40:20,Garcialand,LV,0
ACC004475,2026-09-14 13:40:21,Port Christina,TH,0
ACC000266,2026-09-14 13:40:21,Port Douglas,AO,0
ACC001045,2026-09-14 13:40:22,Youngfurt,MY,0
ACC003806,2026-09-14 13:40:22,Colemanmouth,RO,0
ACC002734,2026-09-14 13:40:22,Ericborough,GY,0
ACC002210,2026-09-14 13:40:23,Port Rogerhaven,BN,0
ACC002060,2026-09-14 13:40:23,Mcdonaldville,NZ,0
ACC002265,2026-09-14 13:40:24,Mcgeemouth,ES,0
ACC004888,2026-09-14 13:40:24,East Laura,DJ,0
ACC002911,2026-09-14 13:40:24,Vasquezside,SN,0
ACC003092,2026-09-14 13:40:24,Port Kyle,MV,0
ACC001323,2026-09-14 13:40:25,Grossport,BZ,0
ACC003323,2026-09-14 13:40:25,South Seanstad,SR,0
ACC004225,2026-09-14 13:40:25,Port Jacob,EC,0
ACC001839,2026-09-14 13:40:25,Lake Jenniferburgh,MG,0
ACC003405,2026-09-14 13:40:26,Margaretmouth,US,0
ACC000524,2026-09-14 13:40:27,Port Andrea,GN,0
ACC003362,2026-09-14 13:40:27,East Robertmouth,AT,0
ACC000244,2026-09-14 13:40:27,North Amber,GW,0
ACC004482,2026-09-14 13:40:28,New Jakestad,DK,0
ACC000496,2026-09-14 13:40:28,Ronaldchester,CV,0
ACC000000,2026-09-14 13:40:29,Christinaberg,GY,0
ACC001874,2026-09-14 13:40:29,Williamsbury,AF,0
ACC004840,2026-09-14 13:40:29,Lindaview,AU,0
ACC003192,2026-09-14 13:40:29,Thomaston,HN,0
ACC001366,2026-09-14 13:40:30,Williamchester,BE,0
ACC004842,2026-09-14 13:40:30,Clineside,UZ,0
ACC003224,2026-09-14 13:40:30,North Timothy,BD,1
ACC004269,2026-09-14 13:40:30,Solomonfort,EG,0
ACC000494,2026-09-14 13:40:30,Michelleburgh,BO,0
ACC000453,2026-09-14 13:40:30,Lake Shawnton,PK,0
ACC001417,2026-09-14 13:40:31,Adamsland,CY,0
ACC002422,2026-09-14 13:40:32,West Jonathan,SV,0
ACC004983,2026-09-14 13:40:32,West Kyleland,IL,1
ACC000174,2026-09-14 13:40:32,Davidfurt,BH,0
ACC000775,2026-09-14 13:40:32,Juanview,BJ,0
ACC002665,2026-09-14 13:40:33,Port Jessicafort,MY,0
ACC002113,2026-09-14 13:40:33,East Michael,SC,0
ACC000458,2026-09-14 13:40:34,Snyderfort,GT,0
ACC002189,2026-09-14 13:40:34,Jenniferside,SD,0
ACC002588,2026-09-14 13:40:34,Markberg,EC,0
ACC003298,2026-09-14 13:40:34,Lake Douglas,CR,0
ACC000038,2026-09-14 13:40:35,Whitemouth,BO,0
ACC000692,2026-09-14 13:40:36,Port Kevinhaven,KG,0
ACC002211,2026-09-14 13:40:36,Scottview,BG,1
ACC000686,2026-09-14 13:40:37,Hernandezshire,SZ,0
ACC004331,2026-09-14 13:40:37,West Amandaborough,KR,0
ACC001728,2026-09-14 13:40:37,South Charlesport,SC,0
ACC004361,2026-09-14 13:40:38,Port Paul,GT,0
ACC003175,2026-09-14 13:40:38,Brandontown,TM,0
ACC003912,2026-09-14 13:40:39,Lake Christina,BZ,0
ACC003414,2026-09-14 13:40:39,Pearsonton,ER,0
ACC001831,2026-09-14 13:40:39,Kimberlymouth,TV,0
ACC004590,2026-09-14 13:40:39,Lake Peter,MV,0
ACC003905,2026-09-14 13:40:39,West Elizabethchester,TO,0
ACC002768,2026-09-14 13:40:39,East Amy,MX,0
ACC004875,2026-09-14 13:40:40,Teresaborough,PY,0
ACC004367,2026-09-14 13:40:40,Walkertown,RU,0
ACC003307,2026-09-14 13:40:40,West Sherryberg,IT,0
ACC002835,2026-09-14 13:40:41,Turnerfurt,BN,0
ACC002758,2026-09-14 13:40:41,Walkertown,VN,0
ACC001330,2026-09-14 13:40:41,North Joshua,GQ,1
ACC000208,2026-09-14 13:40:41,East Brian,EE,1
ACC004743,2026-09-14 13:40:41,Port Richard,BZ,0
ACC002181,2026-09-14 13:40:42,North Courtney,VN,0
ACC004543,2026-09-14 13:40:42,North Johnview,KZ,0
ACC003523,2026-09-14 13:40:43,East Laurenbury,IN,0
ACC001048,2026-09-14 13:40:43,Shawnberg,DM,0
ACC003428,2026-09-14 13:40:43,East Stevenberg,TD,0
ACC002041,2026-09-14 13:40:44,South Jenniferview,KM,0
ACC000609,2026-09-14 13:40:45,Levyborough,AF,0
ACC004042,2026-09-14 13:40:45,Maldonadostad,MT,0
ACC002202,2026-09-14 13:40:45,New Jeffrey,MK,0
ACC004280,2026-09-14 13:40:46,East Jeffreyport,IE,0
ACC004351,2026-09-14 13:40:46,North Kristen,PY,0
ACC004586,2026-09-14 13:40:47,Port Katie,CD,0
ACC004189,2026-09-14 13:40:47,New Brianshire,PS,0
ACC002294,2026-09-14 13:40:47,Castillofort,ET,0
ACC002583,2026-09-14 13:40:48,Port Edwardburgh,CN,0
ACC003532,2026-09-14 13:40:48,East Robert,VE,1
ACC000421,2026-09-14 13:40:48,Tonyview,AL,0
ACC000490,2026-09-14 13:40:49,North Bradley,HN,0
ACC004117,2026-09-14 13:40:49,Michelleville,BW,0
ACC001397,2026-09-14 13:40:49,North Anthony,MW,0
ACC003686,2026-09-14 13:40:49,Lindseystad,SC,0
ACC004307,2026-09-14 13:40:49,West Edward,AG,0
ACC001340,2026-09-14 13:40:49,Brandonhaven,UA,0
ACC000321,2026-09-14 13:40:50,Port Jeffreymouth,MD,0
ACC000693,2026-09-14 13:40:50,South Ashleymouth,SK,1
ACC001996,2026-09-14 13:40:50,Lisaview,AL,0
ACC003636,2026-09-14 13:40:50,Lake Stephenmouth,SM,0
ACC000643,2026-09-14 13:40:51,Greenland,HR,0
ACC000170,2026-09-14 13:40:51,North Christina,TD,0
ACC000619,2026-09-14 13:40:51,Port Jenniferborough,BR,0
ACC004981,2026-09-14 13:40:51,Linland,BF,0
ACC001483,2026-09-14 13:40:52,Newtonbury,ZM,0
ACC000574,2026-09-14 13:40:52,Katieberg,BB,0
ACC004422,2026-09-14 13:40:53,North Amandaview,ES,0
ACC001561,2026-09-14 13:40:54,Lake Danielland,HN,0
ACC000546,2026-09-14 13:40:54,Mitchellport,CM,0
ACC003996,2026-09-14 13:40:54,New Kevinview,EC,0
ACC002049,2026-09-14 13:40:54,New Michael,TG,0
ACC002122,2026-09-14 13:40:55,East Jacobchester,NP,0
ACC002340,2026-09-14 13:40:55,Robinsonside,SI,0
ACC001566,2026-09-14 13:40:55,Petersonfort,TH,0
ACC004160,2026-09-14 13:40:56,South Jose,AR,0
ACC001175,2026-09-14 13:40:56,Blackport,JP,0
ACC000427,2026-09-14 13:40:56,Escobarmouth,GE,0
ACC000304,2026-09-14 13:40:57,Meghanborough,CA,0
ACC002239,2026-09-14 13:40:57,East Roy,EC,0
ACC004053,2026-09-14 13:40:57,South Jefferybury,BN,0
ACC000060,2026-09-14 13:40:58,Robertchester,UZ,0
ACC004857,2026-09-14 13:40:59,Robersonshire,CF,0
ACC001307,2026-09-14 13:41:00,Jacksonbury,MK,0
ACC003596,2026-09-14 13:41:00,New Brianhaven,LR,0
ACC002715,2026-09-14 13:41:00,Port Lukemouth,LA,1
ACC000768,2026-09-14 13:41:01,Scottburgh,JM,0
ACC001223,2026-09-14 13:41:01,West Elizabethstad,PS,0
ACC001137,2026-09-14 13:41:01,Keithborough,HR,0
ACC004378,2026-09-14 13:41:01,Jamesburgh,LS,0
ACC002303,2026-09-14 13:41:01,Johnmouth,MC,0
ACC003616,2026-09-14 13:41:02,Andrewberg,EG,0
ACC001306,2026-09-14 13:41:02,Washingtonview,PE,0
ACC004380,2026-09-14 13:41:02,Lake Calebburgh,LU,1
ACC004645,2026-09-14 13:41:02,Stephanieside,NA,0
ACC003344,2026-09-14 13:41:02,Savageland,RS,0
ACC004433,2026-09-14 13:41:02,Kingport,CL,0
ACC004475,2026-09-14 13:41:02,Hollowayberg,CZ,0
ACC000898,2026-09-14 13:41:03,Simonhaven,GH,0
ACC001055,2026-09-14 13:41:03,West Shirleyfurt,DO,0
ACC000340,2026-09-14 13:41:04,Lauraburgh,GD,0
ACC002243,2026-09-14 13:41:04,Holdenshire,GQ,0
ACC004753,2026-09-14 13:41:04,South Raymondshire,MT,0
ACC004200,2026-09-14 13:41:05,Sparksfurt,FI,0
ACC002461,2026-09-14 13:41:05,Lake Bradleytown,AL,0
ACC001332,2026-09-14 13:41:05,Fergusonville,VA,0
ACC004768,2026-09-14 13:41:05,Jenniferburgh,FR,0
ACC002114,2026-09-14 13:41:05,Charlesfurt,SR,0
ACC001547,2026-09-14 13:41:05,New Matthewberg,VC,0
ACC000204,2026-09-14 13:41:05,Michaelfurt,BD,0
ACC001489,2026-09-14 13:41:06,East Kaylamouth,IN,0
ACC003194,2026-09-14 13:41:06,Michaelfurt,KG,0
ACC002623,2026-09-14 13:41:07,North Ericport,MR,0
ACC000553,2026-09-14 13:41:07,East Cory,IE,0
ACC004093,2026-09-14 13:41:07,New Timfort,CA,0
ACC002023,2026-09-14 13:41:07,Munozport,JP,0
ACC000669,2026-09-14 13:41:07,South Susan,TV,0
ACC000092,2026-09-14 13:41:07,Nancyhaven,GE,0
ACC004770,2026-09-14 13:41:08,New Andrew,SV,0
ACC001068,2026-09-14 13:41:08,Davidsonchester,GB,0
ACC000173,2026-09-14 13:41:08,Walkerville,VA,0
ACC004273,2026-09-14 13:41:09,Whiteburgh,LR,1
ACC001069,2026-09-14 13:41:09,West Davidberg,CD,0
ACC003458,2026-09-14 13:41:09,New Kevin,IN,0
ACC001089,2026-09-14 13:41:10,Andrewfurt,AR,0
ACC004828,2026-09-14 13:41:10,Hallport,FJ,0
ACC002664,2026-09-14 13:41:11,Port Kayla,TD,0
ACC003908,2026-09-14 13:41:11,Lawrencebury,LA,0
ACC001993,2026-09-14 13:41:11,New Lisaview,CN,0
ACC004446,2026-09-14 13:41:11,South Scott,CM,0
ACC002322,2026-09-14 13:41:12,Port Tracy,TJ,0
ACC004831,2026-09-14 13:41:12,New Samanthaside,TT,1
ACC003918,2026-09-14 13:41:12,East Tinastad,NG,0
ACC004082,2026-09-14 13:41:13,Joycebury,AU,0
ACC004426,2026-09-14 13:41:13,West Normaville,UG,0
ACC002871,2026-09-14 13:41:13,New Feliciahaven,LA,1
ACC002616,2026-09-14 13:41:14,Port Sethland,PY,1
ACC004067,2026-09-14 13:41:14,Brianville,KP,0
ACC003826,2026-09-14 13:41:14,Yuville,GY,0
ACC000584,2026-09-14 13:41:16,East Shannonberg,RW,1
ACC004911,2026-09-14 13:41:16,West Matthewbury,AD,0
ACC000277,2026-09-14 13:41:16,Port Paul,BY,0
ACC003059,2026-09-14 13:41:16,Everettbury,MH,0
ACC000894,2026-09-14 13:41:18,New Jimmy,MX,0
ACC003999,2026-09-14 13:41:18,Josephborough,SR,0
ACC002579,2026-09-14 13:41:18,Calebfurt,RU,1
ACC004943,2026-09-14 13:41:18,South Brandonport,MM,0
ACC002564,2026-09-14 13:41:18,North Christopher,TD,1
ACC000658,2026-09-14 13:41:20,Lake Paigestad,KG,1
ACC000395,2026-09-14 13:41:20,Port Catherineview,DE,0
ACC003205,2026-09-14 13:41:22,North Elizabethhaven,NZ,0
ACC000818,2026-09-14 13:41:22,Port Melanie,SB,0
ACC000681,2026-09-14 13:41:23,North Scott,PK,0
ACC004428,2026-09-14 13:41:23,Jasonmouth,TV,0
ACC004791,2026-09-14 13:41:24,Lake Gregoryland,NR,0
ACC000356,2026-09-14 13:41:24,West Joyce,ET,0
ACC002480,2026-09-14 13:41:24,New Jacob,KZ,0
ACC003180,2026-09-14 13:41:24,Heatherchester,UZ,0
ACC003959,2026-09-14 13:41:26,Andrewport,GE,0
ACC004566,2026-09-14 13:41:26,North Mark,UY,1
ACC001943,2026-09-14 13:41:26,Port Nathanielville,VN,0
ACC000894,2026-09-14 13:41:26,West Kim,BR,0
ACC000452,2026-09-14 13:41:26,East Josephberg,NR,0
ACC000968,2026-09-14 13:41:26,Cordovaport,KN,0
ACC004837,2026-09-14 13:41:26,Lauraside,YE,0
ACC002948,2026-09-14 13:41:27,Virginiafort,BD,0
ACC000438,2026-09-14 13:41:27,Tuckerview,IQ,0
ACC000211,2026-09-14 13:41:27,New Dennis,NG,0
ACC001985,2026-09-14 13:41:27,North Michaelbury,BI,0
ACC002432,2026-09-14 13:41:27,New Stephen,BF,0
ACC002045,2026-09-14 13:41:27,Port Christopherburgh,KM,0
ACC004885,2026-09-14 13:41:27,Lake Robertmouth,BW,0
ACC002039,2026-09-14 13:41:27,Medinaborough,GY,0
ACC004689,2026-09-14 13:41:27,Williamston,JP,0
ACC003714,2026-09-14 13:41:27,East Jenna,TW,0
ACC001528,2026-09-14 13:41:28,Port Davidton,BD,0
ACC000606,2026-09-14 13:41:28,West Destinymouth,ME,0
ACC003165,2026-09-14 13:41:28,Lake Sarah,GQ,0
ACC004013,2026-09-14 13:41:29,Krausetown,CO,0
ACC003015,2026-09-14 13:41:29,West Kimberlyburgh,MG,0
ACC003718,2026-09-14 13:41:30,Lake Nicholas,BJ,0
ACC004117,2026-09-14 13:41:30,New Michaelmouth,SB,0
ACC000708,2026-09-14 13:41:31,Weberhaven,IS,0
ACC001157,2026-09-14 13:41:31,Whiteshire,BO,0
ACC002377,2026-09-14 13:41:31,New Wesley,GB,0
ACC002203,2026-09-14 13:41:32,Port Tammychester,SE,0
ACC000330,2026-09-14 13:41:32,Sarahtown,GN,0
ACC004506,2026-09-14 13:41:32,Ashleyberg,MY,0
ACC003080,2026-09-14 13:41:33,North Christine,SL,0
ACC003897,2026-09-14 13:41:33,East Susan,TM,0
ACC003271,2026-09-14 13:41:33,Davidview,MC,0
ACC000494,2026-09-14 13:41:33,West Michaelmouth,BD,0
ACC001990,2026-09-14 13:41:33,South Davidton,GW,0
ACC004166,2026-09-14 13:41:34,Stephanieshire,MT,0
ACC004095,2026-09-14 13:41:34,Port Danielfurt,NI,0
ACC000183,2026-09-14 13:41:34,Port Jennifershire,QA,0
ACC001222,2026-09-14 13:41:34,East Phillipfort,BG,0
ACC000899,2026-09-14 13:41:34,New Kathleen,CL,0
ACC003338,2026-09-14 13:41:35,New Tracyfurt,UA,0
ACC001269,2026-09-14 13:41:35,Brianchester,TO,0
ACC004759,2026-09-14 13:41:35,Palmerborough,IS,0
ACC003677,2026-09-14 13:41:35,West Jefferyview,TH,0
ACC002849,2026-09-14 13:41:36,Port Philipton,BR,0
ACC000563,2026-09-14 13:41:36,East Amy,GR,0
ACC001355,2026-09-14 13:41:36,Port Elizabethfort,KZ,0
ACC003185,2026-09-14 13:41:36,Dustinview,CD,0
ACC003444,2026-09-14 13:41:37,Hunterfurt,CI,0
ACC002330,2026-09-14 13:41:38,North Daniel,LU,0
ACC001630,2026-09-14 13:41:38,Millershire,SZ,0
ACC003704,2026-09-14 13:41:38,Port Kelly,UZ,1
ACC000620,2026-09-14 13:41:39,North Gloria,LY,0
ACC000030,2026-09-14 13:41:39,New Danielville,ME,0
ACC002375,2026-09-14 13:41:39,Ballburgh,US,0
ACC002646,2026-09-14 13:41:40,Joshuabury,BI,0
ACC004268,2026-09-14 13:41:40,New Julia,CD,0
ACC004528,2026-09-14 13:41:41,Reneefort,TJ,0
ACC000598,2026-09-14 13:41:41,South Danielside,BI,0
ACC003933,2026-09-14 13:41:41,Madisontown,BE,0
ACC001556,2026-09-14 13:41:41,East Peterfort,MA,0
ACC003982,2026-09-14 13:41:41,Rodneyshire,QA,0
ACC000162,2026-09-14 13:41:42,South Thomas,LR,0
ACC000765,2026-09-14 13:41:42,New Jacobton,AL,0
ACC001167,2026-09-14 13:41:42,East Jameschester,PT,0
ACC001631,2026-09-14 13:41:43,New Curtismouth,BE,0
ACC000883,2026-09-14 13:41:43,Masonland,SR,0
ACC001527,2026-09-14 13:41:43,Mariaside,JP,0
ACC000523,2026-09-14 13:41:43,Haileymouth,TM,0
ACC004991,2026-09-14 13:41:45,Smithtown,LS,0
ACC001785,2026-09-14 13:41:45,Woodwardton,BG,0
ACC000030,2026-09-14 13:41:45,North Mariahaven,BW,0
ACC001110,2026-09-14 13:41:46,North Richardside,JM,0
ACC004958,2026-09-14 13:41:46,East Haley,SO,0
ACC003931,2026-09-14 13:41:47,South Samantha,RU,0
ACC001921,2026-09-14 13:41:47,Port Eugenetown,KR,1
ACC001019,2026-09-14 13:41:47,South Lisa,NL,0
ACC004033,2026-09-14 13:41:48,New Melissabury,KE,1
ACC002943,2026-09-14 13:41:48,Martinport,VC,0
ACC004755,2026-09-14 13:41:49,Mckinneychester,SE,1
ACC000025,2026-09-14 13:41:49,Lake Hannah,CV,0
ACC001596,2026-09-14 13:41:49,South Ricky,SN,0
ACC004916,2026-09-14 13:41:49,Danielfort,CU,0
ACC003327,2026-09-14 13:41:49,Port Kimberly,GT,0
ACC001650,2026-09-14 13:41:50,West Lisa,MA,0
ACC003454,2026-09-14 13:41:50,Tammytown,AG,0
ACC002450,2026-09-14 13:41:50,North Veronica,SG,0
ACC004975,2026-09-14 13:41:50,Davidville,IS,0
ACC003820,2026-09-14 13:41:51,Wardchester,ML,0
ACC001822,2026-09-14 13:41:52,Davisview,RO,0
ACC003730,2026-09-14 13:41:52,Lake Samantha,DO,0
ACC003803,2026-09-14 13:41:52,Freemanberg,GB,0
ACC002123,2026-09-14 13:41:52,Nicolemouth,PT,0
ACC002041,2026-09-14 13:41:52,East Kelly,SN,0
ACC002095,2026-09-14 13:41:53,Lake Crystal,RO,0
ACC004755,2026-09-14 13:41:53,Brownview,GY,0
ACC003709,2026-09-14 13:41:53,Evanston,MX,0
ACC001735,2026-09-14 13:41:54,North Christianburgh,DO,0
ACC001668,2026-09-14 13:41:54,West Richardside,BJ,0
ACC004803,2026-09-14 13:41:54,Shannonton,VE,0
ACC001614,2026-09-14 13:41:54,West Matthew,MM,0
ACC001780,2026-09-14 13:41:54,Edwardview,PK,0
ACC002011,2026-09-14 13:41:55,Mcintyreville,KZ,0
ACC000999,2026-09-14 13:41:55,New Tanyaberg,BY,0
ACC002182,2026-09-14 13:41:55,Johnsonmouth,KH,0
ACC000047,2026-09-14 13:41:55,South Rebecca,GH,0
ACC003567,2026-09-14 13:41:55,Ericburgh,BG,0
ACC004078,2026-09-14 13:41:56,New Anthony,MK,0
ACC004959,2026-09-14 13:41:58,East Keithville,ID,0
ACC001600,2026-09-14 13:41:59,Marthaville,TG,0
ACC002694,2026-09-14 13:41:59,Perkinsmouth,SA,0
ACC004874,2026-09-14 13:42:00,Bullockshire,MR,1
ACC000880,2026-09-14 13:42:00,Holmesside,KH,0
ACC004333,2026-09-14 13:42:00,Duranburgh,LR,1
ACC002551,2026-09-14 13:42:01,Larsenville,JM,0
ACC000844,2026-09-14 13:42:01,Karenmouth,PW,0
ACC003222,2026-09-14 13:42:02,East Ericville,NR,0
ACC003730,2026-09-14 13:42:02,Carlabury,TH,0
ACC002640,2026-09-14 13:42:03,Jeffreyshire,TD,0
ACC004406,2026-09-14 13:42:03,Annastad,TO,0
ACC000638,2026-09-14 13:42:03,Maynardchester,FI,0
ACC001925,2026-09-14 13:42:03,South Feliciaborough,GA,0
ACC001371,2026-09-14 13:42:03,Lake Carl,AF,0
ACC003942,2026-09-14 13:42:03,Boydmouth,VU,0
ACC000683,2026-09-14 13:42:04,New Elizabethfurt,KI,0
ACC000341,2026-09-14 13:42:04,New Michael,BS,0
ACC002789,2026-09-14 13:42:04,Curryshire,ME,0
ACC003806,2026-09-14 13:42:05,Pearsonville,UA,0
ACC003764,2026-09-14 13:42:05,Leestad,SG,1
ACC001795,2026-09-14 13:42:05,Clarkport,HN,0
ACC000991,2026-09-14 13:42:06,South Edward,PH,0
ACC000572,2026-09-14 13:42:07,Ellenmouth,MT,0
ACC004991,2026-09-14 13:42:07,Chaseside,CR,1
ACC000158,2026-09-14 13:42:07,South Brianmouth,TT,0
ACC000278,2026-09-14 13:42:07,Hesston,AL,0
ACC002328,2026-09-14 13:42:08,North Oscarfurt,BH,0
ACC000696,2026-09-14 13:42:08,West Gregory,TD,0
ACC000047,2026-09-14 13:42:08,Jacksonmouth,MR,0
ACC004720,2026-09-14 13:42:08,South John,ET,0
ACC004054,2026-09-14 13:42:08,Jackietown,GQ,0
ACC004783,2026-09-14 13:42:09,Lake Loribury,BA,0
ACC000526,2026-09-14 13:42:09,Robertsmouth,AE,1
ACC004113,2026-09-14 13:42:09,Fisherview,SI,1
ACC000372,2026-09-14 13:42:09,East Brianport,LR,0
ACC002083,2026-09-14 13:42:09,Port Cody,FR,0
ACC001643,2026-09-14 13:42:09,Markberg,RO,0
ACC001934,2026-09-14 13:42:10,Allisontown,TL,0
ACC000233,2026-09-14 13:42:10,Reedchester,PT,0
ACC002352,2026-09-14 13:42:10,Friedmanmouth,ID,0
ACC002269,2026-09-14 13:42:10,Williamsmouth,CA,0
ACC001652,2026-09-14 13:42:11,Lesliemouth,MK,0
ACC000211,2026-09-14 13:42:11,Middletonborough,VE,1
ACC004830,2026-09-14 13:42:11,Timothyfurt,DE,0
ACC004203,2026-09-14 13:42:11,New Timothyland,GT,0
ACC000623,2026-09-14 13:42:11,Troymouth,NP,0
ACC000113,2026-09-14 13:42:12,Barnesland,NI,0
ACC000987,2026-09-14 13:42:12,Nelsonmouth,IL,0
ACC003046,2026-09-14 13:42:12,Lake Cynthia,KH,0
ACC001137,2026-09-14 13:42:13,East Brandon,LS,1
ACC004902,2026-09-14 13:42:13,Brianhaven,LR,0
ACC004351,2026-09-14 13:42:13,Valenzuelaview,PW,0
ACC001735,2026-09-14 13:42:14,Amandaville,BT,0
ACC001487,2026-09-14 13:42:14,New Kennethburgh,LV,0
ACC003655,2026-09-14 13:42:14,Saraport,UY,0
ACC004934,2026-09-14 13:42:14,Aaronland,BE,0
ACC000200,2026-09-14 13:42:15,Amyland,SG,0
ACC004298,2026-09-14 13:42:16,Contrerastown,BY,0
ACC004009,2026-09-14 13:42:16,Toddmouth,NG,0
ACC001041,2026-09-14 13:42:16,Lake Amber,PY,0
ACC002388,2026-09-14 13:42:16,Weberstad,DM,0
ACC002990,2026-09-14 13:42:16,Bakershire,VE,0
ACC002855,2026-09-14 13:42:17,East Wendy,BO,0
ACC003386,2026-09-14 13:42:17,East Vanessa,SV,0
ACC002411,2026-09-14 13:42:17,Port Wendyfort,BR,0
ACC000764,2026-09-14 13:42:18,East Kelseyborough,TZ,0
ACC003444,2026-09-14 13:42:19,North David,KH,0
ACC000411,2026-09-14 13:42:19,Anthonytown,MN,0
ACC000954,2026-09-14 13:42:19,Lake Amychester,NA,0
ACC004679,2026-09-14 13:42:19,Blevinsmouth,IS,0
ACC001312,2026-09-14 13:42:19,Deleonview,CH,0
ACC003170,2026-09-14 13:42:19,Kramerchester,ZM,0
ACC002012,2026-09-14 13:42:19,Daviston,BT,0
ACC004574,2026-09-14 13:42:20,South John,GQ,0
ACC001433,2026-09-14 13:42:21,Davidfurt,BN,0
ACC002933,2026-09-14 13:42:21,New Ryan,MA,1
ACC002594,2026-09-14 13:42:21,East Elizabethfurt,CD,0
ACC001563,2026-09-14 13:42:22,West Nathaniel,FI,0
ACC004381,2026-09-14 13:42:22,Lake Chloe,MY,0
ACC002243,2026-09-14 13:42:22,Elizabethchester,ME,0
ACC001508,2026-09-14 13:42:22,West Charlene,RW,0
ACC000503,2026-09-14 13:42:24,North Kevin,LB,0
ACC004282,2026-09-14 13:42:25,Lake Oscar,KI,0
ACC001528,2026-09-14 13:42:26,Lake Alyssa,GT,1
ACC003882,2026-09-14 13:42:26,Adamberg,ES,0
ACC003627,2026-09-14 13:42:26,Nelsonfurt,TL,0
ACC004675,2026-09-14 13:42:26,Turnerville,UG,0
ACC000696,2026-09-14 13:42:26,Port Nina,MZ,0
ACC004560,2026-09-14 13:42:26,Lestertown,IL,0
ACC000006,2026-09-14 13:42:26,Danielland,PE,0
ACC004466,2026-09-14 13:42:26,Tateton,BB,0
ACC001281,2026-09-14 13:42:27,Dannystad,PL,0
ACC000431,2026-09-14 13:42:27,Duketon,SL,0
ACC002365,2026-09-14 13:42:28,Kevinport,MW,0
ACC000821,2026-09-14 13:42:28,Hayestown,NG,0
ACC002475,2026-09-14 13:42:28,Waynemouth,KI,0
ACC003056,2026-09-14 13:42:28,West Renee,SM,0
ACC003185,2026-09-14 13:42:29,North Joshuachester,CD,0
ACC001011,2026-09-14 13:42:29,Port Scotthaven,AF,1
ACC003600,2026-09-14 13:42:30,New Jose,LR,0
ACC003183,2026-09-14 13:42:30,Samuelside,MN,0
ACC003082,2026-09-14 13:42:31,Port Ashley,FJ,0
ACC003491,2026-09-14 13:42:31,West Jonathonshire,AU,0
ACC001951,2026-09-14 13:42:31,East Craigfort,CH,1
ACC003422,2026-09-14 13:42:32,Caldwellville,ME,0
ACC004792,2026-09-14 13:42:32,Aprilmouth,ML,0
ACC004775,2026-09-14 13:42:32,Lindatown,AZ,0
ACC001857,2026-09-14 13:42:32,East Jessicaview,CU,0
ACC000853,2026-09-14 13:42:32,North Catherine,AU,1
ACC001940,2026-09-14 13:42:33,North Lisa,QA,0
ACC000475,2026-09-14 13:42:34,Brennanborough,TW,0
ACC003486,2026-09-14 13:42:34,Lopezberg,BF,0
ACC004883,2026-09-14 13:42:34,Hansonhaven,SL,0
ACC000424,2026-09-14 13:42:36,North Eriktown,TZ,0
ACC004577,2026-09-14 13:42:36,Melissafurt,CI,0
ACC000544,2026-09-14 13:42:36,West Eric,BH,0
ACC001562,2026-09-14 13:42:37,West Petertown,AM,0
ACC003533,2026-09-14 13:42:37,North Johnny,WS,0
ACC001260,2026-09-14 13:42:37,Davidport,NA,0
ACC000178,2026-09-14 13:42:37,Josephbury,KR,0
ACC003544,2026-09-14 13:42:38,South Alexaport,RW,0
ACC000434,2026-09-14 13:42:39,East Nathan,ST,0
ACC004038,2026-09-14 13:42:39,Port Davidport,LT,0
ACC002372,2026-09-14 13:42:40,Harrishaven,AT,0
ACC000929,2026-09-14 13:42:40,Port Phillipburgh,DJ,0
ACC000056,2026-09-14 13:42:40,West Jessica,NE,0
ACC000281,2026-09-14 13:42:40,Wilsonside,DZ,0
ACC001691,2026-09-14 13:42:41,West Sarahton,TJ,0
ACC001575,2026-09-14 13:42:41,Brettstad,SV,1
ACC003364,2026-09-14 13:42:41,Rebeccaland,SG,0
ACC001478,2026-09-14 13:42:42,Port Jacob,NA,0
ACC000536,2026-09-14 13:42:42,West Christine,DJ,0
ACC000286,2026-09-14 13:42:42,Lake Lisatown,EE,0
ACC001917,2026-09-14 13:42:43,Dodsonburgh,BE,0
ACC004562,2026-09-14 13:42:43,New Kevinmouth,JO,0
ACC004042,2026-09-14 13:42:44,South Mark,KW,0
ACC001267,2026-09-14 13:42:44,East Brittany,KH,0
ACC002853,2026-09-14 13:42:44,Port Ashley,CM,0
ACC002540,2026-09-14 13:42:44,Patrickton,KP,1
ACC001151,2026-09-14 13:42:44,Hilltown,CU,0
ACC002985,2026-09-14 13:42:45,West Jackberg,LI,0
ACC004655,2026-09-14 13:42:45,New Zachary,MY,0
ACC003315,2026-09-14 13:42:46,Samuelburgh,CZ,0
ACC001225,2026-09-14 13:42:46,West Duane,SL,0
ACC001409,2026-09-14 13:42:46,Dawsonfurt,FJ,0
ACC003115,2026-09-14 13:42:47,Davidchester,NL,0
ACC000880,2026-09-14 13:42:47,South Seanville,BI,0
ACC004560,2026-09-14 13:42:48,New Adambury,KW,0
ACC004409,2026-09-14 13:42:48,Russoton,GE,0
ACC002584,2026-09-14 13:42:48,Garcialand,SY,0
ACC004101,2026-09-14 13:42:49,Port Lisa,AD,0
ACC002850,2026-09-14 13:42:49,Lake Michael,NI,0
ACC004020,2026-09-14 13:42:49,North Brianna,PS,0
ACC002062,2026-09-14 13:42:50,Hallbury,BJ,0
ACC000547,2026-09-14 13:42:50,Hernandezton,MR,0
ACC002588,2026-09-14 13:42:50,Lovemouth,VE,0
ACC001385,2026-09-14 13:42:50,Kimhaven,GE,0
ACC002119,2026-09-14 13:42:51,Port Keith,CN,0
ACC003736,2026-09-14 13:42:51,Nelsonview,BB,0
ACC003810,2026-09-14 13:42:52,New Allenport,NO,0
ACC004619,2026-09-14 13:42:52,West Crystal,NR,0
ACC000215,2026-09-14 13:42:52,Angelaport,MH,0
ACC000066,2026-09-14 13:42:52,Weeksstad,CO,0
ACC002998,2026-09-14 13:42:53,Lake Stevenport,MW,0
ACC002471,2026-09-14 13:42:54,Curryton,FR,0
ACC000542,2026-09-14 13:42:54,Anthonymouth,LI,0
ACC001581,2026-09-14 13:42:54,Thomastown,IT,0
ACC002493,2026-09-14 13:42:55,Ethanfurt,AM,0
ACC004702,2026-09-14 13:42:55,Smithstad,CL,0
ACC003265,2026-09-14 13:42:56,Lake Jamesburgh,PL,0
ACC003329,2026-09-14 13:42:56,Lake Jerry,TH,0
ACC002709,2026-09-14 13:42:57,Christineshire,CD,0
ACC003341,2026-09-14 13:42:57,New Courtneyside,KE,0
ACC003637,2026-09-14 13:42:57,New Chris,US,0
ACC000597,2026-09-14 13:42:57,Port Antonio,BO,1
ACC004374,2026-09-14 13:42:57,East Christopherburgh,KN,0
ACC003366,2026-09-14 13:42:58,Wayneview,TG,0
ACC004089,2026-09-14 13:42:59,Sextonside,KZ,0
ACC003152,2026-09-14 13:43:00,Olsonfort,SL,0
ACC004508,2026-09-14 13:43:00,South John,AD,0
ACC000065,2026-09-14 13:43:00,Kimberlyhaven,MA,0
ACC000039,2026-09-14 13:43:01,Grantfurt,SR,0
ACC003423,2026-09-14 13:43:02,Gilbertchester,BZ,0
ACC002317,2026-09-14 13:43:02,Lake Helen,MY,0
ACC002518,2026-09-14 13:43:03,North Jeffrey,BZ,0
ACC003791,2026-09-14 13:43:03,South Leslieville,IL,0
ACC002029,2026-09-14 13:43:03,Smithport,CI,0
ACC004085,2026-09-14 13:43:04,Morganfort,GH,0
ACC003550,2026-09-14 13:43:05,East Mitchell,RS,0
ACC003832,2026-09-14 13:43:05,North Andrew,MH,0
ACC003141,2026-09-14 13:43:06,Hillfort,VN,0
ACC000516,2026-09-14 13:43:06,Carolport,BA,0
ACC004202,2026-09-14 13:43:06,North Stacieland,LI,0
ACC002116,2026-09-14 13:43:06,Jamesfort,NO,1
ACC002322,2026-09-14 13:43:07,New Jacquelinestad,BJ,1
ACC004828,2026-09-14 13:43:07,Lake Gregory,LA,0
ACC000055,2026-09-14 13:43:07,Jessicaborough,MC,1
ACC003383,2026-09-14 13:43:07,South Anita,BB,1
ACC004503,2026-09-14 13:43:08,East Williamshire,BN,0
ACC001528,2026-09-14 13:43:09,West Vickiehaven,AD,0
ACC003842,2026-09-14 13:43:09,Lake Ann,AD,0
ACC000371,2026-09-14 13:43:09,New Amandaville,BD,0
ACC000522,2026-09-14 13:43:09,Port Mariaburgh,DJ,0
ACC002918,2026-09-14 13:43:09,Jessicastad,MG,0
ACC002771,2026-09-14 13:43:10,Catherinechester,NZ,0
ACC003866,2026-09-14 13:43:10,Johntown,BO,0
ACC004204,2026-09-14 13:43:10,New Joseph,SB,0
ACC001390,2026-09-14 13:43:11,Brianport,GA,0
ACC000572,2026-09-14 13:43:11,Alanview,DO,0
ACC000074,2026-09-14 13:43:12,Shawnborough,GY,0
ACC001690,2026-09-14 13:43:12,Andrewsland,BD,0
ACC002741,2026-09-14 13:43:12,Dawsonside,RW,0
ACC001417,2026-09-14 13:43:12,Joshuaberg,JO,0
ACC000537,2026-09-14 13:43:13,Gibsonburgh,AL,0
ACC000409,2026-09-14 13:43:13,Milesborough,BJ,0
ACC003504,2026-09-14 13:43:13,Gonzalezhaven,BG,0
ACC004910,2026-09-14 13:43:14,Jamesmouth,SG,0
ACC001747,2026-09-14 13:43:14,Lake Brendachester,GY,0
ACC004588,2026-09-14 13:43:14,Port Laurenside,PE,0
ACC000965,2026-09-14 13:43:14,Scottstad,SK,0
ACC000363,2026-09-14 13:43:14,Port Trevorside,BR,0
ACC000972,2026-09-14 13:43:15,Maryton,ZW,0
ACC003400,2026-09-14 13:43:15,Lake Amy,LK,0
ACC002164,2026-09-14 13:43:15,Brianborough,SZ,0
ACC004683,2026-09-14 13:43:16,East Andrewtown,MT,0
ACC003879,2026-09-14 13:43:16,Ericborough,OM,0
ACC002503,2026-09-14 13:43:16,Hornland,ID,1
ACC002782,2026-09-14 13:43:16,West Kimberly,IT,0
ACC000555,2026-09-14 13:43:17,Cochranbury,KI,0
ACC004430,2026-09-14 13:43:17,West Jenna,BZ,0
ACC001161,2026-09-14 13:43:17,Benjaminhaven,PT,0
ACC002152,2026-09-14 13:43:17,Jeanetteshire,TL,0
ACC002857,2026-09-14 13:43:18,Phillipshire,EE,0
ACC000026,2026-09-14 13:43:18,Port Jeremiahchester,BI,0
ACC002457,2026-09-14 13:43:18,New Kevin,AD,0
ACC000199,2026-09-14 13:43:18,New Annaside,EE,0
ACC002562,2026-09-14 13:43:18,South Amber,BN,0
ACC003367,2026-09-14 13:43:18,East Molly,AG,0
ACC001066,2026-09-14 13:43:18,Dominicborough,IQ,0
ACC004145,2026-09-14 13:43:19,Jameston,PW,0
ACC004920,2026-09-14 13:43:19,North Sandramouth,HU,0
ACC003969,2026-09-14 13:43:19,Boonefurt,MG,0
ACC004179,2026-09-14 13:43:19,New Johnnystad,JP,0
ACC001226,2026-09-14 13:43:19,South Jayfurt,BA,0
ACC004391,2026-09-14 13:43:21,North Teresachester,LR,0
ACC000947,2026-09-14 13:43:21,East Derekview,VC,0
ACC003324,2026-09-14 13:43:21,Tashaville,CL,0
ACC002898,2026-09-14 13:43:21,West Robertborough,AM,1
ACC001215,2026-09-14 13:43:21,Baileyport,AE,0
ACC002463,2026-09-14 13:43:21,North Scottberg,KZ,0
ACC004926,2026-09-14 13:43:22,Ramirezside,KZ,0
ACC000891,2026-09-14 13:43:23,Phillipsfurt,SL,0
ACC003314,2026-09-14 13:43:23,West Erinchester,MX,1
ACC003151,2026-09-14 13:43:23,North Jodiborough,PW,0
ACC004023,2026-09-14 13:43:24,Simsshire,CH,1
ACC003025,2026-09-14 13:43:24,Littleview,PY,0
ACC002740,2026-09-14 13:43:24,Oliviamouth,NE,0
ACC003257,2026-09-14 13:43:25,Andrewbury,CV,0
ACC003932,2026-09-14 13:43:25,Velasquezton,LU,0
ACC003409,2026-09-14 13:43:26,New Brett,LS,0
ACC002581,2026-09-14 13:43:26,Lake David,PK,0
ACC004442,2026-09-14 13:43:26,Michaeltown,PS,0
ACC004220,2026-09-14 13:43:26,Thompsonview,IQ,0
ACC002964,2026-09-14 13:43:27,Caseyfort,AU,0
ACC002044,2026-09-14 13:43:27,Lesliehaven,IN,0
ACC001689,2026-09-14 13:43:28,North Courtneymouth,DE,0
ACC002346,2026-09-14 13:43:28,Josephberg,BZ,0
ACC004503,2026-09-14 13:43:28,Brownchester,MA,0
ACC002862,2026-09-14 13:43:29,Port Jamie,TV,0
ACC002957,2026-09-14 13:43:29,North Meghanton,BR,1
ACC004318,2026-09-14 13:43:30,Brianhaven,UZ,0
ACC004661,2026-09-14 13:43:32,New Michelle,LU,0
ACC002728,2026-09-14 13:43:32,Lake Michelleburgh,SC,0
ACC002946,2026-09-14 13:43:32,Savagefurt,RO,1
ACC000718,2026-09-14 13:43:32,New Amber,SC,0
ACC001371,2026-09-14 13:43:32,New Eduardo,SG,1
ACC002362,2026-09-14 13:43:32,Larsonhaven,LA,0
ACC004807,2026-09-14 13:43:33,New Matthewport,SB,0
ACC000201,2026-09-14 13:43:33,East Shaun,HN,0
ACC001915,2026-09-14 13:43:34,Annaside,IR,1
ACC003640,2026-09-14 13:43:34,North Stephanie,GB,0
ACC001717,2026-09-14 13:43:35,Victorton,NP,0
ACC002540,2026-09-14 13:43:35,East Raymond,MG,1
ACC001952,2026-09-14 13:43:35,New Catherine,PL,0
ACC001866,2026-09-14 13:43:35,Ruizborough,UA,1
ACC003993,2026-09-14 13:43:36,South Randyton,TG,0
ACC001160,2026-09-14 13:43:36,Stokesview,LK,0
ACC001583,2026-09-14 13:43:36,Jonmouth,RU,0
ACC001251,2026-09-14 13:43:36,Glennburgh,LA,0
ACC000386,2026-09-14 13:43:36,Lake Valerie,SR,0
ACC001089,2026-09-14 13:43:36,South Natashaview,VA,0
ACC001685,2026-09-14 13:43:37,East Cathyport,WS,0
ACC004059,2026-09-14 13:43:37,West Gwendolynton,IQ,0
ACC004485,2026-09-14 13:43:37,Kristenside,TL,0
ACC003566,2026-09-14 13:43:38,Port Brandon,LU,0
ACC001188,2026-09-14 13:43:38,Lake Lisastad,HU,0
ACC000888,2026-09-14 13:43:38,Salastown,OM,0
ACC003207,2026-09-14 13:43:38,West Ronaldfort,YE,0
ACC002516,2026-09-14 13:43:38,Jessicaberg,ZW,1
ACC001673,2026-09-14 13:43:38,Port Davidberg,FJ,0
ACC000568,2026-09-14 13:43:39,South Susanton,HU,0
ACC001400,2026-09-14 13:43:39,New Timothyview,CZ,0
ACC000185,2026-09-14 13:43:39,New Karen,US,0
ACC004698,2026-09-14 13:43:40,Kellystad,DM,0
ACC004043,2026-09-14 13:43:40,New Cameron,EG,1
ACC001000,2026-09-14 13:43:40,Port Morgan,VN,0
ACC004263,2026-09-14 13:43:40,Hoganside,MY,1
ACC004785,2026-09-14 13:43:40,Port Josephhaven,IQ,1
ACC001985,2026-09-14 13:43:41,Jaredshire,MC,0
ACC002607,2026-09-14 13:43:41,New Seantown,BJ,0
ACC000278,2026-09-14 13:43:41,East Danielmouth,SR,0
ACC003013,2026-09-14 13:43:42,Port Scottborough,CO,0
ACC001419,2026-09-14 13:43:42,Curtisfort,LK,0
ACC001263,2026-09-14 13:43:43,South Morganport,EE,0
ACC003656,2026-09-14 13:43:43,Crawfordville,KW,0
ACC001540,2026-09-14 13:43:43,Dillonview,DE,1
ACC000826,2026-09-14 13:43:43,West Brad,VU,0
ACC004002,2026-09-14 13:43:43,Whitestad,EG,0
ACC004416,2026-09-14 13:43:43,East William,SG,0
ACC003005,2026-09-14 13:43:43,Port Susan,CF,0
ACC003961,2026-09-14 13:43:44,South Scottmouth,LT,0
ACC001492,2026-09-14 13:43:44,East Vanessaborough,TZ,0
ACC002530,2026-09-14 13:43:44,Port Jason,GT,0
ACC004049,2026-09-14 13:43:45,Reeseshire,LU,1
ACC001575,2026-09-14 13:43:45,Carterland,CU,0
ACC002950,2026-09-14 13:43:45,Lake Danielleview,AR,0
ACC003654,2026-09-14 13:43:46,East Marytown,AZ,0
ACC002819,2026-09-14 13:43:46,New Benjamin,PW,0
ACC004223,2026-09-14 13:43:46,Jessicaland,ZA,0
ACC003965,2026-09-14 13:43:46,Josephville,BY,0
ACC000043,2026-09-14 13:43:47,Reynoldsfurt,GB,0
ACC003236,2026-09-14 13:43:47,Hudsonland,SK,0
ACC003765,2026-09-14 13:43:47,North Isabellabury,KP,0
ACC000045,2026-09-14 13:43:48,Meganton,AO,0
ACC002604,2026-09-14 13:43:48,South Loritown,IS,0
ACC002614,2026-09-14 13:43:48,Gregorybury,CU,0
ACC002803,2026-09-14 13:43:48,Markchester,SD,0
ACC004831,2026-09-14 13:43:49,North David,BT,0
ACC001952,2026-09-14 13:43:49,Velasquezview,SR,0
ACC003123,2026-09-14 13:43:49,North Sarahville,ML,0
ACC004125,2026-09-14 13:43:50,Philipland,LS,0
ACC000844,2026-09-14 13:43:50,Lake Tammyside,TJ,0
ACC002524,2026-09-14 13:43:50,Lopezland,CN,0
ACC001359,2026-09-14 13:43:51,East Brenda,PL,0
ACC000772,2026-09-14 13:43:51,Lake Joanna,MC,0
ACC002948,2026-09-14 13:43:52,West Julieport,LY,0
ACC000674,2026-09-14 13:43:52,Lake Davidport,AM,0
ACC002279,2026-09-14 13:43:53,Bryantton,ZM,0
ACC002531,2026-09-14 13:43:53,Howardfort,ID,0
ACC003677,2026-09-14 13:43:53,Lake Robert,CM,0
ACC003244,2026-09-14 13:43:53,West Margaret,VA,0
ACC000326,2026-09-14 13:43:54,Wilsonhaven,TT,1
ACC001452,2026-09-14 13:43:56,Lake Paul,SV,0
ACC000290,2026-09-14 13:43:56,Port Robert,LB,0
ACC000660,2026-09-14 13:43:57,North Daniel,AG,0
ACC001694,2026-09-14 13:43:57,New Jonathanberg,HN,0
ACC004035,2026-09-14 13:43:57,Reedborough,VN,1
ACC004240,2026-09-14 13:43:57,Craigburgh,LU,0
ACC001239,2026-09-14 13:43:58,North Kaitlyn,CL,0
ACC001711,2026-09-14 13:43:58,Dixonside,IS,1
ACC002492,2026-09-14 13:43:58,Dylanberg,BZ,0
ACC002564,2026-09-14 13:43:58,East Natalie,ER,0
ACC000550,2026-09-14 13:43:58,Moniquehaven,EE,0
ACC002706,2026-09-14 13:43:58,Lake Jacqueline,UA,0
ACC004883,2026-09-14 13:43:59,Dunnview,LA,0
ACC003727,2026-09-14 13:43:59,Waltersview,HR,0
ACC004674,2026-09-14 13:43:59,Combsside,BF,0
ACC001808,2026-09-14 13:43:59,Johnsonburgh,TZ,0
ACC003877,2026-09-14 13:44:00,New Jessicastad,MK,0
ACC002169,2026-09-14 13:44:00,Lake Stephaniefurt,LK,0
ACC001807,2026-09-14 13:44:00,North Danielle,TR,0
ACC002171,2026-09-14 13:44:01,Michellechester,GH,0
ACC001930,2026-09-14 13:44:01,Lake Kristin,NR,0
ACC004602,2026-09-14 13:44:01,Port Grant,JO,0
ACC003962,2026-09-14 13:44:02,South Robinmouth,KM,0
ACC000372,2026-09-14 13:44:02,Aaronburgh,DM,0
ACC003524,2026-09-14 13:44:02,Lopezstad,SK,0
ACC002727,2026-09-14 13:44:02,Murphyberg,BF,0
ACC001814,2026-09-14 13:44:02,Campbellville,KR,0
ACC004131,2026-09-14 13:44:02,Brianberg,IQ,0
ACC003165,2026-09-14 13:44:03,Port Darintown,CR,0
ACC003466,2026-09-14 13:44:04,South Karlastad,TT,0
ACC000934,2026-09-14 13:44:05,Robinsonshire,ML,0
ACC001967,2026-09-14 13:44:05,North Victoria,SI,0
ACC002733,2026-09-14 13:44:05,Mcdonaldhaven,AF,0
ACC003046,2026-09-14 13:44:05,Millerland,GY,0
ACC003179,2026-09-14 13:44:05,West Lindsey,UY,0
ACC003011,2026-09-14 13:44:05,Isaacborough,CZ,0
ACC000955,2026-09-14 13:44:06,Johnsonport,AD,0
ACC003635,2026-09-14 13:44:06,Port Joshua,SA,1
ACC002865,2026-09-14 13:44:06,Lake Brettchester,GW,0
ACC002178,2026-09-14 13:44:06,New Kevinville,TO,0
ACC000816,2026-09-14 13:44:07,Dennisborough,OM,0
ACC002906,2026-09-14 13:44:07,Port Jennifer,IN,0
ACC004376,2026-09-14 13:44:07,Michaelside,FJ,0
ACC000389,2026-09-14 13:44:07,Cookstad,CG,0
ACC002482,2026-09-14 13:44:07,Maryborough,VC,0
ACC001394,2026-09-14 13:44:07,North Brian,SC,0
ACC002978,2026-09-14 13:44:08,North Debbieburgh,KN,0
ACC004161,2026-09-14 13:44:08,North Nicole,DO,0
ACC003446,2026-09-14 13:44:08,North Michelle,ME,1
ACC003814,2026-09-14 13:44:08,Shepardport,SZ,0
ACC003229,2026-09-14 13:44:09,East Kelseyfort,LI,0
ACC000458,2026-09-14 13:44:09,Fieldstown,US,0
ACC000470,2026-09-14 13:44:09,Lake Pamelachester,AE,0
ACC003476,2026-09-14 13:44:09,Julialand,BY,0
ACC001977,2026-09-14 13:44:09,Lake Phillipberg,CF,0
ACC000873,2026-09-14 13:44:09,Lunabury,KW,0
ACC001985,2026-09-14 13:44:10,Carlosstad,BE,0
ACC004470,2026-09-14 13:44:10,New Rebecca,NA,0
ACC004304,2026-09-14 13:44:10,Sonyaland,CA,0
ACC004743,2026-09-14 13:44:10,Aliceland,JM,0
ACC001709,2026-09-14 13:44:10,Lake Juanchester,KM,0
ACC000465,2026-09-14 13:44:10,East Bryanstad,SB,0
ACC002038,2026-09-14 13:44:11,West Coreyton,ES,0
ACC001973,2026-09-14 13:44:11,Jacquelinemouth,TV,0
ACC001401,2026-09-14 13:44:11,Pattystad,DK,0
ACC003797,2026-09-14 13:44:12,West Barry,TN,0
ACC002287,2026-09-14 13:44:12,Port Crystalton,CI,1
ACC004016,2026-09-14 13:44:12,East Jessica,PT,0
ACC000432,2026-09-14 13:44:13,East Gary,EG,0
ACC000872,2026-09-14 13:44:13,Calebview,AL,0
ACC003177,2026-09-14 13:44:13,Vanessaview,MX,0
ACC002757,2026-09-14 13:44:13,Wernerfort,KW,0
ACC004401,2026-09-14 13:44:14,Schneidermouth,CO,1
ACC003095,2026-09-14 13:44:14,Darrentown,KI,0
ACC003893,2026-09-14 13:44:14,North Donald,ZW,0
ACC000135,2026-09-14 13:44:14,Lake Kathleen,EG,0
ACC000192,2026-09-14 13:44:16,West Matthewberg,MY,1
ACC003357,2026-09-14 13:44:16,Coopershire,PH,0
ACC003943,2026-09-14 13:44:17,South Theresaside,BR,0
ACC003104,2026-09-14 13:44:17,Lake Robinton,SZ,0
ACC003972,2026-09-14 13:44:17,Port Melissaton,PA,1
ACC004845,2026-09-14 13:44:17,Port Gailport,MD,1
ACC000834,2026-09-14 13:44:17,Bautistaberg,LV,0
ACC001813,2026-09-14 13:44:17,Clarkville,TR,0
ACC001192,2026-09-14 13:44:19,North Dylan,UA,0
ACC000423,2026-09-14 13:44:19,Banksmouth,NR,0
ACC001417,2026-09-14 13:44:19,Matthewberg,CY,0
ACC002349,2026-09-14 13:44:19,South Phillipchester,DM,0
ACC002083,2026-09-14 13:44:19,Port Mike,GA,1
ACC004061,2026-09-14 13:44:20,North Jamie,KH,0
ACC001355,2026-09-14 13:44:20,Erinchester,RU,0
ACC000684,2026-09-14 13:44:20,East Jamesside,IQ,0
ACC001772,2026-09-14 13:44:21,Lake Robert,GW,0
ACC000645,2026-09-14 13:44:21,Port Michaelchester,MN,0
ACC003539,2026-09-14 13:44:22,Kathrynchester,AT,0
ACC000255,2026-09-14 13:44:22,Danielside,ET,0
ACC004902,2026-09-14 13:44:22,Cookview,ID,0
ACC000598,2026-09-14 13:44:23,Staceyton,UZ,0
ACC002177,2026-09-14 13:44:23,Martinville,RW,1
ACC003667,2026-09-14 13:44:23,Jessicastad,CO,0
ACC004735,2026-09-14 13:44:23,Katherineshire,KH,0
ACC002938,2026-09-14 13:44:23,Emilyport,MM,0
ACC004961,2026-09-14 13:44:23,North Michaelburgh,PY,0
ACC004648,2026-09-14 13:44:24,East Matthew,GW,0
ACC000640,2026-09-14 13:44:24,New Jerry,VC,0
ACC003645,2026-09-14 13:44:24,South Christine,UG,0
ACC001284,2026-09-14 13:44:24,Jasonshire,LY,0
ACC001611,2026-09-14 13:44:24,Youngberg,CI,0
ACC001676,2026-09-14 13:44:25,Wellsside,JM,0
ACC001815,2026-09-14 13:44:25,New Josephhaven,IR,0
ACC001105,2026-09-14 13:44:26,Manningville,RU,0
ACC003024,2026-09-14 13:44:26,West Michael,VN,0
ACC001858,2026-09-14 13:44:27,Christopherstad,ZW,0
ACC000292,2026-09-14 13:44:27,South Jeffreyborough,BG,0
ACC001387,2026-09-14 13:44:28,East Carriemouth,GD,0
ACC000710,2026-09-14 13:44:29,Candiceport,ME,0
ACC001362,2026-09-14 13:44:29,Duncanville,GW,0
ACC001346,2026-09-14 13:44:30,South Jerry,TH,0
ACC003409,2026-09-14 13:44:30,Gomezhaven,PG,0
ACC004744,2026-09-14 13:44:31,Analand,CN,0
ACC002253,2026-09-14 13:44:31,Port Danielle,KE,0
ACC003096,2026-09-14 13:44:31,Ronaldchester,AF,0
ACC001622,2026-09-14 13:44:32,Rebeccamouth,OM,0
ACC001427,2026-09-14 13:44:33,Port Cheryltown,RW,0
ACC001440,2026-09-14 13:44:33,Sherrimouth,SC,0
ACC000935,2026-09-14 13:44:33,Edwardbury,RU,0
ACC002386,2026-09-14 13:44:33,Gainesside,ID,0
ACC004366,2026-09-14 13:44:33,Aaronbury,GA,0
ACC002099,2026-09-14 13:44:33,Melissaland,NI,0
ACC004373,2026-09-14 13:44:34,West Melissa,GQ,0
ACC000119,2026-09-14 13:44:34,Laurenhaven,AD,0
ACC001546,2026-09-14 13:44:35,West Andre,SO,0
ACC001566,2026-09-14 13:44:35,Orozcoland,TZ,0
ACC001897,2026-09-14 13:44:35,Riverston,IE,0
ACC000885,2026-09-14 13:44:35,Carlosburgh,BN,0
ACC003477,2026-09-14 13:44:35,Devonmouth,IN,0
ACC003785,2026-09-14 13:44:35,Port Erica,ZM,0
ACC003378,2026-09-14 13:44:35,Briggstown,MN,0
ACC000447,2026-09-14 13:44:36,West Michael,PA,0
ACC004863,2026-09-14 13:44:36,Richardville,TD,0
ACC001003,2026-09-14 13:44:36,Victorburgh,VN,0
ACC003180,2026-09-14 13:44:36,Andreamouth,CH,0
ACC000228,2026-09-14 13:44:36,Port Laurenbury,PA,0
ACC002200,2026-09-14 13:44:37,West Jessicaborough,MG,1
ACC002771,2026-09-14 13:44:37,North Raymond,SR,0
ACC000937,2026-09-14 13:44:37,Lydiaburgh,NG,0
ACC004488,2026-09-14 13:44:38,Lake Lindsey,IE,0
ACC001026,2026-09-14 13:44:38,Whitneyborough,NZ,0
ACC000551,2026-09-14 13:44:38,New Beth,AT,0
ACC004825,2026-09-14 13:44:38,North Sara,EG,0
ACC003603,2026-09-14 13:44:38,West Paul,KG,0
ACC004051,2026-09-14 13:44:38,Lake Paulbury,CF,0
ACC000481,2026-09-14 13:44:39,Lake Steven,HR,0
ACC003540,2026-09-14 13:44:39,New Morganside,NP,1
ACC003320,2026-09-14 13:44:40,Lake Melissa,VN,0
ACC000345,2026-09-14 13:44:41,Olsonbury,FJ,0
ACC002818,2026-09-14 13:44:42,North Jaredchester,TG,0
ACC000959,2026-09-14 13:44:42,East Cristian,LB,0
ACC001392,2026-09-14 13:44:43,West Stephen,JM,0
ACC002426,2026-09-14 13:44:43,West John,KZ,0
ACC002437,2026-09-14 13:44:44,Marisaburgh,CM,1
ACC000428,2026-09-14 13:44:44,East Joshua,CD,0
ACC001426,2026-09-14 13:44:44,East Elizabeth,AO,0
ACC004799,2026-09-14 13:44:44,Lake Carlos,DJ,0
ACC002231,2026-09-14 13:44:45,Lake Christina,AM,0
ACC001717,2026-09-14 13:44:45,Kinghaven,BY,0
ACC002402,2026-09-14 13:44:45,Douglasberg,LR,0
ACC001324,2026-09-14 13:44:46,West Devinstad,SD,0
ACC000495,2026-09-14 13:44:46,East Brandonborough,BJ,0
ACC003729,2026-09-14 13:44:46,East Jasonmouth,MC,0
ACC004167,2026-09-14 13:44:46,Meredithburgh,BT,0
ACC002357,2026-09-14 13:44:46,Williamsbury,KH,0
ACC001561,2026-09-14 13:44:46,Claytonborough,TM,0
ACC001923,2026-09-14 13:44:47,South Jeffreyfurt,MY,0
ACC003573,2026-09-14 13:44:48,North Claudiaside,CH,0
ACC003520,2026-09-14 13:44:48,East Victoria,NA,1
ACC002223,2026-09-14 13:44:48,Michealborough,SM,0
ACC001492,2026-09-14 13:44:48,New Marissa,SM,0
ACC002777,2026-09-14 13:44:49,Schwartzport,NR,1
ACC000312,2026-09-14 13:44:49,Darrenhaven,JP,1
ACC003942,2026-09-14 13:44:49,East Blakeborough,SD,1
ACC004270,2026-09-14 13:44:49,Port Alexanderborough,DO,0
ACC001901,2026-09-14 13:44:50,Port Christina,BJ,0
ACC001051,2026-09-14 13:44:50,Port Susantown,FJ,0
ACC001540,2026-09-14 13:44:50,Romerostad,ET,0
ACC002450,2026-09-14 13:44:50,South Matthew,BE,0
ACC003945,2026-09-14 13:44:51,Port Michelle,EG,0
ACC004770,2026-09-14 13:44:51,North Brianfurt,HN,0
ACC002497,2026-09-14 13:44:51,South Michaelchester,SN,0
ACC000887,2026-09-14 13:44:52,New Brian,BZ,0
ACC002264,2026-09-14 13:44:52,Morgantown,GY,0
ACC003016,2026-09-14 13:44:52,South Juliastad,KE,0
ACC003070,2026-09-14 13:44:52,Lake Jeffrey,ME,0
ACC003901,2026-09-14 13:44:52,Taylortown,TT,1
ACC003384,2026-09-14 13:44:53,Port Jasonland,BH,0
ACC000510,2026-09-14 13:44:53,North Catherinefurt,EG,0
ACC000346,2026-09-14 13:44:53,Johnport,BY,0
ACC003797,2026-09-14 13:44:54,Meganfurt,HN,0
ACC003228,2026-09-14 13:44:54,South Justin,RS,0
ACC001278,2026-09-14 13:44:54,South Kelliview,HT,0
ACC000337,2026-09-14 13:44:54,North Rachel,AE,1
ACC002728,2026-09-14 13:44:54,Stevensbury,LA,1
ACC002355,2026-09-14 13:44:54,West Maryberg,ID,0
ACC000163,2026-09-14 13:44:55,Laurieton,VC,0
ACC003659,2026-09-14 13:44:55,Port Alan,BA,0
ACC002616,2026-09-14 13:44:55,Samanthafurt,KZ,0
ACC001385,2026-09-14 13:44:55,Marthamouth,BO,1
ACC003188,2026-09-14 13:44:56,West Brittany,BS,0
ACC004283,2026-09-14 13:44:56,Sanchezberg,DZ,0
ACC002058,2026-09-14 13:44:56,South Margaret,GE,0
ACC003562,2026-09-14 13:44:56,North Thomas,CN,0
ACC001030,2026-09-14 13:44:56,New Samanthamouth,DM,0
ACC002964,2026-09-14 13:44:56,Codyborough,TV,0
ACC000507,2026-09-14 13:44:57,Cruzville,BN,0
ACC002588,2026-09-14 13:44:57,South Erikaside,LA,0
ACC003262,2026-09-14 13:44:57,Henryview,BI,0
ACC004468,2026-09-14 13:44:57,East Robert,AZ,0
ACC002235,2026-09-14 13:44:57,Morenoside,VC,0
ACC001570,2026-09-14 13:44:58,East Tammy,LB,0
ACC002570,2026-09-14 13:44:58,Conleytown,BG,0
ACC004847,2026-09-14 13:44:58,Port Stacey,CH,0
ACC004070,2026-09-14 13:44:58,Tracystad,AZ,1
ACC000507,2026-09-14 13:44:59,New Danielmouth,NA,0
ACC003123,2026-09-14 13:44:59,Lake Courtney,KH,0
ACC000325,2026-09-14 13:44:59,Jackstad,MM,0
ACC004152,2026-09-14 13:45:00,New Christina,BZ,0
ACC001801,2026-09-14 13:45:00,West Troyport,LB,0
ACC003672,2026-09-14 13:45:01,Millerside,LS,0
ACC002608,2026-09-14 13:45:01,Port Wendyborough,CH,1
ACC004473,2026-09-14 13:45:02,South Debra,DK,0
ACC004593,2026-09-14 13:45:02,Lake Tiffany,AL,0
ACC001098,2026-09-14 13:45:02,Port Sarahview,AZ,0
ACC003690,2026-09-14 13:45:02,New Matthew,KH,0
ACC002878,2026-09-14 13:45:02,Lake Andreaberg,BI,0
ACC001520,2026-09-14 13:45:03,Jeremiahview,IQ,0
ACC004358,2026-09-14 13:45:03,East Ashley,MV,0
ACC004212,2026-09-14 13:45:03,Hardychester,KW,0
ACC004598,2026-09-14 13:45:03,West Paul,TD,0
ACC002599,2026-09-14 13:45:03,Donaldmouth,GN,0
ACC001410,2026-09-14 13:45:03,Olsonbury,PS,0
ACC002724,2026-09-14 13:45:05,East Michellefurt,HT,0
ACC003825,2026-09-14 13:45:05,West Daniel,NZ,0
ACC003979,2026-09-14 13:45:06,Huynhchester,ZA,0
ACC001956,2026-09-14 13:45:06,East Josephburgh,GD,0
ACC004747,2026-09-14 13:45:06,New Brian,GY,0
ACC004190,2026-09-14 13:45:07,Stevenview,BD,0
ACC000075,2026-09-14 13:45:07,East Caleb,RO,0
ACC004054,2026-09-14 13:45:07,Christinemouth,GM,0
ACC004691,2026-09-14 13:45:08,East Markland,NZ,0
ACC000695,2026-09-14 13:45:08,North Paul,GH,0
ACC001779,2026-09-14 13:45:09,Knightfort,CU,0
ACC002999,2026-09-14 13:45:09,East Jessica,SC,1
ACC001794,2026-09-14 13:45:09,North Pamelabury,CV,0
ACC000040,2026-09-14 13:45:09,Roberthaven,PH,0
ACC001661,2026-09-14 13:45:09,North William,TO,0
ACC000955,2026-09-14 13:45:09,North Jacobborough,VC,0
ACC000870,2026-09-14 13:45:10,Smithville,BR,0
ACC004603,2026-09-14 13:45:10,Port Cindy,NZ,0
ACC002394,2026-09-14 13:45:11,Kennedyview,SL,1
ACC002357,2026-09-14 13:45:11,Jenniferburgh,VE,0
ACC003368,2026-09-14 13:45:11,Jeffreyfort,BS,0
ACC002506,2026-09-14 13:45:11,Floresville,AL,0
ACC000872,2026-09-14 13:45:11,East Loretta,MT,0
ACC003417,2026-09-14 13:45:12,Patrickborough,SR,0
ACC004342,2026-09-14 13:45:12,Williamshire,TH,0
ACC000550,2026-09-14 13:45:12,Jennyberg,HU,0
ACC000259,2026-09-14 13:45:12,Rubioshire,BN,0
ACC002574,2026-09-14 13:45:12,Kerrifurt,HN,0
ACC002605,2026-09-14 13:45:12,Tracyport,VE,0
ACC003783,2026-09-14 13:45:13,Matthewton,CG,0
ACC002571,2026-09-14 13:45:13,Laurenberg,KE,0
ACC002412,2026-09-14 13:45:14,Williammouth,IL,0
ACC001764,2026-09-14 13:45:14,East Christianton,MK,0
ACC000113,2026-09-14 13:45:14,Dicksonhaven,CG,0
ACC001363,2026-09-14 13:45:14,West Sarah,SY,0
ACC003650,2026-09-14 13:45:15,Angelafurt,CR,0
ACC004326,2026-09-14 13:45:15,Figueroaland,BI,0
ACC001782,2026-09-14 13:45:15,Thomashaven,LU,0
ACC002380,2026-09-14 13:45:15,Sandersmouth,TN,1
ACC000638,2026-09-14 13:45:16,Lake Susan,PT,0
ACC004020,2026-09-14 13:45:16,Williammouth,DJ,0
ACC001896,2026-09-14 13:45:16,West Deborah,MG,0
ACC004781,2026-09-14 13:45:16,West Kevinmouth,ES,0
ACC000879,2026-09-14 13:45:17,New Brianhaven,ZA,0
ACC004178,2026-09-14 13:45:17,East Toddborough,TL,0
ACC000288,2026-09-14 13:45:17,Port Brian,NL,0
ACC004252,2026-09-14 13:45:18,New Charles,MH,1
ACC004827,2026-09-14 13:45:18,Jayhaven,HN,0
ACC000197,2026-09-14 13:45:18,West Randyville,VC,0
ACC003152,2026-09-14 13:45:18,Wilsontown,GQ,0
ACC001602,2026-09-14 13:45:18,West Barbara,GQ,0
ACC001429,2026-09-14 13:45:18,Port Matthew,BI,0
ACC001226,2026-09-14 13:45:18,South Nicholasfurt,MT,0
ACC001312,2026-09-14 13:45:18,North Christinahaven,LR,0
ACC003132,2026-09-14 13:45:19,Anneport,TL,0
ACC003012,2026-09-14 13:45:19,Lake Natalie,AF,0
ACC000038,2026-09-14 13:45:19,Alexville,CU,0
ACC001262,2026-09-14 13:45:19,Wallsland,KI,0
ACC003882,2026-09-14 13:45:19,North Thomas,NG,0
ACC000227,2026-09-14 13:45:20,West Cameronville,BW,0
ACC004023,2026-09-14 13:45:20,Carsonchester,KP,0
ACC003438,2026-09-14 13:45:20,South Tonitown,PK,0
ACC004047,2026-09-14 13:45:20,New Corey,SZ,0
ACC000928,2026-09-14 13:45:21,South Elizabethland,TN,0
ACC002565,2026-09-14 13:45:21,Port Melissa,BF,0
ACC004486,2026-09-14 13:45:21,Ryanville,PA,0
ACC004825,2026-09-14 13:45:21,Raymondburgh,TW,0
ACC000027,2026-09-14 13:45:21,South Trevor,IN,0
ACC001471,2026-09-14 13:45:22,Jeffreyberg,BG,0
ACC001031,2026-09-14 13:45:22,West Richardmouth,TH,0
ACC004773,2026-09-14 13:45:22,Carlbury,BS,0
ACC001765,2026-09-14 13:45:23,West Melissa,SY,0
ACC002196,2026-09-14 13:45:23,Boydfurt,BA,0
ACC003193,2026-09-14 13:45:23,West Cheyenne,NO,0
ACC004005,2026-09-14 13:45:23,Lake Lori,DJ,1
ACC002487,2026-09-14 13:45:23,New Christopher,BI,1
ACC002676,2026-09-14 13:45:24,New Brenda,TD,0
ACC003287,2026-09-14 13:45:24,South Mariochester,PE,0
ACC002111,2026-09-14 13:45:25,Lake Melissafort,LK,0
ACC002531,2026-09-14 13:45:25,East Davidville,LR,0
ACC001775,2026-09-14 13:45:25,Stephenport,MY,0
ACC000369,2026-09-14 13:45:25,East Scottton,OM,0
ACC001757,2026-09-14 13:45:25,Hendrixstad,DM,0
ACC000288,2026-09-14 13:45:25,North Hannahton,PH,0
ACC003918,2026-09-14 13:45:26,North Thomasmouth,LA,0
ACC003285,2026-09-14 13:45:26,Port Williamhaven,KH,0
ACC003231,2026-09-14 13:45:26,Rossshire,DM,0
ACC002595,2026-09-14 13:45:27,North Jeffreyshire,BB,0
ACC003318,2026-09-14 13:45:27,South Bradleychester,EE,0
ACC000818,2026-09-14 13:45:28,East Lindsey,JP,0
ACC002598,2026-09-14 13:45:28,Port Margaretshire,KI,0
ACC002471,2026-09-14 13:45:28,Wendyfort,PH,0
ACC001483,2026-09-14 13:45:28,West Jeremybury,SE,0
ACC000778,2026-09-14 13:45:29,North Joland,TR,0
ACC002117,2026-09-14 13:45:29,Moniquestad,LR,0
ACC000448,2026-09-14 13:45:29,South Timothyshire,KM,0
ACC004139,2026-09-14 13:45:29,Port Michelle,AZ,0
ACC001408,2026-09-14 13:45:30,Julieland,ID,0
ACC001293,2026-09-14 13:45:30,Hernandezview,KM,0
ACC003607,2026-09-14 13:45:30,North Stephen,AE,0
ACC003088,2026-09-14 13:45:30,North Melissa,AF,0
ACC001522,2026-09-14 13:45:31,Port Timothy,NA,0
ACC003738,2026-09-14 13:45:31,Paulport,NL,0
ACC002432,2026-09-14 13:45:31,North Barbaraview,MV,0
ACC004660,2026-09-14 13:45:31,South Christopher,UY,0
ACC001707,2026-09-14 13:45:32,North Annaside,KZ,0
ACC002705,2026-09-14 13:45:32,New Jasonhaven,JM,1
ACC001572,2026-09-14 13:45:32,Cowanmouth,RU,0
ACC003573,2026-09-14 13:45:32,Lewiston,SO,0
ACC001487,2026-09-14 13:45:32,East Alexanderhaven,LU,0
ACC004849,2026-09-14 13:45:33,New Michelemouth,UZ,0
ACC002576,2026-09-14 13:45:33,South Julie,VU,0
ACC003969,2026-09-14 13:45:33,West Melissa,SE,0
ACC002727,2026-09-14 13:45:33,Christyland,LI,0
ACC001866,2026-09-14 13:45:33,South Sheilaland,BG,0
ACC002334,2026-09-14 13:45:34,East Carlshire,BR,0
ACC004082,2026-09-14 13:45:34,Lorimouth,DJ,0
ACC004230,2026-09-14 13:45:34,New Deborah,MZ,0
ACC004008,2026-09-14 13:45:34,Davidfurt,DE,0
ACC000631,2026-09-14 13:45:35,North Amanda,BR,0
ACC003631,2026-09-14 13:45:36,East Joton,KP,1
ACC000929,2026-09-14 13:45:36,Cindyside,YE,0
ACC004571,2026-09-14 13:45:36,Benjaminmouth,FM,0
ACC002705,2026-09-14 13:45:36,Michaelside,BR,0
ACC001823,2026-09-14 13:45:37,Robertborough,TT,0
ACC002807,2026-09-14 13:45:37,Michealstad,PW,0
ACC003281,2026-09-14 13:45:37,Clarkhaven,PE,0
ACC000477,2026-09-14 13:45:38,East Jennifer,CD,0
ACC003123,2026-09-14 13:45:38,Lake Kristen,UZ,0
ACC003410,2026-09-14 13:45:39,Frankside,AD,0
ACC002595,2026-09-14 13:45:39,Port Matthewville,GB,0
ACC002995,2026-09-14 13:45:39,East Jose,FR,0
ACC002142,2026-09-14 13:45:39,Lake Christina,CH,1
ACC000064,2026-09-14 13:45:40,Arthurton,ET,0
ACC003019,2026-09-14 13:45:40,Samanthastad,HR,0
ACC000809,2026-09-14 13:45:41,West Robertview,AG,0
ACC001817,2026-09-14 13:45:41,Elizabethberg,TD,0
ACC004394,2026-09-14 13:45:41,North Ashleybury,GB,0
ACC004422,2026-09-14 13:45:41,Jonesport,VA,0
ACC004691,2026-09-14 13:45:42,Ryanfurt,HN,0
ACC003366,2026-09-14 13:45:42,Lake Shannon,JP,1
ACC003762,2026-09-14 13:45:42,South John,MW,0
ACC002754,2026-09-14 13:45:43,Armstrongmouth,LI,0
ACC004519,2026-09-14 13:45:43,Nancyside,AO,1
ACC004022,2026-09-14 13:45:43,South Beverlyville,CH,0
ACC001567,2026-09-14 13:45:44,Port Heidi,MG,0
ACC000447,2026-09-14 13:45:44,Frederickshire,DO,0
ACC004912,2026-09-14 13:45:44,Nelsonville,TT,0
ACC004180,2026-09-14 13:45:45,Port Aaron,MR,0
ACC001067,2026-09-14 13:45:46,Tracyburgh,NL,0
ACC001216,2026-09-14 13:45:46,Palmershire,PL,0
ACC004833,2026-09-14 13:45:47,West John,AD,0
ACC004105,2026-09-14 13:45:47,Medinaview,GE,0
ACC002433,2026-09-14 13:45:48,East Stephen,KW,0
ACC001864,2026-09-14 13:45:48,Quinnside,SG,0
ACC004646,2026-09-14 13:45:48,North Dustinstad,GM,0
ACC002072,2026-09-14 13:45:48,Rogersbury,LT,0
ACC001356,2026-09-14 13:45:49,Travisland,MW,0
ACC002087,2026-09-14 13:45:49,Jonesport,KM,0
ACC002119,2026-09-14 13:45:49,Lake Lisaview,SL,0
ACC000763,2026-09-14 13:45:49,Kevinchester,GM,0
ACC001773,2026-09-14 13:45:49,Hensleyville,NE,0
ACC000493,2026-09-14 13:45:49,North Margaretstad,UZ,0
ACC000826,2026-09-14 13:45:50,Emilychester,AT,1
ACC003659,2026-09-14 13:45:50,Deborahside,NR,0
ACC004824,2026-09-14 13:45:50,East Jessestad,SK,1
ACC002898,2026-09-14 13:45:50,New Elizabeth,VE,0
ACC001499,2026-09-14 13:45:50,Dudleyton,DK,0
ACC001325,2026-09-14 13:45:51,Mckaymouth,DO,0
ACC002065,2026-09-14 13:45:51,Port Sheilaville,BR,0
ACC003764,2026-09-14 13:45:52,Brownbury,SE,0
ACC004224,2026-09-14 13:45:52,South Donald,ER,0
ACC001843,2026-09-14 13:45:53,Scottview,LV,0
ACC003236,2026-09-14 13:45:53,Stewartstad,NG,0
ACC002247,2026-09-14 13:45:54,New Katieland,BJ,0
ACC001584,2026-09-14 13:45:54,Jamesfort,QA,0
ACC003109,2026-09-14 13:45:55,Brianton,SZ,0
ACC004753,2026-09-14 13:45:55,Lake Michael,SO,0
ACC001727,2026-09-14 13:45:56,West Amyberg,AR,0
ACC001382,2026-09-14 13:45:56,East Joseberg,RO,0
ACC003031,2026-09-14 13:45:57,Sarahburgh,GY,0
ACC004354,2026-09-14 13:45:57,Port Victoriaborough,CN,0
ACC000448,2026-09-14 13:45:57,Christopherberg,QA,0
ACC000679,2026-09-14 13:45:57,Baileyfurt,GE,0
ACC002562,2026-09-14 13:45:58,Garciaborough,MW,0
ACC001652,2026-09-14 13:45:58,New Wanda,GM,0
ACC004811,2026-09-14 13:45:58,Alexisfurt,GB,0
ACC000492,2026-09-14 13:45:58,Lucasland,NP,0
ACC002241,2026-09-14 13:46:00,Karenchester,CH,0
ACC001089,2026-09-14 14:39:59,Brennanville,MM,0
ACC002223,2026-09-14 14:39:59,West Dwayne,PW,0
ACC000149,2026-09-14 14:40:00,Ramirezmouth,ST,0
ACC002190,2026-09-14 14:40:00,Aliciaborough,TO,1
ACC004728,2026-09-14 14:40:00,West Jeffrey,SI,0
ACC001568,2026-09-14 14:40:01,West Melanieland,DM,0
ACC002007,2026-09-14 14:40:01,North Jason,BD,0
ACC001192,2026-09-14 14:40:01,Lake Robert,LT,0
ACC002099,2026-09-14 14:40:01,Heatherport,NO,0
ACC001739,2026-09-14 14:40:02,Hurleyville,VE,0
ACC000791,2026-09-14 14:40:02,West John,SM,0
ACC000881,2026-09-14 14:40:02,New Heatherberg,DE,0
ACC004758,2026-09-14 14:40:03,Mathewville,LS,0
ACC004194,2026-09-14 14:40:03,North Katherinestad,CI,0
ACC004097,2026-09-14 14:40:03,Kristinmouth,BB,0
ACC004919,2026-09-14 14:40:03,East Jamesfort,AF,0
ACC001234,2026-09-14 14:40:03,South Lisachester,ZM,0
ACC002330,2026-09-14 14:40:03,Rickymouth,GD,1
ACC003688,2026-09-14 14:40:04,New Scotttown,BR,0
ACC003613,2026-09-14 14:40:04,Elizabethville,HR,1
ACC002155,2026-09-14 14:40:04,East Stacy,ER,0
ACC004720,2026-09-14 14:40:04,Kimberlyville,CZ,0
ACC000846,2026-09-14 14:40:04,Berrystad,AR,0
ACC000268,2026-09-14 14:40:05,Loristad,BY,0
ACC001239,2026-09-14 14:40:05,Barrettbury,AO,0
ACC004545,2026-09-14 14:40:05,East Juanview,BT,0
ACC002986,2026-09-14 14:40:05,Orrfort,IL,0
ACC000780,2026-09-14 14:40:05,North Scott,NA,0
ACC001795,2026-09-14 14:40:05,Colechester,MV,0
ACC000554,2026-09-14 14:40:06,Elliottmouth,MN,0
ACC002630,2026-09-14 14:40:06,Norrisbury,AG,0
ACC004243,2026-09-14 14:40:06,Katherineville,KN,0
ACC001659,2026-09-14 14:40:06,Amandahaven,GD,1
ACC001839,2026-09-14 14:40:06,Davidport,PK,0
ACC004221,2026-09-14 14:40:07,Port Lisa,JO,0
ACC001879,2026-09-14 14:40:07,Amyton,BN,0
ACC001184,2026-09-14 14:40:07,Hansenton,GT,0
ACC003833,2026-09-14 14:40:07,New Steven,JP,0
ACC004664,2026-09-14 14:40:08,North Kimberlytown,AU,0
ACC004941,2026-09-14 14:40:08,Port Mary,SR,0
ACC000231,2026-09-14 14:40:08,Williamport,GE,0
ACC001181,2026-09-14 14:40:08,Thomasport,GY,0
ACC002443,2026-09-14 14:40:09,Mooretown,TL,1
ACC003661,2026-09-14 14:40:09,Wadeland,TO,0
ACC002175,2026-09-14 14:40:09,Amyfort,KH,0
ACC003726,2026-09-14 14:40:09,Andrewstown,AE,0
ACC004613,2026-09-14 14:40:09,Port Sarahville,CZ,0
ACC000943,2026-09-14 14:40:10,Henrymouth,FM,0
ACC002988,2026-09-14 14:40:10,New Luis,GM,0
ACC000035,2026-09-14 14:40:10,Dennisview,VN,0
ACC000212,2026-09-14 14:40:11,Jacksonville,MX,0
ACC004304,2026-09-14 14:40:11,Nunezside,RS,0
ACC004534,2026-09-14 14:40:11,Lake Cathyfurt,AT,0
ACC003264,2026-09-14 14:40:11,Lake Brianberg,KH,0
ACC000409,2026-09-14 14:40:11,West Jonathanmouth,MT,0
ACC000650,2026-09-14 14:40:12,Ortizmouth,HU,0
ACC003609,2026-09-14 14:40:12,Zhangview,VA,0
ACC004893,2026-09-14 14:40:13,Fitzgeraldfurt,SG,0
ACC003367,2026-09-14 14:40:13,Lake Vanessafort,IT,0
ACC000618,2026-09-14 14:40:13,Marshallstad,KH,0
ACC001226,2026-09-14 14:40:13,Richardsonhaven,GE,1
ACC001389,2026-09-14 14:40:13,North Alicia,GB,0
ACC003197,2026-09-14 14:40:13,Howardmouth,IN,0
ACC002450,2026-09-14 14:40:14,East Gary,ES,0
ACC002347,2026-09-14 14:40:14,Port Nicholas,MD,0
ACC000881,2026-09-14 14:40:15,New Devon,US,0
ACC002319,2026-09-14 14:40:15,New Donnaport,SV,0
ACC001550,2026-09-14 14:40:16,Hernandezside,VU,1
ACC004481,2026-09-14 14:40:16,Reidport,GY,0
ACC001173,2026-09-14 14:40:16,Sheltonstad,MK,0
ACC004572,2026-09-14 14:40:16,Blackwellshire,VU,0
ACC002117,2026-09-14 14:40:16,Joshuafurt,VC,0
ACC003036,2026-09-14 14:40:17,North Amberfurt,NE,0
ACC002990,2026-09-14 14:40:18,Morsestad,AO,0
ACC003939,2026-09-14 14:40:18,Gillespieborough,FM,0
ACC002397,2026-09-14 14:40:18,Hernandezton,GD,0
ACC003937,2026-09-14 14:40:18,Amyville,TJ,0
ACC004223,2026-09-14 14:40:18,South Kristenhaven,SL,0
ACC002960,2026-09-14 14:40:19,New Aliciaton,IE,0
ACC004441,2026-09-14 14:40:19,New Matthew,MA,0
ACC000611,2026-09-14 14:40:19,Jeffreyside,BT,0
ACC001276,2026-09-14 14:40:20,Catherinestad,BB,0
ACC003732,2026-09-14 14:40:20,North Tara,RW,0
ACC000341,2026-09-14 14:40:20,Garnerhaven,LA,0
ACC004654,2026-09-14 14:40:20,Lake Ryanmouth,NP,0
ACC002255,2026-09-14 14:40:20,North Angela,ML,0
ACC003055,2026-09-14 14:40:20,Baxterhaven,MV,0
ACC004252,2026-09-14 14:40:21,East Beth,RU,0
ACC003250,2026-09-14 14:40:21,Onealport,BA,0
ACC002064,2026-09-14 14:40:21,Richardsonville,ML,0
ACC004302,2026-09-14 14:40:22,Port Kim,BA,1
ACC001435,2026-09-14 14:40:22,Smithberg,NP,0
ACC003139,2026-09-14 14:40:23,West Christyland,KI,0
ACC000339,2026-09-14 14:40:23,Lake Davidhaven,SB,0
ACC001885,2026-09-14 14:40:23,Paulfort,MK,0
ACC003412,2026-09-14 14:40:23,Patelton,SK,0
ACC004776,2026-09-14 14:40:23,East Amy,HN,0
ACC004707,2026-09-14 14:40:23,South Kimberly,TZ,0
ACC004087,2026-09-14 14:40:23,Samanthaburgh,BH,0
ACC001984,2026-09-14 14:40:24,Carolland,BH,0
ACC003121,2026-09-14 14:40:24,East Alejandrotown,SI,0
ACC001024,2026-09-14 14:40:25,South Miranda,MZ,1
ACC001413,2026-09-14 14:40:26,South Danieltown,TG,0
ACC003296,2026-09-14 14:40:26,Padillastad,SC,0
ACC001558,2026-09-14 14:40:26,Costaview,ZM,0
ACC004566,2026-09-14 14:40:26,Lake Abigail,PW,0
ACC002257,2026-09-14 14:40:26,Denisemouth,MH,1
ACC001291,2026-09-14 14:40:27,South Kennethview,NR,0
ACC001996,2026-09-14 14:40:27,Courtneyville,DO,1
ACC001713,2026-09-14 14:40:27,East Amy,SA,1
ACC004426,2026-09-14 14:40:27,Williamsshire,NZ,1
ACC003526,2026-09-14 14:40:27,East Sean,PT,1
ACC001735,2026-09-14 14:40:27,Lake Christopherstad,JM,0
ACC004384,2026-09-14 14:40:28,Theresachester,BW,0
ACC004520,2026-09-14 14:40:28,Millerside,KZ,0
ACC004366,2026-09-14 14:40:28,Port Brentborough,AU,0
ACC001695,2026-09-14 14:40:28,South Kevintown,PW,0
ACC000095,2026-09-14 14:40:29,Jenniferhaven,MR,0
ACC004191,2026-09-14 14:40:29,North Amberview,CY,0
ACC000034,2026-09-14 14:40:29,Hebertton,BE,0
ACC003322,2026-09-14 14:40:29,Port Seanchester,BD,0
ACC001983,2026-09-14 14:40:30,Gilbertbury,JM,0
ACC003183,2026-09-14 14:40:30,South Christopherburgh,MD,0
ACC000410,2026-09-14 14:40:30,North John,TN,0
ACC003903,2026-09-14 14:40:31,Michaelfurt,BY,0
ACC003195,2026-09-14 14:40:31,East Lisastad,KG,0
ACC003981,2026-09-14 14:40:31,Youngborough,MM,0
ACC001402,2026-09-14 14:40:31,Freemanland,KH,0
ACC002380,2026-09-14 14:40:31,Port John,UG,0
ACC002300,2026-09-14 14:40:31,Novakfort,OM,0
ACC003074,2026-09-14 14:40:31,Youngstad,GR,0
ACC003117,2026-09-14 14:40:32,Lake Dean,NR,0
ACC000828,2026-09-14 14:40:32,Lake Thomas,VE,0
ACC004592,2026-09-14 14:40:32,Richardport,VE,0
ACC001785,2026-09-14 14:40:32,South Jerryborough,PS,0
ACC001216,2026-09-14 14:40:33,Mclaughlintown,IT,0
ACC002132,2026-09-14 14:40:33,New Jonathanton,NA,0
ACC002859,2026-09-14 14:40:33,Port Tracytown,ML,0
ACC004959,2026-09-14 14:40:33,New Jillianbury,NR,0
ACC004460,2026-09-14 14:40:33,East Michelletown,NZ,0
ACC000971,2026-09-14 14:40:34,Lopezberg,JP,0
ACC001340,2026-09-14 14:40:34,Elijahville,NP,0
ACC003576,2026-09-14 14:40:34,Wolfefurt,LC,0
ACC004489,2026-09-14 14:40:35,Lake Dominic,MC,0
ACC001666,2026-09-14 14:40:35,Kathleenville,GR,0
ACC002026,2026-09-14 14:40:35,Jamesshire,LA,0
ACC001968,2026-09-14 14:40:36,New Alexanderton,DZ,0
ACC004188,2026-09-14 14:40:37,Lake Nathanberg,NZ,1
ACC000222,2026-09-14 14:40:37,Lake Derekland,SL,0
ACC001221,2026-09-14 14:40:38,Hopkinsstad,LA,0
ACC001521,2026-09-14 14:40:38,Coopermouth,AM,0
ACC003649,2026-09-14 14:40:38,Shaffershire,BJ,0
ACC002187,2026-09-14 14:40:40,Ryanchester,JO,0
ACC000794,2026-09-14 14:40:40,Lauramouth,CA,0
ACC000528,2026-09-14 14:40:40,North Stevenport,MV,0
ACC004618,2026-09-14 14:40:41,Glennfort,SD,0
ACC003819,2026-09-14 14:40:41,Bradleyport,SI,0
ACC002206,2026-09-14 14:40:41,Lake Kristenburgh,HR,0
ACC000989,2026-09-14 14:40:42,West Steveshire,NL,0
ACC000435,2026-09-14 14:40:43,West Sarahmouth,DM,0
ACC004819,2026-09-14 14:40:43,Amberland,GR,0
ACC001694,2026-09-14 14:40:44,Bryantown,SL,0
ACC003911,2026-09-14 14:40:45,South Anthonyville,GA,1
ACC003470,2026-09-14 14:40:45,Rodriguezfort,DE,0
ACC001749,2026-09-14 14:40:45,East Danielhaven,NI,0
ACC002951,2026-09-14 14:40:46,Port Justinhaven,QA,0
ACC001586,2026-09-14 14:40:46,Port Cynthia,GR,0
ACC004118,2026-09-14 14:40:47,Keithmouth,SG,0
ACC004015,2026-09-14 14:40:47,Port Davidton,SA,0
ACC002671,2026-09-14 14:40:47,Terrencechester,PH,0
ACC004585,2026-09-14 14:40:47,Port Thomasfurt,MM,1
ACC002213,2026-09-14 14:40:47,West Danaville,AE,1
ACC003343,2026-09-14 14:40:47,Leblancstad,BD,0
ACC002695,2026-09-14 14:40:47,Martintown,SR,1
ACC000942,2026-09-14 14:40:48,Richardsontown,AU,0
ACC004485,2026-09-14 14:40:48,North Gregoryberg,TZ,1
ACC003836,2026-09-14 14:40:48,Danielside,IE,0
ACC003180,2026-09-14 14:40:48,South Robert,LA,0
ACC001505,2026-09-14 14:40:48,Port Juliatown,MG,0
ACC004264,2026-09-14 14:40:50,East Justin,AM,0
ACC003509,2026-09-14 14:40:50,Joshuashire,NL,0
ACC001440,2026-09-14 14:40:51,Lake Anthonybury,PG,0
ACC003703,2026-09-14 14:40:51,Jackiefort,BN,0
ACC002854,2026-09-14 14:40:53,Riosland,MR,0
ACC004016,2026-09-14 14:40:53,Elizabethville,KE,0
ACC003876,2026-09-14 14:40:53,Mccormickberg,WS,0
ACC001572,2026-09-14 14:40:53,South Katelyn,ES,0
ACC001496,2026-09-14 14:40:53,Port Allen,FI,0
ACC002017,2026-09-14 14:40:53,Stephenmouth,NZ,0
ACC002900,2026-09-14 14:40:53,North Kathleenland,LK,0
ACC003636,2026-09-14 14:40:54,Joannaside,ST,0
ACC002278,2026-09-14 14:40:54,East Deborahland,BG,0
ACC004574,2026-09-14 14:40:54,Lisaport,MX,0
ACC000546,2026-09-14 14:40:55,Roseview,MR,0
ACC002330,2026-09-14 14:40:55,Hammondport,CZ,0
ACC002943,2026-09-14 14:40:55,Isaiahview,DZ,0
ACC003495,2026-09-14 14:40:55,Ortizton,RW,0
ACC001545,2026-09-14 14:40:55,Sandersfurt,MV,0
ACC003291,2026-09-14 14:40:55,Alecmouth,BS,0
ACC003155,2026-09-14 14:40:56,Jonesland,MM,0
ACC004039,2026-09-14 14:40:57,Andrewport,TW,0
ACC000180,2026-09-14 14:40:57,Port Wayne,EE,0
ACC002420,2026-09-14 14:40:57,Kevinmouth,NA,0
ACC001791,2026-09-14 14:40:57,North Omar,KZ,0
ACC004298,2026-09-14 14:40:58,Masonfurt,SB,0
ACC001324,2026-09-14 14:40:58,New Sarah,SI,0
ACC000509,2026-09-14 14:40:58,Barrettland,TR,0
ACC002804,2026-09-14 14:40:58,Samanthaport,PW,0
ACC002737,2026-09-14 14:40:58,Melendezburgh,MH,0
ACC000823,2026-09-14 14:40:59,Erikafurt,IL,0
ACC002281,2026-09-14 14:40:59,Port Jameshaven,VC,1
ACC002059,2026-09-14 14:40:59,West Cynthiafurt,NZ,0
ACC003744,2026-09-14 14:40:59,Brandonland,ET,0
ACC001900,2026-09-14 14:40:59,Robertfurt,CR,0
ACC004662,2026-09-14 14:41:00,Espinozaport,RU,0
ACC004971,2026-09-14 14:41:00,North Alexander,KW,0
ACC002017,2026-09-14 14:41:00,West Henry,CO,0
ACC003312,2026-09-14 14:41:00,Torresville,MG,0
ACC000032,2026-09-14 14:41:01,Lake Robert,ES,0
ACC001990,2026-09-14 14:41:01,Michaeltown,SR,0
ACC001057,2026-09-14 14:41:02,Perkinstown,GB,0
ACC003614,2026-09-14 14:41:02,Hernandezshire,NL,0
ACC003634,2026-09-14 14:41:03,Lake Karaview,VA,0
ACC004921,2026-09-14 14:41:03,North Nathanmouth,FR,0
ACC001515,2026-09-14 14:41:04,Lake Lisa,HR,0
ACC003709,2026-09-14 14:41:04,Christopherstad,LY,0
ACC001409,2026-09-14 14:41:05,Ericfurt,LS,0
ACC002087,2026-09-14 14:41:05,Alexanderbury,TG,0
ACC001932,2026-09-14 14:41:05,East Tammy,PG,0
ACC000580,2026-09-14 14:41:05,Jenningsberg,BH,0
ACC003101,2026-09-14 14:41:06,Port Stevenchester,LT,0
ACC003678,2026-09-14 14:41:06,Charlesberg,BD,0
ACC001647,2026-09-14 14:41:06,Jenniferfort,MG,0
ACC002902,2026-09-14 14:41:06,Boydport,GH,0
ACC002732,2026-09-14 14:41:06,Tiffanyberg,RU,0
ACC003251,2026-09-14 14:41:07,Amberbury,LR,1
ACC004783,2026-09-14 14:41:07,Jensenland,TH,0
ACC000854,2026-09-14 14:41:08,Port Angelaberg,LY,0
ACC002737,2026-09-14 14:41:09,Mariaburgh,PE,0
ACC003838,2026-09-14 14:41:09,Morganchester,LV,0
ACC003109,2026-09-14 14:41:09,Lake Henrychester,AT,0
ACC003429,2026-09-14 14:41:11,New Christopher,MX,0
ACC002428,2026-09-14 14:41:11,East Crystal,LR,0
ACC004948,2026-09-14 14:41:11,Griffinchester,SV,0
ACC004229,2026-09-14 14:41:11,Jacksonshire,LS,0
ACC004734,2026-09-14 14:41:11,New Amanda,NE,1
ACC003404,2026-09-14 14:41:11,North Lynnborough,HU,0
ACC002070,2026-09-14 14:41:11,Lake Paula,LY,0
ACC003336,2026-09-14 14:41:11,Cookechester,ZW,0
ACC002614,2026-09-14 14:41:12,Port Travis,MG,0
ACC003012,2026-09-14 14:41:12,North Robert,RS,0
ACC001913,2026-09-14 14:41:13,Wrightstad,IS,0
ACC004909,2026-09-14 14:41:13,North Chrisside,MT,0
ACC003856,2026-09-14 14:41:13,New Amyburgh,MA,0
ACC000170,2026-09-14 14:41:14,Tracyport,EG,0
ACC002862,2026-09-14 14:41:14,Bradleyport,SL,0
ACC001377,2026-09-14 14:41:15,Joshuatown,IE,0
ACC004683,2026-09-14 14:41:15,Jacksonshire,PE,0
ACC003113,2026-09-14 14:41:15,Walkerland,LC,0
ACC004673,2026-09-14 14:41:16,West Sergio,MW,0
ACC001309,2026-09-14 14:41:16,Wesleyview,CN,0
ACC001821,2026-09-14 14:41:16,New Gregory,KZ,0
ACC004890,2026-09-14 14:41:16,Ortizchester,DO,0
ACC000780,2026-09-14 14:41:17,Smithberg,LB,0
ACC003943,2026-09-14 14:41:17,Lake Kathrynchester,TZ,0
ACC004116,2026-09-14 14:41:18,East Jeffreytown,SK,0
ACC000855,2026-09-14 14:41:18,Rachelstad,LC,0
ACC002967,2026-09-14 14:41:18,Lake Courtneybury,NO,0
ACC004016,2026-09-14 14:41:19,Brandonland,FR,0
ACC001161,2026-09-14 14:41:19,West Kristiburgh,BE,0
ACC003085,2026-09-14 14:41:19,South Thomas,CH,0
ACC001890,2026-09-14 14:41:20,Wangburgh,GH,0
ACC000433,2026-09-14 14:41:20,Vangmouth,IL,0
ACC001290,2026-09-14 14:41:20,Lake Amystad,HR,1
ACC003540,2026-09-14 14:41:20,West Amanda,MX,1
ACC003075,2026-09-14 14:41:20,East Ryantown,TH,0
ACC002528,2026-09-14 14:41:20,Rangelton,AO,0
ACC000659,2026-09-14 14:41:20,Lake Belindaberg,KN,0
ACC002186,2026-09-14 14:41:20,East Emily,UA,0
ACC001341,2026-09-14 14:41:21,East Emilychester,NL,0
ACC001663,2026-09-14 14:41:21,Elizabethhaven,IR,0
ACC001050,2026-09-14 14:41:21,Clarkstad,DJ,0
ACC004105,2026-09-14 14:41:22,Richardmouth,MT,0
ACC002657,2026-09-14 14:41:22,Lake Keithview,BT,0
ACC000784,2026-09-14 14:41:22,Amandaton,AD,0
ACC004461,2026-09-14 14:41:23,Gomeztown,HN,0
ACC004701,2026-09-14 14:41:23,Jonesport,SB,0
ACC002552,2026-09-14 14:41:24,Matthewmouth,GT,0
ACC003470,2026-09-14 14:41:24,Richardton,YE,0
ACC003511,2026-09-14 14:41:25,Jacobhaven,LK,0
ACC000489,2026-09-14 14:41:25,Johnsonfurt,VU,0
ACC000765,2026-09-14 14:41:25,West Nicole,OM,0
ACC002507,2026-09-14 14:41:26,Matthewsfort,TG,0
ACC003461,2026-09-14 14:41:26,Leonardfurt,MN,0
ACC003995,2026-09-14 14:41:26,Myersland,MK,0
ACC004024,2026-09-14 14:41:26,Hernandezmouth,AE,1
ACC002592,2026-09-14 14:41:26,East Justinbury,PA,0
ACC004033,2026-09-14 14:41:27,West Natalie,MG,0
ACC003954,2026-09-14 14:41:28,Kaylaberg,BO,0
ACC000670,2026-09-14 14:41:28,Kimberlymouth,NP,0
ACC000893,2026-09-14 14:41:29,Jessicaton,BY,0
ACC002162,2026-09-14 14:41:29,Youngfurt,NG,0
ACC002781,2026-09-14 14:41:29,Lake Biancashire,DE,0
ACC000180,2026-09-14 14:41:30,North Glennberg,VE,0
ACC004526,2026-09-14 14:41:30,Port Kimberlyville,MC,0
ACC001304,2026-09-14 14:41:31,East Tammyfurt,TT,0
ACC002523,2026-09-14 14:41:31,Kimberlyfurt,RU,0
ACC004735,2026-09-14 14:41:32,Watsonton,UZ,0
ACC000828,2026-09-14 14:41:32,Lake Justin,SC,0
ACC002027,2026-09-14 14:41:32,Ritaborough,MX,0
ACC003589,2026-09-14 14:41:32,Juliafort,ML,1
ACC000592,2026-09-14 14:41:33,West David,MR,0
ACC004812,2026-09-14 14:41:33,Romerostad,CM,0
ACC003646,2026-09-14 14:41:34,Newmanland,LR,0
ACC000761,2026-09-14 14:41:34,Ortizstad,MW,1
ACC002372,2026-09-14 14:41:34,Garyport,IE,0
ACC003711,2026-09-14 14:41:34,Port Jordanstad,PW,0
ACC003987,2026-09-14 14:41:35,Davidchester,VE,0
ACC000045,2026-09-14 14:41:35,North Benjaminview,ZW,1
ACC003611,2026-09-14 14:41:35,Amandatown,LU,0
ACC000715,2026-09-14 14:41:36,New Jessica,CL,0
ACC003697,2026-09-14 14:41:36,East Stephanieville,SK,0
ACC001044,2026-09-14 14:41:37,Jeremyshire,MD,0
ACC004873,2026-09-14 14:41:37,Lake Julie,GQ,0
ACC002182,2026-09-14 14:41:37,Walkerview,CD,0
ACC001288,2026-09-14 14:41:37,South Charlestown,CY,1
ACC000611,2026-09-14 14:41:37,Aaronmouth,IE,0
ACC003991,2026-09-14 14:41:38,West Lisaland,LS,0
ACC004673,2026-09-14 14:41:38,Lake Christopher,PW,0
ACC000262,2026-09-14 14:41:38,Michaelview,CD,1
ACC002763,2026-09-14 14:41:38,Strongstad,SK,0
ACC002471,2026-09-14 14:41:39,East Randyberg,TG,0
ACC000858,2026-09-14 14:41:39,South Natalieside,CD,0
ACC003509,2026-09-14 14:41:39,Sherrystad,VA,0
ACC000918,2026-09-14 14:41:39,South Katherine,TN,1
ACC003274,2026-09-14 14:41:40,Port Joshua,VE,0
ACC000712,2026-09-14 14:41:40,Georgechester,CO,1
ACC001020,2026-09-14 14:41:40,Port Lisa,BE,1
ACC000867,2026-09-14 14:41:41,South Lori,BA,0
ACC003969,2026-09-14 14:41:43,Port Michael,TM,0
ACC000629,2026-09-14 14:41:43,Robleshaven,SV,0
ACC003856,2026-09-14 14:41:44,South Alyssa,CA,0
ACC002193,2026-09-14 14:41:45,Elizabethstad,DZ,0
ACC000765,2026-09-14 14:41:45,South Randyborough,CG,0
ACC003419,2026-09-14 14:41:45,Coxborough,CY,0
ACC003142,2026-09-14 14:41:47,Lawrenceland,IQ,0
ACC004021,2026-09-14 14:41:47,North Tanya,PW,0
ACC004670,2026-09-14 14:41:48,Richardfurt,FM,1
ACC000667,2026-09-14 14:41:48,North Jennifer,GE,0
ACC002542,2026-09-14 14:41:49,Port Jennifer,PW,0
ACC002828,2026-09-14 14:41:50,South Debramouth,PT,1
ACC004557,2026-09-14 14:41:50,Englishmouth,MK,0
ACC004343,2026-09-14 14:41:50,Christopherbury,CA,0
ACC000722,2026-09-14 14:41:51,South Ericbury,LU,0
ACC001683,2026-09-14 14:41:51,Lake Amy,TH,0
ACC004687,2026-09-14 14:41:51,Andersonstad,IL,0
ACC004462,2026-09-14 14:41:52,Shieldsmouth,FR,0
ACC004420,2026-09-14 14:41:52,North Lisa,SY,0
ACC002349,2026-09-14 14:41:52,South Jefferytown,JM,0
ACC000357,2026-09-14 14:41:52,Thompsonfurt,CI,0
ACC003979,2026-09-14 14:41:54,South Staceyshire,MV,0
ACC000342,2026-09-14 14:41:54,North Anthonystad,KG,1
ACC001619,2026-09-14 14:41:55,Kennethfurt,TN,1
ACC000292,2026-09-14 14:41:55,Goodmanmouth,LT,0
ACC001756,2026-09-14 14:41:55,Loriport,UY,0
ACC000871,2026-09-14 14:41:56,Port Stevenmouth,IN,0
ACC003484,2026-09-14 14:41:56,North Courtneyport,CM,0
ACC003477,2026-09-14 14:41:56,Harringtonside,AT,0
ACC004671,2026-09-14 14:41:57,South Davidfort,DK,0
ACC000367,2026-09-14 14:41:57,Davidbury,LI,0
ACC004887,2026-09-14 14:41:57,New Mirandahaven,UY,0
ACC001672,2026-09-14 14:41:57,East Jodi,PK,0
ACC004465,2026-09-14 14:41:57,Stevenport,MD,0
ACC001387,2026-09-14 14:41:57,Coopermouth,GW,0
ACC003548,2026-09-14 14:41:58,Port Jesus,NO,0
ACC003474,2026-09-14 14:41:58,Lake Jimmy,HU,0
ACC003590,2026-09-14 14:41:58,Port Zachary,HR,0
ACC002155,2026-09-14 14:41:58,Juliashire,ME,0
ACC002980,2026-09-14 14:41:59,West Aaron,GH,1
ACC001459,2026-09-14 14:41:59,Derekview,LU,0
ACC000556,2026-09-14 14:41:59,East Adrianmouth,ER,0
ACC003705,2026-09-14 14:41:59,Brooksmouth,KZ,0
ACC004344,2026-09-14 14:41:59,Julieshire,JP,0
ACC004029,2026-09-14 14:41:59,East Brian,ET,0
ACC003455,2026-09-14 14:42:00,Port Jacquelineton,LA,0
ACC000221,2026-09-14 14:42:01,Johnburgh,IE,0
ACC002495,2026-09-14 14:42:01,South Shellyside,MR,0
ACC002200,2026-09-14 14:42:01,West Jerryview,CV,0
ACC001769,2026-09-14 14:42:01,Hendersonburgh,CF,0
ACC001899,2026-09-14 14:42:01,Hardyburgh,PG,0
ACC003386,2026-09-14 14:42:02,Angelashire,IE,0
ACC003703,2026-09-14 14:42:02,New Jamiemouth,CR,0
ACC004010,2026-09-14 14:42:02,Port Johnmouth,LS,0
ACC001608,2026-09-14 14:42:02,New Kristenport,TZ,1
ACC004966,2026-09-14 14:42:02,West Dennisbury,ID,0
ACC003149,2026-09-14 14:42:03,Henrymouth,SE,0
ACC000142,2026-09-14 14:42:04,North Ericshire,DE,0
ACC003979,2026-09-14 14:42:04,Lake Meganview,DE,1
ACC002669,2026-09-14 14:42:04,Brittanyhaven,BJ,0
ACC000461,2026-09-14 14:42:04,South Michael,TG,0
ACC004678,2026-09-14 14:42:04,Alvarezfort,VC,1
ACC001359,2026-09-14 14:42:04,New Lisaport,JM,0
ACC001359,2026-09-14 14:42:04,Michaelland,CO,0
ACC004666,2026-09-14 14:42:04,West Kayla,PG,0
ACC004949,2026-09-14 14:42:04,North Teresaborough,DE,1
ACC001163,2026-09-14 14:42:05,Brittanyland,KI,0
ACC000970,2026-09-14 14:42:05,New Lori,GY,0
ACC003979,2026-09-14 14:42:06,West Deborahmouth,KM,0
ACC000972,2026-09-14 14:42:06,Dawnville,GM,0
ACC004366,2026-09-14 14:42:06,Angelatown,SO,0
ACC002105,2026-09-14 14:42:06,North Andreahaven,BN,0
ACC004320,2026-09-14 14:42:07,East Allisonton,UZ,0
ACC000166,2026-09-14 14:42:07,South Laura,LA,0
ACC001022,2026-09-14 14:42:07,Port Richardtown,DO,0
ACC001260,2026-09-14 14:42:07,West Victoriatown,BT,0
ACC003352,2026-09-14 14:42:08,Cynthiaside,QA,0
ACC002590,2026-09-14 14:42:08,Lake Robert,WS,0
ACC003454,2026-09-14 14:42:09,New Jacquelinefort,CA,0
ACC003919,2026-09-14 14:42:09,West Lauren,EE,0
ACC004662,2026-09-14 14:42:09,New Courtney,IL,0
ACC003721,2026-09-14 14:42:10,North Tylerburgh,KH,0
ACC002706,2026-09-14 14:42:11,Schneiderfurt,GT,0
ACC002754,2026-09-14 14:42:11,New Brittanyborough,HT,0
ACC002512,2026-09-14 14:42:12,Charlesberg,TR,0
ACC003067,2026-09-14 14:42:12,Brucemouth,KG,0
ACC003998,2026-09-14 14:42:13,Port Patrickborough,PW,0
ACC000986,2026-09-14 14:42:13,South Kristy,KM,0
ACC002298,2026-09-14 14:42:13,South Gary,GH,0
ACC002131,2026-09-14 14:42:13,Gavinton,ZW,0
ACC002807,2026-09-14 14:42:13,North Lisa,ZW,1
ACC004187,2026-09-14 14:42:13,South Johnshire,LB,0
ACC001989,2026-09-14 14:42:13,Toddborough,MU,0
ACC001640,2026-09-14 14:42:15,South Cherylmouth,GM,0
ACC003972,2026-09-14 14:42:15,North Danielburgh,LB,0
ACC001231,2026-09-14 14:42:15,West Lukeside,KH,0
ACC000823,2026-09-14 14:42:15,Lake Renee,NO,1
ACC003635,2026-09-14 14:42:15,New Susan,TO,0
ACC003416,2026-09-14 14:42:15,Jenniferville,SL,0
ACC002651,2026-09-14 14:42:16,Scottborough,BR,0
ACC001724,2026-09-14 14:42:16,East Jessicachester,TG,0
ACC003207,2026-09-14 14:42:16,Hawkinsberg,NP,0
ACC004042,2026-09-14 14:42:17,Josephview,AU,0
ACC002785,2026-09-14 14:42:17,West Sarah,PL,0
ACC000010,2026-09-14 14:42:17,Emilyborough,TJ,0
ACC000190,2026-09-14 14:42:18,New Deborah,DK,0
ACC004648,2026-09-14 14:42:18,South Kellyburgh,CF,0
ACC001275,2026-09-14 14:42:19,South Taylor,WS,1
ACC002917,2026-09-14 14:42:19,Hillshire,BI,0
ACC001588,2026-09-14 14:42:20,New Adam,GN,0
ACC001287,2026-09-14 14:42:20,Port Mark,EG,0
ACC004425,2026-09-14 14:42:20,Stephenshaven,LV,0
ACC000333,2026-09-14 14:42:20,Beckchester,TG,0
ACC004042,2026-09-14 14:42:20,Michaelchester,VE,0
ACC000050,2026-09-14 14:42:20,Taylorchester,NR,1
ACC002182,2026-09-14 14:42:20,Stephanieberg,AG,0
ACC001204,2026-09-14 14:42:20,Lake Kathrynfort,SC,0
ACC003300,2026-09-14 14:42:21,Valenzuelatown,CH,0
ACC003267,2026-09-14 14:42:21,Anthonychester,AR,0
ACC001765,2026-09-14 14:42:21,Lunaville,CI,0
ACC000889,2026-09-14 14:42:21,South Samuel,NO,0
ACC004641,2026-09-14 14:42:22,South Cynthia,PL,0
ACC004184,2026-09-14 14:42:22,Lake Tyler,FI,0
ACC002222,2026-09-14 14:42:22,Warrenfort,BA,0
ACC001456,2026-09-14 14:42:23,North Jamesport,VE,0
ACC001527,2026-09-14 14:42:23,Cynthiaberg,BD,0
ACC003176,2026-09-14 14:42:24,Lake Susanport,BG,0
ACC001322,2026-09-14 14:42:24,East Diana,TR,0
ACC004962,2026-09-14 14:42:24,Port Mikayla,PA,0
ACC001576,2026-09-14 14:42:25,Oliverfurt,ME,1
ACC002840,2026-09-14 14:42:25,West April,TV,0
ACC003939,2026-09-14 14:42:25,South Jamiemouth,SO,0
ACC004183,2026-09-14 14:42:25,Port Sydneymouth,LI,0
ACC003360,2026-09-14 14:42:25,Perezmouth,LY,0
ACC000080,2026-09-14 14:42:26,New Williamton,RO,0
ACC001527,2026-09-14 14:42:26,Wilcoxhaven,LR,0
ACC002373,2026-09-14 14:42:26,East Christopherhaven,GQ,0
ACC003782,2026-09-14 14:42:26,Nataliestad,GE,0
ACC000164,2026-09-14 14:42:26,West Tony,ER,0
ACC000746,2026-09-14 14:42:27,Durhamburgh,CV,0
ACC000860,2026-09-14 14:42:27,Taraside,CF,0
ACC000776,2026-09-14 14:42:27,East Javierport,BE,0
ACC004327,2026-09-14 14:42:28,Lake Rebeccamouth,KE,0
ACC004655,2026-09-14 14:42:28,West Charles,KM,0
ACC002464,2026-09-14 14:42:29,Lake Tony,LT,0
ACC000007,2026-09-14 14:42:29,Port Anthonyberg,PY,1
ACC003110,2026-09-14 14:42:29,Lydiatown,UY,0
ACC003158,2026-09-14 14:42:30,Gonzalezport,CY,1
ACC001050,2026-09-14 14:42:30,Ericville,LY,0
ACC000740,2026-09-14 14:42:30,Joshuamouth,JO,0
ACC002383,2026-09-14 14:42:31,Lake Melissamouth,CY,0
ACC004854,2026-09-14 14:42:31,Elizabethshire,CR,0
ACC003548,2026-09-14 14:42:31,West Donna,US,0
ACC000626,2026-09-14 14:42:32,North Corey,BJ,0
ACC002551,2026-09-14 14:42:33,West Tracyside,GN,0
ACC003704,2026-09-14 14:42:33,New Melinda,CA,0
ACC001642,2026-09-14 14:42:33,Cindyshire,TZ,0
ACC004420,2026-09-14 14:42:34,Johnsonmouth,SG,0
ACC003425,2026-09-14 14:42:35,Shermanfurt,DJ,0
ACC000951,2026-09-14 14:42:35,Port Tracy,SR,0
ACC002004,2026-09-14 14:42:35,Port Jennifer,VN,0
ACC002383,2026-09-14 14:42:36,Huntville,RW,0
ACC001203,2026-09-14 14:42:36,Barbarashire,MR,0
ACC002949,2026-09-14 14:42:38,East Mark,AF,0
ACC003657,2026-09-14 14:42:38,Lisaton,LR,0
ACC004179,2026-09-14 14:42:38,North Matthew,SD,0
ACC002054,2026-09-14 14:42:38,New John,TV,0
ACC000190,2026-09-14 14:42:39,South John,SV,0
ACC002322,2026-09-14 14:42:39,Smithburgh,MU,0
ACC002437,2026-09-14 14:42:39,Samuelfurt,VN,0
ACC004306,2026-09-14 14:42:39,Markberg,FR,0
ACC002843,2026-09-14 14:42:39,North Melody,CL,0
ACC001951,2026-09-14 14:42:40,Thomasville,KH,0
ACC004412,2026-09-14 14:42:40,West Mark,FR,0
ACC001849,2026-09-14 14:42:40,West Brent,BY,0
ACC004602,2026-09-14 14:42:41,Potterfort,WS,0
ACC004946,2026-09-14 14:42:41,Shannonview,SV,0
ACC004851,2026-09-14 14:42:42,North Robertville,RO,0
ACC001433,2026-09-14 14:42:42,Fieldsbury,TM,0
ACC004835,2026-09-14 14:42:42,West John,SM,0
ACC003553,2026-09-14 14:42:43,Hancockborough,ST,0
ACC000053,2026-09-14 14:42:43,North Michaelshire,IN,0
ACC002669,2026-09-14 14:42:43,Bellburgh,IE,0
ACC000129,2026-09-14 14:42:45,Pateltown,NA,1
ACC001213,2026-09-14 14:42:45,Ayalaport,MK,0
ACC003209,2026-09-14 14:42:46,South Jason,BG,0
ACC001548,2026-09-14 14:42:46,Kellyville,AD,0
ACC004771,2026-09-14 14:42:47,Stevenmouth,GN,0
ACC001335,2026-09-14 14:42:47,Thomasfurt,US,0
ACC004558,2026-09-14 14:42:47,Port Darrenmouth,TZ,0
ACC000771,2026-09-14 14:42:47,New Seanchester,TT,0
ACC000481,2026-09-14 14:42:48,Markstad,KG,0
ACC001856,2026-09-14 14:42:48,Elizabethstad,KW,0
ACC003679,2026-09-14 14:42:48,Port Jimshire,UG,0
ACC002339,2026-09-14 14:42:48,South Alexaview,GB,0
ACC000790,2026-09-14 14:42:49,Danberg,SG,0
ACC001992,2026-09-14 14:42:49,Pennyburgh,UY,0
ACC003115,2026-09-14 14:42:49,Joshuaton,ER,0
ACC003438,2026-09-14 14:42:49,Collinsburgh,VN,0
ACC002403,2026-09-14 14:42:49,Port Elijah,KP,0
ACC000422,2026-09-14 14:42:49,South Erica,AR,0
ACC001973,2026-09-14 14:42:50,Lake Caleb,PL,0
ACC001316,2026-09-14 14:42:50,Port Markport,VA,0
ACC000332,2026-09-14 14:42:51,West Henrystad,MR,0
ACC004518,2026-09-14 14:42:51,Beverlystad,AL,0
ACC000107,2026-09-14 14:42:51,Longfurt,GR,0
ACC003504,2026-09-14 14:42:51,South Kevinchester,BD,0
ACC002739,2026-09-14 14:42:52,Matthewside,AE,0
ACC003985,2026-09-14 14:42:52,North Brandonside,LV,0
ACC001697,2026-09-14 14:42:52,South Michelleburgh,SO,0
ACC001058,2026-09-14 14:42:52,South Danielle,GT,0
ACC004408,2026-09-14 14:42:53,Stephanieshire,SZ,0
ACC004149,2026-09-14 14:42:53,West Seth,GR,0
ACC003890,2026-09-14 14:42:53,North Angelaview,HR,0
ACC000718,2026-09-14 14:42:53,Lake Deniseview,CZ,0
ACC001635,2026-09-14 14:42:53,North Crystalton,AL,0
ACC003359,2026-09-14 14:42:53,New Jesse,ER,0
ACC001059,2026-09-14 14:42:54,South Joshua,CL,0
ACC002380,2026-09-14 14:42:54,East Michael,TN,0
ACC001831,2026-09-14 14:42:55,Rachelview,KE,0
ACC000236,2026-09-14 14:42:55,Jessicafurt,CR,0
ACC002874,2026-09-14 14:42:55,New Monica,NZ,0
ACC000155,2026-09-14 14:42:56,Gilmorestad,HN,0
ACC001906,2026-09-14 14:42:56,Dylanhaven,LC,0
ACC002362,2026-09-14 14:42:56,Scottchester,NE,0
ACC004845,2026-09-14 14:42:57,Monicaborough,HN,0
ACC003411,2026-09-14 14:42:57,West Andrewshire,BD,0
ACC001075,2026-09-14 14:42:57,Stephanieside,CG,0
ACC004736,2026-09-14 14:42:57,Ramirezchester,MD,0
ACC000661,2026-09-14 14:42:57,East Jesse,IE,1
ACC001255,2026-09-14 14:42:58,Paynehaven,ER,1
ACC000012,2026-09-14 14:42:58,West Katiefort,KP,0
ACC002192,2026-09-14 14:42:58,North Lisaland,MU,0
ACC000180,2026-09-14 14:42:58,Woodbury,AG,0
ACC004837,2026-09-14 14:42:58,Lake Lindseyberg,DE,0
ACC000249,2026-09-14 14:42:59,Ramirezside,LU,0
ACC004422,2026-09-14 14:42:59,East Jesusport,TH,0
ACC003870,2026-09-14 14:43:00,Hubbardfurt,OM,0
ACC003911,2026-09-14 14:43:00,Frazierborough,JM,0
ACC002403,2026-09-14 14:43:00,Hillstad,UZ,0
ACC003987,2026-09-14 14:43:01,South Jenniferville,PG,0
ACC000100,2026-09-14 14:43:01,Matthewport,WS,0
ACC000146,2026-09-14 14:43:01,South Michaelmouth,UA,0
ACC004110,2026-09-14 14:43:01,North Kathleenmouth,PW,0
ACC003947,2026-09-14 14:43:02,Port Amandaside,ML,1
ACC000301,2026-09-14 14:43:02,New Bettyborough,IE,0
ACC001066,2026-09-14 14:43:02,East Melissa,CV,0
ACC004060,2026-09-14 14:43:02,Lake Timothyshire,RO,0
ACC003716,2026-09-14 14:43:02,Lake Victoria,MH,0
ACC000906,2026-09-14 14:43:02,Michaelbury,BE,1
ACC003346,2026-09-14 14:43:03,Brandonfort,RU,0
ACC004975,2026-09-14 14:43:04,New Melissashire,BG,0
ACC004450,2026-09-14 14:43:04,North Adamfort,SV,0
ACC004363,2026-09-14 14:43:04,Michellemouth,OM,1
ACC001604,2026-09-14 14:43:04,Liburgh,IT,0
ACC003219,2026-09-14 14:43:04,Hopkinsshire,NZ,0
ACC004571,2026-09-14 14:43:05,New Christina,TJ,0
ACC000172,2026-09-14 14:43:05,Harrisbury,AF,0
ACC001574,2026-09-14 14:43:05,Brittanychester,LS,0
ACC000274,2026-09-14 14:43:06,North Jessicaberg,NP,0
ACC004598,2026-09-14 14:43:06,Salasmouth,PL,0
ACC003642,2026-09-14 14:43:06,Sanchezbury,TJ,1
ACC002446,2026-09-14 14:43:07,Thomasmouth,SB,0
ACC000696,2026-09-14 14:43:07,Port Paulmouth,PH,0
ACC003528,2026-09-14 14:43:07,North Ashley,KN,0
ACC001691,2026-09-14 14:43:08,East Laurafurt,US,0
ACC003671,2026-09-14 14:43:08,Merrittborough,YE,1
ACC000587,2026-09-14 14:43:08,Bryanbury,TG,0
ACC003043,2026-09-14 14:43:08,Robertside,AE,0
ACC003517,2026-09-14 14:43:08,Port Jesuschester,CI,0
ACC000273,2026-09-14 14:43:09,Christophershire,EE,0
ACC000649,2026-09-14 14:43:09,Schaeferfort,SL,0
ACC001401,2026-09-14 14:43:09,North Cindy,SB,0
ACC004426,2026-09-14 14:43:10,North Erin,LB,0
ACC002945,2026-09-14 14:43:10,Edwardchester,ZA,0
ACC004372,2026-09-14 14:43:10,Cooperbury,MC,0
ACC001643,2026-09-14 14:43:10,Hurleyfurt,TN,0
ACC001210,2026-09-14 14:43:10,East Jacob,TT,0
ACC000134,2026-09-14 14:43:10,East Robertborough,ZW,0
ACC000609,2026-09-14 14:43:11,Woodsborough,GQ,0
ACC002601,2026-09-14 14:43:11,Lake Stephen,NE,0
ACC002036,2026-09-14 14:43:11,Vargasmouth,LK,0
ACC001909,2026-09-14 14:43:11,Fosterville,EC,1
ACC002616,2026-09-14 14:43:12,Scottshire,ZM,0
ACC002661,2026-09-14 14:43:12,Leehaven,PK,0
ACC002621,2026-09-14 14:43:12,Lake Kristin,KN,0
ACC004108,2026-09-14 14:43:12,Ginamouth,RW,0
ACC002984,2026-09-14 14:43:13,New James,CY,0
ACC001473,2026-09-14 14:43:13,East Ianville,MU,0
ACC003180,2026-09-14 14:43:13,West Nancy,DO,0
ACC001541,2026-09-14 14:43:14,New Kayla,AZ,0
ACC003348,2026-09-14 14:43:14,Amybury,SV,0
ACC000838,2026-09-14 14:43:14,New Ericton,CZ,0
ACC002738,2026-09-14 14:43:14,South Hector,CF,0
ACC004066,2026-09-14 14:43:14,Kristenmouth,DK,0
ACC001780,2026-09-14 14:43:14,Fuentesside,BO,0
ACC002320,2026-09-14 14:43:15,Port Michael,SD,0
ACC003972,2026-09-14 14:43:15,Thompsonville,LY,0
ACC002680,2026-09-14 14:43:15,Jamesland,GM,0
ACC001310,2026-09-14 14:43:15,Port Johntown,KP,0
ACC002909,2026-09-14 14:43:16,North Jennifer,BS,1
ACC002792,2026-09-14 14:43:16,Leeside,TL,0
ACC002639,2026-09-14 14:43:16,Willieport,LV,0
ACC000453,2026-09-14 14:43:16,North Stephen,SM,0
ACC001911,2026-09-14 14:43:17,South Jessicaport,MA,0
ACC003246,2026-09-14 14:43:17,South Kyleside,NE,0
ACC002044,2026-09-14 14:43:17,Smithchester,SR,0
ACC001926,2026-09-14 14:43:18,Lake Joshua,SZ,0
ACC003135,2026-09-14 14:43:18,West Jamesport,AG,1
ACC004330,2026-09-14 14:43:18,South Rogerbury,IR,0
ACC001038,2026-09-14 14:43:19,Nealchester,LY,0
ACC001494,2026-09-14 14:43:20,Ronnieside,QA,0
ACC000792,2026-09-14 14:43:20,North Carla,ET,0
ACC003405,2026-09-14 14:43:21,Jesusburgh,JM,0
ACC002499,2026-09-14 14:43:21,Sullivanview,TR,0
ACC004513,2026-09-14 14:43:21,East Andrea,BA,0
ACC004290,2026-09-14 14:43:22,West Whitneyville,BZ,0
ACC002385,2026-09-14 14:43:23,Port Alexanderport,AF,0
ACC001192,2026-09-14 14:43:23,Millerburgh,TN,0
ACC004149,2026-09-14 14:43:23,Julianport,VA,0
ACC000596,2026-09-14 14:43:23,Lake Mathewchester,KE,1
ACC001197,2026-09-14 14:43:24,Johnstad,MA,0
ACC000504,2026-09-14 14:43:24,Seanview,LS,0
ACC004187,2026-09-14 14:43:25,Lake Desireebury,PK,0
ACC000015,2026-09-14 14:43:25,Lake Micheleton,KR,0
ACC002455,2026-09-14 14:43:26,West Whitney,EE,0
ACC003472,2026-09-14 14:43:28,Port Jeffreyland,MM,0
ACC001252,2026-09-14 14:43:28,Port Steven,MT,0
ACC000508,2026-09-14 14:43:28,Port Steven,KZ,0
ACC004964,2026-09-14 14:43:28,Lake Latoya,KH,0
ACC003275,2026-09-14 14:43:28,Lamburgh,NI,0
ACC002743,2026-09-14 14:43:29,Whiteberg,SL,0
ACC003874,2026-09-14 14:43:29,Floresport,CY,0
ACC001513,2026-09-14 14:43:29,Mcbrideberg,GM,0
ACC000493,2026-09-14 14:43:29,Kevinborough,AF,0
ACC003596,2026-09-14 14:43:30,Brendaberg,LV,0
ACC004139,2026-09-14 14:43:30,Woodwardview,PT,0
ACC002041,2026-09-14 14:43:30,Port Donna,UA,0
ACC000366,2026-09-14 14:43:31,East Melanie,GY,0
ACC001318,2026-09-14 14:43:31,South Juanstad,BJ,0
ACC004030,2026-09-14 14:43:31,East Craigborough,ZM,0
ACC003956,2026-09-14 14:43:31,Port Troyville,EC,0
ACC001128,2026-09-14 14:43:31,West Kariview,BN,0
ACC004216,2026-09-14 14:43:32,East Laura,NZ,0
ACC000144,2026-09-14 14:43:32,New Nicholas,TV,0
ACC001558,2026-09-14 14:43:34,Floreshaven,MX,0
ACC000192,2026-09-14 14:43:34,West Benjaminberg,FM,0
ACC002788,2026-09-14 14:43:34,North Arthurstad,TG,0
ACC000754,2026-09-14 14:43:34,Milesburgh,AL,0
ACC004166,2026-09-14 14:43:35,Port Matthew,GB,0
ACC001864,2026-09-14 14:43:35,Tracyborough,AT,0
ACC000569,2026-09-14 14:43:36,Webbbury,LC,0
ACC000984,2026-09-14 14:43:36,Connertown,DO,1
ACC002191,2026-09-14 14:43:37,Vargasborough,UA,0
ACC003973,2026-09-14 14:43:37,South Samanthafort,AZ,0
ACC001914,2026-09-14 14:43:38,West Brooke,BZ,0
ACC004887,2026-09-14 14:43:39,South Joshua,QA,0
ACC001380,2026-09-14 14:43:39,South Louisburgh,AT,1
ACC002775,2026-09-14 14:43:39,West Lorraine,YE,0
ACC002353,2026-09-14 14:43:39,East Sheriland,VC,0
ACC001642,2026-09-14 14:43:40,Anthonyshire,MM,0
ACC000458,2026-09-14 14:43:41,Leroystad,RW,1
ACC002289,2026-09-14 14:43:41,South Charles,TL,0
ACC002595,2026-09-14 14:43:41,Drakechester,ER,0
ACC000919,2026-09-14 14:43:41,Amandafurt,WS,0
ACC002517,2026-09-14 14:43:41,West Aaronstad,PS,0
ACC002444,2026-09-14 14:43:41,Port Christopher,KI,0
ACC003706,2026-09-14 14:43:42,Brownfort,PL,0
ACC003962,2026-09-14 14:43:42,Danabury,LC,0
ACC000680,2026-09-14 14:43:42,South Jeffberg,GM,0
ACC001172,2026-09-14 14:43:43,East Michelle,KN,0
ACC002433,2026-09-14 14:43:43,Nguyenside,TZ,0
ACC002553,2026-09-14 14:43:44,South Jacobfurt,MW,0
ACC002596,2026-09-14 14:43:44,Murphymouth,GA,0
ACC001603,2026-09-14 14:43:45,Sandraborough,LV,0
ACC002944,2026-09-14 14:43:45,Hernandezchester,BZ,0
ACC002824,2026-09-14 14:43:45,Scottside,MV,0
ACC002116,2026-09-14 14:43:45,Samanthaburgh,UA,0
ACC004314,2026-09-14 14:43:45,West Laurie,KW,1
ACC002810,2026-09-14 14:43:45,Leahmouth,SI,0
ACC004215,2026-09-14 14:43:46,New Eileen,BZ,0
ACC000418,2026-09-14 14:43:46,Lake Jameschester,AU,0
ACC001709,2026-09-14 14:43:47,Jamesland,NP,0
ACC001996,2026-09-14 14:43:47,South Pamela,BJ,1
ACC004303,2026-09-14 14:43:47,Lake Alexis,JO,0
ACC000056,2026-09-14 14:43:47,Wolfestad,CD,0
ACC001039,2026-09-14 14:43:47,Cruzstad,NG,0
ACC000382,2026-09-14 14:43:48,West Michellestad,SV,0
ACC001955,2026-09-14 14:43:48,South Candicechester,GM,0
ACC001826,2026-09-14 14:43:48,Evanberg,CD,0
ACC001618,2026-09-14 14:43:49,Harrishaven,YE,0
ACC002336,2026-09-14 14:43:49,Smithmouth,DM,0
ACC003458,2026-09-14 14:43:49,East Dana,TL,0
ACC002568,2026-09-14 14:43:50,East Jacobberg,DK,0
ACC000526,2026-09-14 14:43:50,Lake Kennethstad,GM,0
ACC002212,2026-09-14 14:43:50,Virginiamouth,SA,0
ACC002188,2026-09-14 14:43:50,Gutierrezland,AD,0
ACC004321,2026-09-14 14:43:50,Marychester,RW,0
ACC004307,2026-09-14 14:43:50,East Patricia,MY,1
ACC001524,2026-09-14 14:43:50,Catherineville,KI,1
ACC001460,2026-09-14 14:43:50,Jenniferhaven,JO,0
ACC003461,2026-09-14 14:43:50,Claudiaside,IQ,0
ACC001736,2026-09-14 14:43:51,Heatherside,AG,0
ACC004917,2026-09-14 14:43:51,Bridgesville,SZ,0
ACC002118,2026-09-14 14:43:51,Kevinfurt,YE,0
ACC000783,2026-09-14 14:43:52,Port Mercedesland,SY,0
ACC004339,2026-09-14 14:43:53,Lake Robert,PA,0
ACC002878,2026-09-14 14:43:53,Wyattfort,MZ,0
ACC003672,2026-09-14 14:43:53,West Ashleymouth,IN,0
ACC002750,2026-09-14 14:43:53,Annstad,ZA,0
ACC003806,2026-09-14 14:43:53,Leeport,AR,0
ACC002186,2026-09-14 14:43:54,Hammondchester,DK,0
ACC000425,2026-09-14 14:43:54,North Williamside,GD,0
ACC003625,2026-09-14 14:43:55,Tracifort,GW,0
ACC003580,2026-09-14 14:43:55,Kingville,TG,0
ACC000578,2026-09-14 14:43:55,Port Vicki,SI,0
ACC003117,2026-09-14 14:43:56,New Aaronton,KE,0
ACC004575,2026-09-14 14:43:56,East Dawnhaven,CU,0
ACC002201,2026-09-14 14:43:56,Jaredchester,MN,0
ACC001816,2026-09-14 14:43:56,East Benjamin,MN,0
ACC000475,2026-09-14 14:43:56,Donnamouth,TM,0
ACC004241,2026-09-14 14:43:57,Christophertown,PT,0
ACC001709,2026-09-14 14:43:57,Sandovaltown,KZ,0
ACC003733,2026-09-14 14:43:57,Port Nathanstad,TG,0
ACC003103,2026-09-14 14:43:58,Brownville,KG,0
ACC003588,2026-09-14 14:43:58,Farleystad,SV,0
ACC004783,2026-09-14 14:43:58,Shortville,CI,0
ACC001232,2026-09-14 14:43:58,South Christianside,CN,1
ACC003100,2026-09-14 14:43:58,Christopherbury,CI,0
ACC003827,2026-09-14 14:43:59,Lake Marie,NZ,1
ACC002614,2026-09-14 14:44:00,New Andrew,CU,0
ACC004563,2026-09-14 14:44:00,South Christinachester,BZ,1
ACC004336,2026-09-14 14:44:00,Kennedybury,SZ,0
ACC003026,2026-09-14 14:44:00,North Phillip,ES,0
ACC001852,2026-09-14 14:44:01,New Kristyton,CM,0
ACC000930,2026-09-14 14:44:01,Andersonchester,YE,0
ACC001267,2026-09-14 14:44:01,North Christopher,GQ,0
ACC000977,2026-09-14 14:44:01,New Alexandra,PK,0
ACC000942,2026-09-14 14:44:01,New Lindaborough,BN,0
ACC004399,2026-09-14 14:44:01,Mitchellshire,DO,0
ACC003978,2026-09-14 14:44:01,Karenside,DK,0
ACC002115,2026-09-14 14:44:02,North Michael,UA,0
ACC001417,2026-09-14 14:44:02,Port Rachelmouth,GQ,0
ACC003954,2026-09-14 14:44:02,Dakotamouth,KP,0
ACC004933,2026-09-14 14:44:03,Mercadohaven,LR,1
ACC004209,2026-09-14 14:44:04,Kristineshire,TH,1
ACC002508,2026-09-14 14:44:04,Boyerport,DM,0
ACC001346,2026-09-14 14:44:04,Lake Matthewville,NO,0
ACC001087,2026-09-14 14:44:05,Lake Richardstad,MW,0
ACC001713,2026-09-14 14:44:05,Hectorport,AR,0
ACC002304,2026-09-14 14:44:05,Johnsonborough,BS,0
ACC004581,2026-09-14 14:44:05,Erikatown,KP,0
ACC002528,2026-09-14 14:44:05,Lisaburgh,ML,0
ACC002947,2026-09-14 14:44:05,Jasonhaven,CG,0
ACC004136,2026-09-14 14:44:05,Lake Samantha,LV,0
ACC001592,2026-09-14 14:44:06,East Angel,MT,0
ACC000973,2026-09-14 14:44:06,Gregoryfort,NZ,0
ACC002852,2026-09-14 14:44:06,North Mark,KM,0
ACC004813,2026-09-14 14:44:06,Josephville,ZM,0
ACC000887,2026-09-14 14:44:06,West Ericstad,ST,0
ACC002017,2026-09-14 14:44:07,South Laurenside,CA,0
ACC004895,2026-09-14 14:44:07,Berrybury,TV,0
ACC004548,2026-09-14 14:44:07,Jonport,UG,0
ACC002248,2026-09-14 14:44:07,West Samantha,AT,0
ACC001592,2026-09-14 14:44:08,West Terrimouth,ER,0
ACC001352,2026-09-14 14:44:08,South Lisaton,ME,0
ACC003174,2026-09-14 14:44:08,Mendozaport,MW,0
ACC004219,2026-09-14 14:44:08,North Christineborough,ML,0
ACC000881,2026-09-14 14:44:09,Leblancburgh,TM,0
ACC003951,2026-09-14 14:44:10,South Eric,UA,0
ACC003222,2026-09-14 14:44:10,Theresaport,HU,0
ACC003536,2026-09-14 14:44:10,North Ashleymouth,TZ,0
ACC002637,2026-09-14 14:44:10,Robertsview,LA,0
ACC000218,2026-09-14 14:44:10,Port Amyshire,MA,0
ACC002032,2026-09-14 14:44:10,Shannontown,PS,0
ACC000517,2026-09-14 14:44:10,New Toddville,VC,0
ACC000658,2026-09-14 14:44:10,Port Tracyport,HR,0
ACC001248,2026-09-14 14:44:10,East Brittany,TM,0
ACC004669,2026-09-14 14:44:11,West Melissaberg,CA,1
ACC001704,2026-09-14 14:44:11,Lake Virginia,PH,0
ACC000092,2026-09-14 14:44:11,West Julie,GH,0
ACC004877,2026-09-14 14:44:12,Knighthaven,CZ,0
ACC002914,2026-09-14 14:44:12,Tanyastad,IE,0
ACC003207,2026-09-14 14:44:12,Gregoryfort,HT,1
ACC002091,2026-09-14 14:44:12,Julieside,MD,0
ACC000456,2026-09-14 14:44:13,Schultzchester,AG,0
ACC000672,2026-09-14 14:44:13,North Nicoleport,SG,0
ACC003913,2026-09-14 14:44:13,Reyesmouth,DK,0
ACC002796,2026-09-14 14:44:13,East Cynthiaport,RU,0
ACC000607,2026-09-14 14:44:13,South Douglas,BF,1
ACC003629,2026-09-14 14:44:14,North Thomas,JM,0
ACC003343,2026-09-14 14:44:14,Jasonton,SB,0
ACC002576,2026-09-14 14:44:14,East Melanie,MD,0
ACC002057,2026-09-14 14:44:14,New Scott,SG,0
ACC000229,2026-09-14 14:44:15,Meghanchester,CY,0
ACC004859,2026-09-14 14:44:15,North Jenniferside,MV,0
ACC001545,2026-09-14 14:44:15,North Andreaborough,CL,0
ACC004330,2026-09-14 14:44:16,Port Ryanmouth,TT,0
ACC003555,2026-09-14 14:44:16,Parsonsshire,TW,0
ACC000579,2026-09-14 14:44:16,East Anthony,PE,0
ACC003060,2026-09-14 14:44:17,Kevinview,AM,0
ACC003955,2026-09-14 14:44:18,North Laurenview,EG,0
ACC002747,2026-09-14 14:44:18,East Bradley,BA,0
ACC000205,2026-09-14 14:44:18,Josephview,IE,0
ACC001571,2026-09-14 14:44:19,West Christie,PW,0
ACC004313,2026-09-14 14:44:19,North Ashley,EC,0
ACC001408,2026-09-14 14:44:19,Trevorshire,SC,0
ACC004601,2026-09-14 14:44:19,Rossberg,BY,1
ACC004775,2026-09-14 14:44:19,Zacharyport,AL,0
ACC000472,2026-09-14 14:44:20,Caldwellview,WS,0
ACC000252,2026-09-14 14:44:20,Gonzalezberg,BF,0
ACC003577,2026-09-14 14:44:20,Richardsonland,PY,0
ACC002857,2026-09-14 14:44:20,East Matthewshire,IL,0
ACC004071,2026-09-14 14:44:20,Lake Misty,MV,0
ACC000983,2026-09-14 14:44:20,North Kelseyborough,JM,0
ACC001568,2026-09-14 14:44:20,Tabithaton,NG,0
ACC004264,2026-09-14 14:44:20,Brendamouth,CL,0
ACC000882,2026-09-14 14:44:22,North Emily,SA,0
ACC003339,2026-09-14 14:44:22,Lake Jason,VA,0
ACC001607,2026-09-14 14:44:22,Nancyport,CU,0
ACC002129,2026-09-14 14:44:24,Ericfort,CM,0
ACC001968,2026-09-14 14:44:24,Millerfort,KI,0
ACC004703,2026-09-14 14:44:24,West Benjamin,LB,0
ACC001739,2026-09-14 14:44:24,Bellton,UY,0
ACC001961,2026-09-14 14:44:25,Johnmouth,GH,0
ACC002320,2026-09-14 14:44:25,East Ashley,RW,0
ACC001320,2026-09-14 14:44:25,North Shane,CM,0
ACC002939,2026-09-14 14:44:26,New Patricia,BB,0
ACC003322,2026-09-14 14:44:27,Marcusstad,MG,1
ACC000695,2026-09-14 14:44:27,Leeberg,AE,0
ACC004748,2026-09-14 14:44:27,Clementsfort,MX,0
ACC002492,2026-09-14 14:44:27,Thompsonmouth,NP,0
ACC000753,2026-09-14 14:44:28,Margaretville,IT,0
ACC002216,2026-09-14 14:44:28,East Amber,KN,0
ACC003508,2026-09-14 14:44:29,Michellemouth,VU,0
ACC004923,2026-09-14 14:44:29,New James,TR,1
ACC003566,2026-09-14 14:44:29,Fosterton,TM,0
ACC003019,2026-09-14 14:44:30,Port Lauraport,US,0
ACC003177,2026-09-14 14:44:30,Gibsonshire,MU,0
ACC003311,2026-09-14 14:44:30,West Summer,WS,0
ACC004806,2026-09-14 14:44:30,Annafort,SL,0
ACC003347,2026-09-14 14:44:30,Lake Williamstad,TL,0
ACC004211,2026-09-14 14:44:31,North Rebeccaport,SL,1
ACC002538,2026-09-14 14:44:31,Diazberg,OM,0
ACC002058,2026-09-14 14:44:33,Juarezview,BT,0
ACC004905,2026-09-14 14:44:33,Hahnberg,VU,0
ACC003962,2026-09-14 14:44:34,North Kristabury,FR,1
ACC004170,2026-09-14 14:44:35,North Kevin,LB,0
ACC000573,2026-09-14 14:44:35,Wilcoxborough,GT,0
ACC000043,2026-09-14 14:44:35,Port Lukestad,QA,0
ACC002817,2026-09-14 14:44:36,Joannaland,GR,0
ACC002081,2026-09-14 14:44:36,East Sara,FR,0
ACC003231,2026-09-14 14:44:36,New Kristin,BA,0
ACC001726,2026-09-14 14:44:36,West Maria,MR,0
ACC003028,2026-09-14 14:44:37,Port Michaelfort,HT,0
ACC004888,2026-09-14 14:44:37,Michaelshire,MA,0
ACC001221,2026-09-14 14:44:38,Hardinberg,TW,0
ACC003762,2026-09-14 14:44:39,Jonathanport,MU,0
ACC001337,2026-09-14 14:44:39,Taylorberg,PA,0
ACC000597,2026-09-14 14:44:39,North Jose,BR,0
ACC003299,2026-09-14 14:44:39,Port Brianport,VU,0
ACC003199,2026-09-14 14:44:40,Francofurt,GW,0
ACC002177,2026-09-14 14:44:40,Wilkersonton,IS,0
ACC000718,2026-09-14 14:44:40,Vangtown,CF,0
ACC004642,2026-09-14 14:44:40,Zunigatown,HN,1
ACC002547,2026-09-14 14:44:41,West Dustintown,HT,1
ACC004869,2026-09-14 14:44:41,Farmerchester,AG,1
ACC000281,2026-09-14 14:44:41,Michaelside,CF,0
ACC004385,2026-09-14 14:44:41,Lake Markville,TJ,0
ACC003251,2026-09-14 14:44:41,Mcguireton,BS,0
ACC002871,2026-09-14 14:44:41,East Scotttown,CI,0
ACC003373,2026-09-14 14:44:41,Port Jasmineborough,TZ,0
ACC002916,2026-09-14 14:44:42,New Emilyport,AF,0
ACC004624,2026-09-14 14:44:42,Lake Barbaraview,MV,0
ACC001833,2026-09-14 14:44:42,East Elizabeth,DO,0
ACC003649,2026-09-14 14:44:42,Brianville,MK,1
ACC002736,2026-09-14 14:44:42,Harrisfurt,CY,0
ACC003210,2026-09-14 14:44:43,Mullenside,BO,0
ACC001125,2026-09-14 14:44:43,South Jeffreystad,SB,0
ACC000224,2026-09-14 14:44:43,Port Frances,KZ,0
ACC001508,2026-09-14 14:44:44,Port Adam,MT,0
ACC002734,2026-09-14 14:44:44,Hillhaven,FI,0
ACC000037,2026-09-14 14:44:44,Archerfurt,NR,0
ACC000262,2026-09-14 14:44:44,Johnsonberg,EG,0
ACC001515,2026-09-14 14:44:45,Brittneychester,LV,0
ACC002867,2026-09-14 14:44:45,Griffithberg,PK,0
ACC001612,2026-09-14 14:44:45,Waltersborough,KI,0
ACC004924,2026-09-14 14:44:45,Barberland,VU,0
ACC000071,2026-09-14 14:44:45,Port Anthony,KM,0
ACC001083,2026-09-14 14:44:46,Caseyton,GB,0
ACC004940,2026-09-14 14:44:46,Daltonborough,PK,0
ACC000579,2026-09-14 14:44:46,Rickview,PW,0
ACC001952,2026-09-14 14:44:46,Lake Brendan,LR,0
ACC003955,2026-09-14 14:44:46,Jeffreyhaven,GN,0
ACC004496,2026-09-14 14:44:46,South Heidi,TT,0
ACC003953,2026-09-14 14:44:47,Kendrastad,RO,1
ACC004007,2026-09-14 14:44:47,West Ryanport,ZA,0
ACC003323,2026-09-14 14:44:47,Jonesstad,EG,0
ACC003778,2026-09-14 14:44:48,Danielport,PA,1
ACC002751,2026-09-14 14:44:48,West Williamfort,ML,0
ACC001366,2026-09-14 14:44:48,Lake Thomasville,CO,0
ACC004994,2026-09-14 14:44:49,Dustinfort,GD,0
ACC000500,2026-09-14 14:44:49,Brianland,SV,1
ACC002070,2026-09-14 14:44:49,New Jean,KE,0
ACC001592,2026-09-14 14:44:50,Wagnerbury,GY,0
ACC000082,2026-09-14 14:44:50,Fordton,PE,0
ACC002162,2026-09-14 14:44:50,West Steveshire,ES,0
ACC000790,2026-09-14 14:44:51,Brewerborough,CA,1
ACC001900,2026-09-14 14:44:51,Bakerville,SD,0
ACC003488,2026-09-14 14:44:51,Garciaside,BG,0
ACC003897,2026-09-14 14:44:52,Cindyville,TG,0
ACC000198,2026-09-14 14:44:52,New Peter,AG,0
ACC001129,2026-09-14 14:44:52,East Jasmin,MU,0
ACC001053,2026-09-14 14:44:53,Lake Reginashire,AG,0
ACC001722,2026-09-14 14:44:53,Chelseaborough,SL,0
ACC003172,2026-09-14 14:44:53,East Laurahaven,ZW,0
ACC002802,2026-09-14 14:44:53,Port Benjaminville,BR,0
ACC001054,2026-09-14 14:44:54,North David,IR,1
ACC003161,2026-09-14 14:44:54,Hawkinstown,BT,0
ACC003217,2026-09-14 14:44:55,West Tyler,FM,0
ACC002080,2026-09-14 14:44:55,Weavermouth,BB,1
ACC003735,2026-09-14 14:44:57,Russoburgh,VA,0
ACC000307,2026-09-14 14:44:57,East Lawrence,VE,0
ACC001051,2026-09-14 14:44:57,Sophiastad,TN,0
ACC003037,2026-09-14 14:44:58,Ashleyfurt,US,0
ACC001027,2026-09-14 14:44:59,New Larry,FI,0
ACC002204,2026-09-14 14:44:59,North Dominique,AL,0
ACC003209,2026-09-14 14:45:00,Reyesside,AE,0
ACC002948,2026-09-14 14:45:01,Cochranport,AR,1
ACC001967,2026-09-14 14:45:01,Patelbury,SC,0
ACC000475,2026-09-14 14:45:02,New Kellyhaven,NZ,0
ACC002885,2026-09-14 14:45:02,Martinbury,DM,0
ACC002727,2026-09-14 14:45:03,Timothyville,SO,0
ACC004549,2026-09-14 14:45:03,Lake Frances,QA,0
ACC001555,2026-09-14 14:45:03,Raymondborough,MD,0
ACC002927,2026-09-14 14:45:03,South Karen,GE,0
ACC004699,2026-09-14 14:45:03,Rebeccatown,PS,1
ACC002680,2026-09-14 14:45:03,Salinasland,SC,0
ACC003149,2026-09-14 14:45:04,North Sarah,CM,0
ACC000247,2026-09-14 14:45:05,Hernandezfort,MN,0
ACC002840,2026-09-14 14:45:05,Montesstad,SM,0
ACC004629,2026-09-14 14:45:06,North Joshuaville,GQ,0
ACC002949,2026-09-14 14:45:06,Gregoryton,AZ,0
ACC002461,2026-09-14 14:45:06,New Brian,TV,1
ACC000072,2026-09-14 14:45:07,Emilychester,KR,0
ACC003688,2026-09-14 14:45:07,New Danielville,MV,0
ACC004065,2026-09-14 14:45:08,New Mary,HR,0
ACC000051,2026-09-14 14:45:08,South Jacquelineborough,CO,0
ACC001093,2026-09-14 14:45:08,Patelfurt,IR,0
ACC003112,2026-09-14 14:45:09,East Bill,VA,0
ACC004750,2026-09-14 14:45:10,Oscarmouth,BZ,0
ACC003286,2026-09-14 14:45:10,New Karenview,SV,0
ACC004159,2026-09-14 14:45:10,Phillipschester,HU,1
ACC000140,2026-09-14 14:45:10,Tiffanybury,AU,0
ACC000585,2026-09-14 14:45:10,Scottland,SN,0
ACC001097,2026-09-14 14:45:11,New Thomas,AF,0
ACC002181,2026-09-14 14:45:11,Brandonstad,DJ,0
ACC000355,2026-09-14 14:45:11,West Rachelton,LV,0
ACC004218,2026-09-14 14:45:11,North Melinda,PK,1
ACC000917,2026-09-14 14:45:12,Joshuaborough,GN,0
ACC003912,2026-09-14 14:45:12,East Laurenberg,FI,0
ACC001269,2026-09-14 14:45:13,South Angela,RW,0
ACC002689,2026-09-14 14:45:13,New Kevinhaven,BE,0
ACC000356,2026-09-14 14:45:13,East Gary,DZ,0
ACC001388,2026-09-14 14:45:13,Port Crystal,ID,0
ACC002757,2026-09-14 14:45:14,South Jeremy,CL,0
ACC002951,2026-09-14 14:45:14,Keithborough,PG,0
ACC002839,2026-09-14 14:45:14,Jenniferport,UG,0
ACC000444,2026-09-14 14:45:14,Morahaven,AR,0
ACC002019,2026-09-14 14:45:14,Port Kevin,SO,0
ACC003804,2026-09-14 14:45:14,Patrickburgh,LB,0
ACC000994,2026-09-14 14:45:15,Melissaland,GR,0
ACC003720,2026-09-14 14:45:15,Johnmouth,PA,0
ACC003175,2026-09-14 14:45:15,Priceside,AL,0
ACC002365,2026-09-14 14:45:15,Floreshaven,ET,0
ACC004321,2026-09-14 14:45:16,South Danielview,LT,0
ACC001743,2026-09-14 14:45:17,Jacobsonborough,LA,0
ACC001566,2026-09-14 14:45:17,West Tonyastad,NR,0
ACC003595,2026-09-14 14:45:18,West Brianside,KM,0
ACC003540,2026-09-14 14:45:18,Gregfurt,RS,0
ACC001557,2026-09-14 14:45:18,North Henryborough,TW,0
ACC000209,2026-09-14 14:45:19,North Jacobbury,BA,0
ACC004491,2026-09-14 14:45:19,East Diana,LC,0
ACC001601,2026-09-14 14:45:19,West Todd,KN,0
ACC004148,2026-09-14 14:45:19,Port Sharon,DK,0
ACC004469,2026-09-14 14:45:20,Danielville,GT,0
ACC002995,2026-09-14 14:45:20,Moralesview,KM,0
ACC000354,2026-09-14 14:45:20,Port Charleschester,UA,0
ACC002662,2026-09-14 14:45:20,New Josephside,BD,0
ACC004691,2026-09-14 14:45:20,Port Michaelville,CU,0
ACC000727,2026-09-14 14:45:21,Maysport,SB,0
ACC002079,2026-09-14 14:45:21,Maryberg,GD,0
ACC003932,2026-09-14 14:45:21,East Christina,EG,0
ACC000411,2026-09-14 14:45:22,Patriciafort,GE,0
ACC000238,2026-09-14 14:45:23,Georgefort,ZM,0
ACC002650,2026-09-14 14:45:23,Ramirezside,KP,0
ACC004038,2026-09-14 14:45:23,Juanland,CN,0
ACC001892,2026-09-14 14:45:23,New Jill,MG,0
ACC003234,2026-09-14 14:45:24,New Katie,BN,0
ACC000403,2026-09-14 14:45:24,Alexanderport,MX,0
ACC001863,2026-09-14 14:45:24,Audreyhaven,HN,0
ACC002416,2026-09-14 14:45:24,East Patty,MH,1
ACC000119,2026-09-14 14:45:25,Lake Taylor,KZ,0
ACC001123,2026-09-14 14:45:25,South Bethtown,KH,0
ACC002224,2026-09-14 14:45:26,Port Nicole,UZ,0
ACC003923,2026-09-14 14:45:26,North Jamesfort,NI,0
ACC003146,2026-09-14 14:45:26,Port Joseph,AM,0
ACC003254,2026-09-14 14:45:28,Grantstad,TG,0
ACC001574,2026-09-14 14:45:28,Port Williamstad,UA,0
ACC000880,2026-09-14 14:45:28,West Christinetown,MY,0
ACC003030,2026-09-14 14:45:29,Lake Sheriville,BT,0
ACC000214,2026-09-14 14:45:29,Taylorton,GR,0
ACC003190,2026-09-14 14:45:29,New Pamelachester,MT,0
ACC002306,2026-09-14 14:45:29,Jonathonton,BH,0
ACC003945,2026-09-14 14:45:29,South Cynthia,NG,0
ACC004426,2026-09-14 14:45:30,Robertfort,VA,0
ACC004768,2026-09-14 14:45:30,Port Dwayneview,DZ,0
ACC003296,2026-09-14 14:45:31,Lake Cherylville,KE,0
ACC003385,2026-09-14 14:45:32,North Ashley,BD,0
ACC000320,2026-09-14 14:45:32,Riveraport,BG,0
ACC004855,2026-09-14 14:45:33,South Carlosmouth,BA,0
ACC000422,2026-09-14 14:45:34,Ramirezshire,MM,0
ACC003486,2026-09-14 14:45:34,Port Leslie,BJ,1
ACC003635,2026-09-14 14:45:34,South Heather,RS,0
ACC002779,2026-09-14 14:45:36,West Benjamin,PK,0
ACC003309,2026-09-14 14:45:36,Josefort,TG,0
ACC003824,2026-09-14 14:45:36,New Samuel,GR,0
ACC004241,2026-09-14 14:45:36,New Jeremyberg,KZ,1
ACC004682,2026-09-14 14:45:37,Heatherfort,KI,0
ACC004031,2026-09-14 14:45:37,New Anna,RW,0
ACC003596,2026-09-14 14:45:37,West Nataliefort,LB,0
ACC004082,2026-09-14 14:45:37,Hopkinsfurt,TG,1
ACC003451,2026-09-14 14:45:37,East Robertshire,TG,0
ACC004322,2026-09-14 14:45:38,Port Sheriland,GH,1
ACC002034,2026-09-14 14:45:38,Cooktown,DO,0
ACC000840,2026-09-14 14:45:38,Sydneymouth,LB,1
ACC002950,2026-09-14 14:45:38,Ashleemouth,VC,0
ACC004735,2026-09-14 14:45:39,Lake Stephen,GR,0
ACC001966,2026-09-14 14:45:39,Garciachester,IR,0
ACC004479,2026-09-14 14:45:39,South Kevin,PH,1
ACC002426,2026-09-14 14:45:39,East Amanda,IE,0
ACC000207,2026-09-14 14:45:40,South Scott,NA,0
ACC000560,2026-09-14 14:45:40,Port Jamesstad,CF,0
ACC002706,2026-09-14 14:45:40,Amandastad,IS,0
ACC002567,2026-09-14 14:45:40,Travisbury,NR,0
ACC003120,2026-09-14 14:45:41,Johnsonborough,RU,0
ACC003118,2026-09-14 14:45:41,West Nicholas,HU,0
ACC002329,2026-09-14 14:45:42,East Tyler,WS,0
ACC003029,2026-09-14 14:45:42,South Steven,GT,0
ACC002455,2026-09-14 14:45:43,Alanberg,WS,1
ACC003545,2026-09-14 14:45:43,North David,UY,0
ACC003648,2026-09-14 14:45:43,South Amybury,GN,0
ACC002074,2026-09-14 14:45:43,Johnchester,BD,0
ACC004669,2026-09-14 14:45:44,West Gregorymouth,ZW,1
ACC000241,2026-09-14 14:45:44,Muellermouth,TD,0
ACC004636,2026-09-14 14:45:44,Whiteton,AU,1
ACC000770,2026-09-14 14:45:44,South Devinmouth,US,0
ACC000785,2026-09-14 14:45:45,Coxside,MG,0
ACC003693,2026-09-14 14:45:45,West Jennifer,BH,0
ACC002230,2026-09-14 14:45:46,West Michaelport,HR,0
ACC002332,2026-09-14 14:45:46,Floresbury,BF,0
ACC003971,2026-09-14 14:45:47,Timothyland,DO,0
ACC003051,2026-09-14 14:45:48,Adamland,LA,0
ACC000880,2026-09-14 14:45:49,Port Kimberly,JP,0
ACC003393,2026-09-14 14:45:49,South Bethmouth,PL,0
ACC004231,2026-09-14 14:45:49,Monroeborough,SG,0
ACC001724,2026-09-14 14:45:50,Bushside,CD,1
ACC002951,2026-09-14 14:45:50,South Daniel,LI,0
ACC000200,2026-09-14 14:45:50,South Timothy,FR,0
ACC001977,2026-09-14 14:45:50,South Elijahborough,BD,0
ACC003695,2026-09-14 14:45:51,Lake Madelinestad,CF,0
ACC002133,2026-09-14 14:45:51,Lewisburgh,SM,0
ACC002695,2026-09-14 14:45:51,Barbarastad,BY,0
ACC002871,2026-09-14 14:45:51,Brownborough,US,0
ACC004306,2026-09-14 14:45:52,Crawfordton,PT,0
ACC004837,2026-09-14 14:45:53,Thomasport,HT,0
ACC001416,2026-09-14 14:45:53,South Carol,KM,0
ACC003406,2026-09-14 14:45:54,Alexandertown,VU,0
ACC001174,2026-09-14 14:45:54,Kimberlyberg,DK,0
ACC004689,2026-09-14 14:45:54,Cathytown,CF,1
ACC000690,2026-09-14 14:45:55,New Jaredtown,HU,0
ACC003006,2026-09-14 14:45:55,North Elizabethburgh,OM,0
ACC003565,2026-09-14 14:45:55,North Amyville,GN,1
ACC003628,2026-09-14 14:45:55,Maryberg,GY,0
ACC003777,2026-09-14 14:45:55,North Micheleborough,FM,0
ACC003251,2026-09-14 14:45:55,Goldenburgh,PW,0
ACC000988,2026-09-14 14:45:56,Kristenview,TM,0
ACC003389,2026-09-14 14:45:57,South Brianmouth,NR,0
ACC001213,2026-09-14 14:45:57,East Austinville,BJ,0
ACC002297,2026-09-14 14:45:57,Williamschester,AU,0
ACC000136,2026-09-14 14:45:57,Port Jennifer,RO,0
ACC002050,2026-09-14 14:45:58,Port Josephfurt,HT,0
ACC003484,2026-09-14 14:45:58,Lake Nicoleville,DZ,0
ACC001117,2026-09-14 14:45:58,Jorgebury,VE,0
ACC002406,2026-09-14 14:45:58,Jasonland,SL,0
ACC004511,2026-09-14 14:45:58,West Craig,TW,0
ACC004460,2026-09-14 14:45:58,South James,GA,0
ACC001246,2026-09-14 14:45:59,New Matthewborough,CD,0
ACC004125,2026-09-14 14:45:59,North Francis,AO,0
ACC002523,2026-09-14 14:45:59,Stephenmouth,KM,0
ACC004177,2026-09-14 14:45:59,Crawfordmouth,FR,0
ACC002037,2026-09-14 14:45:59,Kevinfort,AZ,0
ACC004959,2026-09-14 14:46:00,South Henryborough,NI,0
ACC002212,2026-09-14 14:46:00,East Jillmouth,CA,0
ACC003895,2026-09-14 14:46:00,West Monica,VE,0
ACC002258,2026-09-14 14:46:01,Port Katherine,AM,0
ACC001523,2026-09-14 15:40:00,Rebeccaville,CL,0
ACC002875,2026-09-14 15:40:00,Josephville,CV,0
ACC002279,2026-09-14 15:40:00,Brandonmouth,MZ,0
ACC001448,2026-09-14 15:40:01,Karenborough,CM,0
ACC004350,2026-09-14 15:40:01,Phillipsshire,BS,0
ACC004916,2026-09-14 15:40:02,Deborahhaven,EC,0
ACC003698,2026-09-14 15:40:02,Hendersonfurt,ML,1
ACC001607,2026-09-14 15:40:02,Port Kevin,CO,0
ACC001608,2026-09-14 15:40:02,Bakerburgh,GA,0
ACC002116,2026-09-14 15:40:03,Lake Vincentbury,KE,0
ACC002866,2026-09-14 15:40:03,North Carolynchester,BA,0
ACC000095,2026-09-14 15:40:03,Williamsburgh,PL,0
ACC001307,2026-09-14 15:40:03,Wardport,ZM,0
ACC004128,2026-09-14 15:40:04,Jasonstad,AE,0
ACC002562,2026-09-14 15:40:04,South Michael,EG,0
ACC004288,2026-09-14 15:40:05,Riversberg,DK,1
ACC003154,2026-09-14 15:40:05,Harrisfurt,GB,0
ACC001616,2026-09-14 15:40:05,Ramirezburgh,ML,0
ACC002747,2026-09-14 15:40:05,Smithchester,KN,1
ACC002858,2026-09-14 15:40:05,New Jeffrey,SV,0
ACC003287,2026-09-14 15:40:05,Codyborough,LS,0
ACC003826,2026-09-14 15:40:05,North Erica,KI,0
ACC001362,2026-09-14 15:40:05,South Tamara,KN,0
ACC002745,2026-09-14 15:40:06,West Eduardo,KI,0
ACC001600,2026-09-14 15:40:06,Lake Kevinfurt,AG,0
ACC004500,2026-09-14 15:40:06,Brianshire,CA,0
ACC003995,2026-09-14 15:40:07,Christinaport,SC,0
ACC004810,2026-09-14 15:40:07,Harrisside,LT,0
ACC004168,2026-09-14 15:40:08,West Blakeborough,KN,0
ACC001147,2026-09-14 15:40:08,Reneeborough,SY,0
ACC003326,2026-09-14 15:40:08,Michaelburgh,MR,0
ACC002587,2026-09-14 15:40:08,Christopherfort,JP,0
ACC000213,2026-09-14 15:40:08,Port Dale,EE,0
ACC002013,2026-09-14 15:40:09,Port Joanshire,BR,0
ACC004337,2026-09-14 15:40:09,Nicholasberg,BN,1
ACC002298,2026-09-14 15:40:09,Avilastad,BD,0
ACC002480,2026-09-14 15:40:09,Port Loriland,ST,1
ACC002601,2026-09-14 15:40:10,North Brian,SV,0
ACC003534,2026-09-14 15:40:10,Cochranborough,BR,0
ACC004929,2026-09-14 15:40:11,New James,BE,0
ACC003116,2026-09-14 15:40:11,Pamelastad,DK,0
ACC002667,2026-09-14 15:40:12,Griffinview,ZM,0
ACC003904,2026-09-14 15:40:12,East Kimberly,CO,0
ACC002532,2026-09-14 15:40:12,North Juliebury,BZ,0
ACC004195,2026-09-14 15:40:13,Lake Richardberg,MV,1
ACC002379,2026-09-14 15:40:13,Port Waynetown,DE,0
ACC002955,2026-09-14 15:40:13,Jasminetown,MZ,0
ACC001098,2026-09-14 15:40:14,South Melissa,LA,1
ACC002063,2026-09-14 15:40:14,Christopherburgh,NZ,0
ACC003072,2026-09-14 15:40:15,Parkerport,IE,0
ACC000485,2026-09-14 15:40:15,Bakermouth,CR,0
ACC002524,2026-09-14 15:40:16,West Anna,AU,0
ACC000842,2026-09-14 15:40:16,Williamland,BZ,0
ACC004891,2026-09-14 15:40:16,East Jeffreymouth,NG,0
ACC001274,2026-09-14 15:40:16,Matthewberg,AF,0
ACC000464,2026-09-14 15:40:16,Williamsmouth,LT,0
ACC000629,2026-09-14 15:40:17,Bruceside,IT,0
ACC003571,2026-09-14 15:40:18,Douglashaven,SK,0
ACC003791,2026-09-14 15:40:18,Andersonberg,GH,0
ACC001735,2026-09-14 15:40:18,West Victoria,GE,0
ACC002105,2026-09-14 15:40:19,Lake John,TV,0
ACC002103,2026-09-14 15:40:19,Martinside,RS,0
ACC004729,2026-09-14 15:40:19,Matthewhaven,TV,0
ACC003558,2026-09-14 15:40:21,Lake Matthew,LS,0
ACC001983,2026-09-14 15:40:21,Philipport,RW,0
ACC000763,2026-09-14 15:40:21,Jonesshire,SZ,0
ACC003495,2026-09-14 15:40:23,New Melissa,TL,0
ACC000433,2026-09-14 15:40:23,New Deborahport,IR,0
ACC001937,2026-09-14 15:40:23,East Reneeview,BA,0
ACC002404,2026-09-14 15:40:23,South Chelseyport,BO,0
ACC004874,2026-09-14 15:40:23,North Kevinland,GN,0
ACC003221,2026-09-14 15:40:24,Pughton,PY,0
ACC001534,2026-09-14 15:40:24,North William,LV,1
ACC002277,2026-09-14 15:40:24,Josephland,TZ,0
ACC002034,2026-09-14 15:40:25,Jenniferfort,KH,0
ACC004039,2026-09-14 15:40:25,Adrianfurt,PY,0
ACC004660,2026-09-14 15:40:25,Nicoleborough,BZ,0
ACC001008,2026-09-14 15:40:26,Martinezchester,PA,1
ACC000914,2026-09-14 15:40:26,Morrisland,TN,0
ACC003239,2026-09-14 15:40:26,Lawsonland,NO,0
ACC002580,2026-09-14 15:40:26,Joneschester,IL,0
ACC001428,2026-09-14 15:40:27,Simsstad,GH,1
ACC000100,2026-09-14 15:40:27,Ponceview,BY,0
ACC004557,2026-09-14 15:40:27,Greenborough,AG,0
ACC000032,2026-09-14 15:40:27,Victoriaville,PE,1
ACC001835,2026-09-14 15:40:27,South Danielleborough,LR,0
ACC001965,2026-09-14 15:40:28,West Henrybury,OM,0
ACC001525,2026-09-14 15:40:28,West Melissaland,MH,1
ACC001581,2026-09-14 15:40:28,North Justinton,HU,0
ACC003557,2026-09-14 15:40:29,Lake Kathryn,KH,0
ACC002914,2026-09-14 15:40:29,West Travis,SL,0
ACC000284,2026-09-14 15:40:29,South Andrea,MC,0
ACC003714,2026-09-14 15:40:29,Solomonmouth,MV,0
ACC003960,2026-09-14 15:40:30,South Nicholas,MW,0
ACC004080,2026-09-14 15:40:31,Lisaburgh,AL,0
ACC003987,2026-09-14 15:40:31,New Hannahville,MY,0
ACC003801,2026-09-14 15:40:31,North Jacob,VA,0
ACC002227,2026-09-14 15:40:31,Lake Brandon,CO,0
ACC000287,2026-09-14 15:40:31,West Jessicamouth,MD,0
ACC003539,2026-09-14 15:40:32,East Nicolehaven,KG,0
ACC000306,2026-09-14 15:40:32,Marcusmouth,OM,0
ACC001963,2026-09-14 15:40:33,Wellsport,SG,0
ACC002657,2026-09-14 15:40:33,Kristopherfurt,FI,0
ACC000885,2026-09-14 15:40:33,Richardmouth,MM,0
ACC000795,2026-09-14 15:40:34,West Jessicaport,TR,0
ACC000401,2026-09-14 15:40:34,Littlefort,UG,0
ACC004434,2026-09-14 15:40:34,Juanfurt,LR,0
ACC002209,2026-09-14 15:40:35,Brittneystad,CH,0
ACC004121,2026-09-14 15:40:35,Duncanburgh,DM,0
ACC004863,2026-09-14 15:40:35,Jamiestad,IQ,0
ACC002304,2026-09-14 15:40:36,North Dylan,MN,0
ACC004983,2026-09-14 15:40:36,South Aprilville,KM,0
ACC003847,2026-09-14 15:40:36,Roachshire,BH,0
ACC003362,2026-09-14 15:40:36,Markchester,CA,1
ACC004621,2026-09-14 15:40:37,New Denise,HN,0
ACC000046,2026-09-14 15:40:37,Alvarezhaven,MN,0
ACC001782,2026-09-14 15:40:37,Port Rickstad,KW,0
ACC002129,2026-09-14 15:40:37,Christophertown,KZ,0
ACC003900,2026-09-14 15:40:38,Yatesview,ES,0
ACC002608,2026-09-14 15:40:38,Johnhaven,SI,0
ACC004211,2026-09-14 15:40:38,Bushview,MD,0
ACC000982,2026-09-14 15:40:39,Port Marissaland,TW,0
ACC004859,2026-09-14 15:40:40,Christinefort,NE,1
ACC001907,2026-09-14 15:40:40,Anneborough,IE,0
ACC002410,2026-09-14 15:40:40,Pattersonview,AG,0
ACC002460,2026-09-14 15:40:41,New Renee,PK,0
ACC002709,2026-09-14 15:40:41,West Virginia,MX,0
ACC003775,2026-09-14 15:40:42,Hollyfurt,BO,0
ACC000187,2026-09-14 15:40:42,West Anthony,BA,1
ACC004049,2026-09-14 15:40:42,Jonesstad,VE,0
ACC000759,2026-09-14 15:40:43,Meltonstad,BD,0
ACC000109,2026-09-14 15:40:43,North Wendyfurt,BA,0
ACC001129,2026-09-14 15:40:43,Port Michael,KG,0
ACC003438,2026-09-14 15:40:43,East Jill,EG,0
ACC000485,2026-09-14 15:40:44,Lake Amyfurt,MG,0
ACC003848,2026-09-14 15:40:44,Hillville,KW,0
ACC000523,2026-09-14 15:40:44,Port Jayport,DM,0
ACC003574,2026-09-14 15:40:45,New Heather,NR,0
ACC002634,2026-09-14 15:40:45,Garciaburgh,GA,0
ACC001500,2026-09-14 15:40:45,Port Kevinfurt,TH,0
ACC003973,2026-09-14 15:40:45,West Jenniferbury,ZA,0
ACC001245,2026-09-14 15:40:46,Juliefort,CM,0
ACC004824,2026-09-14 15:40:46,Jeffreyberg,BW,0
ACC002098,2026-09-14 15:40:46,Myersburgh,UA,0
ACC000937,2026-09-14 15:40:46,Jonesfurt,EG,0
ACC004771,2026-09-14 15:40:47,Shahland,CV,1
ACC004784,2026-09-14 15:40:48,Williamsville,ZM,0
ACC000573,2026-09-14 15:40:49,Reynoldsbury,AE,0
ACC003983,2026-09-14 15:40:49,Andersonside,CI,0
ACC001445,2026-09-14 15:40:49,South Lori,YE,0
ACC001063,2026-09-14 15:40:50,Collinsport,ZM,0
ACC003690,2026-09-14 15:40:50,Lauraville,PA,0
ACC000188,2026-09-14 15:40:52,Dillonstad,GA,0
ACC002343,2026-09-14 15:40:52,Popefurt,MG,0
ACC000340,2026-09-14 15:40:52,New Deanna,MM,0
ACC000138,2026-09-14 15:40:53,Amymouth,SE,0
ACC003193,2026-09-14 15:40:53,Lake Priscillaburgh,KR,0
ACC003595,2026-09-14 15:40:53,Jacquelinefort,CM,0
ACC000622,2026-09-14 15:40:54,Wilsonberg,SN,0
ACC003827,2026-09-14 15:40:54,Jonesshire,GM,0
ACC000908,2026-09-14 15:40:55,Millerville,JP,0
ACC002642,2026-09-14 15:40:55,Cannonmouth,NI,0
ACC003878,2026-09-14 15:40:55,West Jason,NZ,0
ACC000351,2026-09-14 15:40:56,Torresville,PS,0
ACC002831,2026-09-14 15:40:56,West Amber,BN,0
ACC002455,2026-09-14 15:40:56,South Susan,IS,0
ACC000078,2026-09-14 15:40:56,Lake Stephen,BD,0
ACC003633,2026-09-14 15:40:56,West Deborah,AD,0
ACC001792,2026-09-14 15:40:56,Brandonmouth,CN,0
ACC003957,2026-09-14 15:40:56,Abbottchester,MW,0
ACC001329,2026-09-14 15:40:57,Michelleshire,LS,0
ACC002120,2026-09-14 15:40:57,Cassandramouth,VE,0
ACC001965,2026-09-14 15:40:57,Mccoyport,ID,0
ACC000966,2026-09-14 15:40:57,Jasonshire,BZ,0
ACC004466,2026-09-14 15:40:58,East Loribury,CY,0
ACC000579,2026-09-14 15:40:58,Thompsonbury,SI,1
ACC004632,2026-09-14 15:40:58,East Debbie,SE,1
ACC000768,2026-09-14 15:40:58,Melvinville,PG,0
ACC004767,2026-09-14 15:40:59,Lake Lisaside,MD,0
ACC004200,2026-09-14 15:41:00,New Joshuamouth,IT,0
ACC003889,2026-09-14 15:41:00,North Margaretton,BY,0
ACC001030,2026-09-14 15:41:01,Parkerport,TV,0
ACC004112,2026-09-14 15:41:01,Susanmouth,TO,0
ACC003216,2026-09-14 15:41:01,North Sarahhaven,PS,0
ACC001282,2026-09-14 15:41:01,East Sarah,KH,0
ACC000422,2026-09-14 15:41:01,Lake Katherineburgh,VU,0
ACC004727,2026-09-14 15:41:02,Rodriguezfort,BW,0
ACC003342,2026-09-14 15:41:02,New Shirleyfurt,LT,0
ACC002163,2026-09-14 15:41:02,Millerburgh,AM,1
ACC000305,2026-09-14 15:41:02,Port Richard,UZ,0
ACC003398,2026-09-14 15:41:03,Port Lauratown,EC,0
ACC004381,2026-09-14 15:41:03,Rogerview,CF,0
ACC002003,2026-09-14 15:41:04,Derekfort,HT,0
ACC003850,2026-09-14 15:41:05,Teresaburgh,MR,0
ACC003205,2026-09-14 15:41:06,Holmesfort,SN,0
ACC000453,2026-09-14 15:41:07,Collierland,FJ,0
ACC002832,2026-09-14 15:41:07,Berryville,GM,1
ACC001423,2026-09-14 15:41:07,Port Gabriel,IQ,0
ACC000422,2026-09-14 15:41:08,Hamiltonville,BD,0
ACC004740,2026-09-14 15:41:08,New Hollytown,RS,0
ACC002715,2026-09-14 15:41:08,Lake Annmouth,EC,0
ACC001382,2026-09-14 15:41:09,Goodwinfort,AZ,0
ACC004009,2026-09-14 15:41:09,Chelseaview,CH,0
ACC004389,2026-09-14 15:41:09,Anthonyside,PK,0
ACC002329,2026-09-14 15:41:09,Port Pamelafurt,NI,0
ACC002505,2026-09-14 15:41:10,Joshuastad,IR,0
ACC000315,2026-09-14 15:41:10,Russellhaven,TZ,0
ACC001645,2026-09-14 15:41:10,Colemanborough,AM,1
ACC004674,2026-09-14 15:41:10,Tamarafurt,TJ,0
ACC003009,2026-09-14 15:41:11,Williamborough,RO,0
ACC002193,2026-09-14 15:41:11,Rogersstad,EC,0
ACC004375,2026-09-14 15:41:11,Alvarezview,KE,1
ACC004360,2026-09-14 15:41:11,South Michelle,RU,1
ACC001206,2026-09-14 15:41:11,Lake Adrianchester,MG,0
ACC000303,2026-09-14 15:41:12,Lake Masonbury,AF,0
ACC001998,2026-09-14 15:41:12,Port Jameschester,LK,0
ACC004838,2026-09-14 15:41:12,Travisland,GH,1
ACC003730,2026-09-14 15:41:12,North Matthewview,TG,0
ACC001163,2026-09-14 15:41:12,Mariahland,BE,0
ACC002843,2026-09-14 15:41:13,South Dustinfurt,RS,0
ACC001618,2026-09-14 15:41:13,Johnsonborough,MD,0
ACC003018,2026-09-14 15:41:13,East Levi,BB,0
ACC003585,2026-09-14 15:41:13,East Sharon,KE,0
ACC004900,2026-09-14 15:41:14,Scottburgh,NG,0
ACC001841,2026-09-14 15:41:14,South Erin,LA,0
ACC000840,2026-09-14 15:41:14,East Raventown,MZ,0
ACC002193,2026-09-14 15:41:14,Phamfort,NA,0
ACC003043,2026-09-14 15:41:14,Rossfort,MN,0
ACC001316,2026-09-14 15:41:14,Port Paul,MZ,0
ACC000231,2026-09-14 15:41:15,North James,KP,0
ACC002280,2026-09-14 15:41:15,Martinezhaven,TO,0
ACC001210,2026-09-14 15:41:15,East Erinland,CZ,0
ACC004784,2026-09-14 15:41:15,North Tylerstad,LA,0
ACC004073,2026-09-14 15:41:15,East James,KG,0
ACC001412,2026-09-14 15:41:15,Arroyoshire,CN,0
ACC000203,2026-09-14 15:41:15,Lake Kathryn,VN,0
ACC000574,2026-09-14 15:41:15,Brendatown,ET,0
ACC001804,2026-09-14 15:41:15,North Karenfurt,SI,1
ACC001225,2026-09-14 15:41:16,East Roy,VA,0
ACC002762,2026-09-14 15:41:17,Kathleenmouth,NR,0
ACC004498,2026-09-14 15:41:17,Lake Isabellaberg,NA,0
ACC001398,2026-09-14 15:41:17,Sextonmouth,SY,0
ACC003331,2026-09-14 15:41:17,Port Lorettabury,BA,0
ACC000283,2026-09-14 15:41:17,Schwartzfurt,TG,0
ACC002166,2026-09-14 15:41:18,Phillipsmouth,GE,0
ACC004303,2026-09-14 15:41:18,Ashleystad,HT,0
ACC002809,2026-09-14 15:41:19,North Alicia,SG,0
ACC001694,2026-09-14 15:41:20,Lopezville,AD,1
ACC004796,2026-09-14 15:41:20,Duncanland,UY,0
ACC000645,2026-09-14 15:41:20,Port Alyssa,RS,0
ACC000198,2026-09-14 15:41:21,Thompsonfurt,UG,0
ACC000936,2026-09-14 15:41:22,Colemanton,BD,0
ACC002467,2026-09-14 15:41:22,New Marcusfurt,NE,0
ACC004364,2026-09-14 15:41:23,East Jean,NG,0
ACC000636,2026-09-14 15:41:24,Stevenbury,NA,0
ACC004805,2026-09-14 15:41:24,Michaelberg,CD,0
ACC000190,2026-09-14 15:41:25,Leahbury,BD,0
ACC001629,2026-09-14 15:41:25,Port Robinchester,NZ,1
ACC002756,2026-09-14 15:41:25,New Emily,ES,1
ACC004511,2026-09-14 15:41:25,Codyton,DM,0
ACC001969,2026-09-14 15:41:25,Janetbury,MY,0
ACC002114,2026-09-14 15:41:25,Port Lorrainetown,LV,0
ACC003069,2026-09-14 15:41:25,Farmerhaven,BJ,0
ACC003087,2026-09-14 15:41:25,Jillhaven,SI,0
ACC002523,2026-09-14 15:41:26,Stevenfort,CO,0
ACC004788,2026-09-14 15:41:27,Port Bradley,DJ,0
ACC004330,2026-09-14 15:41:27,New Belindaville,HN,0
ACC004111,2026-09-14 15:41:27,Torresmouth,SD,1
ACC002406,2026-09-14 15:41:27,Lake Charlenestad,TR,0
ACC001670,2026-09-14 15:41:27,Lauraside,VN,1
ACC004535,2026-09-14 15:41:28,Clarkchester,LS,0
ACC003357,2026-09-14 15:41:28,South David,DE,0
ACC004120,2026-09-14 15:41:28,East Danielle,PY,1
ACC002173,2026-09-14 15:41:29,Hendersonfurt,AR,0
ACC003570,2026-09-14 15:41:29,West Elizabeth,TM,1
ACC002845,2026-09-14 15:41:29,East Alexchester,RS,1
ACC003734,2026-09-14 15:41:30,Ryanfort,GB,0
ACC002146,2026-09-14 15:41:30,East Lisa,PE,0
ACC002014,2026-09-14 15:41:30,Port Georgeberg,BY,0
ACC000516,2026-09-14 15:41:31,Port Michael,LB,0
ACC000180,2026-09-14 15:41:31,Ramosmouth,SA,0
ACC002834,2026-09-14 15:41:31,North Grace,DO,0
ACC001654,2026-09-14 15:41:31,Keithville,ES,0
ACC004071,2026-09-14 15:41:33,Donovanbury,ID,0
ACC000545,2026-09-14 15:41:33,New Juliechester,WS,0
ACC001482,2026-09-14 15:41:33,Sextonbury,BE,0
ACC004075,2026-09-14 15:41:33,Port Oscarstad,TH,0
ACC000990,2026-09-14 15:41:34,Tammieland,GQ,0
ACC001732,2026-09-14 15:41:34,South Julieland,RO,0
ACC003410,2026-09-14 15:41:35,North Robyn,CM,0
ACC003922,2026-09-14 15:41:35,West Annburgh,ZM,0
ACC003226,2026-09-14 15:41:35,New Leahville,LC,0
ACC002752,2026-09-14 15:41:35,Waltermouth,CL,1
ACC001541,2026-09-14 15:41:36,Stewartborough,ML,0
ACC000475,2026-09-14 15:41:36,Dennistown,PS,0
ACC000327,2026-09-14 15:41:36,Millermouth,CL,0
ACC003960,2026-09-14 15:41:36,Jamesfurt,US,1
ACC001540,2026-09-14 15:41:36,Evanmouth,DO,0
ACC001653,2026-09-14 15:41:37,Riceton,DJ,0
ACC000142,2026-09-14 15:41:37,South Michaelport,GW,0
ACC003020,2026-09-14 15:41:37,Port Johnshire,CD,0
ACC004338,2026-09-14 15:41:37,Cartertown,VU,0
ACC002231,2026-09-14 15:41:37,Vanessamouth,MG,1
ACC001924,2026-09-14 15:41:38,North Cody,FJ,0
ACC001393,2026-09-14 15:41:38,East Daniel,IS,0
ACC004299,2026-09-14 15:41:38,Nathanbury,MC,0
ACC001113,2026-09-14 15:41:39,Kennethland,BH,0
ACC000271,2026-09-14 15:41:40,Shannonside,LS,0
ACC003458,2026-09-14 15:41:40,South Lindsayside,AD,0
ACC001706,2026-09-14 15:41:40,Elizabethmouth,MK,0
ACC004840,2026-09-14 15:41:41,Zavalastad,MH,0
ACC000068,2026-09-14 15:41:41,Troymouth,TW,0
ACC001981,2026-09-14 15:41:41,Debraport,CY,0
ACC001252,2026-09-14 15:41:41,South Patricia,PG,0
ACC001713,2026-09-14 15:41:41,South Angelaport,GQ,0
ACC003595,2026-09-14 15:41:42,West Michaelborough,TN,0
ACC001839,2026-09-14 15:41:42,Port Denise,SZ,0
ACC000249,2026-09-14 15:41:42,Lake Jeffreyhaven,VE,1
ACC000861,2026-09-14 15:41:43,Suttonville,IL,0
ACC000458,2026-09-14 15:41:43,North Jose,IS,0
ACC004408,2026-09-14 15:41:43,Thomasborough,MM,1
ACC000581,2026-09-14 15:41:43,West Kylefurt,LK,0
ACC003270,2026-09-14 15:41:43,New Mary,BR,0
ACC000031,2026-09-14 15:41:43,Lopezshire,MR,1
ACC000374,2026-09-14 15:41:43,Ryanport,TV,1
ACC001172,2026-09-14 15:41:44,Lake Hollyview,MR,0
ACC001960,2026-09-14 15:41:44,West Stephenmouth,FR,0
ACC000933,2026-09-14 15:41:45,Christopherchester,GH,1
ACC003366,2026-09-14 15:41:45,Hughesbury,ER,0
ACC002876,2026-09-14 15:41:45,Port Elizabethborough,KW,0
ACC000717,2026-09-14 15:41:46,Hickmanhaven,NP,0
ACC002176,2026-09-14 15:41:46,Perezshire,TT,0
ACC002693,2026-09-14 15:41:46,North Sally,GD,0
ACC000525,2026-09-14 15:41:47,Jamesborough,SO,0
ACC001647,2026-09-14 15:41:47,Port Michaelview,LC,0
ACC002989,2026-09-14 15:41:47,Williamville,PE,0
ACC001820,2026-09-14 15:41:47,Kimtown,UY,0
ACC001160,2026-09-14 15:41:48,East Robertmouth,KM,0
ACC002422,2026-09-14 15:41:49,Warnerchester,KG,1
ACC001178,2026-09-14 15:41:49,Lauraborough,BW,0
ACC003873,2026-09-14 15:41:49,North Donaldborough,LB,0
ACC003131,2026-09-14 15:41:50,Ryanberg,MD,0
ACC000362,2026-09-14 15:41:50,Mortontown,KM,1
ACC004569,2026-09-14 15:41:50,North Stephen,VA,1
ACC004072,2026-09-14 15:41:51,East Annahaven,JP,0
ACC004637,2026-09-14 15:41:51,Lake Dawnside,MT,0
ACC001307,2026-09-14 15:41:51,West Erinborough,GQ,0
ACC000280,2026-09-14 15:41:53,East Michael,BW,0
ACC000750,2026-09-14 15:41:53,North Tiffany,FI,0
ACC004468,2026-09-14 15:41:53,New Davidbury,SD,0
ACC004745,2026-09-14 15:41:53,Gonzalezburgh,KE,0
ACC000967,2026-09-14 15:41:53,Woodstad,SA,0
ACC000175,2026-09-14 15:41:53,Holderville,PE,0
ACC001577,2026-09-14 15:41:54,Litown,LK,0
ACC001647,2026-09-14 15:41:54,Jessicashire,TM,1
ACC002458,2026-09-14 15:41:54,Donnaport,GN,0
ACC000555,2026-09-14 15:41:54,Thomasmouth,DM,0
ACC003510,2026-09-14 15:41:54,Stephenview,MM,0
ACC002065,2026-09-14 15:41:55,Brentmouth,ML,0
ACC003973,2026-09-14 15:41:57,Nicholeborough,TW,0
ACC003034,2026-09-14 15:41:57,Zhangshire,TD,0
ACC001692,2026-09-14 15:41:57,Williamstown,NO,0
ACC002776,2026-09-14 15:41:57,Donnabury,LB,0
ACC003991,2026-09-14 15:41:58,South Yvetteside,DO,0
ACC004506,2026-09-14 15:41:59,Jacquelinebury,TR,0
ACC004315,2026-09-14 15:41:59,Lake Kellychester,AD,0
ACC003938,2026-09-14 15:41:59,Port Danielberg,UZ,0
ACC003152,2026-09-14 15:41:59,Michaelview,PH,0
ACC002212,2026-09-14 15:41:59,Dunnchester,IL,0
ACC001458,2026-09-14 15:41:59,Perezview,TT,0
ACC002900,2026-09-14 15:42:00,Lucasborough,GE,0
ACC004000,2026-09-14 15:42:00,Sethland,OM,0
ACC002832,2026-09-14 15:42:00,Deleonstad,TM,1
ACC003792,2026-09-14 15:42:01,Kellyhaven,YE,0
ACC001667,2026-09-14 15:42:01,North Amanda,TM,0
ACC004163,2026-09-14 15:42:01,Port Douglas,MM,0
ACC003998,2026-09-14 15:42:01,New Carla,EC,0
ACC003219,2026-09-14 15:42:01,Fernandezstad,GY,0
ACC004014,2026-09-14 15:42:02,Alicialand,LI,0
ACC000952,2026-09-14 15:42:02,West Elaineland,RW,0
ACC004326,2026-09-14 15:42:02,East Cody,ML,0
ACC004174,2026-09-14 15:42:02,East Laurie,AO,0
ACC000308,2026-09-14 15:42:02,Lake Victoria,JO,0
ACC004320,2026-09-14 15:42:03,West James,NR,0
ACC000178,2026-09-14 15:42:03,Lake Brandonchester,KE,0
ACC002183,2026-09-14 15:42:03,North James,ZW,0
ACC002278,2026-09-14 15:42:03,Davisborough,BF,1
ACC001673,2026-09-14 15:42:04,Oliviabury,ZA,0
ACC004008,2026-09-14 15:42:04,North Daniel,SO,0
ACC003865,2026-09-14 15:42:04,Higginsborough,RW,1
ACC002445,2026-09-14 15:42:04,North Joseph,TH,0
ACC001443,2026-09-14 15:42:04,East Seanhaven,MH,0
ACC004505,2026-09-14 15:42:04,East Joseph,TV,0
ACC000196,2026-09-14 15:42:05,Frazierfort,GB,0
ACC000913,2026-09-14 15:42:05,Matthewborough,FR,0
ACC002532,2026-09-14 15:42:05,Johnland,AE,0
ACC003153,2026-09-14 15:42:06,Port Bobby,LI,0
ACC000105,2026-09-14 15:42:06,Fisherport,SA,1
ACC001507,2026-09-14 15:42:06,Mcguirechester,ID,0
ACC000272,2026-09-14 15:42:07,West Michelle,IQ,0
ACC001749,2026-09-14 15:42:08,Walkerside,MW,0
ACC002907,2026-09-14 15:42:08,Port Allison,DK,0
ACC004503,2026-09-14 15:42:09,Duranshire,TV,0
ACC004184,2026-09-14 15:42:09,Obrienmouth,MZ,0
ACC000431,2026-09-14 15:42:09,Port Donnaview,AT,0
ACC003691,2026-09-14 15:42:10,Robinsonberg,AM,0
ACC000192,2026-09-14 15:42:11,New Carlosville,TM,0
ACC001517,2026-09-14 15:42:11,Mayerfort,NR,0
ACC004200,2026-09-14 15:42:11,Lake Hunter,TD,1
ACC000743,2026-09-14 15:42:11,Hudsonville,TV,1
ACC001444,2026-09-14 15:42:11,Brendanstad,DZ,0
ACC002619,2026-09-14 15:42:12,Lake Ethan,BS,0
ACC001877,2026-09-14 15:42:12,Suarezchester,NG,0
ACC002671,2026-09-14 15:42:12,Patriciatown,SG,0
ACC003566,2026-09-14 15:42:12,North Debraside,ZW,0
ACC004595,2026-09-14 15:42:12,New Crystalport,MH,0
ACC000173,2026-09-14 15:42:13,Stephanieport,EG,0
ACC002276,2026-09-14 15:42:13,Turnerberg,DE,0
ACC003109,2026-09-14 15:42:13,Port Kevin,RU,0
ACC003326,2026-09-14 15:42:13,Knightfort,FR,1
ACC001999,2026-09-14 15:42:13,West Shawnport,CZ,0
ACC002971,2026-09-14 15:42:13,Lisaton,FJ,0
ACC002918,2026-09-14 15:42:13,North Davidbury,SK,0
ACC000185,2026-09-14 15:42:15,South Thomas,HR,0
ACC000840,2026-09-14 15:42:15,Johnstonton,NO,0
ACC003107,2026-09-14 15:42:15,North Cassandratown,TZ,0
ACC002540,2026-09-14 15:42:15,Alyssatown,SV,0
ACC000447,2026-09-14 15:42:15,Guzmanland,FR,0
ACC004405,2026-09-14 15:42:15,Shawnport,SO,0
ACC004276,2026-09-14 15:42:15,Port Natashaburgh,EG,0
ACC001941,2026-09-14 15:42:16,South Katiebury,MH,0
ACC003192,2026-09-14 15:42:17,North Danielmouth,IN,0
ACC001453,2026-09-14 15:42:18,Brownton,VA,0
ACC000649,2026-09-14 15:42:18,South Jacobview,SD,0
ACC001480,2026-09-14 15:42:18,Jenniferside,ZW,0
ACC001660,2026-09-14 15:42:19,Shelleystad,VE,0
ACC000028,2026-09-14 15:42:19,Thomasburgh,GT,0
ACC003517,2026-09-14 15:42:19,Lake Alyssa,MR,0
ACC001825,2026-09-14 15:42:19,South Richardtown,LY,0
ACC004451,2026-09-14 15:42:19,East Heidiville,CO,0
ACC004749,2026-09-14 15:42:20,Emilyfort,TW,0
ACC001217,2026-09-14 15:42:20,North Dennisbury,KN,0
ACC001873,2026-09-14 15:42:20,Lauriefurt,BR,0
ACC003087,2026-09-14 15:42:20,Port Travis,GE,1
ACC000075,2026-09-14 15:42:20,North Robertstad,TR,0
ACC001291,2026-09-14 15:42:21,Marybury,GW,0
ACC002596,2026-09-14 15:42:21,South Erin,BA,0
ACC000427,2026-09-14 15:42:21,Matthewside,GH,0
ACC002685,2026-09-14 15:42:21,North Sandra,GE,0
ACC004439,2026-09-14 15:42:22,New Samuelfurt,TJ,0
ACC000135,2026-09-14 15:42:22,Spencerton,CF,0
ACC002565,2026-09-14 15:42:22,West Brendatown,KW,0
ACC003492,2026-09-14 15:42:22,South Todd,CG,0
ACC002977,2026-09-14 15:42:22,Andrewside,KZ,0
ACC002610,2026-09-14 15:42:23,New Mark,ZW,0
ACC002143,2026-09-14 15:42:23,Lake Shirley,SZ,0
ACC003857,2026-09-14 15:42:24,North Kevin,BY,0
ACC000113,2026-09-14 15:42:24,Carterstad,BW,1
ACC000204,2026-09-14 15:42:24,Port Laura,EG,1
ACC000003,2026-09-14 15:42:24,Carlosstad,BA,0
ACC000349,2026-09-14 15:42:24,East Samanthaville,KM,0
ACC004151,2026-09-14 15:42:24,Ramirezfurt,TN,0
ACC004519,2026-09-14 15:42:24,East Dustin,CN,0
ACC003024,2026-09-14 15:42:25,Port Julie,HU,0
ACC001516,2026-09-14 15:42:26,West Alexandraland,HR,0
ACC003725,2026-09-14 15:42:26,West Alexander,BH,0
ACC003806,2026-09-14 15:42:26,Castilloburgh,SN,0
ACC001483,2026-09-14 15:42:27,Thomaschester,AR,0
ACC000212,2026-09-14 15:42:28,Thompsonchester,LU,0
ACC003598,2026-09-14 15:42:28,Loriton,ML,0
ACC002236,2026-09-14 15:42:29,Kristineshire,DM,0
ACC004156,2026-09-14 15:42:29,Hillfort,BF,0
ACC000919,2026-09-14 15:42:30,Simpsonton,BG,1
ACC003244,2026-09-14 15:42:30,Port Jonathanfort,TT,1
ACC001033,2026-09-14 15:42:30,New Kaitlyn,SM,0
ACC002912,2026-09-14 15:42:30,Amandastad,ZM,0
ACC003880,2026-09-14 15:42:31,Kennethhaven,VC,0
ACC000440,2026-09-14 15:42:31,West Dannyville,TZ,0
ACC001555,2026-09-14 15:42:31,East Sherylchester,IQ,0
ACC002144,2026-09-14 15:42:32,West Aaronfort,BO,0
ACC003019,2026-09-14 15:42:32,Cynthiatown,SZ,0
ACC000793,2026-09-14 15:42:32,Port Jamie,LV,0
ACC001006,2026-09-14 15:42:32,Annehaven,HT,0
ACC004224,2026-09-14 15:42:33,Christinetown,GM,0
ACC001538,2026-09-14 15:42:33,North Robert,UA,0
ACC000272,2026-09-14 15:42:33,Doughertyland,EC,0
ACC002476,2026-09-14 15:42:34,Howardmouth,BF,0
ACC004564,2026-09-14 15:42:34,Julieland,KN,0
ACC000831,2026-09-14 15:42:35,East Alexishaven,AO,0
ACC003887,2026-09-14 15:42:35,Lake Johnburgh,PE,0
ACC004333,2026-09-14 15:42:35,South Karen,NP,0
ACC002057,2026-09-14 15:42:36,Kathymouth,BD,0
ACC001261,2026-09-14 15:42:36,Kevinmouth,SB,0
ACC000906,2026-09-14 15:42:36,Williamsland,GN,0
ACC003364,2026-09-14 15:42:37,Sandersside,LV,0
ACC003450,2026-09-14 15:42:37,Travisburgh,TD,0
ACC003750,2026-09-14 15:42:37,Sandraburgh,NP,1
ACC000878,2026-09-14 15:42:38,Lake Anne,PS,0
ACC000592,2026-09-14 15:42:38,Garcialand,TL,0
ACC000359,2026-09-14 15:42:40,West Sandramouth,NL,0
ACC002701,2026-09-14 15:42:40,Nicholasborough,GM,1
ACC001975,2026-09-14 15:42:40,North Mistyfort,MU,0
ACC000280,2026-09-14 15:42:41,New Albertberg,CN,0
ACC004581,2026-09-14 15:42:41,Shawnland,KR,1
ACC003969,2026-09-14 15:42:42,Port Suzanne,MW,1
ACC004128,2026-09-14 15:42:42,Ballburgh,MN,0
ACC000085,2026-09-14 15:42:42,Alexanderborough,LY,0
ACC002344,2026-09-14 15:42:43,South Taraside,TW,1
ACC004427,2026-09-14 15:42:43,New Candace,RW,0
ACC004535,2026-09-14 15:42:43,Perezview,AO,0
ACC002596,2026-09-14 15:42:43,Brownborough,AR,0
ACC003843,2026-09-14 15:42:45,Mcbridestad,LV,0
ACC002911,2026-09-14 15:42:45,Nicholastown,UA,0
ACC002856,2026-09-14 15:42:45,Lake Alan,MX,0
ACC000079,2026-09-14 15:42:45,Langstad,IQ,0
ACC001895,2026-09-14 15:42:45,Walkerborough,TL,0
ACC003628,2026-09-14 15:42:46,South Ravenmouth,DM,0
ACC001976,2026-09-14 15:42:46,South Jacobton,UA,0
ACC001198,2026-09-14 15:42:47,Lake Robert,TW,0
ACC000363,2026-09-14 15:42:47,East Markside,SY,0
ACC002780,2026-09-14 15:42:47,Port Richard,GH,0
ACC004375,2026-09-14 15:42:48,West Mikayla,KG,1
ACC002466,2026-09-14 15:42:48,South Anthonyland,GH,0
ACC000629,2026-09-14 15:42:49,Larrymouth,PW,0
ACC002085,2026-09-14 15:42:49,Port Donaldburgh,MG,0
ACC001776,2026-09-14 15:42:49,Tonyfurt,DJ,0
ACC004731,2026-09-14 15:42:50,West Brian,SL,0
ACC001976,2026-09-14 15:42:50,South Kara,ID,0
ACC001588,2026-09-14 15:42:51,Mejiamouth,ML,0
ACC002651,2026-09-14 15:42:51,Nicoleville,VN,0
ACC004150,2026-09-14 15:42:51,Jeffreychester,LS,0
ACC001163,2026-09-14 15:42:51,Candaceton,MK,0
ACC004342,2026-09-14 15:42:52,Taylorberg,RW,1
ACC004008,2026-09-14 15:42:52,Hillhaven,LT,0
ACC004827,2026-09-14 15:42:52,Rebeccamouth,TV,0
ACC001624,2026-09-14 15:42:53,New April,LC,0
ACC000474,2026-09-14 15:42:53,New Kimberlyland,US,0
ACC002238,2026-09-14 15:42:53,Ashleyton,RU,0
ACC003557,2026-09-14 15:42:53,Jeromeland,GD,0
ACC000900,2026-09-14 15:42:53,New Ericborough,AU,1
ACC002373,2026-09-14 15:42:54,West Christopherland,BD,1
ACC002675,2026-09-14 15:42:54,North Tamiville,CL,0
ACC000851,2026-09-14 15:42:54,New Dawnland,IS,0
ACC004933,2026-09-14 15:42:54,Flowershaven,MN,0
ACC001401,2026-09-14 15:42:55,South Steve,BO,0
ACC000801,2026-09-14 15:42:55,Dunlapstad,VA,0
ACC000490,2026-09-14 15:42:55,Michelleberg,LK,0
ACC000376,2026-09-14 15:42:55,Port Kevin,MN,0
ACC003592,2026-09-14 15:42:55,South James,ER,0
ACC001017,2026-09-14 15:42:55,Jefferyborough,SR,0
ACC003142,2026-09-14 15:42:55,Jasonport,DJ,0
ACC003582,2026-09-14 15:42:56,Lisamouth,BO,0
ACC001421,2026-09-14 15:42:56,Danielbury,MZ,0
ACC002512,2026-09-14 15:42:57,North Natalie,SV,0
ACC002137,2026-09-14 15:42:57,South Ronald,CL,0
ACC000060,2026-09-14 15:42:57,Lake Bethburgh,MW,0
ACC000895,2026-09-14 15:42:57,East Gina,ID,0
ACC003816,2026-09-14 15:42:57,New Rachelshire,CU,0
ACC001959,2026-09-14 15:42:58,New Kevin,MN,1
ACC000331,2026-09-14 15:42:58,New Timothyfort,LU,0
ACC002538,2026-09-14 15:42:58,New Megan,BD,0
ACC003459,2026-09-14 15:42:59,Davisview,SC,0
ACC001363,2026-09-14 15:42:59,Kristinechester,AO,0
ACC004422,2026-09-14 15:43:00,Andrewport,MH,0
ACC004709,2026-09-14 15:43:00,Brownborough,KN,0
ACC001131,2026-09-14 15:43:00,South Shaun,CZ,0
ACC002177,2026-09-14 15:43:00,Williamstown,HN,0
ACC001007,2026-09-14 15:43:00,West Jacob,AD,0
ACC000961,2026-09-14 15:43:00,Michaelfort,PE,1
ACC002932,2026-09-14 15:43:00,North Katelynton,TO,0
ACC003745,2026-09-14 15:43:00,Port Jeffreystad,GT,0
ACC004364,2026-09-14 15:43:01,South Tammyhaven,SL,0
ACC004483,2026-09-14 15:43:01,East Briantown,GQ,0
ACC004888,2026-09-14 15:43:01,Burnettchester,QA,0
ACC000436,2026-09-14 15:43:01,Hatfieldton,CZ,0
ACC003961,2026-09-14 15:43:02,Chadside,WS,0
ACC004128,2026-09-14 15:43:02,West Michael,UG,0
ACC001098,2026-09-14 15:43:02,East Robertview,HT,1
ACC000707,2026-09-14 15:43:04,New Nicole,ST,0
ACC004911,2026-09-14 15:43:04,Ashleyfurt,IL,0
ACC003484,2026-09-14 15:43:04,Brandonfurt,GB,0
ACC004229,2026-09-14 15:43:04,East Benjamin,CL,0
ACC001963,2026-09-14 15:43:04,South Nicholasshire,CZ,0
ACC003200,2026-09-14 15:43:04,New Keith,BB,0
ACC001024,2026-09-14 15:43:04,Lynnchester,IT,0
ACC001729,2026-09-14 15:43:05,Travisberg,IL,0
ACC001601,2026-09-14 15:43:06,Michaelshire,BW,0
ACC004431,2026-09-14 15:43:06,Meganport,TL,0
ACC000523,2026-09-14 15:43:06,Farmershire,BO,0
ACC000543,2026-09-14 15:43:06,Thomasmouth,LA,0
ACC001545,2026-09-14 15:43:07,Tannermouth,ME,0
ACC003491,2026-09-14 15:43:07,Johnmouth,CU,0
ACC003486,2026-09-14 15:43:07,Julieville,WS,0
ACC002846,2026-09-14 15:43:07,Woodtown,KH,1
ACC000417,2026-09-14 15:43:07,New Aaron,SM,0
ACC002637,2026-09-14 15:43:07,Hancocktown,TR,0
ACC003427,2026-09-14 15:43:07,Sarahshire,SV,0
ACC004161,2026-09-14 15:43:08,South Ryan,DK,0
ACC003635,2026-09-14 15:43:08,East Shawnburgh,TR,0
ACC000497,2026-09-14 15:43:08,West Angelafurt,SY,0
ACC004353,2026-09-14 15:43:09,Sanderstown,TR,0
ACC000663,2026-09-14 15:43:09,Lake Edwinmouth,SN,0
ACC002637,2026-09-14 15:43:09,Lake Kelly,IN,0
ACC002435,2026-09-14 15:43:09,Smithmouth,ML,0
ACC001018,2026-09-14 15:43:09,North Melissa,CV,0
ACC003380,2026-09-14 15:43:09,Marquezburgh,LS,0
ACC000159,2026-09-14 15:43:10,Thomasbury,SB,0
ACC004646,2026-09-14 15:43:10,Gibsonside,JM,1
ACC002942,2026-09-14 15:43:10,Rollinston,KG,1
ACC003624,2026-09-14 15:43:10,North Shawn,SM,0
ACC003015,2026-09-14 15:43:10,Port Lisaland,TW,0
ACC003996,2026-09-14 15:43:11,Penamouth,QA,0
ACC002748,2026-09-14 15:43:11,Nicholsshire,MT,0
ACC004920,2026-09-14 15:43:11,Kelseyburgh,AU,1
ACC001052,2026-09-14 15:43:11,Youngfort,TH,0
ACC000859,2026-09-14 15:43:11,Kristiview,GR,0
ACC002540,2026-09-14 15:43:12,Peterston,GH,0
ACC003180,2026-09-14 15:43:12,Port Robin,CV,0
ACC003943,2026-09-14 15:43:12,East Robert,ER,0
ACC002908,2026-09-14 15:43:12,Adamsshire,MW,0
ACC000635,2026-09-14 15:43:12,New Davidshire,BS,0
ACC004667,2026-09-14 15:43:13,New Emilyshire,DZ,1
ACC004724,2026-09-14 15:43:14,Edwardmouth,DZ,0
ACC001517,2026-09-14 15:43:14,Melissachester,MK,1
ACC000920,2026-09-14 15:43:14,Bethstad,FM,0
ACC000888,2026-09-14 15:43:14,Jessicaberg,TV,0
ACC003795,2026-09-14 15:43:14,Wilsonmouth,TZ,0
ACC001120,2026-09-14 15:43:14,South James,KH,0
ACC002742,2026-09-14 15:43:15,Port Kristen,GW,0
ACC002569,2026-09-14 15:43:15,Johnsonstad,IR,1
ACC003530,2026-09-14 15:43:15,East Kyle,GW,0
ACC002566,2026-09-14 15:43:16,New Marie,TG,1
ACC000382,2026-09-14 15:43:17,West Shannonland,TN,0
ACC004100,2026-09-14 15:43:17,Lake Pamela,SD,0
ACC004352,2026-09-14 15:43:17,Christinaland,CZ,0
ACC004377,2026-09-14 15:43:17,Nealchester,MH,0
ACC002425,2026-09-14 15:43:17,Lake Jamesstad,NL,0
ACC001109,2026-09-14 15:43:17,Gregorystad,KM,0
ACC000783,2026-09-14 15:43:18,Reedton,VE,0
ACC000110,2026-09-14 15:43:19,East Anna,CU,0
ACC003098,2026-09-14 15:43:19,West Donaldmouth,LC,1
ACC004920,2026-09-14 15:43:19,Port Margaretstad,ST,0
ACC002832,2026-09-14 15:43:19,New Michael,LY,0
ACC002403,2026-09-14 15:43:19,Kellystad,NL,0
ACC001642,2026-09-14 15:43:19,Alejandroborough,SZ,0
ACC001568,2026-09-14 15:43:20,East Norma,GR,0
ACC002779,2026-09-14 15:43:20,Port Charles,GD,0
ACC000043,2026-09-14 15:43:20,Johnville,PS,0
ACC002157,2026-09-14 15:43:20,New Maria,CH,0
ACC001900,2026-09-14 15:43:20,Bennettland,NR,0
ACC001726,2026-09-14 15:43:21,New Shannon,TT,0
ACC002598,2026-09-14 15:43:21,South Shelby,JP,0
ACC003868,2026-09-14 15:43:21,New Michael,GD,0
ACC002420,2026-09-14 15:43:22,Jessicaborough,FR,0
ACC000872,2026-09-14 15:43:22,Mitchellchester,LI,0
ACC001683,2026-09-14 15:43:22,West Kimberlyfort,MC,0
ACC001291,2026-09-14 15:43:23,Lake Jeremy,GB,0
ACC000318,2026-09-14 15:43:23,Wattschester,IL,0
ACC003772,2026-09-14 15:43:23,Michellechester,GT,1
ACC002755,2026-09-14 15:43:23,Port Pamela,DK,0
ACC002906,2026-09-14 15:43:24,Lesliehaven,TT,0
ACC000371,2026-09-14 15:43:24,North Noahstad,IS,0
ACC002527,2026-09-14 15:43:24,Deantown,TH,0
ACC001049,2026-09-14 15:43:24,North Sheilamouth,ML,0
ACC000276,2026-09-14 15:43:24,Brendaberg,MR,0
ACC001795,2026-09-14 15:43:24,Huntmouth,GQ,0
ACC002450,2026-09-14 15:43:24,West Amybury,BY,1
ACC001439,2026-09-14 15:43:24,Micheletown,GD,0
ACC000014,2026-09-14 15:43:25,Ronaldshire,MA,0
ACC001788,2026-09-14 15:43:25,Port Timothy,IT,0
ACC000708,2026-09-14 15:43:26,Laurafort,RU,0
ACC000010,2026-09-14 15:43:26,Sotofort,MV,0
ACC003692,2026-09-14 15:43:26,Bradshawborough,MV,1
ACC000197,2026-09-14 15:43:26,East Kenneth,HT,0
ACC004043,2026-09-14 15:43:27,Ginamouth,GH,0
ACC004472,2026-09-14 15:43:27,Port Raymond,IE,0
ACC000829,2026-09-14 15:43:27,Jenniferbury,BB,0
ACC004835,2026-09-14 15:43:27,West Stephanie,KG,0
ACC000044,2026-09-14 15:43:27,Joetown,KW,0
ACC000738,2026-09-14 15:43:28,Barrettland,ID,0
ACC003309,2026-09-14 15:43:28,Port Gregorystad,BR,0
ACC001997,2026-09-14 15:43:29,Port Jennifer,AG,0
ACC002436,2026-09-14 15:43:29,New Natasha,NI,0
ACC002644,2026-09-14 15:43:29,East Ronaldfort,CR,0
ACC000640,2026-09-14 15:43:29,East Robert,SA,0
ACC000010,2026-09-14 15:43:30,Vazquezshire,ID,0
ACC000668,2026-09-14 15:43:31,Port Amber,AU,0
ACC002607,2026-09-14 15:43:31,Lake Don,DM,0
ACC004263,2026-09-14 15:43:31,Samueltown,QA,0
ACC002397,2026-09-14 15:43:32,West Larryburgh,IL,0
ACC004462,2026-09-14 15:43:32,Jeremyfort,KR,0
ACC004595,2026-09-14 15:43:32,Lake Blakeside,DZ,1
ACC002703,2026-09-14 15:43:33,Port Andrew,IE,0
ACC001580,2026-09-14 15:43:33,South Sarah,BA,0
ACC003547,2026-09-14 15:43:33,Heatherview,SM,0
ACC002489,2026-09-14 15:43:33,Vaughnland,AM,0
ACC001524,2026-09-14 15:43:33,Pattontown,TZ,0
ACC001703,2026-09-14 15:43:34,New Mary,TN,1
ACC000188,2026-09-14 15:43:34,West Larry,NR,0
ACC000610,2026-09-14 15:43:34,West Davidview,KI,1
ACC004308,2026-09-14 15:43:34,West Marilyn,KH,0
ACC002152,2026-09-14 15:43:34,Fitzpatrickberg,NR,0
ACC002595,2026-09-14 15:43:35,Owensbury,CO,0
ACC000059,2026-09-14 15:43:35,North Ashleyburgh,KM,1
ACC003291,2026-09-14 15:43:35,Port Tracy,UA,0
ACC000007,2026-09-14 15:43:36,Lake Jessica,MH,0
ACC001082,2026-09-14 15:43:37,Destinyport,PG,0
ACC001921,2026-09-14 15:43:38,East Haleybury,MD,0
ACC003668,2026-09-14 15:43:38,Sandersville,EG,0
ACC004134,2026-09-14 15:43:39,South Deborahville,TL,0
ACC003856,2026-09-14 15:43:39,Port Melissa,SV,0
ACC001311,2026-09-14 15:43:39,Sherrybury,MY,0
ACC003292,2026-09-14 15:43:40,Pamelafurt,GW,0
ACC001455,2026-09-14 15:43:41,Bryanfort,LA,0
ACC004251,2026-09-14 15:43:41,West Mistyland,CF,0
ACC002366,2026-09-14 15:43:42,Port Shawntown,MG,0
ACC002985,2026-09-14 15:43:43,East Andrewview,AZ,0
ACC003546,2026-09-14 15:43:43,Stephaniemouth,BB,0
ACC003217,2026-09-14 15:43:43,South Noah,BY,0
ACC001039,2026-09-14 15:43:43,Marcusborough,MU,0
ACC000343,2026-09-14 15:43:43,Mendozabury,CO,0
ACC001824,2026-09-14 15:43:44,Port Melissa,GM,1
ACC001722,2026-09-14 15:43:44,Lake Diane,DK,1
ACC003735,2026-09-14 15:43:44,North Julia,AF,0
ACC001607,2026-09-14 15:43:44,Brittanybury,ES,0
ACC004584,2026-09-14 15:43:45,Moralesview,AD,0
ACC003095,2026-09-14 15:43:46,Charlesberg,UZ,0
ACC001458,2026-09-14 15:43:47,East Williamborough,LS,0
ACC001153,2026-09-14 15:43:47,Carpenterport,MC,0
ACC001142,2026-09-14 15:43:47,Martinstad,FR,0
ACC002151,2026-09-14 15:43:47,South Sallyburgh,AT,0
ACC002044,2026-09-14 15:43:47,Lake Dominique,LR,0
ACC004107,2026-09-14 15:43:48,Freemanmouth,SZ,0
ACC002398,2026-09-14 15:43:48,North Deborah,JO,1
ACC004275,2026-09-14 15:43:48,Lake Lindatown,ML,0
ACC004151,2026-09-14 15:43:48,Ronaldstad,HU,0
ACC001286,2026-09-14 15:43:49,East Aaronborough,CO,0
ACC002592,2026-09-14 15:43:49,Moodyborough,MV,0
ACC003955,2026-09-14 15:43:49,Williamsbury,MH,0
ACC003714,2026-09-14 15:43:49,Melissaburgh,VA,0
ACC001784,2026-09-14 15:43:49,Olsenton,GT,0
ACC001229,2026-09-14 15:43:49,East Benjaminchester,NL,0
ACC004215,2026-09-14 15:43:49,South Sherrihaven,BF,0
ACC000617,2026-09-14 15:43:49,North Caitlinburgh,CV,0
ACC001009,2026-09-14 15:43:50,Duncanport,AR,0
ACC002305,2026-09-14 15:43:50,Karentown,MY,0
ACC001645,2026-09-14 15:43:51,West Sarah,SG,0
ACC001806,2026-09-14 15:43:51,Loriton,PT,0
ACC004950,2026-09-14 15:43:51,Brianville,AG,0
ACC001291,2026-09-14 15:43:52,Silvaland,CG,0
ACC000763,2026-09-14 15:43:52,Joneston,JM,0
ACC000710,2026-09-14 15:43:52,South Raymond,IR,0
ACC004016,2026-09-14 15:43:53,Lake Timothy,UY,0
ACC001049,2026-09-14 15:43:53,West Kyle,MT,0
ACC000299,2026-09-14 15:43:53,Port Johnshire,GT,0
ACC000720,2026-09-14 15:43:53,West Angelfurt,CA,1
ACC002493,2026-09-14 15:43:54,Mccannborough,VA,0
ACC004614,2026-09-14 15:43:54,Ramirezton,PH,0
ACC004868,2026-09-14 15:43:54,Lake Erik,AM,0
ACC001803,2026-09-14 15:43:55,North Andreaport,MN,0
ACC001352,2026-09-14 15:43:55,North Eric,CV,0
ACC001606,2026-09-14 15:43:56,Hebertborough,MG,0
ACC004935,2026-09-14 15:43:56,Rachelborough,RS,0
ACC003462,2026-09-14 15:43:56,Foleyside,MV,0
ACC004847,2026-09-14 15:43:57,Port Hannah,SG,0
ACC003072,2026-09-14 15:43:58,West Travis,NL,0
ACC001840,2026-09-14 15:43:59,East Racheltown,MK,0
ACC000188,2026-09-14 15:43:59,Ginaburgh,BS,0
ACC004801,2026-09-14 15:43:59,Riddletown,MH,0
ACC001541,2026-09-14 15:43:59,North Joycefort,GQ,0
ACC003816,2026-09-14 15:43:59,Jonesfort,GQ,0
ACC002489,2026-09-14 15:43:59,East Amy,SB,0
ACC001884,2026-09-14 15:44:00,North Danielmouth,ER,0
ACC001413,2026-09-14 15:44:00,Port Sarah,MR,0
ACC003672,2026-09-14 15:44:00,North Haroldtown,AR,0
ACC001132,2026-09-14 15:44:00,Moraleshaven,MK,0
ACC000523,2026-09-14 15:44:00,East Kristi,SR,0
ACC002476,2026-09-14 15:44:00,Lake Rachel,AT,0
ACC002926,2026-09-14 15:44:01,East Richard,TT,0
ACC003412,2026-09-14 15:44:02,Haynesport,NO,0
ACC000871,2026-09-14 15:44:03,Martinfurt,SK,0
ACC004978,2026-09-14 15:44:04,Thomasmouth,DO,1
ACC001632,2026-09-14 15:44:04,West Keithtown,VE,1
ACC004306,2026-09-14 15:44:04,North Maxwellfort,MK,0
ACC003161,2026-09-14 15:44:05,New Tyler,SY,0
ACC001500,2026-09-14 15:44:05,Jonathonmouth,GN,0
ACC003047,2026-09-14 15:44:05,Middletonmouth,FR,0
ACC002463,2026-09-14 15:44:05,Jessicaview,CF,0
ACC003185,2026-09-14 15:44:06,Lindsayport,SM,1
ACC002283,2026-09-14 15:44:06,Boothbury,CM,0
ACC004161,2026-09-14 15:44:06,East Kathleen,FJ,0
ACC001788,2026-09-14 15:44:06,Codybury,BJ,0
ACC002558,2026-09-14 15:44:06,Elliottburgh,UY,1
ACC004242,2026-09-14 15:44:06,Port Steventon,CF,0
ACC003010,2026-09-14 15:44:06,Leefurt,IR,1
ACC003148,2026-09-14 15:44:07,Patriciatown,KZ,0
ACC003981,2026-09-14 15:44:07,New Cynthia,LY,0
ACC004898,2026-09-14 15:44:07,Jenniferstad,CD,1
ACC000163,2026-09-14 15:44:08,Dawnmouth,HT,0
ACC003026,2026-09-14 15:44:08,West Melissa,TH,0
ACC004322,2026-09-14 15:44:08,Sanchezchester,CR,0
ACC004862,2026-09-14 15:44:08,Woodsburgh,AF,0
ACC004811,2026-09-14 15:44:09,Roseton,DJ,0
ACC001578,2026-09-14 15:44:09,East Michael,NI,0
ACC002102,2026-09-14 15:44:09,Owenburgh,CF,0
ACC002543,2026-09-14 15:44:09,Masonhaven,BW,0
ACC004848,2026-09-14 15:44:11,Perezhaven,MK,0
ACC004701,2026-09-14 15:44:12,Lake Charlesport,NE,0
ACC004864,2026-09-14 15:44:12,Lake Andrea,AD,0
ACC003777,2026-09-14 15:44:12,East Keithmouth,TW,0
ACC003475,2026-09-14 15:44:12,Kristinmouth,TV,0
ACC001593,2026-09-14 15:44:12,South Jaimefort,BN,0
ACC000136,2026-09-14 15:44:13,Hernandezland,PK,0
ACC000459,2026-09-14 15:44:13,New Johnburgh,BG,0
ACC000567,2026-09-14 15:44:13,Lake Caitlin,GR,0
ACC002552,2026-09-14 15:44:14,Taylorview,MY,1
ACC002245,2026-09-14 15:44:14,East Kellyview,ZM,0
ACC001496,2026-09-14 15:44:14,South Allison,ZA,0
ACC002178,2026-09-14 15:44:15,Garciaburgh,UZ,0
ACC004099,2026-09-14 15:44:15,Jamiehaven,TD,0
ACC000489,2026-09-14 15:44:15,Freytown,CG,0
ACC004558,2026-09-14 15:44:16,Lake Jamesburgh,GM,0
ACC001474,2026-09-14 15:44:16,Linside,ET,0
ACC001587,2026-09-14 15:44:17,Summersfort,CN,0
ACC000532,2026-09-14 15:44:17,Clinebury,MK,0
ACC002135,2026-09-14 15:44:17,Baileyfurt,SM,0
ACC000538,2026-09-14 15:44:17,South Ianland,LI,0
ACC001301,2026-09-14 15:44:17,West Briantown,UA,0
ACC002820,2026-09-14 15:44:17,Bellview,TJ,0
ACC002568,2026-09-14 15:44:17,East Dawnfurt,VC,0
ACC002908,2026-09-14 15:44:17,Christiefort,LY,0
ACC001756,2026-09-14 15:44:18,Kingville,CY,0
ACC001826,2026-09-14 15:44:18,Port Katieport,SI,0
ACC003819,2026-09-14 15:44:18,Dunlapland,BE,0
ACC000991,2026-09-14 15:44:19,Port Meghanshire,ET,0
ACC004828,2026-09-14 15:44:19,South Johnview,NL,0
ACC000986,2026-09-14 15:44:19,North Angela,AF,0
ACC002794,2026-09-14 15:44:20,Perezport,LI,0
ACC001419,2026-09-14 15:44:20,Lake Joseph,GQ,0
ACC003163,2026-09-14 15:44:20,Hintonberg,ST,0
ACC002560,2026-09-14 15:44:20,Albertborough,BR,0
ACC002242,2026-09-14 15:44:20,Heatherbury,FR,1
ACC002755,2026-09-14 15:44:20,Port Tina,EG,0
ACC002716,2026-09-14 15:44:21,Erinmouth,GH,0
ACC001026,2026-09-14 15:44:22,New Jasonmouth,IQ,0
ACC003502,2026-09-14 15:44:23,Lake Donna,LY,0
ACC003855,2026-09-14 15:44:23,Leefort,GT,0
ACC004443,2026-09-14 15:44:24,Smithmouth,KH,0
ACC004845,2026-09-14 15:44:24,East Becky,BR,0
ACC003780,2026-09-14 15:44:24,Port Davidmouth,UZ,0
ACC002900,2026-09-14 15:44:24,Wallacebury,ZW,0
ACC001763,2026-09-14 15:44:24,Chapmanchester,LT,0
ACC000457,2026-09-14 15:44:25,Ashleystad,TJ,1
ACC004939,2026-09-14 15:44:25,East Ashleeshire,RU,0
ACC004518,2026-09-14 15:44:26,Perezburgh,SL,0
ACC004181,2026-09-14 15:44:26,Maryberg,UG,0
ACC003053,2026-09-14 15:44:26,Scottberg,FJ,0
ACC001087,2026-09-14 15:44:27,Jenniferfort,ML,0
ACC002922,2026-09-14 15:44:27,Lake Kevinhaven,MW,0
ACC003920,2026-09-14 15:44:28,North Nathanbury,GD,0
ACC000145,2026-09-14 15:44:28,West Brandi,YE,0
ACC004544,2026-09-14 15:44:28,Staceyfort,PL,0
ACC002912,2026-09-14 15:44:28,South Allisonfort,VE,0
ACC002130,2026-09-14 15:44:28,West Alexis,TN,0
ACC002967,2026-09-14 15:44:29,Gonzalezbury,MU,0
ACC001181,2026-09-14 15:44:29,Josephmouth,MT,0
ACC002302,2026-09-14 15:44:29,North Derrickfurt,TH,0
ACC000338,2026-09-14 15:44:30,Ashleyshire,MA,0
ACC000796,2026-09-14 15:44:30,Hillbury,AF,0
ACC002892,2026-09-14 15:44:30,Willietown,FM,0
ACC002544,2026-09-14 15:44:30,South Jennifer,GY,0
ACC000384,2026-09-14 15:44:31,Cookburgh,MK,1
ACC004838,2026-09-14 15:44:31,Jenniferland,ES,1
ACC001332,2026-09-14 15:44:31,North Michelleside,AM,0
ACC000847,2026-09-14 15:44:32,North Julie,AM,1
ACC004180,2026-09-14 15:44:33,Christinaton,TZ,0
ACC002164,2026-09-14 15:44:33,Taylorbury,HT,0
ACC000353,2026-09-14 15:44:33,East Alanmouth,TZ,0
ACC002142,2026-09-14 15:44:33,North Jenniferchester,HU,0
ACC000237,2026-09-14 15:44:33,Millsview,MY,0
ACC003460,2026-09-14 15:44:34,Markchester,PH,0
ACC002432,2026-09-14 15:44:34,South Marymouth,EE,1
ACC004967,2026-09-14 15:44:34,New Charlene,PS,0
ACC002686,2026-09-14 15:44:34,West Kelseyfort,SA,0
ACC000192,2026-09-14 15:44:35,South Gregoryview,NP,0
ACC004137,2026-09-14 15:44:35,South Brian,BZ,0
ACC004596,2026-09-14 15:44:36,Port Kristen,PS,0
ACC002599,2026-09-14 15:44:36,Bradleyville,IE,0
ACC004742,2026-09-14 15:44:36,West Cassandra,KG,1
ACC003708,2026-09-14 15:44:36,Ryanfort,NE,0
ACC001006,2026-09-14 15:44:37,New Mark,AR,0
ACC000132,2026-09-14 15:44:37,Lake Wendy,ID,0
ACC004052,2026-09-14 15:44:37,New Andrewton,TG,0
ACC000963,2026-09-14 15:44:38,Lake Josephhaven,US,0
ACC003596,2026-09-14 15:44:38,Hobbsfurt,EC,0
ACC000834,2026-09-14 15:44:38,West Catherinefurt,BG,0
ACC000836,2026-09-14 15:44:39,Yangside,US,0
ACC000572,2026-09-14 15:44:39,Greenville,LS,0
ACC001655,2026-09-14 15:44:39,Melissatown,SI,0
ACC004011,2026-09-14 15:44:40,Garzabury,FI,0
ACC004932,2026-09-14 15:44:40,Heatherport,AL,0
ACC004893,2026-09-14 15:44:41,Ellisview,LT,0
ACC000117,2026-09-14 15:44:41,Port Thomas,SI,0
ACC001114,2026-09-14 15:44:41,Floresland,MZ,0
ACC004085,2026-09-14 15:44:41,Wongburgh,PK,0
ACC002329,2026-09-14 15:44:41,East Amy,HN,0
ACC003110,2026-09-14 15:44:42,Edwardschester,KN,0
ACC004098,2026-09-14 15:44:42,North Matthewmouth,UZ,0
ACC002253,2026-09-14 15:44:42,Johnsonshire,VU,1
ACC004786,2026-09-14 15:44:43,Joshuaberg,UZ,1
ACC003074,2026-09-14 15:44:43,Joefurt,LY,1
ACC001034,2026-09-14 15:44:43,Blakefurt,RU,0
ACC003149,2026-09-14 15:44:43,Moralesburgh,PT,0
ACC003042,2026-09-14 15:44:43,Marthaberg,CU,0
ACC002825,2026-09-14 15:44:43,Fitzpatrickville,CY,0
ACC002452,2026-09-14 15:44:43,West Rebecca,SE,0
ACC001398,2026-09-14 15:44:44,New Tiffany,LY,0
ACC004313,2026-09-14 15:44:44,Lake Bethany,MM,0
ACC000994,2026-09-14 15:44:44,Freemanville,BH,0
ACC000847,2026-09-14 15:44:44,South Danielle,JP,0
ACC000787,2026-09-14 15:44:45,Jenniferview,FJ,1
ACC003586,2026-09-14 15:44:45,Traviston,BJ,0
ACC003820,2026-09-14 15:44:45,Donaldhaven,SO,0
ACC000327,2026-09-14 15:44:45,North Thomasmouth,TO,0
ACC004889,2026-09-14 15:44:45,Roseshire,ET,0
ACC003930,2026-09-14 15:44:45,West Jessica,LA,0
ACC001639,2026-09-14 15:44:46,North Sheena,CV,0
ACC004441,2026-09-14 15:44:46,Ashleyton,CI,0
ACC000077,2026-09-14 15:44:47,South Amandamouth,RU,0
ACC003349,2026-09-14 15:44:47,Albertstad,SV,0
ACC001516,2026-09-14 15:44:47,North Normanmouth,MH,0
ACC000224,2026-09-14 15:44:47,Wilsonmouth,MM,0
ACC000027,2026-09-14 15:44:48,North Laura,SB,0
ACC002695,2026-09-14 15:44:48,North Tammyland,AL,0
ACC003348,2026-09-14 15:44:48,Bassstad,BZ,1
ACC004282,2026-09-14 15:44:49,West Molly,BS,0
ACC003088,2026-09-14 15:44:50,Lake Samantha,KN,0
ACC003073,2026-09-14 15:44:50,Jessicaview,PL,1
ACC003517,2026-09-14 15:44:51,Richardport,BB,0
ACC001092,2026-09-14 15:44:52,East Jenniferton,FI,0
ACC002445,2026-09-14 15:44:52,Brentview,BY,0
ACC000462,2026-09-14 15:44:52,New Natasha,AO,0
ACC004334,2026-09-14 15:44:52,Lake Ashleyfurt,WS,0
ACC003381,2026-09-14 15:44:52,Bowmanview,PW,1
ACC004889,2026-09-14 15:44:53,Gregoryville,NO,1
ACC001391,2026-09-14 15:44:53,Lake Rachelland,KW,1
ACC002754,2026-09-14 15:44:53,Samanthaville,TR,0
ACC003277,2026-09-14 15:44:53,Andrewville,BH,0
ACC001761,2026-09-14 15:44:53,New Donnafurt,LU,0
ACC002978,2026-09-14 15:44:53,West Aliciabury,DO,0
ACC003691,2026-09-14 15:44:53,Ryanfort,EC,0
ACC001441,2026-09-14 15:44:54,Walterhaven,TT,1
ACC004781,2026-09-14 15:44:55,North Drewstad,YE,1
ACC001073,2026-09-14 15:44:56,North Lauraport,GT,0
ACC003616,2026-09-14 15:44:56,Wilkinsonmouth,AT,0
ACC002095,2026-09-14 15:44:56,Port Jenniferland,AE,0
ACC004531,2026-09-14 15:44:56,Mcleanborough,MW,0
ACC003209,2026-09-14 15:44:57,Robertfurt,SI,0
ACC004433,2026-09-14 15:44:57,Cooperport,GE,0
ACC002699,2026-09-14 15:44:57,East Nicole,CH,0
ACC003339,2026-09-14 15:44:57,Shawnaview,NZ,0
ACC004072,2026-09-14 15:44:58,Lake Sarahview,TW,0
ACC000779,2026-09-14 15:44:58,Scottville,EE,0
ACC000048,2026-09-14 15:44:58,East Melissa,PH,0
ACC001530,2026-09-14 15:44:58,East William,CF,0
ACC001673,2026-09-14 15:44:59,Port Darius,LT,0
ACC000405,2026-09-14 15:44:59,Shawview,AF,0
ACC002925,2026-09-14 15:44:59,West Johnfurt,CN,0
ACC000789,2026-09-14 15:44:59,North Eric,SC,0
ACC002857,2026-09-14 15:45:00,Watsonborough,EE,0
ACC002427,2026-09-14 15:45:00,West Mary,BO,0
ACC003433,2026-09-14 15:45:00,Kingstad,AR,0
ACC003300,2026-09-14 15:45:00,Lake Javier,ZA,0
ACC001057,2026-09-14 15:45:00,Lake Richard,BW,0
ACC004308,2026-09-14 15:45:00,Lake Nataliemouth,ZW,1
ACC004520,2026-09-14 15:45:00,Lake Kathleen,KN,0
ACC001636,2026-09-14 15:45:01,Ellenberg,GQ,0
ACC004133,2026-09-14 15:45:01,West David,SA,0
ACC001288,2026-09-14 15:45:01,North Daltonburgh,IQ,0
ACC004225,2026-09-14 15:45:02,Sanchezbury,GE,0
ACC002387,2026-09-14 15:45:02,Ariasfurt,MD,1
ACC003587,2026-09-14 15:45:02,East Brettfort,KR,0
ACC000075,2026-09-14 15:45:03,South Andreamouth,JO,0
ACC004996,2026-09-14 15:45:03,East John,RO,0
ACC003727,2026-09-14 15:45:03,Lake Ericborough,AO,0
ACC003592,2026-09-14 15:45:05,Sharpchester,SL,0
ACC003159,2026-09-14 15:45:05,South Nicholasborough,IN,0
ACC003213,2026-09-14 15:45:05,North Darrylfurt,SC,0
ACC000914,2026-09-14 15:45:06,New Kevin,KZ,0
ACC001473,2026-09-14 15:45:07,Melissahaven,SD,0
ACC000456,2026-09-14 15:45:07,Sheltonmouth,VU,0
ACC000727,2026-09-14 15:45:07,Jimenezburgh,RW,0
ACC003312,2026-09-14 15:45:08,Ryanmouth,NR,0
ACC002260,2026-09-14 15:45:08,Ramirezton,MX,0
ACC004149,2026-09-14 15:45:08,North Heather,LI,0
ACC003665,2026-09-14 15:45:08,West Morgantown,GQ,1
ACC002567,2026-09-14 15:45:09,Oconnellland,MD,0
ACC003352,2026-09-14 15:45:09,Holtton,US,0
ACC000618,2026-09-14 15:45:09,New Matthew,MD,0
ACC004794,2026-09-14 15:45:09,South Wendy,CF,1
ACC000927,2026-09-14 15:45:10,Annaland,NZ,0
ACC001749,2026-09-14 15:45:10,Janiceside,KG,1
ACC000478,2026-09-14 15:45:11,Schultztown,ST,0
ACC003463,2026-09-14 15:45:11,Lake Gail,CZ,0
ACC001280,2026-09-14 15:45:11,West Margaret,GQ,0
ACC003910,2026-09-14 15:45:12,South Steven,IR,0
ACC001704,2026-09-14 15:45:13,Crystalview,IQ,0
ACC000844,2026-09-14 15:45:13,Brettton,AE,0
ACC000517,2026-09-14 15:45:14,North Claudiastad,UA,1
ACC000979,2026-09-14 15:45:14,Josephside,ZA,0
ACC002329,2026-09-14 15:45:14,Allenton,MK,0
ACC004381,2026-09-14 15:45:15,New Carolyn,RS,0
ACC001318,2026-09-14 15:45:17,Port Sonya,NR,0
ACC003595,2026-09-14 15:45:17,Maryfurt,SB,0
ACC001217,2026-09-14 15:45:18,Ashleyview,KI,0
ACC002922,2026-09-14 15:45:18,North Gregoryborough,HN,1
ACC000285,2026-09-14 15:45:19,West Michael,RU,0
ACC000696,2026-09-14 15:45:19,Cainburgh,GE,0
ACC000649,2026-09-14 15:45:20,Tarastad,AT,0
ACC002175,2026-09-14 15:45:20,Victoriaside,SO,0
ACC002645,2026-09-14 15:45:20,New Kaitlynchester,HR,0
ACC003877,2026-09-14 15:45:20,New Gilbert,SM,1
ACC000622,2026-09-14 15:45:20,New Breannaview,LY,0
ACC001645,2026-09-14 15:45:21,East Dwayne,IR,0
ACC002309,2026-09-14 15:45:21,Shannonfurt,LB,0
ACC002184,2026-09-14 15:45:21,New Sandraville,CM,0
ACC004986,2026-09-14 15:45:21,Smithland,IE,1
ACC001343,2026-09-14 15:45:22,Andreaberg,AD,0
ACC003499,2026-09-14 15:45:22,Deniseview,PW,0
ACC003151,2026-09-14 15:45:22,Mahoneyburgh,TT,0
ACC004280,2026-09-14 15:45:24,West Kevintown,CA,0
ACC001148,2026-09-14 15:45:25,Danielleview,GH,0
ACC003480,2026-09-14 15:45:25,West Tracy,TM,0
ACC003592,2026-09-14 15:45:25,Nelsonton,AL,0
ACC000292,2026-09-14 15:45:25,Williamsmouth,KR,0
ACC002983,2026-09-14 15:45:26,Gregoryburgh,GR,0
ACC003374,2026-09-14 15:45:26,North Gabrielton,VA,0
ACC003863,2026-09-14 15:45:26,New Carlos,BR,0
ACC001117,2026-09-14 15:45:27,Kingburgh,TN,1
ACC000238,2026-09-14 15:45:27,Cohenburgh,SK,0
ACC004939,2026-09-14 15:45:27,West Sean,SE,0
ACC000935,2026-09-14 15:45:27,Calvinmouth,US,0
ACC003842,2026-09-14 15:45:27,Peggyland,VE,1
ACC003680,2026-09-14 15:45:27,Lake Luis,IR,0
ACC000585,2026-09-14 15:45:28,Matthewton,CM,0
ACC003639,2026-09-14 15:45:28,West Jeffrey,LU,0
ACC002331,2026-09-14 15:45:28,Abigailhaven,SK,0
ACC000021,2026-09-14 15:45:29,South Christiemouth,ID,0
ACC000426,2026-09-14 15:45:29,Simpsonland,LV,0
ACC002692,2026-09-14 15:45:30,Millertown,MG,0
ACC001306,2026-09-14 15:45:30,Davidfurt,UG,0
ACC003815,2026-09-14 15:45:31,East Mary,ET,0
ACC003866,2026-09-14 15:45:31,East Dillon,FI,0
ACC001868,2026-09-14 15:45:31,Craigborough,AF,0
ACC004946,2026-09-14 15:45:32,South Joseph,UZ,0
ACC002799,2026-09-14 15:45:33,Evansburgh,AO,0
ACC001274,2026-09-14 15:45:33,Jennifertown,SY,0
ACC000885,2026-09-14 15:45:33,Morganside,IL,0
ACC002823,2026-09-14 15:45:33,South Justinside,SY,0
ACC002032,2026-09-14 15:45:33,Terryfort,ET,1
ACC004488,2026-09-14 15:45:35,West Jonathan,SC,0
ACC000282,2026-09-14 15:45:35,Guerraview,CO,0
ACC001930,2026-09-14 15:45:36,North Jenniferside,TR,0
ACC004105,2026-09-14 15:45:36,South Jenniferhaven,PT,0
ACC003043,2026-09-14 15:45:36,South Robertburgh,ST,1
ACC004007,2026-09-14 15:45:36,Port Samanthafort,LI,0
ACC000594,2026-09-14 15:45:37,Christinaberg,IE,0
ACC000163,2026-09-14 15:45:38,Catherinemouth,BD,0
ACC001690,2026-09-14 15:45:38,Lake Angelica,GM,0
ACC000157,2026-09-14 15:45:39,Port Andrew,SE,0
ACC002728,2026-09-14 15:45:40,Taraport,BY,0
ACC003735,2026-09-14 15:45:40,South Carrie,ZW,0
ACC001609,2026-09-14 15:45:40,Davidburgh,UA,0
ACC004919,2026-09-14 15:45:41,Mataland,MH,0
ACC004402,2026-09-14 15:45:41,West Toddview,BT,0
ACC001464,2026-09-14 15:45:41,Phillipsville,BY,0
ACC001757,2026-09-14 15:45:44,Emilyland,UY,0
ACC002313,2026-09-14 15:45:44,Port Ronald,TV,0
ACC002276,2026-09-14 15:45:45,Angelicamouth,BB,0
ACC002942,2026-09-14 15:45:45,North Jeremiah,GT,0
ACC003795,2026-09-14 15:45:45,Alexisberg,IN,0
ACC003485,2026-09-14 15:45:46,North Gregoryport,HR,0
ACC002585,2026-09-14 15:45:46,Petersbury,IN,0
ACC004660,2026-09-14 15:45:46,Taylortown,AR,0
ACC000450,2026-09-14 15:45:46,Josephborough,BO,0
ACC002559,2026-09-14 15:45:46,Marcville,JP,0
ACC002807,2026-09-14 15:45:46,Saraview,LU,0
ACC002499,2026-09-14 15:45:48,Port Lauraburgh,BT,0
ACC002067,2026-09-14 15:45:48,New Kaylamouth,LK,0
ACC003152,2026-09-14 15:45:48,Piercefurt,MV,1
ACC004075,2026-09-14 15:45:49,Lake Luke,PA,0
ACC001541,2026-09-14 15:45:49,North Suzanneside,SC,1
ACC001380,2026-09-14 15:45:50,Christopherview,PA,0
ACC003655,2026-09-14 15:45:50,West Ryan,MK,0
ACC001318,2026-09-14 15:45:50,East John,MX,0
ACC001395,2026-09-14 15:45:50,South Markmouth,PS,0
ACC004102,2026-09-14 15:45:50,Knightfort,EE,1
ACC001964,2026-09-14 15:45:50,Port Kelseybury,TL,1
ACC003837,2026-09-14 15:45:51,Danielport,MR,0
ACC002739,2026-09-14 15:45:51,Scotttown,PH,0
ACC001972,2026-09-14 15:45:51,New Nicole,FJ,0
ACC000517,2026-09-14 15:45:51,Lake Michaelville,FI,0
ACC000928,2026-09-14 15:45:51,New Brittany,NI,0
ACC003213,2026-09-14 15:45:51,South Sherry,VN,0
ACC000902,2026-09-14 15:45:52,Michaelburgh,NP,0
ACC001180,2026-09-14 15:45:52,Williamsport,DZ,0
ACC002017,2026-09-14 15:45:52,Lake Christina,SK,0
ACC003352,2026-09-14 15:45:53,North Katherinetown,VE,0
ACC000727,2026-09-14 15:45:53,Port Kimberly,SZ,0
ACC001819,2026-09-14 15:45:54,Jenniferland,RO,0
ACC002650,2026-09-14 15:45:54,West Cindyberg,IN,0
ACC000079,2026-09-14 15:45:54,Rhondaburgh,PA,0
ACC002756,2026-09-14 15:45:54,North Angela,AF,0
ACC002912,2026-09-14 15:45:55,Port Frederick,GN,1
ACC001737,2026-09-14 15:45:55,Fitzgeraldborough,FM,0
ACC003059,2026-09-14 15:45:55,Saraville,NO,1
ACC000386,2026-09-14 15:45:55,North Jillianton,BD,0
ACC001598,2026-09-14 15:45:55,South Jasontown,KW,0
ACC003277,2026-09-14 15:45:55,Gordonhaven,MX,0
ACC001930,2026-09-14 15:45:55,West Tonya,VU,0
ACC000339,2026-09-14 15:45:56,North Karen,JM,1
ACC000374,2026-09-14 15:45:56,Poolemouth,CY,0
ACC002326,2026-09-14 15:45:56,North Steven,QA,0
ACC003312,2026-09-14 15:45:56,Danielborough,WS,0
ACC004568,2026-09-14 15:45:56,North Adamton,CH,0
ACC001439,2026-09-14 15:45:57,Stevenshire,BW,0
ACC001523,2026-09-14 15:45:58,Hickshaven,SB,0
ACC001580,2026-09-14 15:45:59,Williamsland,PA,0
ACC003890,2026-09-14 15:45:59,Rebeccaberg,GY,0
ACC000022,2026-09-14 15:45:59,Loganberg,GT,0
ACC002680,2026-09-14 15:46:00,Eduardobury,YE,0
ACC001700,2026-09-14 15:46:00,Blairborough,SV,0
ACC003052,2026-09-14 16:39:59,Bobberg,BG,0
ACC004524,2026-09-14 16:40:00,East Jeffreyhaven,SA,0
ACC000107,2026-09-14 16:40:01,East Richard,VE,0
ACC002915,2026-09-14 16:40:01,New Jean,PK,1
ACC003265,2026-09-14 16:40:02,Sanchezville,SB,0
ACC003138,2026-09-14 16:40:02,Cruzstad,MZ,0
ACC000802,2026-09-14 16:40:02,Brianberg,BO,0
ACC001277,2026-09-14 16:40:03,Marquezmouth,AE,0
ACC003506,2026-09-14 16:40:03,North Marialand,SG,1
ACC002383,2026-09-14 16:40:03,Gabrielmouth,HU,0
ACC004286,2026-09-14 16:40:04,Port Lori,ID,0
ACC001401,2026-09-14 16:40:04,Aprilshire,BW,1
ACC002613,2026-09-14 16:40:05,South Ashley,AM,0
ACC004999,2026-09-14 16:40:05,Cheyenneshire,MU,0
ACC003457,2026-09-14 16:40:05,Port Kaylaview,SV,0
ACC000657,2026-09-14 16:40:05,South Joshuashire,TW,0
ACC001997,2026-09-14 16:40:05,Port Robert,NZ,0
ACC003024,2026-09-14 16:40:06,South Thomas,BN,0
ACC001449,2026-09-14 16:40:06,Pierceshire,TO,0
ACC001236,2026-09-14 16:40:06,Lake David,SD,0
ACC000700,2026-09-14 16:40:06,West Johnport,SZ,0
ACC003442,2026-09-14 16:40:06,Lake Daniellechester,IN,0
ACC003945,2026-09-14 16:40:06,Blankenshipview,NL,0
ACC001416,2026-09-14 16:40:07,Alexandermouth,AO,0
ACC001366,2026-09-14 16:40:07,East Tiffanyview,ML,0
ACC001304,2026-09-14 16:40:07,Lake Brianberg,MN,0
ACC003455,2026-09-14 16:40:08,Emilyfurt,IR,0
ACC000809,2026-09-14 16:40:08,West Eileenshire,KH,0
ACC002767,2026-09-14 16:40:08,Lukebury,DK,0
ACC003486,2026-09-14 16:40:08,Parkerberg,MA,0
ACC000947,2026-09-14 16:40:09,Williamhaven,KI,0
ACC004965,2026-09-14 16:40:10,West Lauren,HU,0
ACC001915,2026-09-14 16:40:11,North David,IN,0
ACC003412,2026-09-14 16:40:11,Laurenland,IL,0
ACC002759,2026-09-14 16:40:12,North Ericmouth,MG,0
ACC000364,2026-09-14 16:40:12,Brentland,CD,0
ACC000865,2026-09-14 16:40:12,Kyleview,GW,1
ACC003313,2026-09-14 16:40:14,Stokeschester,GQ,0
ACC001139,2026-09-14 16:40:14,New Aaronstad,TJ,0
ACC002252,2026-09-14 16:40:14,Martinmouth,DO,1
ACC001136,2026-09-14 16:40:14,West Heather,FJ,1
ACC000491,2026-09-14 16:40:14,Richardmouth,GW,0
ACC002555,2026-09-14 16:40:15,Mooreshire,MG,0
ACC002788,2026-09-14 16:40:16,Jacksonton,PT,0
ACC002624,2026-09-14 16:40:16,Hamiltonview,CM,0
ACC002342,2026-09-14 16:40:16,Anthonychester,SV,0
ACC003222,2026-09-14 16:40:16,Charleschester,RU,1
ACC002139,2026-09-14 16:40:16,Edwardbury,TZ,0
ACC000079,2026-09-14 16:40:17,Lake Zacharyhaven,DO,0
ACC001029,2026-09-14 16:40:17,Lake Donnaton,EG,0
ACC003969,2026-09-14 16:40:17,Courtneystad,NR,0
ACC001248,2026-09-14 16:40:17,New Rachelstad,NO,0
ACC004614,2026-09-14 16:40:17,South Davidbury,SI,0
ACC001720,2026-09-14 16:40:18,Josephside,IS,0
ACC002602,2026-09-14 16:40:18,Port Jackie,TR,0
ACC002113,2026-09-14 16:40:18,Clarkmouth,ET,0
ACC002449,2026-09-14 16:40:19,Smithchester,UG,0
ACC004731,2026-09-14 16:40:19,Ryanton,WS,1
ACC001320,2026-09-14 16:40:19,Port Brittany,KR,0
ACC003063,2026-09-14 16:40:20,East Wendymouth,VN,0
ACC000526,2026-09-14 16:40:21,Anthonyfort,KW,0
ACC001685,2026-09-14 16:40:21,North Larryport,RO,0
ACC000462,2026-09-14 16:40:21,Ruizton,AD,0
ACC001558,2026-09-14 16:40:22,North Ann,EC,0
ACC002196,2026-09-14 16:40:22,East Tony,BS,0
ACC000283,2026-09-14 16:40:23,Port Karen,PL,0
ACC000254,2026-09-14 16:40:23,Stevenbury,JO,0
ACC003396,2026-09-14 16:40:24,North Chad,DO,0
ACC003868,2026-09-14 16:40:24,Lisafort,KH,0
ACC004451,2026-09-14 16:40:25,South Jerry,SA,0
ACC001630,2026-09-14 16:40:25,Ryanhaven,SG,0
ACC002448,2026-09-14 16:40:25,Millerstad,MK,0
ACC001978,2026-09-14 16:40:25,South Angelastad,AT,0
ACC004199,2026-09-14 16:40:26,South Samantha,MH,0
ACC004559,2026-09-14 16:40:27,Port Kevinhaven,CD,0
ACC004923,2026-09-14 16:40:27,Carpenterstad,GM,0
ACC004838,2026-09-14 16:40:27,Lake Shawna,AL,0
ACC000105,2026-09-14 16:40:28,East Jimmy,TO,0
ACC004708,2026-09-14 16:40:28,West Kevin,SA,0
ACC004375,2026-09-14 16:40:28,Rothtown,RW,0
ACC004269,2026-09-14 16:40:29,Clineburgh,KM,0
ACC001185,2026-09-14 16:40:29,Port Adamfurt,BR,0
ACC001156,2026-09-14 16:40:30,Thomasburgh,CV,0
ACC000961,2026-09-14 16:40:30,Stephenchester,TM,0
ACC000303,2026-09-14 16:40:30,East Benjamintown,AF,0
ACC002618,2026-09-14 16:40:30,Port Benjamin,PS,0
ACC000752,2026-09-14 16:40:30,Lake Johnnyshire,MM,0
ACC004981,2026-09-14 16:40:30,Josephburgh,PG,0
ACC002640,2026-09-14 16:40:30,Sotoview,MW,0
ACC001297,2026-09-14 16:40:31,Christopherland,LK,0
ACC001914,2026-09-14 16:40:31,New Larry,RS,0
ACC001965,2026-09-14 16:40:31,Conwayport,BW,0
ACC004826,2026-09-14 16:40:31,Kevinfurt,RO,0
ACC002133,2026-09-14 16:40:31,Lake Christophermouth,GQ,0
ACC003463,2026-09-14 16:40:32,North Jasonport,NO,0
ACC000709,2026-09-14 16:40:32,West Ian,LV,1
ACC002066,2026-09-14 16:40:32,Lake Albertville,SV,0
ACC004450,2026-09-14 16:40:32,East Johnville,AE,0
ACC001171,2026-09-14 16:40:32,Shawnville,JO,0
ACC004328,2026-09-14 16:40:33,Tomfurt,IR,0
ACC003893,2026-09-14 16:40:33,Katelynton,VC,0
ACC000520,2026-09-14 16:40:34,Simpsonside,GR,0
ACC003132,2026-09-14 16:40:34,New Anthony,PH,0
ACC004018,2026-09-14 16:40:34,West Matthew,CN,0
ACC000211,2026-09-14 16:40:34,Woodsburgh,MU,0
ACC003185,2026-09-14 16:40:34,Laurenhaven,IT,0
ACC003083,2026-09-14 16:40:34,Lake Timothyside,AE,0
ACC004094,2026-09-14 16:40:35,New Cassandrabury,SG,0
ACC004190,2026-09-14 16:40:35,Davidport,JO,0
ACC002549,2026-09-14 16:40:36,South Caroline,RU,0
ACC000352,2026-09-14 16:40:36,Lake Joshuastad,NI,0
ACC002844,2026-09-14 16:40:37,Sabrinaborough,ZM,0
ACC004397,2026-09-14 16:40:38,Port Jennifer,CI,0
ACC000475,2026-09-14 16:40:38,Port Timothymouth,MW,0
ACC000972,2026-09-14 16:40:38,East Anne,ZA,1
ACC001184,2026-09-14 16:40:38,East Robin,MV,0
ACC001615,2026-09-14 16:40:38,Garyland,BJ,0
ACC000944,2026-09-14 16:40:38,Port Andrewshire,ZM,0
ACC004264,2026-09-14 16:40:38,East Rebecca,CH,0
ACC000123,2026-09-14 16:40:39,Whiteside,GT,0
ACC002704,2026-09-14 16:40:39,Jamesfort,SY,0
ACC003871,2026-09-14 16:40:39,Mckayfort,BJ,0
ACC000609,2026-09-14 16:40:39,Randystad,KN,0
ACC003200,2026-09-14 16:40:40,Joeltown,NR,0
ACC003802,2026-09-14 16:40:40,Port Carriestad,PH,0
ACC004899,2026-09-14 16:40:41,New Brandon,NE,0
ACC001597,2026-09-14 16:40:41,Lake Meredith,CV,0
ACC002388,2026-09-14 16:40:41,Ericaland,FJ,0
ACC002601,2026-09-14 16:40:41,West Christopher,ZA,0
ACC003243,2026-09-14 16:40:42,Sweeneyhaven,TR,0
ACC003706,2026-09-14 16:40:43,West Danny,KN,0
ACC004354,2026-09-14 16:40:43,Jameshaven,NR,0
ACC004353,2026-09-14 16:40:43,South Cole,SL,0
ACC003964,2026-09-14 16:40:43,East Laura,EC,0
ACC002590,2026-09-14 16:40:43,Stephaniemouth,CO,0
ACC003884,2026-09-14 16:40:43,Mannport,ER,1
ACC003278,2026-09-14 16:40:43,Allenburgh,SI,0
ACC004372,2026-09-14 16:40:44,Port Michael,MA,0
ACC001226,2026-09-14 16:40:45,New Nicholetown,TJ,1
ACC002326,2026-09-14 16:40:45,Port Richard,KH,0
ACC000988,2026-09-14 16:40:45,North Williamchester,LK,0
ACC003991,2026-09-14 16:40:46,North Vincent,KI,0
ACC002749,2026-09-14 16:40:46,North Kellyborough,BR,0
ACC000917,2026-09-14 16:40:47,Charlesfort,PT,0
ACC000301,2026-09-14 16:40:47,East Dawn,UA,0
ACC000687,2026-09-14 16:40:47,Bridgetmouth,FM,1
ACC000974,2026-09-14 16:40:48,Shaneshire,MZ,0
ACC001581,2026-09-14 16:40:48,East Jasminview,CF,0
ACC000404,2026-09-14 16:40:48,Lake Lee,CN,0
ACC000210,2026-09-14 16:40:49,North Anne,NZ,0
ACC001606,2026-09-14 16:40:50,Parkerberg,BY,0
ACC004027,2026-09-14 16:40:50,Coleland,GD,0
ACC001284,2026-09-14 16:40:50,North Michelefort,PK,0
ACC001539,2026-09-14 16:40:50,Port Christopher,AM,0
ACC000799,2026-09-14 16:40:50,North Angelachester,PA,1
ACC003868,2026-09-14 16:40:51,South Charlesside,GN,0
ACC004141,2026-09-14 16:40:51,West Hannah,RO,0
ACC003250,2026-09-14 16:40:51,New Robert,AZ,0
ACC004027,2026-09-14 16:40:51,Garyborough,UZ,0
ACC001190,2026-09-14 16:40:52,West Heidi,BZ,1
ACC000557,2026-09-14 16:40:52,Port Michelleberg,VA,0
ACC003231,2026-09-14 16:40:53,West Joseside,NA,0
ACC004123,2026-09-14 16:40:54,Jodiberg,FM,0
ACC000726,2026-09-14 16:40:55,Millsbury,OM,0
ACC003991,2026-09-14 16:40:55,Adammouth,NP,0
ACC000021,2026-09-14 16:40:55,East Stephaniehaven,TR,0
ACC004862,2026-09-14 16:40:55,Jamieberg,FR,0
ACC004613,2026-09-14 16:40:56,Brownberg,RO,0
ACC002406,2026-09-14 16:40:56,Rileyton,BA,0
ACC000522,2026-09-14 16:40:56,Mccoyton,PE,0
ACC001590,2026-09-14 16:40:56,West Michaelhaven,JO,0
ACC002909,2026-09-14 16:40:58,Stevensfurt,US,0
ACC000145,2026-09-14 16:40:58,East Alishabury,GM,0
ACC003165,2026-09-14 16:40:58,Port Tiffany,VE,0
ACC003208,2026-09-14 16:40:59,Amyton,IL,0
ACC001702,2026-09-14 16:40:59,Jenkinshaven,IS,0
ACC000015,2026-09-14 16:40:59,Marcofort,PE,0
ACC000771,2026-09-14 16:40:59,North Lindaview,TM,0
ACC004302,2026-09-14 16:41:00,Sandersshire,PA,0
ACC000148,2026-09-14 16:41:00,North Nancy,FM,1
ACC004272,2026-09-14 16:41:00,Anthonyborough,PK,0
ACC000578,2026-09-14 16:41:00,West Amy,AR,0
ACC002639,2026-09-14 16:41:01,Lake Ashley,IT,0
ACC000944,2026-09-14 16:41:01,New Christopher,CD,0
ACC004719,2026-09-14 16:41:01,Port Jessicaside,RU,0
ACC000032,2026-09-14 16:41:02,South Janetberg,TO,0
ACC004868,2026-09-14 16:41:02,South Maria,LY,0
ACC002962,2026-09-14 16:41:02,Jenkinston,DE,0
ACC000817,2026-09-14 16:41:02,Duranstad,TD,1
ACC001470,2026-09-14 16:41:03,Barberfort,PA,0
ACC001871,2026-09-14 16:41:03,Edwardmouth,TJ,0
ACC003943,2026-09-14 16:41:04,Torresfurt,GA,0
ACC002311,2026-09-14 16:41:04,Robertsbury,FR,0
ACC003921,2026-09-14 16:41:05,Nixonshire,WS,0
ACC004583,2026-09-14 16:41:05,South William,HT,0
ACC001266,2026-09-14 16:41:05,Kaitlynburgh,JO,1
ACC003835,2026-09-14 16:41:05,North Troyshire,DO,0
ACC001534,2026-09-14 16:41:05,Robinfort,CZ,0
ACC001540,2026-09-14 16:41:06,New Lancemouth,AM,0
ACC002453,2026-09-14 16:41:06,Port David,QA,0
ACC004076,2026-09-14 16:41:07,Williamton,EG,0
ACC002329,2026-09-14 16:41:07,Alejandrobury,JP,0
ACC002124,2026-09-14 16:41:07,New Anthony,CL,0
ACC003559,2026-09-14 16:41:08,Hannahstad,BY,0
ACC000878,2026-09-14 16:41:08,Beckerberg,BD,0
ACC003150,2026-09-14 16:41:08,West Tinafort,HT,0
ACC004576,2026-09-14 16:41:08,Christopherborough,UY,0
ACC003416,2026-09-14 16:41:09,Mitchellside,VE,0
ACC004733,2026-09-14 16:41:09,New Sandra,NG,1
ACC004606,2026-09-14 16:41:09,South Scott,CM,0
ACC001160,2026-09-14 16:41:10,Kyleville,NO,0
ACC000121,2026-09-14 16:41:10,East Noahmouth,SY,0
ACC001918,2026-09-14 16:41:10,South Alicia,ST,0
ACC003050,2026-09-14 16:41:11,Cookview,KP,0
ACC002585,2026-09-14 16:41:12,Palmerborough,UZ,0
ACC004917,2026-09-14 16:41:12,Jenniferstad,SA,0
ACC003403,2026-09-14 16:41:12,East Stephanieview,ES,0
ACC004069,2026-09-14 16:41:12,West Angelamouth,ZA,0
ACC002681,2026-09-14 16:41:14,West Austinberg,AR,0
ACC001786,2026-09-14 16:41:14,Brianburgh,KZ,0
ACC004752,2026-09-14 16:41:14,Gibbston,MW,1
ACC001335,2026-09-14 16:41:14,North Johnshire,LS,0
ACC002960,2026-09-14 16:41:14,East Susan,LI,0
ACC004935,2026-09-14 16:41:15,Lake Jonville,GM,0
ACC001596,2026-09-14 16:41:15,South Philipbury,CR,0
ACC004061,2026-09-14 16:41:16,West Krystalchester,ID,1
ACC002291,2026-09-14 16:41:16,South Joshuaside,CZ,1
ACC001855,2026-09-14 16:41:16,New Michaelberg,BN,0
ACC001917,2026-09-14 16:41:16,Villafurt,RW,1
ACC004068,2026-09-14 16:41:17,East Katherineview,AT,0
ACC004451,2026-09-14 16:41:17,Margaretstad,KH,0
ACC004894,2026-09-14 16:41:18,Port Elizabethville,ES,0
ACC004241,2026-09-14 16:41:19,West Aprilshire,CD,0
ACC001613,2026-09-14 16:41:19,North Rhonda,SM,0
ACC004115,2026-09-14 16:41:19,Lake Timothyville,BD,0
ACC000606,2026-09-14 16:41:19,Luischester,LU,0
ACC004438,2026-09-14 16:41:20,North Marvin,KI,0
ACC000725,2026-09-14 16:41:20,Kimberlyville,CV,0
ACC003250,2026-09-14 16:41:20,East Eric,SR,0
ACC001690,2026-09-14 16:41:20,Kyleton,TT,0
ACC000947,2026-09-14 16:41:20,Mooneyville,DO,0
ACC001777,2026-09-14 16:41:20,Lauramouth,CO,0
ACC002843,2026-09-14 16:41:21,Michaelton,VE,0
ACC002286,2026-09-14 16:41:22,South Kevinton,CZ,0
ACC002995,2026-09-14 16:41:22,Port Daniel,MW,0
ACC002572,2026-09-14 16:41:22,Ashleymouth,GW,0
ACC001388,2026-09-14 16:41:22,Morristown,NO,1
ACC003781,2026-09-14 16:41:22,North Kristina,NZ,0
ACC000509,2026-09-14 16:41:23,Terryton,NO,0
ACC001611,2026-09-14 16:41:23,Dixonstad,KP,0
ACC000976,2026-09-14 16:41:23,Shaneberg,SR,0
ACC002651,2026-09-14 16:41:23,Michaeltown,GE,0
ACC001006,2026-09-14 16:41:24,Jonathanport,RO,0
ACC003391,2026-09-14 16:41:24,Michellefurt,BS,0
ACC001207,2026-09-14 16:41:24,Nicholasberg,LU,0
ACC001100,2026-09-14 16:41:24,Port Shelby,CG,0
ACC002310,2026-09-14 16:41:25,Dylanton,HT,0
ACC002187,2026-09-14 16:41:25,Moorebury,TM,0
ACC003789,2026-09-14 16:41:25,Johnberg,AF,0
ACC002607,2026-09-14 16:41:25,Ashleymouth,CG,0
ACC003805,2026-09-14 16:41:25,Bradleyside,MK,0
ACC002672,2026-09-14 16:41:25,East Edwin,BE,0
ACC000850,2026-09-14 16:41:26,Eileenmouth,BH,0
ACC000108,2026-09-14 16:41:26,East Janet,MK,1
ACC004100,2026-09-14 16:41:26,South Jason,MR,0
ACC000139,2026-09-14 16:41:26,Nicoletown,BW,0
ACC002754,2026-09-14 16:41:27,North Jorge,GW,0
ACC003491,2026-09-14 16:41:27,East Suzanne,SA,0
ACC002707,2026-09-14 16:41:27,Ryanshire,DZ,0
ACC000722,2026-09-14 16:41:28,Lake Wesley,SG,0
ACC003079,2026-09-14 16:41:28,Trujilloville,CG,0
ACC003233,2026-09-14 16:41:29,West Catherinestad,MH,0
ACC002691,2026-09-14 16:41:29,Gutierrezland,DK,0
ACC002102,2026-09-14 16:41:29,Pierceview,PW,0
ACC002772,2026-09-14 16:41:29,Carolyntown,MV,0
ACC000856,2026-09-14 16:41:29,West Susanside,DO,0
ACC004079,2026-09-14 16:41:29,Patriciashire,NI,0
ACC002986,2026-09-14 16:41:30,Lake Ian,BA,1
ACC003437,2026-09-14 16:41:30,New Denise,SK,0
ACC004808,2026-09-14 16:41:31,Shepardburgh,EE,0
ACC001700,2026-09-14 16:41:31,South Jasonhaven,KH,0
ACC000818,2026-09-14 16:41:31,Scottmouth,AU,0
ACC000785,2026-09-14 16:41:32,East Janethaven,TW,0
ACC002516,2026-09-14 16:41:33,West Megan,IR,0
ACC002543,2026-09-14 16:41:33,Kanemouth,MY,0
ACC003966,2026-09-14 16:41:33,West Mark,TM,0
ACC004638,2026-09-14 16:41:34,East Nicholasborough,MG,0
ACC001965,2026-09-14 16:41:34,Leestad,IQ,0
ACC000796,2026-09-14 16:41:34,Hollandview,ES,0
ACC003404,2026-09-14 16:41:34,South Ashley,TV,0
ACC004746,2026-09-14 16:41:34,West Ellen,LS,0
ACC003012,2026-09-14 16:41:34,Randallburgh,DO,0
ACC004040,2026-09-14 16:41:35,Brownland,NG,0
ACC004425,2026-09-14 16:41:35,Howardport,DJ,0
ACC000714,2026-09-14 16:41:35,Lake Carlos,IE,1
ACC000891,2026-09-14 16:41:35,Marquezburgh,GM,0
ACC004344,2026-09-14 16:41:36,East Colemouth,TL,0
ACC001654,2026-09-14 16:41:36,Johnsonmouth,BZ,0
ACC002614,2026-09-14 16:41:36,Linbury,VN,0
ACC000091,2026-09-14 16:41:36,East Stevenchester,SY,0
ACC004819,2026-09-14 16:41:37,North Mary,NE,0
ACC002208,2026-09-14 16:41:37,Michelefort,VC,0
ACC000291,2026-09-14 16:41:37,East Mark,ST,0
ACC004245,2026-09-14 16:41:37,Jenniferland,SZ,0
ACC000439,2026-09-14 16:41:38,Garciaton,PL,0
ACC001707,2026-09-14 16:41:38,Cynthiaville,AG,1
ACC001094,2026-09-14 16:41:38,Hamiltonmouth,BH,0
ACC004672,2026-09-14 16:41:39,Edwardsview,KH,0
ACC004198,2026-09-14 16:41:39,Farrellmouth,LY,0
ACC002058,2026-09-14 16:41:39,West Laura,BT,0
ACC003639,2026-09-14 16:41:39,West Melinda,ME,1
ACC004190,2026-09-14 16:41:40,Lake Jonathan,GN,0
ACC004631,2026-09-14 16:41:40,Gonzalezshire,BN,0
ACC002607,2026-09-14 16:41:41,Rowefurt,SL,0
ACC000068,2026-09-14 16:41:41,North Andrew,ER,0
ACC001750,2026-09-14 16:41:42,Simsberg,MN,0
ACC001707,2026-09-14 16:41:42,South Donna,BF,1
ACC003315,2026-09-14 16:41:42,West Margaret,SZ,0
ACC001121,2026-09-14 16:41:42,Stevenburgh,MY,0
ACC002265,2026-09-14 16:41:43,West Crystalfort,MA,0
ACC004510,2026-09-14 16:41:43,Mendozaborough,KW,0
ACC004106,2026-09-14 16:41:44,Kristinaville,LV,0
ACC000516,2026-09-14 16:41:44,South Taylorfurt,IS,0
ACC003075,2026-09-14 16:41:45,East Monicatown,DJ,0
ACC000128,2026-09-14 16:41:45,New Devinland,GE,0
ACC004274,2026-09-14 16:41:45,West Edward,KR,0
ACC001101,2026-09-14 16:41:46,Johnfurt,PG,0
ACC003506,2026-09-14 16:41:46,Brooksport,GD,1
ACC004970,2026-09-14 16:41:46,Lake Sarahside,AM,0
ACC001412,2026-09-14 16:41:46,West Danielle,ZM,0
ACC001400,2026-09-14 16:41:46,West Dean,RO,0
ACC003214,2026-09-14 16:41:47,Sandersport,NZ,0
ACC004133,2026-09-14 16:41:47,North Dustin,BH,0
ACC004091,2026-09-14 16:41:47,Crystalmouth,TM,0
ACC001524,2026-09-14 16:41:47,Bradshawfurt,NZ,0
ACC002218,2026-09-14 16:41:48,North Michaelbury,PA,0
ACC004178,2026-09-14 16:41:48,Juliechester,JO,0
ACC003064,2026-09-14 16:41:48,New Charles,CH,0
ACC000397,2026-09-14 16:41:48,West Tiffany,FJ,0
ACC003746,2026-09-14 16:41:48,East Allisonburgh,NO,0
ACC003186,2026-09-14 16:41:48,East Michelle,SO,0
ACC001295,2026-09-14 16:41:48,East Shawnbury,ZM,1
ACC001125,2026-09-14 16:41:50,Port Allisonchester,PT,0
ACC003964,2026-09-14 16:41:50,New Ryanside,ST,0
ACC002921,2026-09-14 16:41:51,Millerton,DO,0
ACC001927,2026-09-14 16:41:51,Adamsmouth,BE,0
ACC003224,2026-09-14 16:41:52,Port Kevinland,LT,0
ACC003828,2026-09-14 16:41:52,Danielfurt,NP,0
ACC004077,2026-09-14 16:41:52,Smithchester,CH,0
ACC001505,2026-09-14 16:41:52,Christinatown,BY,0
ACC002246,2026-09-14 16:41:52,Matthewsberg,LA,0
ACC000949,2026-09-14 16:41:52,East Danielport,MX,0
ACC002426,2026-09-14 16:41:53,Roberttown,PK,0
ACC004965,2026-09-14 16:41:54,Port Jennifer,TV,0
ACC004344,2026-09-14 16:41:54,Williamport,MW,0
ACC002458,2026-09-14 16:41:55,Timothyshire,NG,0
ACC004296,2026-09-14 16:41:55,Port Michelleton,HR,0
ACC001374,2026-09-14 16:41:55,New Anthonyville,PG,0
ACC003515,2026-09-14 16:41:56,North Cody,TW,0
ACC004343,2026-09-14 16:41:56,Lindastad,AU,1
ACC000611,2026-09-14 16:41:57,New Antonio,MT,0
ACC002005,2026-09-14 16:41:57,West Derekborough,BA,0
ACC004211,2026-09-14 16:41:58,West Jodi,UY,0
ACC002069,2026-09-14 16:41:58,Jeffland,SN,1
ACC001234,2026-09-14 16:41:58,North Christopher,PA,0
ACC001384,2026-09-14 16:41:58,Bakerside,PK,1
ACC002433,2026-09-14 16:41:59,West Timothy,LS,0
ACC001231,2026-09-14 16:41:59,New Todd,AM,0
ACC004880,2026-09-14 16:41:59,East Justin,MT,1
ACC003930,2026-09-14 16:41:59,East Rachelchester,BJ,1
ACC000178,2026-09-14 16:42:00,East Gina,TT,0
ACC003093,2026-09-14 16:42:01,East Susanside,CN,0
ACC001327,2026-09-14 16:42:01,Stevensonburgh,RU,0
ACC001533,2026-09-14 16:42:02,Port Georgehaven,NZ,0
ACC001537,2026-09-14 16:42:03,Lunamouth,KI,0
ACC001581,2026-09-14 16:42:03,West Christopherland,ID,0
ACC001729,2026-09-14 16:42:03,Hicksfurt,ER,0
ACC004840,2026-09-14 16:42:03,Hernandezville,VC,0
ACC000263,2026-09-14 16:42:03,Hernandeztown,MU,0
ACC002339,2026-09-14 16:42:03,Jordantown,IR,0
ACC002380,2026-09-14 16:42:03,Gabriellebury,NZ,0
ACC001354,2026-09-14 16:42:04,New Shelleyburgh,VE,0
ACC004701,2026-09-14 16:42:04,New Alicia,TJ,0
ACC003353,2026-09-14 16:42:05,Port Bonnieview,US,0
ACC003544,2026-09-14 16:42:05,Johnsonfort,KM,0
ACC002249,2026-09-14 16:42:05,West Michelle,BN,0
ACC000288,2026-09-14 16:42:06,Dyerview,MZ,0
ACC000435,2026-09-14 16:42:06,North Alicia,IN,0
ACC002662,2026-09-14 16:42:07,East Nicole,LK,0
ACC002260,2026-09-14 16:42:07,East Reneeland,NI,0
ACC003314,2026-09-14 16:42:07,Carolineside,YE,0
ACC000046,2026-09-14 16:42:08,West Morgan,SO,0
ACC001445,2026-09-14 16:42:08,West Daniel,SO,0
ACC003273,2026-09-14 16:42:08,Lake Michaelchester,AD,0
ACC001810,2026-09-14 16:42:09,Charlenechester,KW,0
ACC004279,2026-09-14 16:42:09,Christopherborough,SG,0
ACC003252,2026-09-14 16:42:09,New Daniel,MC,0
ACC002023,2026-09-14 16:42:10,Joshuaton,FM,0
ACC004669,2026-09-14 16:42:10,Denisechester,GB,0
ACC004794,2026-09-14 16:42:10,Robertport,KI,0
ACC001792,2026-09-14 16:42:10,New Tinaport,SE,0
ACC000841,2026-09-14 16:42:11,Ariastown,CV,0
ACC004275,2026-09-14 16:42:11,West Sarahfurt,CM,0
ACC002800,2026-09-14 16:42:11,Amandamouth,BE,0
ACC004343,2026-09-14 16:42:12,Angelaburgh,YE,1
ACC002333,2026-09-14 16:42:12,North Jenniferland,CU,0
ACC002482,2026-09-14 16:42:12,South Karenmouth,EG,0
ACC000144,2026-09-14 16:42:13,Lake Jessicaberg,PL,0
ACC000580,2026-09-14 16:42:14,Lake Williehaven,CL,0
ACC004838,2026-09-14 16:42:14,New Kelseychester,CF,0
ACC001091,2026-09-14 16:42:14,Ashleyberg,MM,0
ACC001380,2026-09-14 16:42:14,Michaelbury,IS,0
ACC001734,2026-09-14 16:42:15,South Robert,TR,0
ACC000671,2026-09-14 16:42:15,North Michele,CA,0
ACC004612,2026-09-14 16:42:15,East Davidside,JP,0
ACC000965,2026-09-14 16:42:15,Lake Tombury,BJ,0
ACC002498,2026-09-14 16:42:16,New Cynthiatown,BY,0
ACC002447,2026-09-14 16:42:16,Cookshire,BJ,0
ACC004038,2026-09-14 16:42:16,Rebeccachester,SA,1
ACC003563,2026-09-14 16:42:17,South Matthew,GN,0
ACC003646,2026-09-14 16:42:17,Hoffmanfort,MG,0
ACC004187,2026-09-14 16:42:18,Mercadoland,BN,0
ACC001555,2026-09-14 16:42:18,Brendamouth,BZ,0
ACC004264,2026-09-14 16:42:18,Thomasside,CU,0
ACC002317,2026-09-14 16:42:19,Lake Stephanieport,KM,0
ACC003191,2026-09-14 16:42:19,Lake Keithtown,ES,1
ACC003837,2026-09-14 16:42:19,Humphreyville,YE,0
ACC000380,2026-09-14 16:42:20,Nicholastown,CU,0
ACC002243,2026-09-14 16:42:20,South Michael,IN,0
ACC004685,2026-09-14 16:42:20,West Karen,NA,0
ACC002129,2026-09-14 16:42:21,Whiteton,ZA,0
ACC003166,2026-09-14 16:42:21,Lake Matthewside,ET,0
ACC002189,2026-09-14 16:42:22,Lake Kennethfort,MZ,1
ACC000148,2026-09-14 16:42:24,South Lisa,KN,0
ACC002950,2026-09-14 16:42:24,Alexandermouth,NE,0
ACC001422,2026-09-14 16:42:24,Garzaview,IL,1
ACC001123,2026-09-14 16:42:24,East Dianaberg,BN,0
ACC003523,2026-09-14 16:42:24,Meganberg,DJ,0
ACC002585,2026-09-14 16:42:24,New Krystal,JP,0
ACC002610,2026-09-14 16:42:25,Lake Gabriel,TN,0
ACC004214,2026-09-14 16:42:25,Port Jonathanport,OM,0
ACC003490,2026-09-14 16:42:25,Burnston,LB,0
ACC004773,2026-09-14 16:42:25,New Troy,KR,0
ACC000722,2026-09-14 16:42:25,Hansonmouth,TL,0
ACC001179,2026-09-14 16:42:26,Port Tanyaberg,CH,0
ACC001467,2026-09-14 16:42:26,Simonfurt,US,0
ACC001587,2026-09-14 16:42:27,Port Scottstad,TV,0
ACC004192,2026-09-14 16:42:27,Torresshire,MT,0
ACC001317,2026-09-14 16:42:27,South Lance,TD,0
ACC000305,2026-09-14 16:42:27,East Christineport,AL,0
ACC002332,2026-09-14 16:42:28,South Andrewfort,AL,0
ACC002324,2026-09-14 16:42:29,Mullenfort,WS,0
ACC000496,2026-09-14 16:42:29,New Jonathan,MU,0
ACC000800,2026-09-14 16:42:30,Nancyfort,ST,1
ACC004246,2026-09-14 16:42:30,East Stacyview,IE,0
ACC004165,2026-09-14 16:42:30,Port Andrewberg,BT,0
ACC001950,2026-09-14 16:42:31,Port Margaretfort,BG,0
ACC002969,2026-09-14 16:42:31,Lake Jenniferchester,DJ,0
ACC001582,2026-09-14 16:42:32,Robertsburgh,PS,0
ACC002898,2026-09-14 16:42:32,Johnsonfort,KP,1
ACC001058,2026-09-14 16:42:32,Owensview,NG,0
ACC000367,2026-09-14 16:42:32,West Benjaminmouth,CA,0
ACC000410,2026-09-14 16:42:32,Blevinsfurt,MD,0
ACC003840,2026-09-14 16:42:32,New Troy,LB,0
ACC002859,2026-09-14 16:42:33,Laurenfort,TH,0
ACC000973,2026-09-14 16:42:33,North Tammy,RW,0
ACC000507,2026-09-14 16:42:33,East Dylanborough,JP,0
ACC002475,2026-09-14 16:42:33,South Samuelburgh,LU,0
ACC004237,2026-09-14 16:42:34,Lake Wendyfort,JP,0
ACC000411,2026-09-14 16:42:35,Rileyside,TL,0
ACC002767,2026-09-14 16:42:35,New Jenniferview,EG,0
ACC001676,2026-09-14 16:42:36,Lucaschester,ME,0
ACC004905,2026-09-14 16:42:36,Mejiachester,US,0
ACC000683,2026-09-14 16:42:36,East Tylerbury,MY,0
ACC004593,2026-09-14 16:42:37,Laurenfurt,CG,0
ACC000857,2026-09-14 16:42:37,Kathleenside,IR,0
ACC003927,2026-09-14 16:42:37,North Ronald,AR,0
ACC000966,2026-09-14 16:42:37,Port Harrystad,ZA,0
ACC001420,2026-09-14 16:42:38,Goodmanberg,BZ,0
ACC001286,2026-09-14 16:42:38,Loganmouth,PA,0
ACC001211,2026-09-14 16:42:38,Julietown,PL,0
ACC002467,2026-09-14 16:42:38,East Nancyhaven,TZ,0
ACC001179,2026-09-14 16:42:38,Lake Mark,VA,0
ACC003011,2026-09-14 16:42:39,Ayalashire,BD,1
ACC004633,2026-09-14 16:42:39,Debbieside,PE,0
ACC002928,2026-09-14 16:42:41,Meaganhaven,BA,0
ACC000099,2026-09-14 16:42:41,South Rebekah,CH,0
ACC004535,2026-09-14 16:42:41,East Todd,CU,0
ACC000133,2026-09-14 16:42:41,West Erin,CV,0
ACC004790,2026-09-14 16:42:42,Lindaton,QA,0
ACC002525,2026-09-14 16:42:42,Valeriestad,IN,0
ACC000830,2026-09-14 16:42:42,South Keithfurt,BR,0
ACC004991,2026-09-14 16:42:42,Katherinechester,ME,0
ACC003994,2026-09-14 16:42:42,Emilychester,LC,0
ACC003879,2026-09-14 16:42:42,Jacobchester,ZW,0
ACC001501,2026-09-14 16:42:42,Courtneystad,NO,0
ACC000214,2026-09-14 16:42:43,Janicefort,SM,0
ACC002238,2026-09-14 16:42:43,Connorstad,MG,0
ACC003073,2026-09-14 16:42:43,East Zacharystad,ZM,0
ACC000161,2026-09-14 16:42:43,West Andrea,BZ,0
ACC004683,2026-09-14 16:42:43,North Feliciaview,TW,0
ACC002168,2026-09-14 16:42:43,New Destinyview,BH,0
ACC003723,2026-09-14 16:42:44,Morrisfurt,UA,0
ACC004720,2026-09-14 16:42:44,Abbottberg,AR,0
ACC004313,2026-09-14 16:42:44,New Karen,CA,0
ACC004483,2026-09-14 16:42:44,South Audreyport,GY,0
ACC003285,2026-09-14 16:42:44,Dunnhaven,AE,0
ACC000523,2026-09-14 16:42:44,Port Jeremy,PW,0
ACC000875,2026-09-14 16:42:45,Cranestad,MH,0
ACC002933,2026-09-14 16:42:45,North Ashley,GD,0
ACC002722,2026-09-14 16:42:45,Kaylatown,PT,0
ACC001484,2026-09-14 16:42:46,East George,MM,0
ACC001450,2026-09-14 16:42:46,Heatherton,GH,0
ACC003407,2026-09-14 16:42:46,Port Brendaborough,TJ,0
ACC001303,2026-09-14 16:42:46,Butlermouth,RW,0
ACC001458,2026-09-14 16:42:47,Port Andrew,BN,0
ACC002066,2026-09-14 16:42:47,Clarkville,UG,1
ACC001823,2026-09-14 16:42:47,Alyssamouth,CZ,0
ACC003510,2026-09-14 16:42:48,West Albert,JO,0
ACC003300,2026-09-14 16:42:48,South Carl,SY,0
ACC002667,2026-09-14 16:42:48,South Brittanybury,MG,0
ACC004813,2026-09-14 16:42:48,West Benjaminmouth,FM,0
ACC001647,2026-09-14 16:42:48,Hallborough,LR,1
ACC002322,2026-09-14 16:42:48,South Tina,SB,0
ACC000344,2026-09-14 16:42:49,Jamesmouth,RO,1
ACC000745,2026-09-14 16:42:49,Lake Austin,LR,0
ACC001697,2026-09-14 16:42:50,North Vincent,MY,1
ACC000866,2026-09-14 16:42:50,Rodriguezchester,LK,0
ACC004608,2026-09-14 16:42:50,North Julieland,AL,0
ACC003372,2026-09-14 16:42:51,Johnsonview,EC,0
ACC001175,2026-09-14 16:42:51,Port Reginald,ER,0
ACC000850,2026-09-14 16:42:51,Larryside,SA,0
ACC001630,2026-09-14 16:42:51,Port Robertview,BO,0
ACC004079,2026-09-14 16:42:51,East Nicholas,MZ,0
ACC003859,2026-09-14 16:42:51,East Lauriebury,UG,0
ACC004920,2026-09-14 16:42:51,South Kerriton,NR,0
ACC003363,2026-09-14 16:42:51,New Matthew,TJ,0
ACC002467,2026-09-14 16:42:52,South Erictown,MU,0
ACC004876,2026-09-14 16:42:52,New Shawn,LS,0
ACC004543,2026-09-14 16:42:53,West Danielfort,TM,0
ACC000764,2026-09-14 16:42:53,East Paul,TR,0
ACC004894,2026-09-14 16:42:53,West Nicholasbury,LV,0
ACC001544,2026-09-14 16:42:53,South Jorge,KG,0
ACC001942,2026-09-14 16:42:53,West Jasmine,DZ,0
ACC004118,2026-09-14 16:42:54,West Judyberg,AO,0
ACC003117,2026-09-14 16:42:54,North Jeffery,ML,0
ACC002247,2026-09-14 16:42:54,Richardsfort,JO,0
ACC001499,2026-09-14 16:42:54,Elliottberg,UZ,0
ACC003095,2026-09-14 16:42:54,Lake Susan,LS,0
ACC000960,2026-09-14 16:42:55,New Holly,RW,0
ACC002604,2026-09-14 16:42:55,Hoodchester,NL,0
ACC004520,2026-09-14 16:42:56,Jordanbury,ZM,0
ACC004338,2026-09-14 16:42:56,Timothymouth,TN,0
ACC002907,2026-09-14 16:42:56,North Susanland,SM,0
ACC003007,2026-09-14 16:42:57,East Robertfort,NE,0
ACC003438,2026-09-14 16:42:57,New Travis,KM,0
ACC004288,2026-09-14 16:42:57,Gardnerfurt,SI,0
ACC002536,2026-09-14 16:42:57,Xavierview,TT,0
ACC004432,2026-09-14 16:42:57,Stephenburgh,BW,0
ACC001313,2026-09-14 16:42:58,North Joshua,SA,0
ACC002118,2026-09-14 16:42:58,Lake Jeremy,KN,0
ACC001963,2026-09-14 16:42:58,Lake Rachelhaven,TM,0
ACC003313,2026-09-14 16:42:59,East Jeffrey,NZ,0
ACC002144,2026-09-14 16:42:59,Flynnland,MG,0
ACC004024,2026-09-14 16:42:59,Geraldborough,TW,0
ACC003305,2026-09-14 16:43:00,Danielport,SZ,0
ACC001765,2026-09-14 16:43:01,East Julia,AD,1
ACC002458,2026-09-14 16:43:01,New Elizabethton,KM,0
ACC003421,2026-09-14 16:43:02,Brianbury,VE,0
ACC001432,2026-09-14 16:43:02,Rebeccaberg,FR,0
ACC003399,2026-09-14 16:43:02,Riceborough,KE,0
ACC001955,2026-09-14 16:43:02,Katelynmouth,IQ,0
ACC000564,2026-09-14 16:43:03,New Deannaton,CY,0
ACC003299,2026-09-14 16:43:03,New Adam,BR,0
ACC001899,2026-09-14 16:43:04,Christopherton,IQ,0
ACC004347,2026-09-14 16:43:04,Thompsonborough,GW,0
ACC001864,2026-09-14 16:43:04,Lake Stephanieview,MA,1
ACC002726,2026-09-14 16:43:04,Port Dennisport,JM,1
ACC004670,2026-09-14 16:43:04,Sarahton,LI,0
ACC002567,2026-09-14 16:43:05,Ashleyborough,BB,0
ACC001446,2026-09-14 16:43:05,Ashleychester,PL,0
ACC004136,2026-09-14 16:43:05,New Natalie,MM,0
ACC002456,2026-09-14 16:43:05,North Eric,HU,0
ACC000573,2026-09-14 16:43:06,Port Veronica,PE,0
ACC004868,2026-09-14 16:43:06,South Johnville,MT,0
ACC001450,2026-09-14 16:43:06,New Williambury,KI,0
ACC001350,2026-09-14 16:43:07,Lake Laura,IN,0
ACC001199,2026-09-14 16:43:07,Dannyborough,SE,0
ACC000653,2026-09-14 16:43:07,Williamsfort,TT,0
ACC000521,2026-09-14 16:43:07,Karenburgh,PG,0
ACC004680,2026-09-14 16:43:08,Cherryborough,TR,1
ACC002981,2026-09-14 16:43:09,Andersonton,RO,0
ACC002887,2026-09-14 16:43:09,West Meghanchester,NG,0
ACC001509,2026-09-14 16:43:10,Prestonview,JP,0
ACC003088,2026-09-14 16:43:10,Theresachester,BI,0
ACC003356,2026-09-14 16:43:10,Rebeccaville,KR,0
ACC004884,2026-09-14 16:43:11,Frostview,NZ,0
ACC003663,2026-09-14 16:43:13,Zacharyview,AE,1
ACC004591,2026-09-14 16:43:13,Anthonybury,TN,0
ACC003622,2026-09-14 16:43:13,Danielfort,BR,0
ACC002592,2026-09-14 16:43:14,Hayestown,ZA,0
ACC004603,2026-09-14 16:43:15,New Amber,SC,0
ACC003144,2026-09-14 16:43:15,West Tanyaview,GM,1
ACC001593,2026-09-14 16:43:15,Larrymouth,EG,0
ACC003131,2026-09-14 16:43:16,Millermouth,GE,0
ACC000866,2026-09-14 16:43:18,East Zachary,SG,0
ACC004780,2026-09-14 16:43:18,Nguyenville,IS,0
ACC003628,2026-09-14 16:43:18,New Kevin,MA,0
ACC000456,2026-09-14 16:43:19,Vazquezport,WS,0
ACC004212,2026-09-14 16:43:20,Richardstad,LI,0
ACC004351,2026-09-14 16:43:20,Acevedohaven,VU,0
ACC000028,2026-09-14 16:43:21,Johnhaven,VN,0
ACC000904,2026-09-14 16:43:21,West Mark,CV,0
ACC002595,2026-09-14 16:43:22,Marciamouth,PY,0
ACC002775,2026-09-14 16:43:22,Morrisburgh,BG,0
ACC000435,2026-09-14 16:43:22,Rollinsfort,TL,0
ACC000149,2026-09-14 16:43:22,East Brittney,SY,1
ACC001873,2026-09-14 16:43:22,Owensside,CO,0
ACC001584,2026-09-14 16:43:23,Beckerchester,IS,0
ACC003361,2026-09-14 16:43:23,Coleberg,AT,0
ACC000075,2026-09-14 16:43:23,West Phyllisville,DM,1
ACC003233,2026-09-14 16:43:24,Lake Andrea,UG,0
ACC001939,2026-09-14 16:43:24,Shanebury,BJ,0
ACC000425,2026-09-14 16:43:24,Matthewville,IN,0
ACC000598,2026-09-14 16:43:24,New Jacqueline,SA,0
ACC000002,2026-09-14 16:43:25,Rebeccashire,ZW,1
ACC003116,2026-09-14 16:43:25,Perkinstown,PG,1
ACC004677,2026-09-14 16:43:26,New Jessica,MT,0
ACC001348,2026-09-14 16:43:26,New Garyland,PY,0
ACC002200,2026-09-14 16:43:26,East Nicole,UZ,0
ACC002752,2026-09-14 16:43:26,Davischester,AL,0
ACC004614,2026-09-14 16:43:27,Jonesville,SL,0
ACC002543,2026-09-14 16:43:27,East Emilyview,IQ,0
ACC000220,2026-09-14 16:43:27,Russellview,IN,1
ACC001794,2026-09-14 16:43:28,North Daniellefurt,PK,0
ACC002809,2026-09-14 16:43:28,Kevinchester,UG,0
ACC003309,2026-09-14 16:43:29,Staceyfurt,SY,0
ACC001551,2026-09-14 16:43:29,West Jackfurt,IQ,0
ACC001397,2026-09-14 16:43:29,Port Annette,KH,0
ACC000420,2026-09-14 16:43:30,East Meghanland,NO,0
ACC003680,2026-09-14 16:43:30,Lake Abigailbury,EE,0
ACC003052,2026-09-14 16:43:30,South Mary,GT,0
ACC002525,2026-09-14 16:43:31,West Robin,HN,0
ACC002981,2026-09-14 16:43:31,Jenniferside,PG,0
ACC003428,2026-09-14 16:43:32,Andreaview,SM,0
ACC001263,2026-09-14 16:43:32,New Angela,JM,1
ACC004648,2026-09-14 16:43:32,Scottfurt,LC,0
ACC003921,2026-09-14 16:43:32,Thompsonside,NO,0
ACC004534,2026-09-14 16:43:33,Floresmouth,BT,0
ACC003878,2026-09-14 16:43:34,New Donberg,PK,0
ACC000066,2026-09-14 16:43:34,Kingbury,PT,0
ACC004708,2026-09-14 16:43:35,Bradyfurt,IN,0
ACC003607,2026-09-14 16:43:35,Port Jasonport,TV,0
ACC003352,2026-09-14 16:43:35,New Josephbury,VU,0
ACC002980,2026-09-14 16:43:36,East William,CA,0
ACC004784,2026-09-14 16:43:36,Hudsonburgh,IS,0
ACC003593,2026-09-14 16:43:36,East Chloe,RW,1
ACC001372,2026-09-14 16:43:36,South Michaelbury,MG,0
ACC003581,2026-09-14 16:43:36,Jacksonfurt,VN,0
ACC002478,2026-09-14 16:43:36,West Jacobview,JO,0
ACC000389,2026-09-14 16:43:37,Rojastown,CH,0
ACC000828,2026-09-14 16:43:37,East Jamesmouth,SK,0
ACC004883,2026-09-14 16:43:38,Cindytown,KH,1
ACC004515,2026-09-14 16:43:39,Hatfieldside,NL,1
ACC003725,2026-09-14 16:43:39,Jasonchester,SD,0
ACC003730,2026-09-14 16:43:39,Kimberlyton,DO,0
ACC002370,2026-09-14 16:43:39,Hernandezmouth,CY,0
ACC000463,2026-09-14 16:43:39,North Gina,NP,0
ACC001530,2026-09-14 16:43:39,Smithside,UZ,0
ACC000816,2026-09-14 16:43:39,Port Johnnyview,CY,0
ACC004126,2026-09-14 16:43:40,Alexaborough,KG,1
ACC003808,2026-09-14 16:43:40,Whitechester,KH,0
ACC000583,2026-09-14 16:43:40,Port Cameronchester,KH,1
ACC000071,2026-09-14 16:43:40,Christineview,BE,0
ACC003391,2026-09-14 16:43:40,East Maryside,PE,0
ACC004001,2026-09-14 16:43:41,West Latashaville,BE,0
ACC000546,2026-09-14 16:43:42,New Maryfurt,PG,1
ACC000579,2026-09-14 16:43:42,Janeton,EG,0
ACC004593,2026-09-14 16:43:43,Julialand,CI,0
ACC002390,2026-09-14 16:43:43,East Duane,NI,0
ACC004452,2026-09-14 16:43:43,Espinozamouth,KH,0
ACC004478,2026-09-14 16:43:43,North David,KH,0
ACC000971,2026-09-14 16:43:43,New Heather,GR,0
ACC002107,2026-09-14 16:43:43,North Jeffreyborough,PE,0
ACC001289,2026-09-14 16:43:43,Jeffreymouth,BH,0
ACC000788,2026-09-14 16:43:44,Jonathanbury,SV,0
ACC001043,2026-09-14 16:43:44,Annabury,SK,0
ACC004841,2026-09-14 16:43:45,Adrianfort,EG,0
ACC002870,2026-09-14 16:43:45,Randyburgh,TJ,0
ACC000507,2026-09-14 16:43:45,Port David,DK,1
ACC000902,2026-09-14 16:43:46,Lake Haroldshire,SG,0
ACC003999,2026-09-14 16:43:46,Steventon,AG,0
ACC003344,2026-09-14 16:43:47,Smithport,KR,0
ACC001440,2026-09-14 16:43:47,West Michaelberg,CM,0
ACC001901,2026-09-14 16:43:47,East Timothy,SO,0
ACC002529,2026-09-14 16:43:47,Port Michele,BI,0
ACC000806,2026-09-14 16:43:47,East Christopher,UA,0
ACC000260,2026-09-14 16:43:48,Walkerburgh,RS,0
ACC003812,2026-09-14 16:43:48,Johnsonbury,VA,0
ACC004467,2026-09-14 16:43:48,Port Christina,CH,0
ACC000032,2026-09-14 16:43:49,South Thomasville,CV,0
ACC003470,2026-09-14 16:43:49,East Angela,CI,0
ACC004422,2026-09-14 16:43:49,North Kristie,AG,0
ACC003082,2026-09-14 16:43:50,South Kimberly,PA,0
ACC002060,2026-09-14 16:43:50,Lake Elizabeth,IL,0
ACC002133,2026-09-14 16:43:50,West Adam,VA,0
ACC004590,2026-09-14 16:43:50,Lewischester,AE,0
ACC000387,2026-09-14 16:43:52,Jacobchester,VC,0
ACC003387,2026-09-14 16:43:53,South Sheila,SL,0
ACC003515,2026-09-14 16:43:53,East Antonioberg,BT,0
ACC000340,2026-09-14 16:43:54,South Katietown,JP,0
ACC002485,2026-09-14 16:43:54,East Frankfurt,KP,0
ACC004817,2026-09-14 16:43:55,West Curtis,LS,0
ACC004133,2026-09-14 16:43:55,Weberville,ZM,0
ACC003855,2026-09-14 16:43:56,Turnerborough,HT,0
ACC003639,2026-09-14 16:43:56,West Mariaton,MN,0
ACC000907,2026-09-14 16:43:56,Barkermouth,NI,0
ACC001654,2026-09-14 16:43:57,Charlotteville,ME,0
ACC003755,2026-09-14 16:43:57,Owentown,VA,0
ACC000214,2026-09-14 16:43:57,South Melinda,FM,0
ACC001617,2026-09-14 16:43:57,Dorothybury,SV,0
ACC003325,2026-09-14 16:43:57,New Shelbyfort,VA,0
ACC000719,2026-09-14 16:43:58,Matthewview,GQ,0
ACC002322,2026-09-14 16:43:58,Chambersstad,AL,0
ACC003104,2026-09-14 16:43:58,Kyleville,LY,0
ACC002524,2026-09-14 16:43:59,South Nicholastown,RU,0
ACC002881,2026-09-14 16:43:59,Lake Justin,CZ,0
ACC003822,2026-09-14 16:44:00,Lake Meredithmouth,CH,0
ACC003120,2026-09-14 16:44:00,Gallaghertown,BA,1
ACC002959,2026-09-14 16:44:01,Christineland,LS,0
ACC004480,2026-09-14 16:44:01,New Christopherfort,TW,0
ACC003961,2026-09-14 16:44:02,Mckinneymouth,VA,0
ACC002770,2026-09-14 16:44:02,New Calvin,DE,0
ACC001245,2026-09-14 16:44:02,Kimmouth,FJ,0
ACC004430,2026-09-14 16:44:04,Robinsonmouth,HN,0
ACC001853,2026-09-14 16:44:05,Matthewsborough,CV,0
ACC004993,2026-09-14 16:44:05,Port James,AZ,0
ACC004410,2026-09-14 16:44:05,South Pamela,LB,0
ACC000154,2026-09-14 16:44:06,Allisonberg,PA,0
ACC000143,2026-09-14 16:44:06,West Chad,GT,0
ACC001675,2026-09-14 16:44:06,Wolfbury,GQ,0
ACC001639,2026-09-14 16:44:07,New Alexandramouth,SM,1
ACC003683,2026-09-14 16:44:07,New Christyside,PS,0
ACC004544,2026-09-14 16:44:07,North Cathy,BZ,0
ACC000886,2026-09-14 16:44:08,Tinahaven,GQ,0
ACC000474,2026-09-14 16:44:08,Denisefurt,SD,0
ACC002221,2026-09-14 16:44:09,New Rogerhaven,FR,1
ACC004737,2026-09-14 16:44:09,Espinozaton,CL,0
ACC004848,2026-09-14 16:44:10,West Gina,ET,0
ACC002417,2026-09-14 16:44:10,North Jeremyton,EC,0
ACC002823,2026-09-14 16:44:11,West Johnville,HT,0
ACC004506,2026-09-14 16:44:11,Spencerberg,CR,0
ACC002716,2026-09-14 16:44:11,Kevinport,UZ,0
ACC000530,2026-09-14 16:44:11,New Ashley,MN,0
ACC002229,2026-09-14 16:44:12,Smithhaven,GT,0
ACC003788,2026-09-14 16:44:12,Lake Luis,UZ,0
ACC002076,2026-09-14 16:44:12,Wheelerland,GH,0
ACC004154,2026-09-14 16:44:13,Port Rebeccaberg,VA,0
ACC000633,2026-09-14 16:44:13,Debrachester,BN,0
ACC001306,2026-09-14 16:44:13,Sharonborough,UY,0
ACC000679,2026-09-14 16:44:14,New Elizabeth,SN,0
ACC000141,2026-09-14 16:44:14,North Evan,FI,0
ACC000968,2026-09-14 16:44:14,South Alan,LT,0
ACC003277,2026-09-14 16:44:15,Mirandatown,CI,1
ACC000871,2026-09-14 16:44:15,South Ashley,GT,0
ACC001240,2026-09-14 16:44:15,Christinehaven,TM,0
ACC002476,2026-09-14 16:44:16,West Johnville,SN,0
ACC004886,2026-09-14 16:44:16,South Aaron,TN,0
ACC002226,2026-09-14 16:44:16,Port Jennifer,UA,1
ACC000808,2026-09-14 16:44:17,Ericaton,MW,1
ACC002407,2026-09-14 16:44:17,Ramirezburgh,CU,0
ACC002068,2026-09-14 16:44:17,South Alexis,TT,0
ACC003192,2026-09-14 16:44:18,New Hayleyberg,ID,0
ACC002164,2026-09-14 16:44:19,Hudsonhaven,AL,0
ACC003173,2026-09-14 16:44:19,East Katrinaton,TW,0
ACC002150,2026-09-14 16:44:19,Lake Ryan,BZ,0
ACC002932,2026-09-14 16:44:19,East Jerryview,TO,0
ACC002379,2026-09-14 16:44:20,Danielbury,ST,0
ACC000693,2026-09-14 16:44:20,North Charlesmouth,AD,1
ACC000353,2026-09-14 16:44:20,Barryfurt,RW,0
ACC002304,2026-09-14 16:44:21,Alyssaton,MZ,0
ACC003344,2026-09-14 16:44:21,Port Benjaminhaven,TG,0
ACC000009,2026-09-14 16:44:22,West William,IS,0
ACC002754,2026-09-14 16:44:22,New Emily,DK,0
ACC002193,2026-09-14 16:44:23,West Heatherfort,SD,0
ACC004776,2026-09-14 16:44:23,South Jessica,SO,0
ACC003406,2026-09-14 16:44:24,Michelleborough,CG,0
ACC002748,2026-09-14 16:44:24,Port Melinda,VE,0
ACC003623,2026-09-14 16:44:24,New Aaronstad,LR,0
ACC003900,2026-09-14 16:44:25,Evansville,KP,0
ACC002816,2026-09-14 16:44:25,Nicholasfurt,GH,1
ACC002164,2026-09-14 16:44:25,Stanleyport,IL,0
ACC003755,2026-09-14 16:44:25,Jessicamouth,ZW,0
ACC000851,2026-09-14 16:44:25,Danielside,PT,0
ACC002177,2026-09-14 16:44:26,Lake Donaldbury,VA,0
ACC004218,2026-09-14 16:44:26,Wardside,MU,0
ACC000261,2026-09-14 16:44:27,Davisland,PH,0
ACC004992,2026-09-14 16:44:27,Port Lauren,VU,1
ACC001391,2026-09-14 16:44:28,Davishaven,CL,0
ACC000112,2026-09-14 16:44:28,East Richard,AT,1
ACC002383,2026-09-14 16:44:28,Williamstad,TD,0
ACC000166,2026-09-14 16:44:28,Brianview,AD,0
ACC004991,2026-09-14 16:44:29,Toddport,TW,0
ACC004161,2026-09-14 16:44:29,Jasminemouth,SO,0
ACC001451,2026-09-14 16:44:29,South Jose,PA,0
ACC002962,2026-09-14 16:44:30,East Kennethport,LR,0
ACC001348,2026-09-14 16:44:30,Andersonshire,NI,0
ACC004034,2026-09-14 16:44:30,West Bruce,DM,0
ACC004112,2026-09-14 16:44:30,New Andrew,BY,0
ACC004990,2026-09-14 16:44:31,Port Andrew,HU,0
ACC002758,2026-09-14 16:44:31,Richardsville,AL,0
ACC004668,2026-09-14 16:44:32,New Shari,SO,0
ACC003492,2026-09-14 16:44:32,West Susanfurt,KR,0
ACC004899,2026-09-14 16:44:32,North Brian,AT,0
ACC002086,2026-09-14 16:44:32,Olsonfort,TJ,0
ACC000707,2026-09-14 16:44:33,Carterside,TM,0
ACC002352,2026-09-14 16:44:33,East Emilyland,LK,0
ACC004912,2026-09-14 16:44:33,Davenportmouth,NZ,0
ACC002306,2026-09-14 16:44:34,Lake Joshuatown,NL,0
ACC002718,2026-09-14 16:44:34,Andreahaven,LU,0
ACC000424,2026-09-14 16:44:34,Georgeton,SZ,0
ACC001040,2026-09-14 16:44:35,Phelpsstad,ES,0
ACC000355,2026-09-14 16:44:35,West Robert,MZ,0
ACC003677,2026-09-14 16:44:36,Castilloview,MW,0
ACC004154,2026-09-14 16:44:37,Maryborough,CD,0
ACC002674,2026-09-14 16:44:37,East Josephton,MW,0
ACC003809,2026-09-14 16:44:38,Port Tommy,CU,0
ACC001474,2026-09-14 16:44:38,East Huntertown,PA,0
ACC003241,2026-09-14 16:44:39,Port Ashley,AZ,0
ACC003178,2026-09-14 16:44:39,Hendersontown,LK,0
ACC003167,2026-09-14 16:44:39,Kiddshire,VC,0
ACC003888,2026-09-14 16:44:39,Ericstad,KM,0
ACC000486,2026-09-14 16:44:40,Millschester,GN,0
ACC003734,2026-09-14 16:44:40,South Laurietown,BW,0
ACC001390,2026-09-14 16:44:40,Lake Rachel,RS,0
ACC000589,2026-09-14 16:44:41,North James,CV,0
ACC000083,2026-09-14 16:44:41,Lake Scottton,AU,0
ACC000971,2026-09-14 16:44:42,Port Danielle,MD,0
ACC002462,2026-09-14 16:44:42,Hendersonmouth,MN,0
ACC000619,2026-09-14 16:44:43,North David,SR,0
ACC001637,2026-09-14 16:44:43,Markmouth,BF,0
ACC000937,2026-09-14 16:44:43,West Austinport,MV,0
ACC003633,2026-09-14 16:44:43,Laurabury,AR,0
ACC000398,2026-09-14 16:44:43,Martinberg,LS,0
ACC000554,2026-09-14 16:44:43,Humphreyburgh,BW,0
ACC000521,2026-09-14 16:44:43,Richardbury,SC,0
ACC004565,2026-09-14 16:44:43,Amandamouth,IR,0
ACC000967,2026-09-14 16:44:44,East Rhondaborough,PY,0
ACC002353,2026-09-14 16:44:44,Angelicatown,VN,0
ACC002423,2026-09-14 16:44:44,East Colleenmouth,TJ,0
ACC002788,2026-09-14 16:44:44,New Corey,NZ,0
ACC002035,2026-09-14 16:44:45,Leebury,BE,1
ACC000842,2026-09-14 16:44:45,Mcguiremouth,NR,0
ACC000630,2026-09-14 16:44:45,New Johnbury,MW,0
ACC000588,2026-09-14 16:44:46,Jacobsonshire,SK,0
ACC003621,2026-09-14 16:44:47,South Lukehaven,BD,1
ACC000384,2026-09-14 16:44:47,South Debrafort,IQ,1
ACC001123,2026-09-14 16:44:47,Lake Craig,UY,0
ACC001826,2026-09-14 16:44:47,Jonestown,NG,0
ACC000882,2026-09-14 16:44:47,Brianmouth,SV,0
ACC001243,2026-09-14 16:44:47,East Matthew,BS,0
ACC004383,2026-09-14 16:44:48,Singletonshire,MW,0
ACC003743,2026-09-14 16:44:48,Robertmouth,CD,0
ACC003373,2026-09-14 16:44:49,Josefurt,ES,0
ACC001168,2026-09-14 16:44:49,Michaelberg,AT,0
ACC004123,2026-09-14 16:44:50,Lake Rickey,RS,0
ACC003942,2026-09-14 16:44:50,Melissafurt,RS,0
ACC003828,2026-09-14 16:44:50,Perezchester,TD,0
ACC003753,2026-09-14 16:44:51,Stevenburgh,HU,0
ACC001366,2026-09-14 16:44:51,Stephanietown,MG,0
ACC003231,2026-09-14 16:44:51,New Jodiland,SD,0
ACC004482,2026-09-14 16:44:52,Markmouth,ZA,0
ACC000825,2026-09-14 16:44:53,Moralesborough,GE,0
ACC000230,2026-09-14 16:44:53,Wilsonton,AF,0
ACC003749,2026-09-14 16:44:53,North Taraberg,VN,0
ACC001191,2026-09-14 16:44:53,Port Tammyborough,TJ,0
ACC002025,2026-09-14 16:44:54,Port Ashleystad,IR,0
ACC001789,2026-09-14 16:44:54,New Scottville,PW,0
ACC003390,2026-09-14 16:44:54,Cochranside,BS,0
ACC003230,2026-09-14 16:44:54,East David,IL,0
ACC004645,2026-09-14 16:44:55,Ortizshire,NI,0
ACC002818,2026-09-14 16:44:55,Johnstad,KM,0
ACC004882,2026-09-14 16:44:57,Paulaton,IS,0
ACC000746,2026-09-14 16:44:57,West Brandonmouth,CG,0
ACC003851,2026-09-14 16:44:57,South Nicole,BH,1
ACC000610,2026-09-14 16:44:58,Allenborough,TJ,0
ACC003803,2026-09-14 16:44:58,Lake Juanport,IL,0
ACC003707,2026-09-14 16:44:58,North Mindy,MV,1
ACC003683,2026-09-14 16:44:59,New Robert,RO,0
ACC003181,2026-09-14 16:44:59,Maldonadoburgh,LC,0
ACC003476,2026-09-14 16:44:59,South Jaystad,BI,0
ACC004594,2026-09-14 16:44:59,Gregoryview,BF,0
ACC002249,2026-09-14 16:45:00,West Andrewborough,HT,0
ACC001587,2026-09-14 16:45:00,Sarahbury,LR,1
ACC001435,2026-09-14 16:45:00,Mossfurt,JO,0
ACC002435,2026-09-14 16:45:00,West Brittany,FI,0
ACC000704,2026-09-14 16:45:01,Leebury,DZ,0
ACC001798,2026-09-14 16:45:01,Jennifershire,GT,0
ACC000515,2026-09-14 16:45:02,Thomasfort,FM,0
ACC002758,2026-09-14 16:45:02,Lake Cynthia,BG,1
ACC004644,2026-09-14 16:45:02,East Scott,CD,0
ACC001483,2026-09-14 16:45:03,Colemanshire,MR,1
ACC003321,2026-09-14 16:45:03,Sharontown,EG,1
ACC004167,2026-09-14 16:45:03,Karenland,RW,0
ACC000564,2026-09-14 16:45:03,Kelleymouth,NE,1
ACC001204,2026-09-14 16:45:03,New Kaylafort,TH,0
ACC002257,2026-09-14 16:45:04,Brownhaven,GN,0
ACC001612,2026-09-14 16:45:04,South Bryanport,LS,1
ACC001606,2026-09-14 16:45:04,West Johnside,KM,0
ACC001772,2026-09-14 16:45:04,Moorechester,CU,0
ACC000510,2026-09-14 16:45:05,South Kimberlyville,IE,0
ACC000910,2026-09-14 16:45:05,Charlesport,SB,0
ACC002515,2026-09-14 16:45:05,Nguyenstad,GW,0
ACC002676,2026-09-14 16:45:06,North Michellestad,CD,1
ACC001639,2026-09-14 16:45:06,Cannonland,HU,0
ACC003038,2026-09-14 16:45:06,North John,FM,1
ACC003596,2026-09-14 16:45:07,Lawsonchester,SV,1
ACC003127,2026-09-14 16:45:07,Frankland,UY,0
ACC000963,2026-09-14 16:45:07,Jefferytown,BD,0
ACC004340,2026-09-14 16:45:07,West Kimberlyton,CI,0
ACC002426,2026-09-14 16:45:07,Vargaston,HU,0
ACC003883,2026-09-14 16:45:08,East Melanie,MA,0
ACC003240,2026-09-14 16:45:08,Port Crystal,BI,1
ACC004688,2026-09-14 16:45:08,Melissamouth,LS,1
ACC002420,2026-09-14 16:45:08,North Kristen,KM,0
ACC004314,2026-09-14 16:45:08,Bridgetport,LY,0
ACC001741,2026-09-14 16:45:09,Thomasfort,TG,0
ACC000214,2026-09-14 16:45:09,Williamsborough,BZ,0
ACC003494,2026-09-14 16:45:09,North Brent,NR,0
ACC002030,2026-09-14 16:45:09,Nashstad,TZ,0
ACC003741,2026-09-14 16:45:10,North Christopher,CA,0
ACC004014,2026-09-14 16:45:10,Murraytown,IQ,0
ACC001985,2026-09-14 16:45:10,Port Timothy,BF,0
ACC001321,2026-09-14 16:45:10,Adrianview,CA,1
ACC003694,2026-09-14 16:45:10,East Dana,JO,0
ACC001980,2026-09-14 16:45:11,East Kelli,IE,0
ACC004984,2026-09-14 16:45:11,Johnsonville,LC,0
ACC000333,2026-09-14 16:45:11,East Jill,SN,0
ACC000731,2026-09-14 16:45:11,Port Jessicamouth,IE,0
ACC001898,2026-09-14 16:45:12,Martinezhaven,MC,0
ACC003208,2026-09-14 16:45:12,Lake Shawn,CN,0
ACC004293,2026-09-14 16:45:13,Port Jamesport,IS,0
ACC004044,2026-09-14 16:45:13,Payneborough,SD,0
ACC004131,2026-09-14 16:45:13,Salazarhaven,SN,0
ACC004079,2026-09-14 16:45:14,North Stephaniechester,TZ,0
ACC003213,2026-09-14 16:45:14,Lake Jane,NL,0
ACC002877,2026-09-14 16:45:14,Andradeton,TV,0
ACC001176,2026-09-14 16:45:14,Johnsonmouth,SA,1
ACC003374,2026-09-14 16:45:16,Lake Larry,LC,0
ACC004791,2026-09-14 16:45:16,Ramseymouth,BZ,0
ACC003407,2026-09-14 16:45:16,West Donald,BO,0
ACC003613,2026-09-14 16:45:16,Hernandezville,PL,0
ACC002379,2026-09-14 16:45:16,Justinfurt,VC,0
ACC000174,2026-09-14 16:45:16,Christinamouth,DK,0
ACC003762,2026-09-14 16:45:17,Lake Joseph,CZ,0
ACC003140,2026-09-14 16:45:17,Johnville,CF,0
ACC000057,2026-09-14 16:45:18,Schroederville,KP,0
ACC002769,2026-09-14 16:45:18,Joshuaport,BS,1
ACC000244,2026-09-14 16:45:19,New Christopherfort,BT,0
ACC002830,2026-09-14 16:45:19,Vazquezview,BF,0
ACC000713,2026-09-14 16:45:19,Lloydchester,NP,0
ACC003027,2026-09-14 16:45:20,Lake Anthony,AT,0
ACC001518,2026-09-14 16:45:20,Burgessbury,HT,0
ACC004848,2026-09-14 16:45:20,North Beckyville,TN,0
ACC002800,2026-09-14 16:45:20,New Carl,SE,0
ACC000297,2026-09-14 16:45:20,Port Nathanbury,MK,0
ACC003627,2026-09-14 16:45:21,Jeffreystad,NR,0
ACC004298,2026-09-14 16:45:21,Toddstad,FR,0
ACC003882,2026-09-14 16:45:21,Davidland,VE,0
ACC000175,2026-09-14 16:45:22,Jasonhaven,DM,0
ACC001740,2026-09-14 16:45:22,South Sheriview,UG,0
ACC000964,2026-09-14 16:45:23,South Timothy,NA,0
ACC001138,2026-09-14 16:45:24,Christophershire,US,1
ACC000617,2026-09-14 16:45:24,Port Lanceburgh,MA,0
ACC001271,2026-09-14 16:45:24,Mooreside,VA,0
ACC000309,2026-09-14 16:45:25,New Eric,UZ,0
ACC000886,2026-09-14 16:45:26,Piercefurt,ES,0
ACC003373,2026-09-14 16:45:26,East Josephtown,KI,0
ACC001866,2026-09-14 16:45:27,South Kimberly,GD,0
ACC003481,2026-09-14 16:45:27,New Brandy,IQ,0
ACC000840,2026-09-14 16:45:27,Port Michelle,KE,0
ACC000269,2026-09-14 16:45:27,New Heidi,BG,1
ACC000952,2026-09-14 16:45:28,South Janetfurt,DJ,0
ACC001953,2026-09-14 16:45:28,New Carlos,EE,0
ACC004611,2026-09-14 16:45:28,East Patriciachester,BB,0
ACC002717,2026-09-14 16:45:28,Stephensside,PW,0
ACC002444,2026-09-14 16:45:28,South Mario,GB,1
ACC003121,2026-09-14 16:45:28,Matthewville,RS,0
ACC000058,2026-09-14 16:45:29,Herbertshire,IR,0
ACC004049,2026-09-14 16:45:29,Hinesfurt,FI,0
ACC004349,2026-09-14 16:45:30,Brownview,MH,0
ACC002271,2026-09-14 16:45:30,Wilsonhaven,KG,0
ACC000627,2026-09-14 16:45:31,South Amy,DE,0
ACC004442,2026-09-14 16:45:31,New Dominicshire,MY,0
ACC002759,2026-09-14 16:45:31,North Jonathan,GQ,0
ACC001297,2026-09-14 16:45:32,East Maxwellview,AE,1
ACC003281,2026-09-14 16:45:32,North Jackchester,MT,0
ACC004125,2026-09-14 16:45:32,North Noahbury,UY,1
ACC001310,2026-09-14 16:45:33,North Rachelport,MX,0
ACC000651,2026-09-14 16:45:33,Stevenview,KR,0
ACC001371,2026-09-14 16:45:33,Youngchester,KN,0
ACC003081,2026-09-14 16:45:33,East Carrieport,UG,0
ACC004159,2026-09-14 16:45:34,Turnerview,MM,0
ACC004552,2026-09-14 16:45:34,Lake Suzanne,ID,0
ACC000287,2026-09-14 16:45:34,Edgarbury,BO,0
ACC004607,2026-09-14 16:45:34,Port Aaron,KM,0
ACC004641,2026-09-14 16:45:34,West Virginiaburgh,CY,0
ACC003648,2026-09-14 16:45:35,Lynchshire,KE,0
ACC000439,2026-09-14 16:45:35,Samanthachester,KN,0
ACC002064,2026-09-14 16:45:35,Manningland,NA,0
ACC004709,2026-09-14 16:45:35,East Richardchester,GN,0
ACC004064,2026-09-14 16:45:35,South Nicole,IE,0
ACC003501,2026-09-14 16:45:35,Taylortown,CU,0
ACC004677,2026-09-14 16:45:35,South Tammyfort,KN,0
ACC002286,2026-09-14 16:45:36,North Tylerville,JP,0
ACC003806,2026-09-14 16:45:36,Hillland,BI,0
ACC004368,2026-09-14 16:45:36,Lake Jennifer,LY,0
ACC004723,2026-09-14 16:45:36,Blackshire,VC,0
ACC003916,2026-09-14 16:45:36,North Annborough,TH,0
ACC003724,2026-09-14 16:45:37,Harrisonview,TJ,0
ACC001624,2026-09-14 16:45:37,Port Anita,UA,1
ACC003102,2026-09-14 16:45:37,Lake Steventon,PY,1
ACC000574,2026-09-14 16:45:37,East Christopher,CO,0
ACC003010,2026-09-14 16:45:37,Belindaview,QA,0
ACC000840,2026-09-14 16:45:37,Christopherview,RU,0
ACC004490,2026-09-14 16:45:38,West Kathryn,IT,0
ACC001871,2026-09-14 16:45:39,Lowerymouth,DZ,0
ACC000868,2026-09-14 16:45:39,Brianside,HU,0
ACC002851,2026-09-14 16:45:40,South Kim,GT,0
ACC000937,2026-09-14 16:45:40,New Jessica,MC,0
ACC000754,2026-09-14 16:45:40,Tiffanyburgh,BR,0
ACC003792,2026-09-14 16:45:40,Port Allison,IN,0
ACC004372,2026-09-14 16:45:40,East Melissaborough,IE,0
ACC000702,2026-09-14 16:45:40,East Jennifer,GR,0
ACC001607,2026-09-14 16:45:40,West Justin,BT,0
ACC002932,2026-09-14 16:45:41,South Douglas,EC,1
ACC002012,2026-09-14 16:45:41,Youngberg,AG,0
ACC002336,2026-09-14 16:45:41,Michealside,TH,0
ACC001254,2026-09-14 16:45:41,Port Laurie,US,0
ACC003089,2026-09-14 16:45:42,East Kenneth,SR,0
ACC000070,2026-09-14 16:45:42,Hollowayhaven,SK,0
ACC000919,2026-09-14 16:45:42,New Kimburgh,UA,0
ACC000343,2026-09-14 16:45:43,Port Juanbury,TN,0
ACC004501,2026-09-14 16:45:43,South Donna,IE,0
ACC001607,2026-09-14 16:45:43,Derekhaven,IQ,0
ACC004034,2026-09-14 16:45:44,Hicksmouth,PH,0
ACC002325,2026-09-14 16:45:44,Benjamintown,MN,0
ACC000527,2026-09-14 16:45:44,South Mark,GA,0
ACC002064,2026-09-14 16:45:46,Derekville,HU,0
ACC000924,2026-09-14 16:45:46,Mcdanielshire,GA,1
ACC003843,2026-09-14 16:45:46,East Shawnberg,SY,0
ACC000259,2026-09-14 16:45:46,South Michaelchester,MG,0
ACC002026,2026-09-14 16:45:47,Gatesfurt,KM,0
ACC001789,2026-09-14 16:45:47,Port Monicaburgh,SL,0
ACC001130,2026-09-14 16:45:47,Port Olivia,HU,0
ACC003586,2026-09-14 16:45:47,Bryantbury,AU,1
ACC002625,2026-09-14 16:45:48,West Jillianville,LC,0
ACC001664,2026-09-14 16:45:48,South Jacqueline,IN,0
ACC002815,2026-09-14 16:45:49,Danside,KM,0
ACC004592,2026-09-14 16:45:49,Pattersonshire,BZ,0
ACC004058,2026-09-14 16:45:49,North Amber,VA,0
ACC000666,2026-09-14 16:45:49,Smithberg,KR,0
ACC000818,2026-09-14 16:45:50,Port Michaelborough,LY,0
ACC004648,2026-09-14 16:45:50,West Angelaborough,NR,0
ACC000061,2026-09-14 16:45:51,North Josefort,GY,0
ACC002510,2026-09-14 16:45:51,Port Cynthia,TR,0
ACC003596,2026-09-14 16:45:51,Jasmineview,BT,0
ACC001071,2026-09-14 16:45:52,West Richard,PG,0
ACC000078,2026-09-14 16:45:53,Robinsonbury,KZ,0
ACC003621,2026-09-14 16:45:53,Penaport,PS,0
ACC004122,2026-09-14 16:45:53,South Cory,SN,0
ACC002938,2026-09-14 16:45:53,Heatherberg,CY,1
ACC003516,2026-09-14 16:45:53,Anthonyberg,NA,0
ACC001324,2026-09-14 16:45:53,West Bradley,PH,1
ACC000597,2026-09-14 16:45:54,Brownshire,MA,0
ACC001849,2026-09-14 16:45:54,Dominicton,AF,0
ACC004145,2026-09-14 16:45:54,Timothystad,CG,0
ACC001075,2026-09-14 16:45:54,Christopherborough,IL,0
ACC004051,2026-09-14 16:45:55,Heatherborough,GA,1
ACC001552,2026-09-14 16:45:56,Sandraview,SA,0
ACC001547,2026-09-14 16:45:56,Port Veronicabury,GW,0
ACC003544,2026-09-14 16:45:56,Joneshaven,MX,0
ACC004078,2026-09-14 16:45:56,Michellestad,AD,0
ACC004799,2026-09-14 16:45:56,East Tonyaland,TJ,0
ACC001224,2026-09-14 16:45:56,Lake Kimberly,KR,0
ACC001640,2026-09-14 16:45:56,Chadburgh,AR,0
ACC001325,2026-09-14 16:45:56,Lake Lauraburgh,BG,1
ACC001968,2026-09-14 16:45:57,New Jackson,KI,0
ACC002681,2026-09-14 16:45:57,North Tanyachester,NE,0
ACC000766,2026-09-14 16:45:57,Port Christina,NA,0
ACC000889,2026-09-14 16:45:57,Beckerville,PH,0
ACC000496,2026-09-14 16:45:57,South Sean,GN,0
ACC004685,2026-09-14 16:45:58,Schroedershire,BZ,0
ACC004220,2026-09-14 16:45:58,Greenberg,DO,0
ACC004514,2026-09-14 16:45:59,Seanchester,UG,0
ACC003755,2026-09-14 16:45:59,East Michaelton,MD,0
ACC004225,2026-09-14 16:45:59,Julieburgh,HT,0
ACC004286,2026-09-14 16:46:00,Bellburgh,BD,0
ACC000002,2026-09-14 16:46:00,New Kimberlybury,ID,0
ACC001454,2026-09-14 16:46:00,Port Julie,GY,0
ACC001027,2026-09-14 16:46:00,Emilyside,LY,0
ACC001698,2026-09-14 16:46:00,Lake Scott,CZ,0
ACC002372,2026-09-14 16:46:00,Hayleymouth,OM,0
ACC001599,2026-09-14 16:46:00,Wendyfort,BD,0
ACC000342,2026-09-14 17:39:58,North Crystalbury,MA,0
ACC000854,2026-09-14 17:40:00,South Bradleyview,PS,0
ACC003436,2026-09-14 17:40:00,Bowmanmouth,NI,0
ACC001151,2026-09-14 17:40:00,Nancymouth,TM,0
ACC003628,2026-09-14 17:40:00,Davisland,AU,0
ACC004880,2026-09-14 17:40:01,Kellershire,MG,0
ACC003408,2026-09-14 17:40:01,Sanchezport,GT,0
ACC000311,2026-09-14 17:40:01,Marthamouth,CD,0
ACC003728,2026-09-14 17:40:01,North Sandraview,AU,1
ACC001622,2026-09-14 17:40:02,West Amanda,MM,0
ACC004520,2026-09-14 17:40:02,West Edwinland,FI,0
ACC001118,2026-09-14 17:40:02,Wheelerborough,SA,0
ACC002721,2026-09-14 17:40:04,Gabrielleview,LY,0
ACC002569,2026-09-14 17:40:04,Cindymouth,CI,0
ACC002289,2026-09-14 17:40:04,Garciaport,MM,0
ACC002863,2026-09-14 17:40:05,Sloanfurt,MY,0
ACC002833,2026-09-14 17:40:05,West Lance,BN,0
ACC001264,2026-09-14 17:40:05,Lake Caitlin,CY,0
ACC002939,2026-09-14 17:40:06,Lawrencehaven,JM,0
ACC001940,2026-09-14 17:40:06,Port Glenda,UA,0
ACC004686,2026-09-14 17:40:06,Bryanburgh,KW,0
ACC002732,2026-09-14 17:40:06,Weaverborough,SG,0
ACC004880,2026-09-14 17:40:07,South Stephenfort,GR,0
ACC000059,2026-09-14 17:40:07,Lake Brentport,ZA,0
ACC002850,2026-09-14 17:40:08,East Anthonyshire,TD,0
ACC000154,2026-09-14 17:40:08,East Natalieshire,AR,0
ACC001110,2026-09-14 17:40:08,East Mackenzie,SZ,0
ACC002770,2026-09-14 17:40:09,West Christopherborough,NL,0
ACC002310,2026-09-14 17:40:09,Port Angelashire,KZ,1
ACC004999,2026-09-14 17:40:10,Melissaview,LY,0
ACC003719,2026-09-14 17:40:10,Bullockmouth,GQ,0
ACC004315,2026-09-14 17:40:10,Salinasburgh,AD,0
ACC003262,2026-09-14 17:40:10,Port Susanburgh,PY,0
ACC004049,2026-09-14 17:40:11,Port Kenneth,TW,0
ACC002679,2026-09-14 17:40:11,South Jennifer,NE,0
ACC003106,2026-09-14 17:40:12,Reyesview,JO,1
ACC001552,2026-09-14 17:40:12,South David,BJ,0
ACC004319,2026-09-14 17:40:12,South Gregory,GQ,0
ACC000449,2026-09-14 17:40:12,Knightstad,DE,0
ACC000790,2026-09-14 17:40:12,Wongchester,MH,0
ACC000668,2026-09-14 17:40:13,Lauraton,IR,0
ACC001378,2026-09-14 17:40:13,Taylormouth,LY,0
ACC003754,2026-09-14 17:40:13,Tanyatown,TR,0
ACC003739,2026-09-14 17:40:14,Port Kimberlystad,VU,0
ACC000645,2026-09-14 17:40:15,Washingtonside,AO,1
ACC001363,2026-09-14 17:40:15,Lake Johnny,DZ,0
ACC002634,2026-09-14 17:40:15,North Michellefort,BR,0
ACC000406,2026-09-14 17:40:15,South Marcia,SN,0
ACC002685,2026-09-14 17:40:16,Lake Jasonfort,HU,0
ACC002150,2026-09-14 17:40:16,South Patricia,SR,0
ACC001919,2026-09-14 17:40:16,Camachoville,SK,0
ACC003253,2026-09-14 17:40:16,Douglasbury,MM,1
ACC003004,2026-09-14 17:40:17,North Marissaton,CM,0
ACC004309,2026-09-14 17:40:18,Walkerburgh,KG,0
ACC001851,2026-09-14 17:40:18,Shawnberg,SI,0
ACC004756,2026-09-14 17:40:19,East Miranda,MC,0
ACC000540,2026-09-14 17:40:19,East Danabury,VC,0
ACC000556,2026-09-14 17:40:19,New Adam,MA,0
ACC002294,2026-09-14 17:40:20,North Mitchell,GE,0
ACC004018,2026-09-14 17:40:20,North Mariatown,AU,0
ACC003987,2026-09-14 17:40:20,Tonyaview,FR,0
ACC003150,2026-09-14 17:40:21,Bryanton,VU,0
ACC002751,2026-09-14 17:40:21,Nicholsonmouth,LI,1
ACC003826,2026-09-14 17:40:21,Edwardburgh,AR,0
ACC000593,2026-09-14 17:40:21,East Jessica,AM,0
ACC002454,2026-09-14 17:40:21,North Autumnhaven,TG,0
ACC000709,2026-09-14 17:40:22,Lake Thomastown,GA,0
ACC000937,2026-09-14 17:40:23,West Kevin,KM,0
ACC002377,2026-09-14 17:40:24,Marciaborough,AE,0
ACC003206,2026-09-14 17:40:24,South Ashleybury,MT,0
ACC001709,2026-09-14 17:40:25,New Scott,OM,0
ACC004028,2026-09-14 17:40:25,Lake Jenniferstad,SY,0
ACC002033,2026-09-14 17:40:25,East Tiffany,LI,0
ACC000033,2026-09-14 17:40:25,Camachochester,CR,0
ACC000696,2026-09-14 17:40:26,Andersonburgh,BW,0
ACC003293,2026-09-14 17:40:27,Madisonside,YE,0
ACC003595,2026-09-14 17:40:27,Lake Christinafort,DM,0
ACC001720,2026-09-14 17:40:27,Gallegosport,BZ,0
ACC000548,2026-09-14 17:40:28,Trevorfurt,VE,0
ACC004702,2026-09-14 17:40:28,Williamsburgh,JO,0
ACC001035,2026-09-14 17:40:29,Lake Michelle,MN,0
ACC000416,2026-09-14 17:40:29,New Danielview,UY,0
ACC004657,2026-09-14 17:40:29,East Amy,PL,1
ACC003794,2026-09-14 17:40:29,East Carrie,GQ,0
ACC004902,2026-09-14 17:40:29,Lake John,SZ,0
ACC000842,2026-09-14 17:40:30,New Lindabury,LU,0
ACC004473,2026-09-14 17:40:30,Lake Daniel,IT,0
ACC000247,2026-09-14 17:40:30,North Gregory,JO,0
ACC003412,2026-09-14 17:40:31,Chadburgh,TM,0
ACC003528,2026-09-14 17:40:31,Nicholasbury,SI,0
ACC001131,2026-09-14 17:40:32,West Jennifermouth,CD,0
ACC004196,2026-09-14 17:40:32,West Carolinemouth,MD,0
ACC001912,2026-09-14 17:40:32,Heatherside,IN,0
ACC002057,2026-09-14 17:40:33,Timothyville,CA,0
ACC000895,2026-09-14 17:40:33,New David,AM,0
ACC002306,2026-09-14 17:40:33,South Donald,ST,0
ACC003840,2026-09-14 17:40:33,New Hannah,TV,0
ACC003659,2026-09-14 17:40:33,Esparzahaven,CI,0
ACC003609,2026-09-14 17:40:34,West Maria,GN,0
ACC001638,2026-09-14 17:40:34,South Cynthiaside,DE,0
ACC003378,2026-09-14 17:40:35,Martinezmouth,PY,0
ACC001646,2026-09-14 17:40:36,Hillhaven,QA,0
ACC002145,2026-09-14 17:40:36,Grahamtown,MU,0
ACC001249,2026-09-14 17:40:36,Collierland,AD,0
ACC004500,2026-09-14 17:40:37,Kellerside,SE,0
ACC001149,2026-09-14 17:40:37,South Leonard,CD,0
ACC004314,2026-09-14 17:40:37,North Kristenborough,TT,0
ACC004533,2026-09-14 17:40:38,Gregoryton,RS,0
ACC003082,2026-09-14 17:40:39,North Robert,BS,0
ACC002595,2026-09-14 17:40:39,Tanyaton,CH,0
ACC003486,2026-09-14 17:40:39,New Christophermouth,CR,0
ACC002016,2026-09-14 17:40:40,Port Ericbury,PS,0
ACC001914,2026-09-14 17:40:40,New Sarah,EE,0
ACC001713,2026-09-14 17:40:40,West Mistystad,BI,0
ACC003687,2026-09-14 17:40:40,Crystalmouth,BJ,0
ACC003879,2026-09-14 17:40:40,Lake Ericville,UY,0
ACC003266,2026-09-14 17:40:40,Port Amandaburgh,BA,0
ACC003430,2026-09-14 17:40:40,Patriciaton,BG,0
ACC000639,2026-09-14 17:40:40,Robertville,BI,0
ACC002613,2026-09-14 17:40:40,East Debra,GM,0
ACC003792,2026-09-14 17:40:41,North Rhondaborough,JO,0
ACC003507,2026-09-14 17:40:41,South Paul,GB,0
ACC001028,2026-09-14 17:40:41,Obrienmouth,EG,0
ACC000323,2026-09-14 17:40:41,Kylemouth,CH,0
ACC003855,2026-09-14 17:40:42,West Thomashaven,CL,0
ACC004092,2026-09-14 17:40:42,Ronaldland,DM,0
ACC000827,2026-09-14 17:40:42,New Angela,CN,0
ACC001521,2026-09-14 17:40:42,Myerston,JO,0
ACC001342,2026-09-14 17:40:43,Port Jennifertown,SV,0
ACC003254,2026-09-14 17:40:43,Timothyburgh,RU,0
ACC000492,2026-09-14 17:40:43,Jacksonport,MG,1
ACC003932,2026-09-14 17:40:44,Port Matthew,KE,0
ACC001888,2026-09-14 17:40:44,New Selenabury,HU,0
ACC001040,2026-09-14 17:40:44,Taylorborough,PT,0
ACC000897,2026-09-14 17:40:44,New Stephanieland,VU,0
ACC001414,2026-09-14 17:40:44,Ochoaborough,TN,0
ACC000933,2026-09-14 17:40:44,East Ashley,OM,0
ACC001030,2026-09-14 17:40:44,North Scottview,CD,0
ACC004056,2026-09-14 17:40:44,Williamfort,NZ,1
ACC002444,2026-09-14 17:40:45,South Peterstad,LT,0
ACC000958,2026-09-14 17:40:45,Melissabury,KZ,0
ACC001299,2026-09-14 17:40:45,Lake Joshua,GA,0
ACC002335,2026-09-14 17:40:46,Grahamfort,IT,1
ACC004318,2026-09-14 17:40:46,Pittmanbury,HT,0
ACC001795,2026-09-14 17:40:46,South Christinabury,PS,0
ACC000539,2026-09-14 17:40:46,West Cheryl,IR,0
ACC004817,2026-09-14 17:40:47,Port Michael,TZ,0
ACC000989,2026-09-14 17:40:47,Port Travis,IT,0
ACC004745,2026-09-14 17:40:48,Robertville,LA,0
ACC004404,2026-09-14 17:40:48,Lake Steve,MK,0
ACC001753,2026-09-14 17:40:48,Melissaport,GW,0
ACC003497,2026-09-14 17:40:48,Cindyside,AL,0
ACC003073,2026-09-14 17:40:48,Toddfort,CN,0
ACC000042,2026-09-14 17:40:49,Vincentmouth,BB,0
ACC003603,2026-09-14 17:40:49,East Oliviafort,MC,0
ACC000965,2026-09-14 17:40:49,South James,CG,0
ACC004206,2026-09-14 17:40:49,South Whitneyview,KR,0
ACC003691,2026-09-14 17:40:49,Jonesmouth,ER,0
ACC001150,2026-09-14 17:40:50,Sandersburgh,OM,0
ACC000608,2026-09-14 17:40:50,Cherylside,YE,0
ACC001823,2026-09-14 17:40:51,New Lorraine,FR,0
ACC003593,2026-09-14 17:40:51,Hansontown,ZM,1
ACC003916,2026-09-14 17:40:52,Jacksonport,PE,0
ACC001997,2026-09-14 17:40:52,Connieton,PH,0
ACC001407,2026-09-14 17:40:52,Lake Penny,TD,0
ACC002312,2026-09-14 17:40:52,West Don,TG,0
ACC001474,2026-09-14 17:40:53,Lake Joseberg,TJ,1
ACC004454,2026-09-14 17:40:53,Cameronport,NA,0
ACC004890,2026-09-14 17:40:54,Lake Tamarashire,UA,0
ACC000189,2026-09-14 17:40:55,Allenstad,GD,0
ACC001012,2026-09-14 17:40:55,West Allisonfort,LA,0
ACC002138,2026-09-14 17:40:55,Lake Tara,QA,0
ACC001597,2026-09-14 17:40:55,Port Brett,SB,0
ACC002196,2026-09-14 17:40:55,Michaelhaven,PT,0
ACC004195,2026-09-14 17:40:55,Lake Kathleen,CV,0
ACC003655,2026-09-14 17:40:55,North Thomastown,NZ,0
ACC001088,2026-09-14 17:40:55,Jamesberg,GD,0
ACC003220,2026-09-14 17:40:56,East Tracyburgh,ML,0
ACC004343,2026-09-14 17:40:56,North Matthew,AM,0
ACC003515,2026-09-14 17:40:56,Williamport,VC,0
ACC004792,2026-09-14 17:40:57,South Lance,BI,0
ACC003431,2026-09-14 17:40:57,East Tonyland,PT,0
ACC001417,2026-09-14 17:40:57,Penabury,BB,0
ACC004320,2026-09-14 17:40:58,East Patriciabury,YE,1
ACC003438,2026-09-14 17:40:58,North Briannaville,LK,0
ACC003510,2026-09-14 17:40:58,New Ericborough,FI,1
ACC000979,2026-09-14 17:40:59,Austinfurt,GH,1
ACC001708,2026-09-14 17:41:00,Sullivanview,BZ,1
ACC004470,2026-09-14 17:41:00,Colemanmouth,GR,0
ACC003475,2026-09-14 17:41:01,East Laurenborough,TT,0
ACC003960,2026-09-14 17:41:01,Wangland,NP,0
ACC000151,2026-09-14 17:41:01,Alexanderport,BA,0
ACC004689,2026-09-14 17:41:01,South Ericstad,ID,0
ACC003761,2026-09-14 17:41:01,Rachelstad,NG,0
ACC001208,2026-09-14 17:41:02,East Jamesborough,TZ,0
ACC001793,2026-09-14 17:41:02,Lake Christopher,TM,0
ACC004229,2026-09-14 17:41:02,South Brenda,IQ,0
ACC004414,2026-09-14 17:41:02,Riveraview,MV,0
ACC002171,2026-09-14 17:41:02,Jonathanfurt,NP,0
ACC004106,2026-09-14 17:41:03,New Christopherberg,TT,0
ACC003169,2026-09-14 17:41:03,Wilsonhaven,MD,0
ACC001681,2026-09-14 17:41:03,South Ryanfurt,TN,0
ACC001096,2026-09-14 17:41:04,New Daniel,NA,0
ACC000723,2026-09-14 17:41:04,East Michelleside,SB,0
ACC002095,2026-09-14 17:41:04,Emilyton,TV,0
ACC002577,2026-09-14 17:41:05,Michaelmouth,ES,0
ACC002979,2026-09-14 17:41:05,Patriciaborough,CY,0
ACC004155,2026-09-14 17:41:05,North Sharon,CF,0
ACC000831,2026-09-14 17:41:06,Townsendland,TZ,0
ACC001876,2026-09-14 17:41:06,Paulport,MY,0
ACC003444,2026-09-14 17:41:07,Cookfurt,MK,0
ACC002505,2026-09-14 17:41:07,Lake Alberthaven,IL,0
ACC000446,2026-09-14 17:41:07,Kendraton,EC,0
ACC004882,2026-09-14 17:41:07,East Tara,CM,0
ACC000654,2026-09-14 17:41:07,Lake Davidton,SZ,0
ACC004544,2026-09-14 17:41:07,West Chad,PK,0
ACC001419,2026-09-14 17:41:08,Nicholsport,IE,0
ACC004935,2026-09-14 17:41:08,Emilyton,IR,0
ACC000938,2026-09-14 17:41:09,New Darrenchester,BJ,1
ACC003765,2026-09-14 17:41:09,North Brentmouth,LR,0
ACC002172,2026-09-14 17:41:09,Smithmouth,BN,1
ACC001317,2026-09-14 17:41:09,Richardsonstad,CY,0
ACC000288,2026-09-14 17:41:09,North Stevenstad,HT,1
ACC000425,2026-09-14 17:41:09,East Erika,PG,0
ACC001767,2026-09-14 17:41:10,North Travisland,AU,0
ACC004678,2026-09-14 17:41:10,East John,BR,0
ACC004077,2026-09-14 17:41:10,Port Grantmouth,HT,0
ACC000858,2026-09-14 17:41:10,Nicoleburgh,BN,1
ACC003889,2026-09-14 17:41:11,Martinbury,US,0
ACC000110,2026-09-14 17:41:12,West Carlachester,IL,0
ACC004340,2026-09-14 17:41:12,New Shannon,PL,0
ACC000045,2026-09-14 17:41:13,West Rachelstad,DJ,0
ACC003337,2026-09-14 17:41:13,South Deborahport,ST,0
ACC000989,2026-09-14 17:41:13,Samanthaton,WS,1
ACC003094,2026-09-14 17:41:13,Lake Jamesview,SD,0
ACC001303,2026-09-14 17:41:14,Garciastad,KH,0
ACC004473,2026-09-14 17:41:14,Valdezshire,CM,0
ACC002480,2026-09-14 17:41:14,North Jamesburgh,JO,0
ACC001521,2026-09-14 17:41:14,New Rachel,CZ,0
ACC000104,2026-09-14 17:41:15,North Theresa,LK,0
ACC000764,2026-09-14 17:41:15,Jamesborough,BA,0
ACC004553,2026-09-14 17:41:15,Tracyview,IT,0
ACC001552,2026-09-14 17:41:16,Zacharymouth,BF,1
ACC002767,2026-09-14 17:41:16,Stacyfurt,GQ,0
ACC000412,2026-09-14 17:41:16,Russelltown,NP,0
ACC000670,2026-09-14 17:41:16,Rogersstad,TL,0
ACC002237,2026-09-14 17:41:16,Changstad,IT,0
ACC001764,2026-09-14 17:41:17,South Lynnborough,CN,1
ACC001523,2026-09-14 17:41:17,Port Wendyland,ZM,0
ACC002396,2026-09-14 17:41:17,Suestad,FR,0
ACC004539,2026-09-14 17:41:18,Richardbury,BN,0
ACC001845,2026-09-14 17:41:18,South Laurie,IN,0
ACC002271,2026-09-14 17:41:18,Lake Jill,US,0
ACC001693,2026-09-14 17:41:18,Shanemouth,GE,0
ACC002384,2026-09-14 17:41:18,Haleyhaven,BE,0
ACC002926,2026-09-14 17:41:18,Lake Anthony,TV,0
ACC002432,2026-09-14 17:41:19,Laurabury,SE,0
ACC002577,2026-09-14 17:41:19,Nathanland,LA,0
ACC002951,2026-09-14 17:41:19,Reginamouth,VN,0
ACC002238,2026-09-14 17:41:19,Lake Nathan,IR,1
ACC004508,2026-09-14 17:41:20,Greenville,UY,0
ACC002000,2026-09-14 17:41:20,New Connorstad,PE,0
ACC002890,2026-09-14 17:41:20,Kristinhaven,MY,0
ACC001821,2026-09-14 17:41:20,Mercerside,RS,0
ACC003062,2026-09-14 17:41:20,Mccartyborough,TD,0
ACC000252,2026-09-14 17:41:21,Lake Richard,NG,0
ACC002165,2026-09-14 17:41:21,New Erik,NO,1
ACC002195,2026-09-14 17:41:21,Garciahaven,IS,0
ACC001571,2026-09-14 17:41:22,Kennethburgh,CD,0
ACC001845,2026-09-14 17:41:22,North Linda,BZ,0
ACC004177,2026-09-14 17:41:23,Davidmouth,KN,0
ACC004457,2026-09-14 17:41:24,Christophershire,TO,0
ACC001085,2026-09-14 17:41:24,New John,KN,0
ACC001802,2026-09-14 17:41:25,East Nicole,LA,0
ACC004311,2026-09-14 17:41:25,West Adam,BR,0
ACC004128,2026-09-14 17:41:26,South Cassandrafurt,FI,0
ACC000884,2026-09-14 17:41:26,West Melissa,IE,0
ACC000403,2026-09-14 17:41:26,Maryport,RS,0
ACC001467,2026-09-14 17:41:27,Nicholsville,CR,0
ACC004255,2026-09-14 17:41:27,South Jennaport,KZ,0
ACC003435,2026-09-14 17:41:28,West Tiffany,SO,0
ACC001124,2026-09-14 17:41:28,Smithton,NI,0
ACC000789,2026-09-14 17:41:29,Ashleyton,MW,0
ACC000876,2026-09-14 17:41:30,Christophermouth,RW,0
ACC000532,2026-09-14 17:41:30,Karlmouth,SB,0
ACC000597,2026-09-14 17:41:30,Lake Rebecca,QA,0
ACC000213,2026-09-14 17:41:31,Chambersbury,LY,0
ACC000120,2026-09-14 17:41:31,New Shawnmouth,MY,0
ACC000449,2026-09-14 17:41:31,Sullivanton,HU,0
ACC002511,2026-09-14 17:41:32,Thompsonfort,GY,0
ACC002870,2026-09-14 17:41:32,Port Ronald,LI,1
ACC004045,2026-09-14 17:41:32,West Juliaside,VE,0
ACC001618,2026-09-14 17:41:32,South Hannah,LV,0
ACC004828,2026-09-14 17:41:33,West Isaacbury,KZ,0
ACC001822,2026-09-14 17:41:34,Port Kimberlyton,TN,0
ACC003762,2026-09-14 17:41:34,Danielview,VN,0
ACC000968,2026-09-14 17:41:34,East Johnathanstad,GT,0
ACC003202,2026-09-14 17:41:34,Davisbury,NZ,0
ACC004000,2026-09-14 17:41:34,Brittanyshire,BN,0
ACC003696,2026-09-14 17:41:35,East Mckenzie,BY,0
ACC000885,2026-09-14 17:41:35,Timothyside,TG,1
ACC002790,2026-09-14 17:41:35,Armstrongton,MR,0
ACC000293,2026-09-14 17:41:36,Lake Sheila,BD,0
ACC004696,2026-09-14 17:41:36,Kellyfort,OM,0
ACC001758,2026-09-14 17:41:36,Frederickmouth,AG,0
ACC003472,2026-09-14 17:41:36,Robertbury,SM,0
ACC002364,2026-09-14 17:41:37,North Brandifurt,GM,0
ACC000839,2026-09-14 17:41:37,West Pamelastad,VU,1
ACC002496,2026-09-14 17:41:37,East Richardview,KH,0
ACC000647,2026-09-14 17:41:37,North Jonathanbury,NG,0
ACC000295,2026-09-14 17:41:38,West Cherylside,EC,0
ACC004883,2026-09-14 17:41:38,Robinsonton,MG,0
ACC001359,2026-09-14 17:41:38,Richardtown,QA,0
ACC002787,2026-09-14 17:41:39,West Maureenburgh,BD,1
ACC003248,2026-09-14 17:41:39,Port Emilyfort,KH,0
ACC002613,2026-09-14 17:41:39,Hernandezside,MC,0
ACC002544,2026-09-14 17:41:39,Stevenland,JO,0
ACC002751,2026-09-14 17:41:39,Jamieton,EG,0
ACC000772,2026-09-14 17:41:41,South Zacharyburgh,NR,0
ACC003637,2026-09-14 17:41:41,Anitaton,VC,0
ACC004580,2026-09-14 17:41:41,New Nicholas,BR,0
ACC001940,2026-09-14 17:41:42,West Hector,TM,0
ACC001356,2026-09-14 17:41:42,New Brent,MZ,1
ACC003895,2026-09-14 17:41:42,South Eric,JM,0
ACC004506,2026-09-14 17:41:42,West Charles,IS,1
ACC004514,2026-09-14 17:41:43,Lake Charlotte,TO,1
ACC000076,2026-09-14 17:41:43,Mendezland,BZ,0
ACC003501,2026-09-14 17:41:44,Mathewsville,CG,0
ACC004729,2026-09-14 17:41:44,North Karenland,IN,0
ACC001662,2026-09-14 17:41:44,Jacksonview,BE,0
ACC002988,2026-09-14 17:41:44,Johnberg,MG,0
ACC001936,2026-09-14 17:41:45,Victoriaside,KI,0
ACC002948,2026-09-14 17:41:45,Peterside,GD,0
ACC003338,2026-09-14 17:41:45,South Jacob,RW,0
ACC001700,2026-09-14 17:41:45,Bairdberg,PA,0
ACC001168,2026-09-14 17:41:45,Sullivantown,PA,0
ACC003858,2026-09-14 17:41:46,New Mollystad,DE,0
ACC002967,2026-09-14 17:41:46,Navarroton,BY,0
ACC000104,2026-09-14 17:41:47,Johnsonchester,AT,0
ACC000889,2026-09-14 17:41:47,Lake Brandonville,CL,0
ACC004318,2026-09-14 17:41:47,Samuelhaven,ES,0
ACC002519,2026-09-14 17:41:48,North Karafurt,KP,0
ACC002848,2026-09-14 17:41:49,Jerryhaven,CI,0
ACC000312,2026-09-14 17:41:49,Barberside,NL,0
ACC001903,2026-09-14 17:41:49,Cherrybury,SA,0
ACC003669,2026-09-14 17:41:49,Stevensonton,CI,0
ACC003494,2026-09-14 17:41:49,Terriville,SN,0
ACC000695,2026-09-14 17:41:49,Meganfort,BG,0
ACC004005,2026-09-14 17:41:49,Jenkinsside,TW,0
ACC004781,2026-09-14 17:41:49,Dawsonport,UY,0
ACC001117,2026-09-14 17:41:50,Savannahbury,BR,0
ACC003529,2026-09-14 17:41:50,Port Codyburgh,VE,0
ACC001801,2026-09-14 17:41:50,Lindseyland,RO,0
ACC002655,2026-09-14 17:41:51,Lake Vickie,AZ,0
ACC002719,2026-09-14 17:41:51,West Caseyton,NE,0
ACC004891,2026-09-14 17:41:51,West Charles,BG,0
ACC002604,2026-09-14 17:41:51,North Noahview,TT,0
ACC001405,2026-09-14 17:41:51,Faulknerberg,ER,0
ACC001393,2026-09-14 17:41:52,South Donnaside,HU,0
ACC003021,2026-09-14 17:41:53,South Hollychester,FJ,0
ACC004836,2026-09-14 17:41:53,West Melvinborough,PG,1
ACC004734,2026-09-14 17:41:54,South Davidborough,KR,0
ACC003733,2026-09-14 17:41:54,Lake Carla,TZ,1
ACC002377,2026-09-14 17:41:55,Josephview,IT,0
ACC004174,2026-09-14 17:41:55,Gabrielmouth,LR,1
ACC002021,2026-09-14 17:41:55,Brianside,BD,0
ACC000699,2026-09-14 17:41:55,Baileyton,PG,0
ACC001601,2026-09-14 17:41:55,Calebport,HR,0
ACC002815,2026-09-14 17:41:55,North Ana,RS,0
ACC000057,2026-09-14 17:41:56,East Edwardborough,UZ,0
ACC004169,2026-09-14 17:41:57,Lauraview,BE,0
ACC003600,2026-09-14 17:41:57,Port Valerie,ES,0
ACC002157,2026-09-14 17:41:57,Martinezview,LC,0
ACC002520,2026-09-14 17:41:57,West Desiree,CZ,0
ACC002567,2026-09-14 17:41:58,South Dennisville,VN,0
ACC003512,2026-09-14 17:41:58,Rossburgh,IS,0
ACC001656,2026-09-14 17:41:59,South Adrienneberg,AL,0
ACC004953,2026-09-14 17:41:59,North Patriciaville,CF,0
ACC004717,2026-09-14 17:41:59,South Charles,MM,0
ACC003069,2026-09-14 17:41:59,Barbaraside,LV,0
ACC001921,2026-09-14 17:41:59,North Nathan,MM,1
ACC003815,2026-09-14 17:42:01,Aguirreport,JP,0
ACC000796,2026-09-14 17:42:01,Williamsfort,YE,0
ACC001266,2026-09-14 17:42:01,East Jessicaborough,JM,0
ACC001482,2026-09-14 17:42:01,New Alicia,BN,0
ACC000964,2026-09-14 17:42:01,Avilaton,BG,0
ACC001960,2026-09-14 17:42:02,Port Jamie,LY,0
ACC000127,2026-09-14 17:42:02,Solisland,SR,0
ACC004852,2026-09-14 17:42:02,Port Garyside,FM,0
ACC004020,2026-09-14 17:42:02,Hatfieldfort,CA,0
ACC003146,2026-09-14 17:42:02,New Shelly,GD,0
ACC002615,2026-09-14 17:42:02,Carrilloview,ER,0
ACC001814,2026-09-14 17:42:03,Pamelaborough,CH,0
ACC003213,2026-09-14 17:42:03,Terrifort,ES,0
ACC001474,2026-09-14 17:42:04,Keithfurt,PG,0
ACC003887,2026-09-14 17:42:04,Lesliehaven,BF,0
ACC003117,2026-09-14 17:42:04,Jonesmouth,SG,1
ACC004082,2026-09-14 17:42:04,Jacksontown,IN,0
ACC000825,2026-09-14 17:42:04,Lake Kellie,PG,0
ACC001582,2026-09-14 17:42:04,East Paulborough,SB,0
ACC004178,2026-09-14 17:42:05,Port Curtis,SZ,0
ACC000358,2026-09-14 17:42:06,Brownton,DK,0
ACC000013,2026-09-14 17:42:07,Port Tiffanymouth,FJ,0
ACC002271,2026-09-14 17:42:07,Lake Timothy,DZ,0
ACC002948,2026-09-14 17:42:07,New Jasminemouth,BF,0
ACC004966,2026-09-14 17:42:07,Boydfurt,KP,0
ACC004297,2026-09-14 17:42:07,Lake Bryanmouth,IQ,0
ACC003792,2026-09-14 17:42:07,North Craig,ZM,0
ACC002044,2026-09-14 17:42:08,Lake Christopherton,TJ,0
ACC002751,2026-09-14 17:42:08,North Bruceburgh,GB,0
ACC003295,2026-09-14 17:42:09,New Steven,TO,0
ACC001311,2026-09-14 17:42:09,South Meganshire,LS,0
ACC001186,2026-09-14 17:42:09,Smithside,CI,0
ACC003818,2026-09-14 17:42:09,Jonathanland,DO,0
ACC003507,2026-09-14 17:42:10,Mccartyland,NI,0
ACC003843,2026-09-14 17:42:10,Port Tracy,HU,0
ACC002843,2026-09-14 17:42:10,Houstonstad,MM,0
ACC002015,2026-09-14 17:42:10,Martinezborough,QA,0
ACC001314,2026-09-14 17:42:10,Stephenmouth,CO,0
ACC003736,2026-09-14 17:42:10,North Sierraville,DM,0
ACC000546,2026-09-14 17:42:10,Ayalaton,GN,1
ACC004730,2026-09-14 17:42:10,Patriciaburgh,GM,0
ACC004310,2026-09-14 17:42:10,North Katherine,CZ,0
ACC001557,2026-09-14 17:42:11,Allisonchester,ZM,0
ACC000231,2026-09-14 17:42:11,Doyleberg,MG,0
ACC002952,2026-09-14 17:42:11,Lisaburgh,TL,0
ACC001326,2026-09-14 17:42:11,New Marytown,DZ,0
ACC003700,2026-09-14 17:42:12,Ericksonhaven,GY,0
ACC004069,2026-09-14 17:42:12,North Lisafort,IT,0
ACC000388,2026-09-14 17:42:12,Stephaniestad,BG,0
ACC004394,2026-09-14 17:42:13,Alberttown,VN,0
ACC004574,2026-09-14 17:42:13,Nelsonfort,CN,0
ACC001883,2026-09-14 17:42:13,Lancemouth,MG,1
ACC004107,2026-09-14 17:42:13,Lucasview,TZ,0
ACC002474,2026-09-14 17:42:14,South Katelyn,FJ,0
ACC002159,2026-09-14 17:42:14,Port Pamelaburgh,AU,0
ACC000346,2026-09-14 17:42:15,Mitchellberg,PY,0
ACC004999,2026-09-14 17:42:15,Mistyfort,SL,0
ACC003862,2026-09-14 17:42:15,Lake Kimberly,NL,0
ACC000287,2026-09-14 17:42:15,Cummingsfort,SK,0
ACC003220,2026-09-14 17:42:15,North Valerie,BA,0
ACC000569,2026-09-14 17:42:15,Wallshire,NG,1
ACC002743,2026-09-14 17:42:15,Port Francesville,UG,0
ACC000251,2026-09-14 17:42:15,Richardview,ML,0
ACC004504,2026-09-14 17:42:16,New Michaelburgh,SL,0
ACC000542,2026-09-14 17:42:16,Wyattmouth,BA,0
ACC004959,2026-09-14 17:42:16,South Ericaport,BT,0
ACC000492,2026-09-14 17:42:16,North Dawnmouth,LV,0
ACC000746,2026-09-14 17:42:16,Wolfeville,BA,0
ACC000352,2026-09-14 17:42:17,Valerieberg,CO,0
ACC003947,2026-09-14 17:42:17,East Kevin,SG,0
ACC002949,2026-09-14 17:42:17,Port Alexa,ST,0
ACC003680,2026-09-14 17:42:17,Port Lisaland,IT,0
ACC002657,2026-09-14 17:42:18,South Diana,SG,0
ACC001063,2026-09-14 17:42:18,Keithchester,DE,0
ACC001208,2026-09-14 17:42:18,Jimenezton,LR,0
ACC004948,2026-09-14 17:42:19,Perrychester,YE,0
ACC001793,2026-09-14 17:42:19,Robinsonview,AT,0
ACC003514,2026-09-14 17:42:20,Johnstonport,QA,0
ACC000680,2026-09-14 17:42:20,Port Patrickland,JP,0
ACC004567,2026-09-14 17:42:20,New Paige,AD,0
ACC002259,2026-09-14 17:42:20,Dustinberg,CR,0
ACC000864,2026-09-14 17:42:20,New Blake,AM,0
ACC002921,2026-09-14 17:42:21,Thompsonburgh,BE,0
ACC004329,2026-09-14 17:42:21,Port Lindseyburgh,TM,1
ACC002352,2026-09-14 17:42:21,Jennifertown,LK,0
ACC003720,2026-09-14 17:42:22,Anthonyburgh,CV,0
ACC000892,2026-09-14 17:42:22,East Kristinashire,TW,0
ACC001637,2026-09-14 17:42:22,Port Laurenton,CR,0
ACC004011,2026-09-14 17:42:23,Curtisville,KE,0
ACC003752,2026-09-14 17:42:23,Port Audrey,AU,0
ACC004392,2026-09-14 17:42:23,West Richardhaven,LV,0
ACC001794,2026-09-14 17:42:23,Robinsonmouth,BS,0
ACC004065,2026-09-14 17:42:24,Port Albertview,BT,0
ACC002284,2026-09-14 17:42:24,Terrychester,BZ,0
ACC001338,2026-09-14 17:42:25,North Catherine,JM,0
ACC004553,2026-09-14 17:42:25,Fergusonview,BE,1
ACC000371,2026-09-14 17:42:25,Hayesville,ER,0
ACC001657,2026-09-14 17:42:25,East Taylor,US,0
ACC000471,2026-09-14 17:42:25,Lake Cynthia,IT,0
ACC002241,2026-09-14 17:42:25,Alvarezland,TJ,0
ACC000275,2026-09-14 17:42:26,East Christian,IN,0
ACC002013,2026-09-14 17:42:27,Karlachester,ER,0
ACC004938,2026-09-14 17:42:27,Sallyshire,GW,0
ACC000516,2026-09-14 17:42:27,West Jonathanborough,UG,0
ACC004669,2026-09-14 17:42:27,Morganfurt,WS,0
ACC000894,2026-09-14 17:42:27,East Michaelhaven,SZ,0
ACC002834,2026-09-14 17:42:28,South Jacquelinetown,CZ,0
ACC001753,2026-09-14 17:42:28,Tyronetown,UA,0
ACC003897,2026-09-14 17:42:29,New Eddie,BG,0
ACC003517,2026-09-14 17:42:29,South Kendraport,GR,0
ACC001233,2026-09-14 17:42:29,Oliverview,FR,0
ACC000846,2026-09-14 17:42:30,New Felicia,LT,1
ACC002840,2026-09-14 17:42:31,Ryanstad,BE,0
ACC002683,2026-09-14 17:42:31,West Kyle,CH,0
ACC004291,2026-09-14 17:42:31,North Heatherborough,MZ,0
ACC004461,2026-09-14 17:42:31,Port Christianview,UY,0
ACC000207,2026-09-14 17:42:31,Dawnchester,BH,0
ACC002861,2026-09-14 17:42:31,New Jonathanborough,IN,0
ACC002703,2026-09-14 17:42:32,Kanefurt,GW,1
ACC003124,2026-09-14 17:42:32,West Holly,LA,0
ACC004299,2026-09-14 17:42:33,Emilyfurt,DK,1
ACC003615,2026-09-14 17:42:34,Grayhaven,SV,0
ACC003329,2026-09-14 17:42:34,Harrisfort,PA,0
ACC000068,2026-09-14 17:42:34,Parkerbury,TD,0
ACC002163,2026-09-14 17:42:34,East Dawnberg,SI,0
ACC002779,2026-09-14 17:42:34,Allisonview,WS,0
ACC002475,2026-09-14 17:42:35,Morenochester,TV,0
ACC002369,2026-09-14 17:42:35,East Michael,NI,0
ACC003608,2026-09-14 17:42:35,East Sara,JO,0
ACC004417,2026-09-14 17:42:35,Brianfort,ET,0
ACC004373,2026-09-14 17:42:35,South Ryan,GN,0
ACC000378,2026-09-14 17:42:35,Port Tylerbury,IQ,0
ACC004679,2026-09-14 17:42:36,West Melissa,LS,0
ACC004625,2026-09-14 17:42:36,Scottburgh,LB,0
ACC002724,2026-09-14 17:42:36,Edwardview,NA,0
ACC003697,2026-09-14 17:42:36,Lake Frankfurt,CR,0
ACC000188,2026-09-14 17:42:37,Lake Kristine,SB,1
ACC000740,2026-09-14 17:42:37,Pachecoville,GM,0
ACC001692,2026-09-14 17:42:37,Mooreview,SM,0
ACC001156,2026-09-14 17:42:37,Whiteview,BT,0
ACC000508,2026-09-14 17:42:38,Alejandroberg,YE,0
ACC004157,2026-09-14 17:42:38,West Jonathan,EG,0
ACC003123,2026-09-14 17:42:38,North Shawn,JO,1
ACC002172,2026-09-14 17:42:40,South Raven,TJ,0
ACC002064,2026-09-14 17:42:40,East Jeremyshire,AF,1
ACC002782,2026-09-14 17:42:40,Christianton,MZ,0
ACC000756,2026-09-14 17:42:41,Port Jacob,TM,0
ACC003906,2026-09-14 17:42:41,South Briana,GA,0
ACC001699,2026-09-14 17:42:41,Tanyaborough,GY,0
ACC003128,2026-09-14 17:42:41,Chandlerhaven,AT,0
ACC004698,2026-09-14 17:42:42,Brewerburgh,DJ,0
ACC000324,2026-09-14 17:42:42,Port Colton,ST,0
ACC001725,2026-09-14 17:42:42,East Rebecca,WS,0
ACC004633,2026-09-14 17:42:42,Shafferstad,CA,0
ACC003859,2026-09-14 17:42:42,Lake Jessica,FR,1
ACC000863,2026-09-14 17:42:42,Randyside,AF,0
ACC004707,2026-09-14 17:42:43,Lake Terriborough,GA,0
ACC001974,2026-09-14 17:42:45,West Christine,GH,0
ACC002340,2026-09-14 17:42:46,East Stephaniefurt,HU,0
ACC003385,2026-09-14 17:42:47,West Leroy,GN,0
ACC003928,2026-09-14 17:42:47,Owenburgh,DJ,0
ACC004639,2026-09-14 17:42:47,West Sarahmouth,GE,0
ACC004768,2026-09-14 17:42:47,Kevinborough,AM,0
ACC001481,2026-09-14 17:42:48,South Angelaburgh,LA,0
ACC000344,2026-09-14 17:42:48,Pattersonfort,UY,0
ACC003794,2026-09-14 17:42:48,Katherineview,BI,0
ACC004420,2026-09-14 17:42:49,Shannonfort,AZ,0
ACC004656,2026-09-14 17:42:49,Brandyfurt,FR,0
ACC001916,2026-09-14 17:42:49,Jaredfort,SB,0
ACC004453,2026-09-14 17:42:49,Evanchester,TG,0
ACC000419,2026-09-14 17:42:50,Emilyview,KN,0
ACC002878,2026-09-14 17:42:50,Port Laurenview,GN,0
ACC002717,2026-09-14 17:42:50,Richardsonfort,MK,0
ACC000151,2026-09-14 17:42:50,East Richard,BO,0
ACC002192,2026-09-14 17:42:51,East Sarahton,PA,0
ACC004874,2026-09-14 17:42:51,Alvarezport,BZ,0
ACC001183,2026-09-14 17:42:52,Port Mackenzieshire,BN,0
ACC001053,2026-09-14 17:42:52,Jacobsonview,CL,0
ACC000437,2026-09-14 17:42:52,Goodwinland,ID,0
ACC003676,2026-09-14 17:42:53,East Kimberlyshire,ZW,0
ACC000879,2026-09-14 17:42:53,Rachelborough,UG,0
ACC000625,2026-09-14 17:42:53,Port Adam,US,0
ACC004959,2026-09-14 17:42:55,West Ashley,SI,0
ACC000472,2026-09-14 17:42:55,Wilsonfort,SE,0
ACC003093,2026-09-14 17:42:55,South Kelly,FM,0
ACC004087,2026-09-14 17:42:56,Obrienside,ET,1
ACC001717,2026-09-14 17:42:56,New Kevin,SB,1
ACC001099,2026-09-14 17:42:56,West Lauraport,VU,0
ACC002927,2026-09-14 17:42:57,New Michael,TJ,0
ACC002292,2026-09-14 17:42:57,Lake Joseph,ZM,0
ACC003026,2026-09-14 17:42:57,Heatherchester,LS,1
ACC001722,2026-09-14 17:42:57,Wrightport,PE,0
ACC004939,2026-09-14 17:42:57,Keithtown,JO,0
ACC004620,2026-09-14 17:42:58,West Lisa,CY,0
ACC004079,2026-09-14 17:42:58,South Marc,MM,0
ACC003629,2026-09-14 17:42:58,Lake Andreaview,BD,0
ACC003175,2026-09-14 17:42:58,Kristenberg,MR,0
ACC004450,2026-09-14 17:42:58,East Chaseton,NE,0
ACC004875,2026-09-14 17:42:58,Timothyfurt,CR,0
ACC003919,2026-09-14 17:42:59,Kimberlymouth,TH,0
ACC000146,2026-09-14 17:42:59,East Natasha,BS,0
ACC004052,2026-09-14 17:42:59,Alexandriaside,PY,0
ACC002501,2026-09-14 17:42:59,Lake Lindamouth,LS,1
ACC000769,2026-09-14 17:42:59,Baxtermouth,BG,0
ACC003299,2026-09-14 17:42:59,Freemanland,TT,0
ACC001457,2026-09-14 17:43:00,Port Jennifer,IT,0
ACC000712,2026-09-14 17:43:01,Lindseyland,MD,0
ACC003469,2026-09-14 17:43:01,Lake Tammymouth,BB,0
ACC004381,2026-09-14 17:43:01,North Kellyland,PK,0
ACC004712,2026-09-14 17:43:01,Sandraburgh,CM,0
ACC003079,2026-09-14 17:43:01,East Madison,PW,0
ACC000903,2026-09-14 17:43:02,North Cheryl,CU,0
ACC002872,2026-09-14 17:43:02,West Brandyborough,WS,0
ACC000063,2026-09-14 17:43:02,West Edward,LU,1
ACC003009,2026-09-14 17:43:03,Nicholashaven,US,0
ACC000332,2026-09-14 17:43:03,Port Williamhaven,TM,0
ACC000800,2026-09-14 17:43:03,West Kevinside,SL,0
ACC002028,2026-09-14 17:43:03,Lake Charles,BY,0
ACC002080,2026-09-14 17:43:04,Randolphmouth,SI,0
ACC001412,2026-09-14 17:43:05,Port Christineton,MG,0
ACC000834,2026-09-14 17:43:05,Romanville,TT,0
ACC002108,2026-09-14 17:43:05,Piercemouth,LV,0
ACC004254,2026-09-14 17:43:05,West Taraborough,TH,0
ACC004538,2026-09-14 17:43:06,Andrewsfort,BO,1
ACC004895,2026-09-14 17:43:06,Lorimouth,VN,0
ACC001868,2026-09-14 17:43:07,Lake Kylemouth,BT,0
ACC004950,2026-09-14 17:43:08,Jacksonchester,LB,0
ACC000788,2026-09-14 17:43:08,North Brettshire,GN,0
ACC002115,2026-09-14 17:43:08,North Natashaview,UZ,0
ACC002582,2026-09-14 17:43:08,New Rebeccatown,SV,1
ACC003379,2026-09-14 17:43:08,Curtisland,LY,0
ACC002471,2026-09-14 17:43:09,Christopherchester,EG,0
ACC000600,2026-09-14 17:43:10,Christensenberg,KI,1
ACC001863,2026-09-14 17:43:10,East Johnfurt,SV,0
ACC000747,2026-09-14 17:43:11,Stephensfurt,TR,0
ACC004749,2026-09-14 17:43:11,West Yvette,BA,0
ACC003131,2026-09-14 17:43:11,South Mitchell,ID,0
ACC003449,2026-09-14 17:43:12,Davisfort,MX,0
ACC001717,2026-09-14 17:43:12,Delgadoville,LV,0
ACC004615,2026-09-14 17:43:14,Adamville,ER,0
ACC004363,2026-09-14 17:43:14,Maryville,SE,1
ACC003971,2026-09-14 17:43:14,Jeremyburgh,AU,0
ACC000786,2026-09-14 17:43:14,Ryanton,BS,0
ACC001183,2026-09-14 17:43:15,West Elizabeth,NE,0
ACC002276,2026-09-14 17:43:15,South Christopher,BY,0
ACC003266,2026-09-14 17:43:15,South Bettyberg,PW,0
ACC004238,2026-09-14 17:43:15,Bergview,ME,0
ACC004883,2026-09-14 17:43:15,Schroederside,SC,0
ACC004688,2026-09-14 17:43:16,Lake Joyce,SK,0
ACC003991,2026-09-14 17:43:16,Mikestad,KP,0
ACC002490,2026-09-14 17:43:16,West Nancyborough,BH,0
ACC004378,2026-09-14 17:43:16,Leeberg,US,0
ACC001251,2026-09-14 17:43:17,Port Samanthabury,KM,0
ACC002396,2026-09-14 17:43:17,Spencermouth,CD,0
ACC002332,2026-09-14 17:43:18,Lake Toddshire,DJ,0
ACC002303,2026-09-14 17:43:18,Frenchshire,DO,0
ACC000748,2026-09-14 17:43:18,East Michael,GE,0
ACC004634,2026-09-14 17:43:19,North Rebecca,WS,0
ACC001063,2026-09-14 17:43:19,North Lisastad,MH,0
ACC002511,2026-09-14 17:43:19,Harpermouth,GB,0
ACC003950,2026-09-14 17:43:19,Fernandezstad,DK,0
ACC001281,2026-09-14 17:43:19,East Wayne,IN,0
ACC002968,2026-09-14 17:43:19,Alanside,HR,0
ACC002623,2026-09-14 17:43:19,Hallfurt,DE,0
ACC000101,2026-09-14 17:43:20,Kellieborough,RS,0
ACC004425,2026-09-14 17:43:20,Isaiahton,DK,0
ACC003170,2026-09-14 17:43:20,Brownfort,SY,0
ACC001746,2026-09-14 17:43:20,Aliciaton,DK,0
ACC002291,2026-09-14 17:43:20,West Kimberly,EG,0
ACC003059,2026-09-14 17:43:20,Lake Kennethberg,IT,0
ACC000652,2026-09-14 17:43:21,Lake Alec,NI,1
ACC002990,2026-09-14 17:43:21,Brentfort,MD,0
ACC004069,2026-09-14 17:43:21,East Andrewtown,CU,1
ACC004223,2026-09-14 17:43:21,South Williamtown,WS,0
ACC002027,2026-09-14 17:43:21,Oneillstad,CG,0
ACC000485,2026-09-14 17:43:21,Gabrielfort,DK,0
ACC001619,2026-09-14 17:43:22,Lake Andrewland,AD,0
ACC001500,2026-09-14 17:43:23,Miaview,TZ,1
ACC000419,2026-09-14 17:43:23,Lake Melissaburgh,KW,0
ACC000524,2026-09-14 17:43:23,Derekville,BO,0
ACC004222,2026-09-14 17:43:23,Sherylstad,LY,0
ACC000857,2026-09-14 17:43:23,Lake Shannonport,ZA,0
ACC004808,2026-09-14 17:43:24,Lake Phillipfurt,CY,0
ACC003159,2026-09-14 17:43:24,Carlsonfort,MD,1
ACC003544,2026-09-14 17:43:24,Johnsonhaven,PY,1
ACC001216,2026-09-14 17:43:25,East Doris,BI,0
ACC002582,2026-09-14 17:43:26,Elliottshire,PH,0
ACC002506,2026-09-14 17:43:26,West Michellechester,BA,0
ACC002630,2026-09-14 17:43:26,Mcculloughburgh,GT,0
ACC002168,2026-09-14 17:43:27,East Michael,CG,0
ACC004018,2026-09-14 17:43:27,New Daniel,MV,0
ACC003288,2026-09-14 17:43:27,Scotthaven,DK,1
ACC003543,2026-09-14 17:43:27,Lake Diane,LR,0
ACC000594,2026-09-14 17:43:27,New Jessicaburgh,BR,0
ACC003589,2026-09-14 17:43:28,Simpsonview,MD,0
ACC003232,2026-09-14 17:43:29,Lake Michaelfort,BZ,0
ACC001698,2026-09-14 17:43:29,West Russell,SG,0
ACC003591,2026-09-14 17:43:31,Kingborough,AD,0
ACC001462,2026-09-14 17:43:31,East Jennifer,LK,0
ACC003296,2026-09-14 17:43:31,Natashafurt,TR,0
ACC003118,2026-09-14 17:43:31,North Nancy,EE,0
ACC000209,2026-09-14 17:43:31,East Kristin,PW,0
ACC002751,2026-09-14 17:43:31,East Kristin,CL,0
ACC000412,2026-09-14 17:43:32,Lake Pamelafurt,GH,0
ACC002600,2026-09-14 17:43:32,South Christopher,LK,0
ACC004763,2026-09-14 17:43:32,Lake Annaton,SO,0
ACC002994,2026-09-14 17:43:32,South Connie,UY,0
ACC000224,2026-09-14 17:43:32,Adkinstown,IR,0
ACC002627,2026-09-14 17:43:32,South Karenchester,GN,0
ACC000780,2026-09-14 17:43:32,Floresfurt,TT,0
ACC001087,2026-09-14 17:43:33,East Todd,AT,0
ACC001581,2026-09-14 17:43:33,Port Janice,CO,0
ACC004200,2026-09-14 17:43:33,Lake Richardberg,TJ,0
ACC001801,2026-09-14 17:43:33,Connieburgh,IL,0
ACC004582,2026-09-14 17:43:33,New Christopher,ME,0
ACC001431,2026-09-14 17:43:34,Hamiltonside,VN,0
ACC002589,2026-09-14 17:43:35,Joshuafurt,SB,0
ACC003197,2026-09-14 17:43:36,Fernandoton,IL,0
ACC004349,2026-09-14 17:43:36,Anneside,KH,0
ACC001267,2026-09-14 17:43:36,Lake Stacyside,HT,0
ACC003346,2026-09-14 17:43:37,Delacruzhaven,KE,0
ACC000386,2026-09-14 17:43:37,Lake Sarah,UG,0
ACC004879,2026-09-14 17:43:37,New Markstad,AO,0
ACC003534,2026-09-14 17:43:37,South Martin,JP,0
ACC002698,2026-09-14 17:43:38,Port Kayla,TW,0
ACC001445,2026-09-14 17:43:38,North Thomas,LC,0
ACC001158,2026-09-14 17:43:38,Sarahburgh,NA,0
ACC004460,2026-09-14 17:43:38,Jessicaborough,PL,0
ACC000416,2026-09-14 17:43:38,East Jasmineborough,SE,0
ACC002514,2026-09-14 17:43:38,Thomasburgh,HR,1
ACC004282,2026-09-14 17:43:38,Kathleenburgh,MY,0
ACC002705,2026-09-14 17:43:39,New Anthony,LK,0
ACC003711,2026-09-14 17:43:40,Lake Edwardberg,KE,0
ACC000148,2026-09-14 17:43:40,Cynthiachester,MA,0
ACC000236,2026-09-14 17:43:41,Kaneborough,ME,0
ACC001062,2026-09-14 17:43:43,Loganstad,AG,0
ACC003649,2026-09-14 17:43:43,Lamberthaven,GM,0
ACC000200,2026-09-14 17:43:43,North Danieltown,NO,0
ACC001705,2026-09-14 17:43:44,Mcphersonstad,CV,0
ACC002314,2026-09-14 17:43:44,Michaelborough,BA,1
ACC003950,2026-09-14 17:43:44,Davilaville,CR,0
ACC001660,2026-09-14 17:43:44,New Laurenview,FI,0
ACC004924,2026-09-14 17:43:45,Davismouth,CM,0
ACC003365,2026-09-14 17:43:45,Brandonshire,LA,0
ACC002517,2026-09-14 17:43:45,North Crystalmouth,ZW,0
ACC004761,2026-09-14 17:43:46,North Josephview,BA,0
ACC001874,2026-09-14 17:43:47,East Philiphaven,IT,0
ACC004438,2026-09-14 17:43:47,Josephton,RS,0
ACC002867,2026-09-14 17:43:47,Larsonborough,CM,0
ACC004121,2026-09-14 17:43:47,Santosstad,SM,0
ACC002738,2026-09-14 17:43:48,Tanyabury,FM,0
ACC002786,2026-09-14 17:43:48,East Sarahburgh,CZ,0
ACC000695,2026-09-14 17:43:48,Markhaven,MZ,0
ACC001022,2026-09-14 17:43:50,Josephton,BS,0
ACC000699,2026-09-14 17:43:50,Lake Hannahfort,BA,0
ACC004202,2026-09-14 17:43:50,Michaelhaven,KR,0
ACC003127,2026-09-14 17:43:50,North Robin,IS,0
ACC004088,2026-09-14 17:43:51,Lake Devin,ER,0
ACC003042,2026-09-14 17:43:51,South Alanmouth,KG,0
ACC000943,2026-09-14 17:43:53,North Mariafurt,IE,0
ACC003225,2026-09-14 17:43:53,South Denisestad,UZ,0
ACC003025,2026-09-14 17:43:53,East Joseph,SZ,1
ACC003478,2026-09-14 17:43:53,Fuenteshaven,KI,0
ACC003402,2026-09-14 17:43:54,Walkerburgh,SL,0
ACC003659,2026-09-14 17:43:54,Waltersland,ML,0
ACC000677,2026-09-14 17:43:54,Port Jeffreyland,MW,0
ACC004739,2026-09-14 17:43:55,Richardmouth,SL,0
ACC001946,2026-09-14 17:43:55,Lake Lisa,ZW,0
ACC002315,2026-09-14 17:43:55,Pricebury,CM,0
ACC004883,2026-09-14 17:43:55,Port Stephanieton,VC,0
ACC000238,2026-09-14 17:43:55,West Deborahhaven,CU,0
ACC000812,2026-09-14 17:43:55,Peterfurt,UY,0
ACC001374,2026-09-14 17:43:55,Hillside,CR,0
ACC002812,2026-09-14 17:43:56,Rochafurt,IT,1
ACC001153,2026-09-14 17:43:57,South Devinport,IR,0
ACC001233,2026-09-14 17:43:57,Hayesmouth,CA,0
ACC001996,2026-09-14 17:43:57,Chasestad,LB,0
ACC003689,2026-09-14 17:43:57,Sarahbury,GD,1
ACC004228,2026-09-14 17:43:58,South William,WS,0
ACC000066,2026-09-14 17:43:58,Hollandview,IL,0
ACC002199,2026-09-14 17:43:58,New Thomasstad,NP,0
ACC001020,2026-09-14 17:43:58,Riveraton,KE,0
ACC004754,2026-09-14 17:43:58,Brooksbury,JO,1
ACC000618,2026-09-14 17:43:59,North Melissa,FI,0
ACC003423,2026-09-14 17:43:59,Guzmanmouth,TG,0
ACC004829,2026-09-14 17:44:00,New Nancy,MD,0
ACC000239,2026-09-14 17:44:00,Hernandeztown,ZA,0
ACC004403,2026-09-14 17:44:01,Smithhaven,SA,1
ACC003614,2026-09-14 17:44:01,North Sean,LC,0
ACC004007,2026-09-14 17:44:01,West Robert,ET,0
ACC000335,2026-09-14 17:44:01,North Daniel,EE,0
ACC000358,2026-09-14 17:44:01,Port Brian,PS,0
ACC001948,2026-09-14 17:44:01,East Eric,US,0
ACC001112,2026-09-14 17:44:02,West Patriciaton,GW,0
ACC003425,2026-09-14 17:44:03,Lake Arthur,GT,0
ACC002362,2026-09-14 17:44:03,New Nicole,CF,0
ACC004155,2026-09-14 17:44:03,Port Donna,SY,1
ACC004595,2026-09-14 17:44:03,Brownbury,EC,1
ACC002693,2026-09-14 17:44:04,Kelleyville,AU,0
ACC002719,2026-09-14 17:44:04,New Angelafurt,MR,0
ACC001195,2026-09-14 17:44:05,Jenniferberg,ID,0
ACC002459,2026-09-14 17:44:05,Kimberlychester,LC,0
ACC002098,2026-09-14 17:44:05,Rodriguezstad,BE,0
ACC000710,2026-09-14 17:44:05,Christopherfort,SE,0
ACC002525,2026-09-14 17:44:05,East Michael,BF,1
ACC001713,2026-09-14 17:44:06,Ryanhaven,CN,0
ACC002057,2026-09-14 17:44:06,Mikaylafort,SV,0
ACC004680,2026-09-14 17:44:06,Ryanmouth,LC,0
ACC000504,2026-09-14 17:44:06,Rebeccaberg,MW,0
ACC001040,2026-09-14 17:44:06,East Ianhaven,MN,0
ACC000713,2026-09-14 17:44:06,Port Monicaborough,MZ,0
ACC001641,2026-09-14 17:44:06,Brittanybury,MT,0
ACC001422,2026-09-14 17:44:07,Davisfurt,ZM,0
ACC001932,2026-09-14 17:44:07,Charlesland,BJ,0
ACC002960,2026-09-14 17:44:07,New Adam,IR,0
ACC003310,2026-09-14 17:44:07,New Phillipfort,IL,0
ACC004634,2026-09-14 17:44:07,Melissatown,MG,0
ACC002960,2026-09-14 17:44:08,North Seanmouth,TH,0
ACC001465,2026-09-14 17:44:08,New Crystal,SI,0
ACC004274,2026-09-14 17:44:08,New Douglas,SB,0
ACC004392,2026-09-14 17:44:08,North Deannachester,EC,0
ACC002883,2026-09-14 17:44:09,Port Ronald,HT,0
ACC000628,2026-09-14 17:44:09,Knightfurt,ES,0
ACC001297,2026-09-14 17:44:09,Gregorystad,KW,0
ACC003941,2026-09-14 17:44:10,North Kelly,MU,1
ACC002154,2026-09-14 17:44:11,Lake Nicoleville,LY,0
ACC003083,2026-09-14 17:44:11,East Veronica,CG,0
ACC001723,2026-09-14 17:44:11,New Keith,OM,1
ACC000802,2026-09-14 17:44:11,Schultzview,SO,0
ACC004826,2026-09-14 17:44:11,West Paulfurt,SR,0
ACC001851,2026-09-14 17:44:11,Jonstad,GN,0
ACC002384,2026-09-14 17:44:11,West Reginaland,CA,0
ACC003549,2026-09-14 17:44:12,South Emily,SD,0
ACC001006,2026-09-14 17:44:12,Jordanfurt,DZ,0
ACC003178,2026-09-14 17:44:12,Lake Kelly,VE,0
ACC002437,2026-09-14 17:44:12,Crystalland,BT,0
ACC002241,2026-09-14 17:44:13,Janetfort,KI,0
ACC004893,2026-09-14 17:44:13,North Amytown,AE,0
ACC001877,2026-09-14 17:44:13,West Gregoryview,SZ,0
ACC003534,2026-09-14 17:44:13,East Benjaminport,UG,0
ACC004704,2026-09-14 17:44:14,West Ashley,ES,0
ACC000329,2026-09-14 17:44:14,Dawnmouth,NR,0
ACC002225,2026-09-14 17:44:14,Crosbybury,TG,0
ACC003889,2026-09-14 17:44:14,Port Michaelafurt,NR,0
ACC003411,2026-09-14 17:44:14,Angelaview,AT,0
ACC000943,2026-09-14 17:44:15,Colintown,EG,0
ACC002883,2026-09-14 17:44:15,North Anthonyshire,BD,0
ACC000454,2026-09-14 17:44:15,Port Vanessaport,TV,0
ACC004601,2026-09-14 17:44:15,Debrafurt,IR,0
ACC003001,2026-09-14 17:44:16,Thomasshire,SL,0
ACC000374,2026-09-14 17:44:16,Port Jennifer,IE,1
ACC002172,2026-09-14 17:44:16,South Elizabeth,GD,0
ACC004939,2026-09-14 17:44:16,Kellyport,SO,0
ACC002436,2026-09-14 17:44:17,Port Carrietown,PA,0
ACC004808,2026-09-14 17:44:17,South Jasmineville,EE,1
ACC000975,2026-09-14 17:44:17,Port Daniellestad,RU,0
ACC004529,2026-09-14 17:44:17,North Sandrahaven,LB,0
ACC001285,2026-09-14 17:44:17,Port Andrea,CO,1
ACC002225,2026-09-14 17:44:18,Normanville,PA,0
ACC000750,2026-09-14 17:44:18,Hughestown,DE,1
ACC003348,2026-09-14 17:44:18,East Joyport,RS,0
ACC004939,2026-09-14 17:44:19,Lake Christinaburgh,CO,0
ACC002874,2026-09-14 17:44:19,South Jasminburgh,AO,0
ACC000259,2026-09-14 17:44:19,Nelsonburgh,TD,0
ACC000836,2026-09-14 17:44:20,Port Hannah,MW,0
ACC001564,2026-09-14 17:44:20,New Debra,LA,0
ACC001896,2026-09-14 17:44:20,Raymondmouth,BR,0
ACC004843,2026-09-14 17:44:21,West Nancymouth,JP,1
ACC003583,2026-09-14 17:44:21,Port Kristine,PL,0
ACC002854,2026-09-14 17:44:21,Millerfort,RW,1
ACC004871,2026-09-14 17:44:21,Brownville,DE,0
ACC000620,2026-09-14 17:44:22,Port Beth,LC,1
ACC001000,2026-09-14 17:44:22,South Annamouth,GW,0
ACC002529,2026-09-14 17:44:23,Butlerfurt,RO,0
ACC001726,2026-09-14 17:44:24,East Paulmouth,MY,0
ACC004146,2026-09-14 17:44:24,Williamberg,CF,0
ACC004788,2026-09-14 17:44:24,Port Darrellside,TH,0
ACC002332,2026-09-14 17:44:24,Richardchester,CI,0
ACC003240,2026-09-14 17:44:24,Pennyhaven,LA,1
ACC000082,2026-09-14 17:44:24,South Christopherview,GM,0
ACC002681,2026-09-14 17:44:25,Hendersonshire,HT,0
ACC002504,2026-09-14 17:44:26,Lake Matthewmouth,LI,0
ACC000153,2026-09-14 17:44:26,Heidiview,BR,1
ACC001164,2026-09-14 17:44:26,West Donald,DO,0
ACC000838,2026-09-14 17:44:26,Lake Keith,DE,0
ACC002684,2026-09-14 17:44:27,South Jillside,DM,0
ACC004479,2026-09-14 17:44:27,West Brenda,GE,0
ACC002442,2026-09-14 17:44:28,Hernandezton,NP,0
ACC003495,2026-09-14 17:44:28,East Nicole,BD,0
ACC003831,2026-09-14 17:44:28,Port Leahside,UG,0
ACC004199,2026-09-14 17:44:29,Patrickbury,LC,0
ACC003812,2026-09-14 17:44:29,Juliefort,FR,0
ACC002453,2026-09-14 17:44:29,Taylormouth,BR,0
ACC001273,2026-09-14 17:44:29,Lake Stacy,AU,0
ACC003551,2026-09-14 17:44:29,Brucestad,IQ,0
ACC004559,2026-09-14 17:44:29,North Kevinmouth,MN,1
ACC001098,2026-09-14 17:44:29,New Zacharyland,CL,0
ACC001763,2026-09-14 17:44:30,New Paigestad,NL,0
ACC002917,2026-09-14 17:44:30,Laurabury,IQ,0
ACC004643,2026-09-14 17:44:31,West Steveview,MN,1
ACC000867,2026-09-14 17:44:31,South Bradley,CI,0
ACC004871,2026-09-14 17:44:31,Seanbury,BN,0
ACC004040,2026-09-14 17:44:31,South Rachelberg,ET,0
ACC002046,2026-09-14 17:44:32,Buckview,FM,1
ACC002111,2026-09-14 17:44:33,Edwardville,SR,0
ACC001902,2026-09-14 17:44:33,Williambury,SD,0
ACC001996,2026-09-14 17:44:33,North Mariahshire,DJ,0
ACC001513,2026-09-14 17:44:34,Port Scott,RS,0
ACC001032,2026-09-14 17:44:34,Tommyton,GW,0
ACC003565,2026-09-14 17:44:34,Maryfurt,DZ,0
ACC000288,2026-09-14 17:44:34,Williambury,BE,0
ACC002366,2026-09-14 17:44:34,Lake Sherry,SN,0
ACC004901,2026-09-14 17:44:35,Lake Marissaberg,SD,0
ACC000603,2026-09-14 17:44:35,Timothybury,KP,0
ACC004344,2026-09-14 17:44:35,East Jacob,BG,0
ACC004615,2026-09-14 17:44:36,New Derrickport,PW,0
ACC003080,2026-09-14 17:44:36,South Derekberg,AF,0
ACC002727,2026-09-14 17:44:37,Port Betty,BA,0
ACC000152,2026-09-14 17:44:37,Lake Jeremyland,MM,0
ACC003362,2026-09-14 17:44:37,Gonzalezmouth,ID,0
ACC004772,2026-09-14 17:44:37,North Melissa,AU,0
ACC002668,2026-09-14 17:44:37,Knightborough,NE,0
ACC001931,2026-09-14 17:44:38,Lorifurt,IE,0
ACC001874,2026-09-14 17:44:38,Watkinsmouth,NE,0
ACC003265,2026-09-14 17:44:38,Williamsburgh,PH,0
ACC002127,2026-09-14 17:44:38,Garciahaven,TV,0
ACC000231,2026-09-14 17:44:39,South Melissa,ES,0
ACC000258,2026-09-14 17:44:39,South Courtneyside,MT,0
ACC001460,2026-09-14 17:44:40,Michaelside,SM,0
ACC003512,2026-09-14 17:44:41,West Erica,LS,0
ACC002720,2026-09-14 17:44:42,Tracyfort,IQ,0
ACC001547,2026-09-14 17:44:42,Smithhaven,SV,0
ACC002534,2026-09-14 17:44:43,Juliefort,MV,0
ACC004754,2026-09-14 17:44:43,Gregoryport,EG,0
ACC002824,2026-09-14 17:44:43,Johnborough,BH,0
ACC001057,2026-09-14 17:44:43,West Madisontown,WS,0
ACC004348,2026-09-14 17:44:44,New Rachelberg,ST,0
ACC001250,2026-09-14 17:44:44,Feliciachester,PE,0
ACC002384,2026-09-14 17:44:45,East Bryanmouth,CU,0
ACC002551,2026-09-14 17:44:45,East Leahburgh,BJ,0
ACC001427,2026-09-14 17:44:46,Port Justinstad,PY,0
ACC003170,2026-09-14 17:44:46,Lake Kevin,MW,0
ACC004852,2026-09-14 17:44:46,New Dianeburgh,HT,0
ACC000866,2026-09-14 17:44:47,West Michelle,RW,0
ACC003749,2026-09-14 17:44:48,Brandonport,VC,0
ACC002032,2026-09-14 17:44:48,Deanport,DK,0
ACC001781,2026-09-14 17:44:48,Randychester,BJ,1
ACC004298,2026-09-14 17:44:49,Laneborough,NR,1
ACC000992,2026-09-14 17:44:49,Randolphburgh,SR,0
ACC004798,2026-09-14 17:44:49,New Lisamouth,AL,0
ACC004975,2026-09-14 17:44:50,North Michelle,PS,0
ACC003939,2026-09-14 17:44:50,Hodgeton,KH,0
ACC004687,2026-09-14 17:44:50,Robinchester,LR,0
ACC001831,2026-09-14 17:44:50,Anthonyhaven,SN,0
ACC001008,2026-09-14 17:44:50,Garrettshire,PE,0
ACC003704,2026-09-14 17:44:51,South Matthewtown,SN,0
ACC002541,2026-09-14 17:44:51,Valeriebury,GH,0
ACC001247,2026-09-14 17:44:51,Port Richardside,CY,1
ACC002847,2026-09-14 17:44:51,Diazville,TT,0
ACC003665,2026-09-14 17:44:51,Port Daniel,MG,0
ACC001265,2026-09-14 17:44:53,Garciaborough,VA,0
ACC000232,2026-09-14 17:44:53,New Paul,AU,0
ACC004452,2026-09-14 17:44:53,North Herbertberg,UA,0
ACC000614,2026-09-14 17:44:53,Lake Michelleview,SM,1
ACC004191,2026-09-14 17:44:53,New Kellyside,SN,0
ACC000708,2026-09-14 17:44:54,Hannahville,ST,1
ACC001456,2026-09-14 17:44:54,East Kim,SA,0
ACC001753,2026-09-14 17:44:55,Clarkside,EG,0
ACC002422,2026-09-14 17:44:55,Paynemouth,KM,0
ACC002688,2026-09-14 17:44:56,Kellymouth,TG,0
ACC004366,2026-09-14 17:44:57,Port Jacqueline,ST,0
ACC001439,2026-09-14 17:44:57,Port Catherine,LY,0
ACC002429,2026-09-14 17:44:58,Staceystad,GY,0
ACC003545,2026-09-14 17:44:58,Farleyberg,BH,0
ACC002198,2026-09-14 17:44:58,Port Candiceborough,ZW,0
ACC000195,2026-09-14 17:44:59,West Ashley,AR,0
ACC000664,2026-09-14 17:44:59,Lake Samantha,VU,0
ACC002649,2026-09-14 17:44:59,New Emilyport,GH,0
ACC004896,2026-09-14 17:44:59,Tonyland,ZW,1
ACC003198,2026-09-14 17:45:00,Danielberg,DE,0
ACC001856,2026-09-14 17:45:00,East Aprilmouth,BO,0
ACC001783,2026-09-14 17:45:01,Ochoaland,CO,0
ACC004666,2026-09-14 17:45:01,Stoneland,GH,0
ACC003485,2026-09-14 17:45:01,Averyhaven,LU,0
ACC000199,2026-09-14 17:45:01,South Maria,SE,0
ACC002016,2026-09-14 17:45:01,East Natalie,AT,0
ACC004938,2026-09-14 17:45:02,Halehaven,SL,0
ACC003110,2026-09-14 17:45:02,Currymouth,SG,0
ACC002806,2026-09-14 17:45:03,Reynoldsberg,VC,0
ACC000134,2026-09-14 17:45:03,East Susanfurt,CV,0
ACC004712,2026-09-14 17:45:03,Jonathanburgh,LY,0
ACC003386,2026-09-14 17:45:04,Garciaburgh,CA,0
ACC004779,2026-09-14 17:45:04,West Jackson,SB,0
ACC004173,2026-09-14 17:45:04,Tammybury,HU,0
ACC004351,2026-09-14 17:45:04,Watsonborough,NO,0
ACC004713,2026-09-14 17:45:04,Stephaniehaven,KW,0
ACC002762,2026-09-14 17:45:05,East Anthonyland,PW,0
ACC002835,2026-09-14 17:45:05,Hernandezmouth,VC,1
ACC004718,2026-09-14 17:45:05,Christopherbury,MV,0
ACC004187,2026-09-14 17:45:05,Johnsonport,AD,0
ACC000736,2026-09-14 17:45:05,Danielfort,BF,0
ACC003870,2026-09-14 17:45:06,East Sarah,CL,0
ACC003735,2026-09-14 17:45:06,Letown,ER,0
ACC002945,2026-09-14 17:45:06,Murrayshire,GT,0
ACC000728,2026-09-14 17:45:07,Lake Mikaylaton,MT,0
ACC000646,2026-09-14 17:45:07,West Denisemouth,IN,0
ACC002345,2026-09-14 17:45:08,Figueroamouth,CR,0
ACC003721,2026-09-14 17:45:08,Hudsonmouth,NG,1
ACC001324,2026-09-14 17:45:08,Angelabury,MM,1
ACC003951,2026-09-14 17:45:08,Antonioville,BJ,0
ACC003981,2026-09-14 17:45:09,Lake Cindy,EC,0
ACC004515,2026-09-14 17:45:09,Keithchester,LT,0
ACC001127,2026-09-14 17:45:09,Josetown,MY,1
ACC001018,2026-09-14 17:45:10,Millermouth,BN,0
ACC000562,2026-09-14 17:45:10,Markhaven,PA,0
ACC001075,2026-09-14 17:45:10,New Anthonystad,BZ,0
ACC002774,2026-09-14 17:45:11,Darylland,PY,1
ACC002020,2026-09-14 17:45:11,Mitchellburgh,BZ,0
ACC004616,2026-09-14 17:45:11,South Traceychester,WS,0
ACC003735,2026-09-14 17:45:12,Parkton,BB,0
ACC002259,2026-09-14 17:45:13,Susanmouth,LT,0
ACC002145,2026-09-14 17:45:13,Davisfurt,BW,0
ACC003125,2026-09-14 17:45:13,South Philipville,LS,0
ACC002180,2026-09-14 17:45:14,Hopkinsland,BW,0
ACC004587,2026-09-14 17:45:14,South Jeff,AL,0
ACC001844,2026-09-14 17:45:14,Joshuatown,MZ,0
ACC001049,2026-09-14 17:45:14,Karenport,AF,0
ACC004168,2026-09-14 17:45:15,New Davidton,PK,1
ACC000556,2026-09-14 17:45:15,South Lisa,AU,0
ACC004434,2026-09-14 17:45:15,Lake Deborahport,GB,1
ACC000754,2026-09-14 17:45:16,Melissaborough,SN,0
ACC000102,2026-09-14 17:45:16,Lake Stanley,KW,0
ACC000757,2026-09-14 17:45:17,Port Katherine,LS,0
ACC002765,2026-09-14 17:45:17,Grimeshaven,GA,1
ACC002032,2026-09-14 17:45:17,Lake Katie,AM,0
ACC004144,2026-09-14 17:45:18,Strongton,KH,0
ACC000611,2026-09-14 17:45:18,West Robert,HR,0
ACC000611,2026-09-14 17:45:18,Deborahfurt,NG,0
ACC001382,2026-09-14 17:45:19,Christopherchester,PA,0
ACC001296,2026-09-14 17:45:19,Port Tanya,SD,0
ACC001547,2026-09-14 17:45:20,Elizabethville,BG,0
ACC001117,2026-09-14 17:45:20,Alexanderfort,MC,0
ACC004002,2026-09-14 17:45:20,North Ashley,GA,0
ACC004911,2026-09-14 17:45:20,North Kellyfort,CG,0
ACC004622,2026-09-14 17:45:20,Michaelside,SD,0
ACC002115,2026-09-14 17:45:20,Jilltown,IR,0
ACC001482,2026-09-14 17:45:21,Lisaport,MH,0
ACC004201,2026-09-14 17:45:21,Ruthmouth,KG,0
ACC000386,2026-09-14 17:45:21,Jamesbury,CV,0
ACC002576,2026-09-14 17:45:21,North Ambershire,DM,0
ACC002946,2026-09-14 17:45:23,New Kennethtown,CH,0
ACC004441,2026-09-14 17:45:24,Carolhaven,VU,1
ACC004131,2026-09-14 17:45:25,Wattsmouth,VN,0
ACC000542,2026-09-14 17:45:25,Garcialand,BW,0
ACC003055,2026-09-14 17:45:25,Schultzport,GD,0
ACC000961,2026-09-14 17:45:25,Kathleenview,ME,0
ACC004054,2026-09-14 17:45:26,Robinsonshire,PL,0
ACC001660,2026-09-14 17:45:26,Hamiltonville,ID,0
ACC004535,2026-09-14 17:45:26,Port Michaelport,KP,0
ACC001042,2026-09-14 17:45:27,Weaverfort,LA,0
ACC004536,2026-09-14 17:45:27,West Lisaland,TV,0
ACC004682,2026-09-14 17:45:27,Jillhaven,KH,0
ACC004623,2026-09-14 17:45:28,North Michael,BR,0
ACC002460,2026-09-14 17:45:28,West Brianville,KM,0
ACC001607,2026-09-14 17:45:28,Newtonchester,UG,1
ACC002247,2026-09-14 17:45:28,South Kaitlintown,IL,0
ACC001368,2026-09-14 17:45:28,Chandlerbury,CV,0
ACC001192,2026-09-14 17:45:29,East Steven,LS,0
ACC000070,2026-09-14 17:45:29,Lake Jessicachester,IN,1
ACC000152,2026-09-14 17:45:29,New Jennifer,BH,0
ACC000859,2026-09-14 17:45:29,West Stephenchester,NP,0
ACC000924,2026-09-14 17:45:29,Phillipburgh,IN,0
ACC001123,2026-09-14 17:45:30,North Kathrynstad,RU,0
ACC000956,2026-09-14 17:45:30,Ginabury,MZ,0
ACC001575,2026-09-14 17:45:30,New Elizabethstad,KH,0
ACC001058,2026-09-14 17:45:30,Lake Andrew,BI,0
ACC004030,2026-09-14 17:45:30,North Richardstad,MA,1
ACC002707,2026-09-14 17:45:30,Lake Shannon,CG,0
ACC004789,2026-09-14 17:45:30,East Ericachester,MC,0
ACC001928,2026-09-14 17:45:30,West Christophershire,TW,0
ACC003155,2026-09-14 17:45:30,North Ginastad,NR,0
ACC004829,2026-09-14 17:45:31,Christopherland,SD,0
ACC002790,2026-09-14 17:45:31,Lake Ian,TR,0
ACC002744,2026-09-14 17:45:31,Robertfurt,RU,1
ACC004114,2026-09-14 17:45:32,Andreaport,VA,0
ACC002839,2026-09-14 17:45:32,Brianport,ML,0
ACC002751,2026-09-14 17:45:32,North Michele,IQ,0
ACC000014,2026-09-14 17:45:32,West Danieltown,HU,0
ACC003636,2026-09-14 17:45:32,Josephmouth,ZM,0
ACC002927,2026-09-14 17:45:32,Port Donald,FR,0
ACC004666,2026-09-14 17:45:33,Alyssastad,SY,0
ACC000304,2026-09-14 17:45:33,Lindaborough,GN,0
ACC000529,2026-09-14 17:45:33,North Robert,MZ,0
ACC003506,2026-09-14 17:45:35,Christinafurt,SI,0
ACC002057,2026-09-14 17:45:35,East Williamport,RO,1
ACC003620,2026-09-14 17:45:36,North Karla,NP,0
ACC003446,2026-09-14 17:45:36,Davischester,CL,0
ACC001787,2026-09-14 17:45:37,South Eric,TG,0
ACC002150,2026-09-14 17:45:37,Kimberlymouth,NR,0
ACC000311,2026-09-14 17:45:37,New Ellentown,NO,0
ACC003854,2026-09-14 17:45:38,Port Jefferyville,ME,0
ACC003445,2026-09-14 17:45:38,Morrisonfort,AT,0
ACC000428,2026-09-14 17:45:38,South Victoria,MZ,0
ACC004434,2026-09-14 17:45:39,Richardtown,SC,0
ACC004441,2026-09-14 17:45:39,Huntertown,ML,0
ACC004123,2026-09-14 17:45:39,Davidbury,TO,0
ACC004893,2026-09-14 17:45:39,Robertmouth,KH,0
ACC001229,2026-09-14 17:45:39,Hawkinsland,LB,0
ACC001142,2026-09-14 17:45:39,Garciashire,LS,0
ACC000170,2026-09-14 17:45:40,Lake Larry,PG,0
ACC003794,2026-09-14 17:45:40,Emilyfort,LC,0
ACC004342,2026-09-14 17:45:40,Kingbury,WS,0
ACC000761,2026-09-14 17:45:40,Maryland,MV,0
ACC001789,2026-09-14 17:45:40,West Jonathan,SO,0
ACC001700,2026-09-14 17:45:40,Melissamouth,HU,0
ACC004575,2026-09-14 17:45:41,Whiteview,LC,0
ACC001373,2026-09-14 17:45:43,West Lindsey,VU,0
ACC003655,2026-09-14 17:45:44,Port Teresaland,TV,0
ACC002142,2026-09-14 17:45:44,East Sarabury,SR,0
ACC001851,2026-09-14 17:45:44,Prattland,KW,0
ACC002191,2026-09-14 17:45:44,Arellanoland,TO,0
ACC001792,2026-09-14 17:45:45,East Kelseymouth,LA,0
ACC000120,2026-09-14 17:45:45,Jacobchester,BR,0
ACC004850,2026-09-14 17:45:45,New Amandamouth,NP,0
ACC004827,2026-09-14 17:45:46,East Brandifurt,SL,0
ACC001699,2026-09-14 17:45:46,Jimenezview,KP,0
ACC004354,2026-09-14 17:45:46,Michaelberg,CI,1
ACC000064,2026-09-14 17:45:46,Rodriguezport,IR,0
ACC000069,2026-09-14 17:45:47,Jasonchester,MX,0
ACC003677,2026-09-14 17:45:47,Port Anthony,SL,0
ACC000302,2026-09-14 17:45:48,North Scott,MN,0
ACC003111,2026-09-14 17:45:48,North Stacey,PG,0
ACC000972,2026-09-14 17:45:48,Raymondburgh,BT,0
ACC002685,2026-09-14 17:45:48,Amyburgh,MC,0
ACC001524,2026-09-14 17:45:49,Samanthashire,AM,0
ACC002169,2026-09-14 17:45:49,Harrisshire,OM,0
ACC002417,2026-09-14 17:45:49,Port Robert,GY,0
ACC001946,2026-09-14 17:45:49,Michaelville,ER,0
ACC000292,2026-09-14 17:45:49,Williamsbury,TO,1
ACC002143,2026-09-14 17:45:49,Arnoldview,SO,1
ACC004668,2026-09-14 17:45:50,Lanetown,LV,0
ACC002179,2026-09-14 17:45:50,Mayerhaven,PY,0
ACC001037,2026-09-14 17:45:50,Port Robert,AG,0
ACC000991,2026-09-14 17:45:51,Adamsmouth,SY,0
ACC000903,2026-09-14 17:45:51,Murphyland,ZW,0
ACC000457,2026-09-14 17:45:51,Loganborough,LR,0
ACC002229,2026-09-14 17:45:51,Davismouth,NL,0
ACC002169,2026-09-14 17:45:51,South Matthewville,ST,0
ACC001577,2026-09-14 17:45:52,Kellyfort,BR,0
ACC004163,2026-09-14 17:45:52,Randallborough,ZA,0
ACC002226,2026-09-14 17:45:52,New Amy,GM,0
ACC004020,2026-09-14 17:45:53,Morseview,JO,0
ACC004644,2026-09-14 17:45:53,North Kevinmouth,IN,0
ACC001214,2026-09-14 17:45:53,South Vanessafort,TO,1
ACC001293,2026-09-14 17:45:53,Townsendville,CR,0
ACC001271,2026-09-14 17:45:54,East Shawnton,KW,0
ACC004690,2026-09-14 17:45:55,East Douglaschester,LY,0
ACC000490,2026-09-14 17:45:55,New Robertbury,KH,0
ACC002365,2026-09-14 17:45:56,South Thomasfurt,PG,0
ACC003868,2026-09-14 17:45:57,Robinbury,JO,0
ACC001383,2026-09-14 17:45:57,Olsonfurt,VU,1
ACC001495,2026-09-14 17:45:57,Justinfort,PW,0
ACC001693,2026-09-14 17:45:57,Bradleyburgh,IR,0
ACC002951,2026-09-14 17:45:58,Daniellemouth,JO,0
ACC002340,2026-09-14 17:45:58,Lake Katherine,SA,0
ACC001747,2026-09-14 17:45:59,Garrettton,KE,0
ACC003971,2026-09-14 17:45:59,Jillfort,LK,0
ACC004319,2026-09-14 17:45:59,Cabreraside,HU,0
ACC000509,2026-09-14 17:46:00,Lauriemouth,DE,0
ACC004504,2026-09-14 17:46:01,New Marthamouth,LR,0
ACC000116,2026-09-14 18:39:58,Amandaside,MC,0
ACC004905,2026-09-14 18:39:58,Garyburgh,TL,0
ACC001968,2026-09-14 18:39:59,Port Molly,SB,0
ACC003590,2026-09-14 18:39:59,Williamsstad,CZ,0
ACC002374,2026-09-14 18:40:00,Port Courtney,SL,0
ACC003178,2026-09-14 18:40:01,Clarkchester,GY,0
ACC004657,2026-09-14 18:40:01,Kristieview,LT,0
ACC004655,2026-09-14 18:40:01,Thomasmouth,IS,0
ACC000416,2026-09-14 18:40:01,Murphyside,LT,0
ACC004457,2026-09-14 18:40:02,Lake Michaelmouth,EE,0
ACC002828,2026-09-14 18:40:02,Smithfort,CH,0
ACC000958,2026-09-14 18:40:02,Davidhaven,CY,1
ACC002559,2026-09-14 18:40:02,South Jamesstad,MM,0
ACC001074,2026-09-14 18:40:02,Stephenland,CO,0
ACC002968,2026-09-14 18:40:03,Markshire,VC,0
ACC002771,2026-09-14 18:40:03,Robertburgh,BW,0
ACC002596,2026-09-14 18:40:04,New Sarahfurt,AG,0
ACC001525,2026-09-14 18:40:05,New Timothyside,TD,0
ACC003674,2026-09-14 18:40:05,Edwardside,EC,0
ACC000459,2026-09-14 18:40:05,West Thomastown,VN,0
ACC002796,2026-09-14 18:40:05,Alexanderburgh,BJ,1
ACC003469,2026-09-14 18:40:06,Port Monicaville,MA,0
ACC004912,2026-09-14 18:40:06,Chenview,TJ,1
ACC001748,2026-09-14 18:40:06,Nicoleberg,GR,0
ACC003617,2026-09-14 18:40:06,Singhside,MT,1
ACC003538,2026-09-14 18:40:06,Lake Laura,JP,0
ACC001515,2026-09-14 18:40:07,Port Theresaside,GB,1
ACC003059,2026-09-14 18:40:07,Jacobsfurt,LU,0
ACC003372,2026-09-14 18:40:07,North Robert,SC,0
ACC004782,2026-09-14 18:40:07,Dawnton,IE,0
ACC002935,2026-09-14 18:40:07,Jasonton,GT,0
ACC001637,2026-09-14 18:40:08,Gonzalezville,NG,0
ACC004785,2026-09-14 18:40:08,Port Amberland,ER,0
ACC002354,2026-09-14 18:40:08,Reginaldberg,ID,0
ACC000549,2026-09-14 18:40:09,South Tinamouth,RO,0
ACC003823,2026-09-14 18:40:09,Angelaborough,JM,0
ACC003933,2026-09-14 18:40:10,Brownland,CY,1
ACC003378,2026-09-14 18:40:10,Port Kevin,NO,0
ACC001334,2026-09-14 18:40:10,South Brian,FR,1
ACC003912,2026-09-14 18:40:11,East Aaron,DK,0
ACC003013,2026-09-14 18:40:11,Port James,MD,0
ACC003269,2026-09-14 18:40:12,South Daniel,IT,0
ACC002153,2026-09-14 18:40:13,Russellberg,TT,0
ACC001490,2026-09-14 18:40:13,Jacobstown,BH,0
ACC002402,2026-09-14 18:40:14,Fletcherbury,CM,1
ACC001136,2026-09-14 18:40:14,Kevinstad,JO,0
ACC003837,2026-09-14 18:40:14,Hernandezton,BH,0
ACC002895,2026-09-14 18:40:14,Josehaven,SC,0
ACC000825,2026-09-14 18:40:14,South Barrymouth,SM,0
ACC000946,2026-09-14 18:40:15,Fergusontown,BS,1
ACC000849,2026-09-14 18:40:15,West Troyberg,BY,0
ACC000874,2026-09-14 18:40:15,New Johnhaven,AG,0
ACC002677,2026-09-14 18:40:15,Port Debra,SM,0
ACC002251,2026-09-14 18:40:15,Kennethport,KN,0
ACC001730,2026-09-14 18:40:15,New Kathleenview,ZM,0
ACC004139,2026-09-14 18:40:15,Port Jennifershire,NL,0
ACC002830,2026-09-14 18:40:15,New Jeffreyport,MX,0
ACC003808,2026-09-14 18:40:16,Robinsonview,UA,0
ACC001911,2026-09-14 18:40:16,West Johnny,AG,0
ACC000707,2026-09-14 18:40:16,North Daniel,CA,0
ACC002767,2026-09-14 18:40:16,East Dawn,PK,0
ACC000802,2026-09-14 18:40:17,Sanfordborough,ML,0
ACC002293,2026-09-14 18:40:17,Robertberg,MY,0
ACC003643,2026-09-14 18:40:17,Jessicafurt,KI,0
ACC002277,2026-09-14 18:40:17,Port Brandonberg,MY,1
ACC004304,2026-09-14 18:40:17,Priceberg,DK,0
ACC001070,2026-09-14 18:40:18,Timothymouth,TV,0
ACC002004,2026-09-14 18:40:18,Port Donna,AO,1
ACC001275,2026-09-14 18:40:19,New Bernardmouth,RU,0
ACC004358,2026-09-14 18:40:19,New Lisaville,FJ,1
ACC000963,2026-09-14 18:40:20,Port Chaseside,BJ,0
ACC002813,2026-09-14 18:40:20,New Anthonyton,NR,0
ACC002181,2026-09-14 18:40:20,Stephenfurt,TL,0
ACC003782,2026-09-14 18:40:21,Brownview,KR,1
ACC003149,2026-09-14 18:40:21,New Christopherchester,HN,0
ACC002148,2026-09-14 18:40:21,Port Brittany,UA,0
ACC004545,2026-09-14 18:40:22,Scotttown,CI,0
ACC004058,2026-09-14 18:40:22,Brownstad,MX,0
ACC002381,2026-09-14 18:40:22,South Erikberg,SM,0
ACC002741,2026-09-14 18:40:23,Zimmermanshire,MW,0
ACC003432,2026-09-14 18:40:24,Carpenterfurt,GN,0
ACC001049,2026-09-14 18:40:24,Port Sandramouth,YE,0
ACC004813,2026-09-14 18:40:24,Kyleland,NP,0
ACC004918,2026-09-14 18:40:24,Lindaburgh,GR,0
ACC001214,2026-09-14 18:40:24,Amandaton,CV,0
ACC003549,2026-09-14 18:40:25,Moralesmouth,TN,0
ACC003028,2026-09-14 18:40:25,Morganbury,IL,0
ACC002881,2026-09-14 18:40:25,Ryanmouth,TZ,0
ACC001085,2026-09-14 18:40:25,East Dwaynestad,BT,0
ACC003338,2026-09-14 18:40:25,Justinside,BF,0
ACC002934,2026-09-14 18:40:26,Port Nicole,MZ,0
ACC001060,2026-09-14 18:40:27,West Marcuston,CD,0
ACC002837,2026-09-14 18:40:27,Diazhaven,BZ,0
ACC003445,2026-09-14 18:40:27,North Lisatown,BD,0
ACC004756,2026-09-14 18:40:27,West Adam,AR,0
ACC002893,2026-09-14 18:40:27,Priceside,JP,0
ACC004752,2026-09-14 18:40:27,Aaronfurt,TG,0
ACC001366,2026-09-14 18:40:28,Davidmouth,KM,0
ACC000889,2026-09-14 18:40:28,Hendersonmouth,KN,0
ACC001317,2026-09-14 18:40:29,East Patricia,PW,0
ACC001137,2026-09-14 18:40:29,North Catherine,PY,0
ACC000508,2026-09-14 18:40:29,Andreaville,MW,0
ACC002538,2026-09-14 18:40:30,North James,CI,0
ACC000829,2026-09-14 18:40:30,North Tiffany,BI,0
ACC000555,2026-09-14 18:40:30,Shannonmouth,BW,0
ACC000093,2026-09-14 18:40:30,South Debraville,BJ,0
ACC000145,2026-09-14 18:40:31,Douglasberg,GH,0
ACC001791,2026-09-14 18:40:31,New Kennethhaven,KE,0
ACC004999,2026-09-14 18:40:31,New Robert,UG,0
ACC000725,2026-09-14 18:40:32,East Mary,RU,1
ACC002869,2026-09-14 18:40:32,Larryfurt,GH,0
ACC001892,2026-09-14 18:40:32,New Tamaraland,CO,0
ACC003255,2026-09-14 18:40:33,Terrellfort,IL,0
ACC002654,2026-09-14 18:40:33,North Michael,YE,0
ACC002917,2026-09-14 18:40:33,South Janet,CA,1
ACC000985,2026-09-14 18:40:34,Rickyton,MU,0
ACC003342,2026-09-14 18:40:34,East Markborough,ST,1
ACC001312,2026-09-14 18:40:34,East Andreatown,CO,0
ACC000401,2026-09-14 18:40:34,Phillipmouth,JM,0
ACC000770,2026-09-14 18:40:34,Bensonhaven,AT,0
ACC000937,2026-09-14 18:40:35,West Donaldmouth,MD,0
ACC004488,2026-09-14 18:40:36,Diazport,AF,0
ACC002016,2026-09-14 18:40:36,Barronborough,MA,0
ACC001968,2026-09-14 18:40:36,Eduardoburgh,DO,0
ACC000958,2026-09-14 18:40:36,Port Daniel,SZ,0
ACC003097,2026-09-14 18:40:37,Lopezburgh,BA,0
ACC001286,2026-09-14 18:40:37,Port Kimberly,IL,0
ACC001286,2026-09-14 18:40:37,South Brandonhaven,IN,0
ACC001179,2026-09-14 18:40:37,North Joshua,GR,1
ACC001396,2026-09-14 18:40:38,North Michaelberg,MT,0
ACC000537,2026-09-14 18:40:39,Lake Thomasborough,BN,0
ACC000887,2026-09-14 18:40:40,West Patricia,AT,1
ACC000134,2026-09-14 18:40:40,Floresfurt,IN,0
ACC003879,2026-09-14 18:40:40,North James,MG,0
ACC000470,2026-09-14 18:40:41,Ryanside,PK,0
ACC002605,2026-09-14 18:40:41,Jameston,AT,0
ACC001340,2026-09-14 18:40:41,Ryanburgh,LK,0
ACC000112,2026-09-14 18:40:41,Meyerstad,PS,0
ACC003121,2026-09-14 18:40:41,Rollinsstad,JM,0
ACC000965,2026-09-14 18:40:41,East Joshuabury,YE,0
ACC001723,2026-09-14 18:40:41,Lake Elizabeth,PL,0
ACC000268,2026-09-14 18:40:41,Michaelport,TT,0
ACC001243,2026-09-14 18:40:42,West Travis,DE,0
ACC001320,2026-09-14 18:40:42,Pottston,BJ,0
ACC001293,2026-09-14 18:40:42,Webbville,LI,0
ACC002904,2026-09-14 18:40:42,South Steven,RU,0
ACC000825,2026-09-14 18:40:43,Caitlinside,BA,0
ACC001056,2026-09-14 18:40:43,Edwinside,EG,0
ACC001158,2026-09-14 18:40:43,Port Samanthafurt,KR,0
ACC003331,2026-09-14 18:40:43,East Ashleyville,CD,0
ACC003462,2026-09-14 18:40:44,South Michael,AG,0
ACC003539,2026-09-14 18:40:44,East Michael,SL,0
ACC001711,2026-09-14 18:40:44,East Hannah,TM,1
ACC002352,2026-09-14 18:40:44,Scotttown,AO,0
ACC003176,2026-09-14 18:40:45,East Jennifer,MW,0
ACC003242,2026-09-14 18:40:45,Pamelamouth,AM,0
ACC000731,2026-09-14 18:40:45,Martinezside,YE,0
ACC003610,2026-09-14 18:40:46,South Leslieside,FM,0
ACC001583,2026-09-14 18:40:47,Curtisland,AE,0
ACC004122,2026-09-14 18:40:50,Christophermouth,ER,0
ACC003556,2026-09-14 18:40:50,Loganberg,MW,0
ACC000462,2026-09-14 18:40:50,West Sandra,WS,0
ACC000009,2026-09-14 18:40:51,Port Tracey,ST,0
ACC001211,2026-09-14 18:40:51,Marquezside,BN,0
ACC004306,2026-09-14 18:40:51,Goodwinfort,BF,0
ACC003626,2026-09-14 18:40:51,New Gary,IT,0
ACC001534,2026-09-14 18:40:51,West Kimberly,IR,0
ACC000904,2026-09-14 18:40:52,Clarkburgh,GA,1
ACC004186,2026-09-14 18:40:52,East Bruceborough,BD,0
ACC001669,2026-09-14 18:40:52,Jamestown,UA,0
ACC000074,2026-09-14 18:40:52,Kathleenshire,PK,0
ACC004093,2026-09-14 18:40:53,East Tara,KH,0
ACC001991,2026-09-14 18:40:53,Perryland,SI,0
ACC002064,2026-09-14 18:40:53,Port Christinaland,KW,0
ACC002494,2026-09-14 18:40:54,New Melinda,ID,0
ACC000387,2026-09-14 18:40:54,Gomezberg,CF,0
ACC001030,2026-09-14 18:40:55,Port William,SV,0
ACC004750,2026-09-14 18:40:55,Charlesbury,KN,0
ACC002707,2026-09-14 18:40:58,Port David,NG,0
ACC003114,2026-09-14 18:40:58,East Kelseyburgh,LS,1
ACC003935,2026-09-14 18:40:59,Hernandezhaven,GY,0
ACC001644,2026-09-14 18:40:59,East David,BW,1
ACC002984,2026-09-14 18:41:00,North Jenniferport,FJ,0
ACC002271,2026-09-14 18:41:00,New Jamiestad,PE,0
ACC002066,2026-09-14 18:41:01,Reedhaven,MZ,1
ACC000149,2026-09-14 18:41:01,Matthewberg,SN,0
ACC003145,2026-09-14 18:41:01,Waynehaven,PY,0
ACC002851,2026-09-14 18:41:01,Rodriguezbury,TM,0
ACC000047,2026-09-14 18:41:01,East Lori,IS,0
ACC001555,2026-09-14 18:41:01,Tinashire,BI,0
ACC003430,2026-09-14 18:41:02,New Ricky,LU,0
ACC000866,2026-09-14 18:41:03,Jonesport,BA,0
ACC004238,2026-09-14 18:41:03,East Lisa,MN,0
ACC001065,2026-09-14 18:41:03,West Christophertown,TD,0
ACC000012,2026-09-14 18:41:03,Wendyhaven,MZ,0
ACC001561,2026-09-14 18:41:04,Kimberlyborough,HT,0
ACC000153,2026-09-14 18:41:04,Shaneland,UY,1
ACC002238,2026-09-14 18:41:04,Lake Angelaville,TH,0
ACC004960,2026-09-14 18:41:04,Harmonmouth,CN,0
ACC000989,2026-09-14 18:41:04,Hernandezview,KM,1
ACC003325,2026-09-14 18:41:04,Foleyport,KN,0
ACC004714,2026-09-14 18:41:05,Johnstad,WS,0
ACC001858,2026-09-14 18:41:05,Melissahaven,IN,0
ACC002597,2026-09-14 18:41:05,Port Alvin,VU,0
ACC004989,2026-09-14 18:41:06,North Brianafort,LS,0
ACC003587,2026-09-14 18:41:06,Donnaland,IR,0
ACC000326,2026-09-14 18:41:07,Port Jessica,GD,0
ACC003481,2026-09-14 18:41:07,West Josephborough,PY,0
ACC001508,2026-09-14 18:41:07,Lake Amandahaven,IQ,0
ACC002035,2026-09-14 18:41:08,East Carrie,QA,0
ACC003413,2026-09-14 18:41:08,East Emilyburgh,CH,0
ACC003346,2026-09-14 18:41:08,Elijahside,ES,0
ACC002106,2026-09-14 18:41:08,Harrisshire,NL,0
ACC000543,2026-09-14 18:41:09,Johnville,SB,1
ACC004058,2026-09-14 18:41:09,Garciafurt,CF,0
ACC003907,2026-09-14 18:41:09,South Feliciaside,ZW,0
ACC001301,2026-09-14 18:41:09,Lake Karenberg,VA,0
ACC002533,2026-09-14 18:41:10,South David,AU,0
ACC003329,2026-09-14 18:41:10,Johnsonhaven,WS,1
ACC001419,2026-09-14 18:41:11,Hunterside,DZ,1
ACC000791,2026-09-14 18:41:11,South Cathystad,GH,0
ACC002260,2026-09-14 18:41:11,Chadmouth,LS,0
ACC000484,2026-09-14 18:41:11,Lake Wesleybury,VN,0
ACC002226,2026-09-14 18:41:12,Port Robertton,TG,0
ACC001319,2026-09-14 18:41:12,Danielmouth,TD,0
ACC000775,2026-09-14 18:41:12,East Sethfort,PG,0
ACC004833,2026-09-14 18:41:13,Hallbury,LU,0
ACC001143,2026-09-14 18:41:13,Townsendchester,LT,0
ACC004557,2026-09-14 18:41:13,Kirstenhaven,PY,0
ACC002324,2026-09-14 18:41:14,Jeremyhaven,IR,0
ACC002684,2026-09-14 18:41:15,New Elizabethfort,SR,0
ACC001027,2026-09-14 18:41:15,Lake Kellyhaven,ER,0
ACC002025,2026-09-14 18:41:15,Harrisburgh,MR,0
ACC003488,2026-09-14 18:41:15,Glennville,KE,0
ACC003450,2026-09-14 18:41:16,Chrisstad,FJ,0
ACC001943,2026-09-14 18:41:16,South Jenniferville,TM,0
ACC000086,2026-09-14 18:41:16,North Janiceton,KH,0
ACC001893,2026-09-14 18:41:16,Meganfurt,LS,0
ACC004962,2026-09-14 18:41:16,Lake Brandon,KP,0
ACC003034,2026-09-14 18:41:16,North Scott,GY,0
ACC000846,2026-09-14 18:41:16,Hoodhaven,IL,0
ACC001722,2026-09-14 18:41:17,Cindyfort,RU,0
ACC001046,2026-09-14 18:41:17,Rebekahton,IQ,0
ACC002292,2026-09-14 18:41:18,Kyleton,CG,0
ACC004729,2026-09-14 18:41:18,West Robert,AM,0
ACC004187,2026-09-14 18:41:19,Juliamouth,ES,0
ACC004374,2026-09-14 18:41:20,North Alanmouth,BF,0
ACC004713,2026-09-14 18:41:20,East Diamondchester,DJ,0
ACC001523,2026-09-14 18:41:20,Michellefurt,TG,0
ACC001297,2026-09-14 18:41:20,Brendamouth,US,0
ACC000938,2026-09-14 18:41:21,Jacksonton,TM,0
ACC001566,2026-09-14 18:41:21,North Timothyberg,LC,0
ACC002481,2026-09-14 18:41:21,Lake Jennifer,KW,0
ACC001660,2026-09-14 18:41:21,South Brittanystad,PH,0
ACC001666,2026-09-14 18:41:22,West Barbaratown,NA,0
ACC004571,2026-09-14 18:41:22,Brownville,CD,0
ACC002506,2026-09-14 18:41:23,Roberthaven,VA,0
ACC003814,2026-09-14 18:41:23,Smithport,LK,0
ACC003378,2026-09-14 18:41:23,Lake Henryburgh,SB,0
ACC004648,2026-09-14 18:41:24,Bryantville,CL,0
ACC001780,2026-09-14 18:41:24,Port Charlesstad,KE,0
ACC002638,2026-09-14 18:41:24,Lake Lisaborough,AF,0
ACC001641,2026-09-14 18:41:25,South Bryce,ME,0
ACC000101,2026-09-14 18:41:25,Shannonport,BI,0
ACC002153,2026-09-14 18:41:26,Mccoyberg,CR,0
ACC000795,2026-09-14 18:41:27,Hannamouth,BO,0
ACC002101,2026-09-14 18:41:27,Rebeccafort,IQ,0
ACC004336,2026-09-14 18:41:28,Jesusport,MK,0
ACC004047,2026-09-14 18:41:29,Port Laura,CN,0
ACC002372,2026-09-14 18:41:30,Rebeccaside,PT,0
ACC004151,2026-09-14 18:41:30,Ericfort,SD,0
ACC003673,2026-09-14 18:41:31,South James,CZ,0
ACC004268,2026-09-14 18:41:31,Reginastad,KM,0
ACC001829,2026-09-14 18:41:31,Rebeccamouth,CF,0
ACC000688,2026-09-14 18:41:31,South Wendymouth,EC,0
ACC003063,2026-09-14 18:41:31,North David,SO,0
ACC004284,2026-09-14 18:41:32,Lake Pamelastad,GB,0
ACC001964,2026-09-14 18:41:32,Kellymouth,SI,0
ACC000428,2026-09-14 18:41:33,Lake Tiffany,BW,1
ACC003315,2026-09-14 18:41:33,Port Roseville,UG,0
ACC000933,2026-09-14 18:41:33,New Johnborough,UY,0
ACC001924,2026-09-14 18:41:33,Jonesborough,IN,0
ACC001534,2026-09-14 18:41:34,Andrewchester,BO,0
ACC000724,2026-09-14 18:41:35,East Joshuahaven,YE,0
ACC002291,2026-09-14 18:41:35,Gordonbury,GQ,0
ACC000977,2026-09-14 18:41:35,Port Connieside,AT,0
ACC001474,2026-09-14 18:41:35,New Sarahstad,BE,0
ACC002985,2026-09-14 18:41:36,Holmesbury,CZ,0
ACC004222,2026-09-14 18:41:37,North Caseyport,MH,0
ACC001320,2026-09-14 18:41:37,New Johnny,AM,0
ACC001589,2026-09-14 18:41:37,Perkinsmouth,FJ,0
ACC000442,2026-09-14 18:41:38,Lake Maryshire,AR,0
ACC004651,2026-09-14 18:41:38,Autumnshire,UZ,0
ACC003007,2026-09-14 18:41:38,Reesefurt,PT,0
ACC001540,2026-09-14 18:41:38,Port Katrina,KI,0
ACC002682,2026-09-14 18:41:40,Tonyberg,TR,0
ACC004086,2026-09-14 18:41:41,Amyshire,TR,0
ACC004503,2026-09-14 18:41:41,Christopherburgh,VE,0
ACC004082,2026-09-14 18:41:42,South Paigebury,BH,0
ACC004682,2026-09-14 18:41:42,West Craigland,LI,0
ACC002928,2026-09-14 18:41:42,Mcdonaldville,BB,0
ACC002056,2026-09-14 18:41:42,North Maria,MR,0
ACC001815,2026-09-14 18:41:43,East Barbara,VN,0
ACC004018,2026-09-14 18:41:43,New Debbie,LB,0
ACC003704,2026-09-14 18:41:43,Millerbury,RO,0
ACC000585,2026-09-14 18:41:44,Deniseview,TG,0
ACC003214,2026-09-14 18:41:44,Port Jonathanborough,JM,0
ACC001534,2026-09-14 18:41:45,North Kevinville,CL,0
ACC002375,2026-09-14 18:41:45,Lake Donald,IQ,0
ACC001473,2026-09-14 18:41:45,New Cindy,FM,0
ACC001412,2026-09-14 18:41:45,Dominiqueton,TT,0
ACC002636,2026-09-14 18:41:45,Susanfurt,BH,0
ACC004637,2026-09-14 18:41:45,Greenberg,TL,0
ACC001191,2026-09-14 18:41:46,Brianside,AD,1
ACC003635,2026-09-14 18:41:46,Port Ryan,PW,0
ACC003642,2026-09-14 18:41:47,Cooperfurt,RU,0
ACC004473,2026-09-14 18:41:47,East Melissa,AU,0
ACC002283,2026-09-14 18:41:47,Annside,RS,0
ACC002810,2026-09-14 18:41:47,Davidview,IT,0
ACC002204,2026-09-14 18:41:47,Masonmouth,KE,0
ACC004605,2026-09-14 18:41:47,South Seanberg,MV,1
ACC002979,2026-09-14 18:41:48,Port Paulabury,CD,0
ACC002028,2026-09-14 18:41:48,North Theresa,JM,0
ACC004775,2026-09-14 18:41:48,Maddenville,US,0
ACC003394,2026-09-14 18:41:48,Middletonton,KM,0
ACC003325,2026-09-14 18:41:48,Foxtown,NZ,0
ACC000387,2026-09-14 18:41:48,Martinezburgh,FM,0
ACC003572,2026-09-14 18:41:48,East Rhondaville,MR,0
ACC003637,2026-09-14 18:41:49,Matthewport,AF,0
ACC000128,2026-09-14 18:41:50,East Alan,NL,1
ACC003949,2026-09-14 18:41:50,East Clintonberg,BW,0
ACC001796,2026-09-14 18:41:50,Allisonfort,GD,0
ACC002964,2026-09-14 18:41:50,North Rebeccaton,WS,0
ACC004052,2026-09-14 18:41:51,South Tylerport,GR,0
ACC002864,2026-09-14 18:41:51,New Leefort,OM,0
ACC001094,2026-09-14 18:41:51,Smithside,EG,0
ACC001495,2026-09-14 18:41:51,East Linda,MA,0
ACC003047,2026-09-14 18:41:52,Williamsbury,ZW,0
ACC001376,2026-09-14 18:41:52,Lake Ashleytown,CY,0
ACC004275,2026-09-14 18:41:52,Warrenfort,GQ,0
ACC002860,2026-09-14 18:41:53,Lake Scottmouth,CH,0
ACC002109,2026-09-14 18:41:53,Nixonshire,KM,0
ACC000651,2026-09-14 18:41:53,Robbinschester,KH,0
ACC003269,2026-09-14 18:41:54,North Timothyside,NL,0
ACC003093,2026-09-14 18:41:54,Lake Mary,TT,0
ACC001254,2026-09-14 18:41:54,Coleside,PS,1
ACC004302,2026-09-14 18:41:55,Deanmouth,NA,0
ACC001423,2026-09-14 18:41:56,South Paul,CA,1
ACC000090,2026-09-14 18:41:56,Bradshawland,CO,0
ACC001668,2026-09-14 18:41:56,Robinsonport,PH,0
ACC000202,2026-09-14 18:41:57,New Andrew,MA,1
ACC001161,2026-09-14 18:41:57,East Jacqueline,MZ,0
ACC003073,2026-09-14 18:41:57,North Stephenberg,ST,0
ACC003950,2026-09-14 18:41:57,Brianside,DE,0
ACC001025,2026-09-14 18:41:58,Jamieshire,CZ,0
ACC003879,2026-09-14 18:41:58,Tracyfurt,GY,0
ACC004225,2026-09-14 18:41:59,South Susan,VN,0
ACC001059,2026-09-14 18:41:59,Troyside,JO,0
ACC003953,2026-09-14 18:41:59,Pierceport,SM,0
ACC002178,2026-09-14 18:41:59,Connorhaven,GW,0
ACC002222,2026-09-14 18:41:59,Nathanmouth,PL,0
ACC000505,2026-09-14 18:42:00,North Craig,EC,0
ACC001156,2026-09-14 18:42:00,New Anthonymouth,HU,0
ACC004405,2026-09-14 18:42:00,Kempfort,MR,0
ACC004835,2026-09-14 18:42:00,Jacquelinetown,ER,0
ACC002070,2026-09-14 18:42:00,Josephtown,SE,0
ACC001940,2026-09-14 18:42:00,South Johnny,KN,0
ACC002783,2026-09-14 18:42:01,New Juanmouth,MN,0
ACC002111,2026-09-14 18:42:01,Stephanieshire,UY,0
ACC000471,2026-09-14 18:42:02,Lake Jessicaland,YE,0
ACC000546,2026-09-14 18:42:02,Beckburgh,ES,0
ACC003669,2026-09-14 18:42:02,East Linda,SG,0
ACC001676,2026-09-14 18:42:02,North Rachelstad,RU,0
ACC002106,2026-09-14 18:42:02,Melissatown,FM,0
ACC001649,2026-09-14 18:42:03,Allenhaven,PK,0
ACC000607,2026-09-14 18:42:03,West Scott,SV,0
ACC004669,2026-09-14 18:42:03,North Jackburgh,SR,0
ACC003344,2026-09-14 18:42:03,Elizabethville,VN,0
ACC003353,2026-09-14 18:42:03,North Nancyfort,AE,0
ACC003966,2026-09-14 18:42:04,Bartonshire,VE,0
ACC004758,2026-09-14 18:42:04,Wardburgh,KI,0
ACC002353,2026-09-14 18:42:04,Hallland,GD,1
ACC001577,2026-09-14 18:42:05,Destinyhaven,LT,0
ACC001087,2026-09-14 18:42:05,Robinsonhaven,RS,0
ACC000800,2026-09-14 18:42:05,West Angelaville,TN,1
ACC001291,2026-09-14 18:42:06,Carlsonmouth,BW,1
ACC004348,2026-09-14 18:42:06,Lake Timothyborough,TR,0
ACC003751,2026-09-14 18:42:06,North William,UZ,0
ACC003957,2026-09-14 18:42:06,Russellfort,BO,0
ACC003616,2026-09-14 18:42:06,Payneville,VN,0
ACC001052,2026-09-14 18:42:07,West Benjaminfort,NR,1
ACC003817,2026-09-14 18:42:07,Joshuastad,IT,1
ACC003880,2026-09-14 18:42:07,Lauraborough,TN,0
ACC000709,2026-09-14 18:42:07,New Monicaport,SY,0
ACC003768,2026-09-14 18:42:08,East Sara,KI,0
ACC001555,2026-09-14 18:42:08,Justinfurt,VU,0
ACC001631,2026-09-14 18:42:09,New Jacquelinehaven,ME,0
ACC000367,2026-09-14 18:42:10,Ramirezville,BN,0
ACC000994,2026-09-14 18:42:11,Charlesfort,AM,0
ACC000267,2026-09-14 18:42:11,North Curtisport,PS,0
ACC002253,2026-09-14 18:42:12,South Lauren,MD,0
ACC003571,2026-09-14 18:42:12,Christineside,PT,1
ACC004275,2026-09-14 18:42:12,South Pamelatown,CD,1
ACC004697,2026-09-14 18:42:12,Andrewton,WS,0
ACC003803,2026-09-14 18:42:12,New John,MX,1
ACC000320,2026-09-14 18:42:13,East Jasonberg,SD,0
ACC004675,2026-09-14 18:42:13,South Jillchester,GB,0
ACC004848,2026-09-14 18:42:13,Hernandezberg,NZ,0
ACC004622,2026-09-14 18:42:14,Colleenshire,IT,0
ACC001221,2026-09-14 18:42:14,Port Susanfurt,AO,0
ACC004913,2026-09-14 18:42:14,Nguyenchester,DK,1
ACC001705,2026-09-14 18:42:14,Benjaminfurt,BA,0
ACC002269,2026-09-14 18:42:14,Lake Crystalshire,MR,0
ACC004428,2026-09-14 18:42:15,Kevinberg,KG,0
ACC002993,2026-09-14 18:42:15,Lake Brittanychester,GB,1
ACC002365,2026-09-14 18:42:16,South Regina,KE,0
ACC001317,2026-09-14 18:42:16,East Tammy,SY,0
ACC001314,2026-09-14 18:42:17,Shawnshire,DJ,1
ACC000373,2026-09-14 18:42:17,Daniellemouth,NO,0
ACC004407,2026-09-14 18:42:18,Robinborough,FM,0
ACC000369,2026-09-14 18:42:18,East Becky,PH,0
ACC003258,2026-09-14 18:42:18,Lake Elizabethmouth,SY,0
ACC003605,2026-09-14 18:42:19,New Karenberg,US,0
ACC003981,2026-09-14 18:42:19,Bensontown,AT,1
ACC003617,2026-09-14 18:42:20,Lake Rebeccaport,GA,0
ACC003889,2026-09-14 18:42:20,East Triciamouth,GB,0
ACC002509,2026-09-14 18:42:20,South Christopherburgh,CI,0
ACC004357,2026-09-14 18:42:20,Navarrotown,PH,0
ACC002136,2026-09-14 18:42:21,New Heatherfurt,GA,0
ACC000578,2026-09-14 18:42:21,Lake Sierra,HN,0
ACC000437,2026-09-14 18:42:21,South Elizabeth,KR,0
ACC002078,2026-09-14 18:42:21,West Michaelshire,ID,0
ACC002739,2026-09-14 18:42:21,Sanderston,ML,0
ACC002670,2026-09-14 18:42:22,East Roy,LB,0
ACC003974,2026-09-14 18:42:22,Julieview,BY,0
ACC003191,2026-09-14 18:42:22,Jasonstad,NL,0
ACC000215,2026-09-14 18:42:22,Lake Tanyaton,OM,1
ACC003337,2026-09-14 18:42:23,Parksborough,AF,0
ACC000879,2026-09-14 18:42:23,Willisfort,CV,0
ACC001547,2026-09-14 18:42:24,New Kevinside,SA,1
ACC004125,2026-09-14 18:42:24,New Timothy,SC,0
ACC004891,2026-09-14 18:42:24,Richardsontown,QA,0
ACC004134,2026-09-14 18:42:24,Port Tinaville,EC,0
ACC004716,2026-09-14 18:42:25,Hansonside,SM,0
ACC002141,2026-09-14 18:42:25,Jamesfort,BG,0
ACC003015,2026-09-14 18:42:25,Port Sara,BZ,0
ACC000963,2026-09-14 18:42:26,Benderburgh,EG,0
ACC004712,2026-09-14 18:42:27,Tinaport,LV,1
ACC001800,2026-09-14 18:42:27,Bryanburgh,MG,0
ACC004929,2026-09-14 18:42:27,West Laura,DZ,0
ACC003152,2026-09-14 18:42:27,Kristiport,ID,0
ACC003187,2026-09-14 18:42:27,North Laurentown,KN,0
ACC004294,2026-09-14 18:42:27,North Elizabethchester,NL,0
ACC001194,2026-09-14 18:42:27,Tranburgh,TO,0
ACC002179,2026-09-14 18:42:28,Port Nicholasview,ES,0
ACC001289,2026-09-14 18:42:28,North Benjaminstad,SG,0
ACC004220,2026-09-14 18:42:29,Aguirreview,BJ,0
ACC000085,2026-09-14 18:42:29,South Nicoleton,GW,0
ACC001466,2026-09-14 18:42:29,New Charlesport,GD,0
ACC002634,2026-09-14 18:42:29,Mercermouth,GE,0
ACC004163,2026-09-14 18:42:29,Bautistastad,BG,0
ACC001512,2026-09-14 18:42:30,Lake Vickishire,GR,0
ACC002865,2026-09-14 18:42:30,Johnmouth,DJ,0
ACC000333,2026-09-14 18:42:31,New Christopherbury,AF,0
ACC003223,2026-09-14 18:42:31,West Georgeberg,BN,0
ACC002162,2026-09-14 18:42:31,Moorechester,JO,0
ACC000995,2026-09-14 18:42:31,New Jeffreyborough,CF,0
ACC002708,2026-09-14 18:42:31,Martinville,CL,0
ACC003236,2026-09-14 18:42:31,Brittanymouth,TR,0
ACC001730,2026-09-14 18:42:31,Sarahfort,GQ,0
ACC002106,2026-09-14 18:42:31,Whiteview,CV,0
ACC004693,2026-09-14 18:42:32,Bushfurt,SR,0
ACC004269,2026-09-14 18:42:32,South Tammy,SY,0
ACC002703,2026-09-14 18:42:32,North Dustin,DZ,0
ACC000373,2026-09-14 18:42:33,Teresaburgh,IN,0
ACC002904,2026-09-14 18:42:33,Lake Tyroneborough,CL,0
ACC004415,2026-09-14 18:42:33,Nguyenville,SV,0
ACC002907,2026-09-14 18:42:33,West Williamshire,SZ,0
ACC004555,2026-09-14 18:42:33,West Alan,SO,0
ACC001766,2026-09-14 18:42:34,Port Courtneyburgh,PY,0
ACC004147,2026-09-14 18:42:34,Kimberlyhaven,CU,0
ACC001394,2026-09-14 18:42:34,Frenchfort,ES,0
ACC002177,2026-09-14 18:42:34,New Kayla,QA,1
ACC000526,2026-09-14 18:42:36,South Heatherview,CD,0
ACC002400,2026-09-14 18:42:36,North Lauraburgh,TN,0
ACC001107,2026-09-14 18:42:37,West Amanda,MR,0
ACC004472,2026-09-14 18:42:37,South Josephstad,CA,0
ACC002999,2026-09-14 18:42:38,East Sarah,LU,0
ACC003427,2026-09-14 18:42:38,West Brendaview,ZA,0
ACC002086,2026-09-14 18:42:38,Gonzalezside,CI,0
ACC004246,2026-09-14 18:42:38,East Amanda,GH,0
ACC003475,2026-09-14 18:42:38,Lake Hannah,SV,0
ACC002269,2026-09-14 18:42:39,North Jamestown,PK,0
ACC000498,2026-09-14 18:42:40,Rachelside,MK,0
ACC001102,2026-09-14 18:42:40,Rebeccafurt,VU,0
ACC003666,2026-09-14 18:42:40,Aliciachester,FJ,0
ACC003595,2026-09-14 18:42:41,South Benjamin,GQ,0
ACC001652,2026-09-14 18:42:41,Lake Patricia,CL,0
ACC004809,2026-09-14 18:42:41,North Kim,SC,0
ACC001026,2026-09-14 18:42:42,Kellerstad,PL,0
ACC002787,2026-09-14 18:42:42,Lake Kyle,SB,0
ACC003180,2026-09-14 18:42:42,Cooktown,DM,0
ACC002299,2026-09-14 18:42:42,Clinechester,AL,0
ACC004365,2026-09-14 18:42:44,Williamsfurt,NR,0
ACC000780,2026-09-14 18:42:44,Anitaton,DM,0
ACC002769,2026-09-14 18:42:44,Lake Daniel,LR,0
ACC001835,2026-09-14 18:42:44,West Jerome,MD,0
ACC001926,2026-09-14 18:42:44,West Adam,EG,0
ACC001174,2026-09-14 18:42:44,Stephenfort,QA,0
ACC000324,2026-09-14 18:42:45,Wardmouth,NE,0
ACC004572,2026-09-14 18:42:45,Williamshire,DM,0
ACC004704,2026-09-14 18:42:45,Ambermouth,CD,0
ACC003203,2026-09-14 18:42:45,Adamtown,ES,0
ACC000184,2026-09-14 18:42:46,South Christopher,RO,0
ACC004412,2026-09-14 18:42:46,Thomasmouth,NR,0
ACC003289,2026-09-14 18:42:47,Monicaberg,SE,0
ACC002825,2026-09-14 18:42:47,East Jamesland,VC,1
ACC003324,2026-09-14 18:42:47,New Michelle,RS,0
ACC000072,2026-09-14 18:42:47,North Mikaylafort,BN,0
ACC004220,2026-09-14 18:42:47,New Daniel,LT,0
ACC002651,2026-09-14 18:42:47,Frankmouth,NI,0
ACC000026,2026-09-14 18:42:47,Owenshaven,SK,0
ACC002959,2026-09-14 18:42:48,Bryanchester,CL,0
ACC004513,2026-09-14 18:42:48,Port Amber,JO,0
ACC000223,2026-09-14 18:42:48,Lake Melanie,FR,0
ACC003571,2026-09-14 18:42:48,South Jennifer,NZ,0
ACC000286,2026-09-14 18:42:49,Danielsfort,HT,0
ACC004106,2026-09-14 18:42:49,South Shawnview,VN,0
ACC001687,2026-09-14 18:42:49,South Sarah,SB,0
ACC001879,2026-09-14 18:42:49,South William,QA,0
ACC003258,2026-09-14 18:42:50,South Christopherside,KZ,0
ACC002486,2026-09-14 18:42:50,Billystad,TV,0
ACC003460,2026-09-14 18:42:51,South Kendra,ZA,0
ACC004899,2026-09-14 18:42:51,Lake Robertburgh,ZA,0
ACC000942,2026-09-14 18:42:51,Reynoldsmouth,AD,0
ACC000856,2026-09-14 18:42:51,Aprilbury,RS,0
ACC002348,2026-09-14 18:42:51,New Melissahaven,JM,0
ACC004178,2026-09-14 18:42:51,New Laurentown,NZ,0
ACC001364,2026-09-14 18:42:51,East Angelastad,LI,0
ACC003444,2026-09-14 18:42:51,Amandabury,BH,0
ACC000061,2026-09-14 18:42:52,Karenton,ST,0
ACC002930,2026-09-14 18:42:52,Castilloville,ET,0
ACC003261,2026-09-14 18:42:53,Port Emma,FI,0
ACC001573,2026-09-14 18:42:53,Denisestad,UY,0
ACC001583,2026-09-14 18:42:53,Port Ethan,TV,0
ACC002670,2026-09-14 18:42:54,Lake Cody,SN,0
ACC004692,2026-09-14 18:42:54,Bethfurt,LA,0
ACC001894,2026-09-14 18:42:54,Freemanport,LS,0
ACC000135,2026-09-14 18:42:55,Kempmouth,CU,0
ACC002629,2026-09-14 18:42:55,Jonesfort,VC,0
ACC003664,2026-09-14 18:42:55,East Leslieshire,NP,0
ACC000352,2026-09-14 18:42:56,South Johnburgh,MM,0
ACC001833,2026-09-14 18:42:56,Lindaton,SA,0
ACC003263,2026-09-14 18:42:57,New Ashleyport,KW,0
ACC001705,2026-09-14 18:42:57,Kyleton,CO,0
ACC001407,2026-09-14 18:42:58,Caitlinfort,NZ,0
ACC003877,2026-09-14 18:42:58,New Tanya,EC,0
ACC002115,2026-09-14 18:42:58,Donaldsonmouth,TN,0
ACC001032,2026-09-14 18:42:58,Port Aaron,GB,0
ACC000742,2026-09-14 18:42:59,Lake Shannonfort,NP,0
ACC003090,2026-09-14 18:42:59,Lake Melissafort,TT,0
ACC000478,2026-09-14 18:42:59,Port Stevenfurt,QA,0
ACC004956,2026-09-14 18:43:00,Mariastad,NI,0
ACC000320,2026-09-14 18:43:01,North Joshuamouth,GB,0
ACC004508,2026-09-14 18:43:02,Carneyberg,RU,1
ACC001493,2026-09-14 18:43:03,Ericabury,MG,0
ACC004941,2026-09-14 18:43:03,Port Ashleyborough,BD,1
ACC002208,2026-09-14 18:43:03,Jillianland,TV,0
ACC003201,2026-09-14 18:43:04,Jensentown,KN,0
ACC002354,2026-09-14 18:43:04,East Ashley,FJ,0
ACC000919,2026-09-14 18:43:04,Kirbyport,GM,0
ACC000643,2026-09-14 18:43:05,North Natalie,HN,0
ACC000932,2026-09-14 18:43:06,Port Kimberlyshire,LY,0
ACC002938,2026-09-14 18:43:06,Connerfurt,SG,0
ACC003072,2026-09-14 18:43:06,West Jonathanmouth,SY,0
ACC001693,2026-09-14 18:43:07,South Timothy,TD,0
ACC003999,2026-09-14 18:43:08,North Pamela,LI,0
ACC002490,2026-09-14 18:43:08,Lake Brandiborough,SC,0
ACC004387,2026-09-14 18:43:08,South Denise,SC,0
ACC003335,2026-09-14 18:43:08,New Diana,PS,0
ACC002265,2026-09-14 18:43:08,Stephanieside,KP,0
ACC004467,2026-09-14 18:43:08,Greenview,AE,0
ACC000007,2026-09-14 18:43:09,Lake Anthony,SI,0
ACC003503,2026-09-14 18:43:09,Justinton,ZW,0
ACC000650,2026-09-14 18:43:10,Port William,GY,0
ACC002917,2026-09-14 18:43:10,Damonberg,ZM,0
ACC000593,2026-09-14 18:43:11,Jenniferstad,PG,0
ACC003394,2026-09-14 18:43:11,Katherinebury,DK,0
ACC000606,2026-09-14 18:43:12,Michaeltown,NR,1
ACC002337,2026-09-14 18:43:12,East Curtis,ER,0
ACC002459,2026-09-14 18:43:12,Ianport,BZ,0
ACC004348,2026-09-14 18:43:13,Josephview,TZ,0
ACC000640,2026-09-14 18:43:14,Jenningsstad,BB,0
ACC001027,2026-09-14 18:43:14,South Shawnshire,MY,0
ACC000802,2026-09-14 18:43:15,North Brookeview,CA,0
ACC003626,2026-09-14 18:43:16,Frankstad,BT,1
ACC000077,2026-09-14 18:43:16,South Katelyn,DZ,0
ACC002119,2026-09-14 18:43:16,West Victoria,BD,0
ACC002800,2026-09-14 18:43:18,West Ronaldton,BE,1
ACC004680,2026-09-14 18:43:19,Lake Angelafurt,KR,0
ACC004414,2026-09-14 18:43:20,Justintown,GR,0
ACC004757,2026-09-14 18:43:21,East April,RW,0
ACC001322,2026-09-14 18:43:21,Port Seth,GR,0
ACC002597,2026-09-14 18:43:21,Brianburgh,EG,0
ACC002566,2026-09-14 18:43:22,Christopherport,BI,0
ACC003659,2026-09-14 18:43:22,East Katherine,PG,0
ACC003758,2026-09-14 18:43:22,Christopherland,TV,0
ACC000440,2026-09-14 18:43:22,South Ricardoside,UY,1
ACC002513,2026-09-14 18:43:23,South Christy,MA,0
ACC003009,2026-09-14 18:43:24,South Brittanyland,QA,0
ACC000112,2026-09-14 18:43:25,Hodgeston,AE,0
ACC000356,2026-09-14 18:43:25,Lake Cynthia,CD,0
ACC003584,2026-09-14 18:43:26,Port Adamville,UG,0
ACC003872,2026-09-14 18:43:26,New Tammyberg,BT,0
ACC002131,2026-09-14 18:43:26,Port Melissa,AT,0
ACC004464,2026-09-14 18:43:27,North Karamouth,LI,0
ACC001437,2026-09-14 18:43:27,Lake Katherine,LT,0
ACC002370,2026-09-14 18:43:27,Lake Christinaborough,CM,0
ACC004873,2026-09-14 18:43:27,Robertsbury,LI,0
ACC004451,2026-09-14 18:43:27,Davidland,SB,0
ACC001096,2026-09-14 18:43:27,Moyertown,SA,0
ACC001564,2026-09-14 18:43:28,New Alejandraland,QA,0
ACC001519,2026-09-14 18:43:28,Haleymouth,AR,0
ACC004175,2026-09-14 18:43:28,Zacharymouth,SZ,1
ACC000010,2026-09-14 18:43:29,Davistown,SY,0
ACC003698,2026-09-14 18:43:29,Aaronhaven,RS,0
ACC001941,2026-09-14 18:43:29,New Deniseside,BA,0
ACC001505,2026-09-14 18:43:29,Haleyshire,SZ,0
ACC003990,2026-09-14 18:43:29,Port Michaelmouth,KW,0
ACC004795,2026-09-14 18:43:29,Lake Angelafurt,MD,0
ACC001509,2026-09-14 18:43:29,Phillipsland,UZ,0
ACC003985,2026-09-14 18:43:30,East Edward,GT,0
ACC002050,2026-09-14 18:43:30,West Timothyfort,BB,0
ACC002248,2026-09-14 18:43:30,West Bobby,VN,0
ACC002888,2026-09-14 18:43:30,New Michael,TM,0
ACC001509,2026-09-14 18:43:30,New Donnahaven,DO,0
ACC000270,2026-09-14 18:43:30,Gibsonchester,LV,0
ACC002569,2026-09-14 18:43:30,Oliviaborough,VC,0
ACC004155,2026-09-14 18:43:31,Port Lori,VN,1
ACC002657,2026-09-14 18:43:31,Gabrielaview,PS,0
ACC001335,2026-09-14 18:43:32,West Mallorymouth,TH,0
ACC002293,2026-09-14 18:43:32,Johnsonmouth,GD,0
ACC001871,2026-09-14 18:43:32,Thomasport,ST,1
ACC000196,2026-09-14 18:43:32,Danielville,CY,0
ACC002953,2026-09-14 18:43:33,East Samanthafort,QA,0
ACC004337,2026-09-14 18:43:33,South Brianchester,AL,0
ACC003592,2026-09-14 18:43:33,Lake David,ZW,0
ACC000426,2026-09-14 18:43:34,Floreshaven,ZM,0
ACC003425,2026-09-14 18:43:34,Candicestad,FR,0
ACC004449,2026-09-14 18:43:34,North David,KM,0
ACC003032,2026-09-14 18:43:34,Andradeville,PE,0
ACC001362,2026-09-14 18:43:34,Port Jeffrey,CG,1
ACC003137,2026-09-14 18:43:34,Bryanshire,AT,0
ACC002732,2026-09-14 18:43:34,Kathrynburgh,KI,0
ACC002943,2026-09-14 18:43:34,Lake Sara,TO,0
ACC003099,2026-09-14 18:43:35,Beverlystad,CV,0
ACC004103,2026-09-14 18:43:35,Williamsmouth,PH,0
ACC000826,2026-09-14 18:43:37,Lake Paul,PK,0
ACC000895,2026-09-14 18:43:38,Lake Jonathanport,NP,0
ACC001427,2026-09-14 18:43:39,North Ericland,TR,0
ACC001818,2026-09-14 18:43:39,Port Leslie,GN,0
ACC000580,2026-09-14 18:43:39,West Darrenhaven,GT,0
ACC001845,2026-09-14 18:43:39,Brownport,LC,0
ACC002122,2026-09-14 18:43:40,Theodorestad,PY,0
ACC001704,2026-09-14 18:43:40,West Williamfurt,TN,0
ACC001582,2026-09-14 18:43:40,New Krystal,MU,0
ACC004010,2026-09-14 18:43:40,Lake Amyburgh,MG,1
ACC003096,2026-09-14 18:43:41,Danielview,HU,0
ACC001680,2026-09-14 18:43:41,South Jeffery,CI,0
ACC003546,2026-09-14 18:43:42,Port Christopherfort,JO,0
ACC004478,2026-09-14 18:43:42,Welchmouth,SK,0
ACC002485,2026-09-14 18:43:42,North Jay,CH,0
ACC002283,2026-09-14 18:43:42,Edwardsborough,TO,0
ACC000345,2026-09-14 18:43:42,North Amber,AU,0
ACC004572,2026-09-14 18:43:42,Donaldberg,ST,0
ACC004438,2026-09-14 18:43:43,Lake Amy,TG,0
ACC000498,2026-09-14 18:43:44,New Susan,CM,0
ACC004398,2026-09-14 18:43:44,Sarahfurt,GR,0
ACC004440,2026-09-14 18:43:44,Wandamouth,DM,0
ACC001714,2026-09-14 18:43:44,East Robertland,GR,0
ACC000614,2026-09-14 18:43:45,South Adamville,MW,0
ACC004538,2026-09-14 18:43:46,Rebeccaburgh,SR,0
ACC003519,2026-09-14 18:43:46,Port Debraland,PG,1
ACC002785,2026-09-14 18:43:47,Torresbury,LU,0
ACC001731,2026-09-14 18:43:47,Owensville,LV,0
ACC002624,2026-09-14 18:43:47,North Chelseachester,ZM,1
ACC001854,2026-09-14 18:43:47,North Kyle,HN,0
ACC003634,2026-09-14 18:43:47,East Kimberlyton,UG,1
ACC002085,2026-09-14 18:43:48,Port Cole,BG,0
ACC003389,2026-09-14 18:43:48,Davidbury,AR,0
ACC001614,2026-09-14 18:43:48,Franktown,YE,0
ACC002821,2026-09-14 18:43:48,Port Pamela,GE,0
ACC004784,2026-09-14 18:43:49,East Vincentmouth,DJ,1
ACC001238,2026-09-14 18:43:50,Nicholasstad,MD,1
ACC004289,2026-09-14 18:43:50,South Rogermouth,SG,0
ACC003304,2026-09-14 18:43:50,Monicashire,SN,0
ACC003490,2026-09-14 18:43:51,West Cassidystad,PK,0
ACC003938,2026-09-14 18:43:51,East Jeremy,JO,0
ACC000377,2026-09-14 18:43:52,North Kevin,BT,0
ACC004433,2026-09-14 18:43:52,Port Cassidy,GA,0
ACC002386,2026-09-14 18:43:52,West Richard,GT,0
ACC003098,2026-09-14 18:43:52,Aprilstad,LT,0
ACC002021,2026-09-14 18:43:52,Christineshire,CA,0
ACC002397,2026-09-14 18:43:53,West Robinside,NO,0
ACC004583,2026-09-14 18:43:54,Herreraburgh,FI,0
ACC001248,2026-09-14 18:43:54,New Elizabeth,CL,0
ACC000719,2026-09-14 18:43:54,New Jamie,BY,1
ACC004780,2026-09-14 18:43:54,Payneshire,BG,0
ACC004267,2026-09-14 18:43:54,Patriciachester,PA,0
ACC003354,2026-09-14 18:43:54,Lake Dennischester,BD,0
ACC002702,2026-09-14 18:43:55,Gabriellastad,AZ,0
ACC000590,2026-09-14 18:43:55,South Justintown,AZ,0
ACC000743,2026-09-14 18:43:55,Port Kristopherville,US,0
ACC004170,2026-09-14 18:43:55,Johnville,MG,0
ACC000047,2026-09-14 18:43:55,Deborahview,AZ,0
ACC004269,2026-09-14 18:43:55,Rachelshire,RS,0
ACC003793,2026-09-14 18:43:56,Juliefurt,OM,0
ACC003750,2026-09-14 18:43:56,West Justin,GQ,0
ACC004486,2026-09-14 18:43:56,Port Troy,NZ,0
ACC003633,2026-09-14 18:43:57,Victormouth,MZ,0
ACC004750,2026-09-14 18:43:57,South Larry,GN,0
ACC000835,2026-09-14 18:43:58,Lake Kristenton,OM,0
ACC000404,2026-09-14 18:43:58,Brianfurt,GQ,0
ACC001443,2026-09-14 18:43:58,South Cynthia,VE,0
ACC003158,2026-09-14 18:43:59,Sarahland,ET,0
ACC002380,2026-09-14 18:44:00,South Gina,AE,1
ACC003479,2026-09-14 18:44:00,Lindatown,LT,0
ACC001919,2026-09-14 18:44:00,Port Cameron,AG,0
ACC000455,2026-09-14 18:44:00,New Moniqueville,AO,0
ACC001283,2026-09-14 18:44:01,Port Jason,TZ,0
ACC001718,2026-09-14 18:44:01,Mossborough,BZ,0
ACC003268,2026-09-14 18:44:02,West Abigail,KG,1
ACC004285,2026-09-14 18:44:02,Hodgesmouth,PL,0
ACC000052,2026-09-14 18:44:02,Bowmanland,ML,0
ACC001834,2026-09-14 18:44:02,Lake Samanthaview,SO,0
ACC004673,2026-09-14 18:44:02,Teresamouth,VU,0
ACC003884,2026-09-14 18:44:03,New Thomaschester,BA,0
ACC003299,2026-09-14 18:44:03,Danielleville,BY,0
ACC001224,2026-09-14 18:44:04,Christopherland,HT,0
ACC001632,2026-09-14 18:44:04,South Stephanie,SO,0
ACC003070,2026-09-14 18:44:04,Port Robert,WS,0
ACC003066,2026-09-14 18:44:04,Lanceside,SI,0
ACC002237,2026-09-14 18:44:05,East Brandon,TD,0
ACC000333,2026-09-14 18:44:05,Lake Robert,MN,0
ACC001902,2026-09-14 18:44:05,Lake Brianchester,SA,0
ACC002211,2026-09-14 18:44:05,Jenniferhaven,EE,1
ACC004389,2026-09-14 18:44:05,Port Charles,QA,0
ACC002902,2026-09-14 18:44:05,Annchester,GE,0
ACC003619,2026-09-14 18:44:05,Ricemouth,SB,0
ACC004369,2026-09-14 18:44:05,Lake Jonathan,SO,0
ACC003542,2026-09-14 18:44:06,New Kristinton,CI,0
ACC003783,2026-09-14 18:44:06,Velasquezshire,SO,0
ACC000041,2026-09-14 18:44:06,Knightton,JM,1
ACC003952,2026-09-14 18:44:06,Brandonborough,GA,0
ACC000542,2026-09-14 18:44:07,Wolfborough,BO,0
ACC002581,2026-09-14 18:44:08,Joyceland,CI,0
ACC001473,2026-09-14 18:44:08,Bradleymouth,NR,0
ACC001323,2026-09-14 18:44:08,Lake Rogerfurt,CV,0
ACC001654,2026-09-14 18:44:08,East Mary,VC,0
ACC002557,2026-09-14 18:44:08,Port Maria,TG,0
ACC004452,2026-09-14 18:44:08,Port James,MZ,0
ACC004624,2026-09-14 18:44:09,West Danielhaven,SC,0
ACC004041,2026-09-14 18:44:09,South Adrian,EG,0
ACC002733,2026-09-14 18:44:09,Franklinburgh,TJ,0
ACC000533,2026-09-14 18:44:09,New Ronald,LK,0
ACC003747,2026-09-14 18:44:09,North Joann,CI,0
ACC004658,2026-09-14 18:44:10,Patriciafurt,LU,0
ACC003247,2026-09-14 18:44:10,Mariahberg,AZ,0
ACC001541,2026-09-14 18:44:10,Johnsonland,PH,0
ACC000277,2026-09-14 18:44:10,Steinland,HR,0
ACC004373,2026-09-14 18:44:10,Shannonshire,LS,0
ACC002781,2026-09-14 18:44:10,Lake Crystalfurt,GH,0
ACC001584,2026-09-14 18:44:11,Port Kellymouth,IN,1
ACC003542,2026-09-14 18:44:11,Melissaborough,KI,0
ACC000785,2026-09-14 18:44:11,Payneland,PG,0
ACC001867,2026-09-14 18:44:12,Port Brett,PW,1
ACC003516,2026-09-14 18:44:12,Port Angie,GR,0
ACC003798,2026-09-14 18:44:13,West Erica,KI,0
ACC002947,2026-09-14 18:44:13,Paulahaven,CU,0
ACC002795,2026-09-14 18:44:13,Burnettfort,RO,0
ACC002914,2026-09-14 18:44:13,Port Pamelaview,LS,0
ACC004274,2026-09-14 18:44:14,New David,PL,0
ACC003943,2026-09-14 18:44:14,East Lisa,NE,0
ACC001028,2026-09-14 18:44:14,Theresaport,MU,0
ACC003604,2026-09-14 18:44:15,New Nicoleview,BJ,0
ACC000257,2026-09-14 18:44:15,Krystalbury,AZ,0
ACC001059,2026-09-14 18:44:15,East Michaelchester,HT,0
ACC003664,2026-09-14 18:44:16,West Sarahbury,LI,0
ACC000804,2026-09-14 18:44:16,Jacobsonmouth,BI,1
ACC000829,2026-09-14 18:44:16,Edwardton,QA,0
ACC000164,2026-09-14 18:44:16,East Davidport,AU,0
ACC002876,2026-09-14 18:44:16,South Melissaview,PK,0
ACC003363,2026-09-14 18:44:16,East Kyleton,FM,0
ACC004326,2026-09-14 18:44:16,Frederickville,NZ,0
ACC000024,2026-09-14 18:44:17,West Bonnie,SC,0
ACC002678,2026-09-14 18:44:17,East Georgeberg,LK,0
ACC002356,2026-09-14 18:44:17,Wileyview,RS,0
ACC003776,2026-09-14 18:44:18,North Melissachester,AU,0
ACC000360,2026-09-14 18:44:18,Michaelchester,UY,0
ACC001242,2026-09-14 18:44:18,Jonesberg,SG,0
ACC002144,2026-09-14 18:44:18,New Katiehaven,NO,0
ACC004146,2026-09-14 18:44:19,East James,VC,0
ACC001116,2026-09-14 18:44:20,Davenportmouth,MU,0
ACC001525,2026-09-14 18:44:21,Ryanport,BR,0
ACC003538,2026-09-14 18:44:21,Howellhaven,BA,0
ACC002325,2026-09-14 18:44:21,Jenniferberg,NP,0
ACC004571,2026-09-14 18:44:22,West Johnberg,DZ,0
ACC004441,2026-09-14 18:44:22,Woodtown,IN,0
ACC001988,2026-09-14 18:44:22,Frederickmouth,JM,0
ACC002568,2026-09-14 18:44:22,Lake Pamela,KR,0
ACC003724,2026-09-14 18:44:23,New Katrina,CF,0
ACC001439,2026-09-14 18:44:24,Lake Martin,SD,0
ACC004982,2026-09-14 18:44:24,Odonnellshire,KZ,0
ACC003878,2026-09-14 18:44:24,Molinachester,YE,0
ACC004295,2026-09-14 18:44:24,West Deborahfort,RO,0
ACC000527,2026-09-14 18:44:24,West Thomasville,NE,0
ACC000258,2026-09-14 18:44:25,Montoyafurt,SA,0
ACC002264,2026-09-14 18:44:25,Port Samuelland,BD,0
ACC004096,2026-09-14 18:44:25,Hallhaven,EC,1
ACC001441,2026-09-14 18:44:25,Michaelmouth,CG,0
ACC001272,2026-09-14 18:44:25,Ralphton,CU,0
ACC003178,2026-09-14 18:44:25,Brandyburgh,SR,0
ACC003341,2026-09-14 18:44:26,East Kenneth,IT,0
ACC002977,2026-09-14 18:44:26,Michaelton,SO,0
ACC001490,2026-09-14 18:44:26,East Michelestad,GM,0
ACC003305,2026-09-14 18:44:27,West Barbarabury,BI,0
ACC004661,2026-09-14 18:44:27,East Aaron,BI,0
ACC002758,2026-09-14 18:44:27,East Joseph,TJ,0
ACC004773,2026-09-14 18:44:28,Valeriebury,NP,0
ACC002822,2026-09-14 18:44:28,New Isaachaven,BB,0
ACC004263,2026-09-14 18:44:28,East Lauriefurt,CL,0
ACC001837,2026-09-14 18:44:28,Tinaview,MN,1
ACC000360,2026-09-14 18:44:29,North Markfort,AZ,0
ACC000286,2026-09-14 18:44:29,Ianmouth,IS,1
ACC001330,2026-09-14 18:44:29,West Anthony,CN,0
ACC003907,2026-09-14 18:44:30,South Cindy,TM,0
ACC000574,2026-09-14 18:44:30,Port Leonbury,KM,0
ACC000561,2026-09-14 18:44:30,Jamesland,FI,0
ACC000335,2026-09-14 18:44:30,West Donnaburgh,EG,0
ACC000943,2026-09-14 18:44:30,Walkerport,LU,0
ACC002108,2026-09-14 18:44:31,Tinamouth,GN,0
ACC002301,2026-09-14 18:44:31,Rossburgh,MU,0
ACC002133,2026-09-14 18:44:31,Pearsonstad,BS,0
ACC003866,2026-09-14 18:44:31,Hardingfurt,MR,0
ACC001084,2026-09-14 18:44:31,East Brian,PG,0
ACC002682,2026-09-14 18:44:31,New Thomasport,AD,0
ACC002347,2026-09-14 18:44:32,Nicholasmouth,ES,0
ACC000359,2026-09-14 18:44:32,Cooperhaven,KE,0
ACC003922,2026-09-14 18:44:32,New Daniel,BS,1
ACC003531,2026-09-14 18:44:32,Bethburgh,SI,0
ACC003329,2026-09-14 18:44:32,East Aliciaborough,IR,0
ACC000691,2026-09-14 18:44:32,Michaelfort,HU,0
ACC002668,2026-09-14 18:44:33,New Ivanland,YE,1
ACC002410,2026-09-14 18:44:34,Port Joshua,CH,0
ACC003156,2026-09-14 18:44:34,Chadton,SD,0
ACC002304,2026-09-14 18:44:34,West Sallytown,VU,0
ACC004865,2026-09-14 18:44:34,North Bradleychester,GQ,0
ACC001830,2026-09-14 18:44:35,Port Suzanneburgh,PK,0
ACC002400,2026-09-14 18:44:35,North Bettychester,RU,0
ACC004008,2026-09-14 18:44:35,Mooretown,VA,0
ACC004707,2026-09-14 18:44:36,North Sara,BH,0
ACC002667,2026-09-14 18:44:36,New Kathrynville,TM,0
ACC003309,2026-09-14 18:44:36,New Jacob,MA,1
ACC003325,2026-09-14 18:44:37,New Staceyside,NE,0
ACC002977,2026-09-14 18:44:37,Port Melissafort,GT,0
ACC004876,2026-09-14 18:44:38,Lake Johnstad,MY,0
ACC000192,2026-09-14 18:44:38,Jonathanhaven,PH,0
ACC000059,2026-09-14 18:44:38,Benjaminland,MT,0
ACC000793,2026-09-14 18:44:39,Kimberlyview,BA,1
ACC000695,2026-09-14 18:44:39,West Shannon,UZ,0
ACC000288,2026-09-14 18:44:39,Reynoldsmouth,AE,0
ACC004159,2026-09-14 18:44:39,Wagnerville,KE,0
ACC000986,2026-09-14 18:44:39,Gravesburgh,BZ,0
ACC000756,2026-09-14 18:44:40,Port Heather,CU,0
ACC002851,2026-09-14 18:44:40,Lake Heather,BW,0
ACC002077,2026-09-14 18:44:40,North Katherine,TR,0
ACC004549,2026-09-14 18:44:41,North Derrickshire,CU,0
ACC004669,2026-09-14 18:44:42,West Bobbymouth,NR,0
ACC000288,2026-09-14 18:44:42,Mooreview,OM,0
ACC000148,2026-09-14 18:44:42,Lake Michael,LT,0
ACC004155,2026-09-14 18:44:43,North Amyshire,TV,0
ACC001063,2026-09-14 18:44:44,Millerberg,PY,0
ACC000134,2026-09-14 18:44:44,North Eric,SZ,0
ACC003080,2026-09-14 18:44:44,Port Breannaport,HU,0
ACC002616,2026-09-14 18:44:45,Angelachester,LV,0
ACC002948,2026-09-14 18:44:45,Johnsonfort,UY,0
ACC003120,2026-09-14 18:44:45,Christinastad,UZ,0
ACC002458,2026-09-14 18:44:45,Gillespiemouth,MN,0
ACC003442,2026-09-14 18:44:46,Port Russell,NL,1
ACC000713,2026-09-14 18:44:46,Hollyfurt,CR,0
ACC000679,2026-09-14 18:44:47,Sarahfort,SA,0
ACC000107,2026-09-14 18:44:47,New Christophermouth,BF,0
ACC003858,2026-09-14 18:44:47,Jimport,BZ,0
ACC003370,2026-09-14 18:44:47,East Kyleport,SK,0
ACC002923,2026-09-14 18:44:47,Kimbury,LC,0
ACC000074,2026-09-14 18:44:48,Port Amyville,JM,0
ACC002146,2026-09-14 18:44:48,North Brittanychester,ME,0
ACC000680,2026-09-14 18:44:49,Dawnburgh,PE,0
ACC001573,2026-09-14 18:44:50,Martinezside,LI,0
ACC002848,2026-09-14 18:44:50,Millerburgh,SN,0
ACC000875,2026-09-14 18:44:50,New Beverly,DK,0
ACC002638,2026-09-14 18:44:50,Latashaport,IE,0
ACC000976,2026-09-14 18:44:51,Lake Tamaraville,IR,1
ACC003738,2026-09-14 18:44:51,Johnsonstad,ET,0
ACC001344,2026-09-14 18:44:51,Kochbury,BH,0
ACC001395,2026-09-14 18:44:51,Christinefurt,MC,0
ACC004405,2026-09-14 18:44:52,New Jenniferborough,ZW,0
ACC004575,2026-09-14 18:44:52,Allisonbury,BF,1
ACC001096,2026-09-14 18:44:52,South Sarachester,TR,0
ACC003196,2026-09-14 18:44:53,Lake Miranda,BD,0
ACC004932,2026-09-14 18:44:53,Farleyton,CY,0
ACC004675,2026-09-14 18:44:54,Lake Anthonystad,BY,0
ACC001639,2026-09-14 18:44:55,North Joport,SB,0
ACC000339,2026-09-14 18:44:55,North Mitchellside,PH,0
ACC001630,2026-09-14 18:44:56,West Madisonbury,IR,0
ACC000635,2026-09-14 18:44:56,Gillberg,GW,0
ACC001790,2026-09-14 18:44:56,Lake James,NO,0
ACC000305,2026-09-14 18:44:56,Port Timothymouth,MK,0
ACC000559,2026-09-14 18:44:57,Monicaburgh,BO,0
ACC003183,2026-09-14 18:44:57,Martintown,NI,0
ACC003662,2026-09-14 18:44:57,Longside,JM,0
ACC003076,2026-09-14 18:44:58,East Gabrielberg,DK,0
ACC003914,2026-09-14 18:44:58,East Ruthburgh,KP,0
ACC002170,2026-09-14 18:44:58,Leahberg,IN,0
ACC002239,2026-09-14 18:44:58,Kristyburgh,SK,0
ACC001994,2026-09-14 18:44:58,New Alyssa,PE,0
ACC003922,2026-09-14 18:44:59,Andrewton,NZ,0
ACC001419,2026-09-14 18:44:59,South David,JO,0
ACC001653,2026-09-14 18:45:00,Robertsshire,ME,0
ACC001621,2026-09-14 18:45:00,South Victoria,TR,0
ACC000975,2026-09-14 18:45:01,Mariamouth,UZ,0
ACC002416,2026-09-14 18:45:01,Robertsberg,LR,0
ACC000615,2026-09-14 18:45:01,Davidstad,LC,1
ACC000840,2026-09-14 18:45:01,New Lindahaven,AL,0
ACC001512,2026-09-14 18:45:01,Ericaview,ME,0
ACC000127,2026-09-14 18:45:01,Port Rhondaburgh,NE,0
ACC002620,2026-09-14 18:45:02,Kelleyport,BW,0
ACC003575,2026-09-14 18:45:02,Ellenport,TM,0
ACC001075,2026-09-14 18:45:03,New Kellymouth,BJ,0
ACC004592,2026-09-14 18:45:03,Port Keith,LY,0
ACC002202,2026-09-14 18:45:03,West Kimberlyport,AT,0
ACC002538,2026-09-14 18:45:04,Kimberlymouth,AZ,0
ACC000200,2026-09-14 18:45:04,South Kelsey,QA,0
ACC001243,2026-09-14 18:45:05,East Seanview,CF,0
ACC001522,2026-09-14 18:45:05,Mccoyland,SB,0
ACC002374,2026-09-14 18:45:05,Nguyentown,NA,0
ACC003234,2026-09-14 18:45:06,Angelabury,ID,0
ACC001701,2026-09-14 18:45:06,North Donaldberg,CN,0
ACC004079,2026-09-14 18:45:06,Murphyview,PK,0
ACC003195,2026-09-14 18:45:07,North Williamville,SE,0
ACC000855,2026-09-14 18:45:07,West Jonathan,EC,0
ACC002183,2026-09-14 18:45:07,Lake Ricky,OM,0
ACC002880,2026-09-14 18:45:07,Rebeccamouth,ZA,0
ACC003125,2026-09-14 18:45:07,East Victor,MU,0
ACC004589,2026-09-14 18:45:08,Stacyview,BE,0
ACC001992,2026-09-14 18:45:08,Lambside,MN,0
ACC000629,2026-09-14 18:45:09,Brendatown,MZ,1
ACC001263,2026-09-14 18:45:09,Michellestad,MA,1
ACC000625,2026-09-14 18:45:10,South Laurietown,AD,0
ACC003667,2026-09-14 18:45:10,South Cassandra,TV,0
ACC003485,2026-09-14 18:45:10,Billyberg,BD,0
ACC003191,2026-09-14 18:45:10,Lopeztown,SD,0
ACC004411,2026-09-14 18:45:11,Bakerville,VA,0
ACC003138,2026-09-14 18:45:12,New Robertstad,CG,0
ACC002540,2026-09-14 18:45:12,Lake Jon,LS,1
ACC003468,2026-09-14 18:45:13,South Christopher,BB,0
ACC002746,2026-09-14 18:45:13,West Allen,ME,0
ACC004600,2026-09-14 18:45:13,Lake Douglaschester,FR,0
ACC003233,2026-09-14 18:45:13,North Kathleenside,DK,0
ACC004481,2026-09-14 18:45:13,Larsenberg,CD,0
ACC000877,2026-09-14 18:45:13,West Erica,ES,0
ACC001571,2026-09-14 18:45:14,Port Jacob,MD,0
ACC001029,2026-09-14 18:45:14,Victormouth,AE,0
ACC001481,2026-09-14 18:45:14,Port Crystalmouth,UA,0
ACC004115,2026-09-14 18:45:14,Marcbury,RO,0
ACC002055,2026-09-14 18:45:14,South Michaelburgh,TL,0
ACC001644,2026-09-14 18:45:16,New Davidfurt,KI,0
ACC003705,2026-09-14 18:45:16,West Brett,GR,0
ACC003457,2026-09-14 18:45:17,Jacksonbury,IT,0
ACC000167,2026-09-14 18:45:17,Kellystad,LB,0
ACC004673,2026-09-14 18:45:18,South Edward,FR,0
ACC004539,2026-09-14 18:45:18,East Lisa,FR,0
ACC002943,2026-09-14 18:45:18,West Michael,BR,0
ACC001648,2026-09-14 18:45:19,South Carolburgh,BE,0
ACC004960,2026-09-14 18:45:20,West Richard,BZ,0
ACC000584,2026-09-14 18:45:20,West Brenda,FM,0
ACC003812,2026-09-14 18:45:20,Brewerchester,DZ,0
ACC004287,2026-09-14 18:45:21,Maryberg,CO,1
ACC001836,2026-09-14 18:45:21,Josephberg,MZ,1
ACC004889,2026-09-14 18:45:21,South Lori,IN,0
ACC003766,2026-09-14 18:45:21,Burkeside,SI,0
ACC001196,2026-09-14 18:45:22,Ryanport,ZM,0
ACC000605,2026-09-14 18:45:22,New Kimberlyshire,NG,0
ACC004485,2026-09-14 18:45:22,Garrettstad,KR,0
ACC004593,2026-09-14 18:45:22,West Tony,ZA,0
ACC001922,2026-09-14 18:45:23,Port Joanne,DO,0
ACC003593,2026-09-14 18:45:23,Danieltown,SG,1
ACC002396,2026-09-14 18:45:23,Jacksonside,GY,0
ACC001888,2026-09-14 18:45:23,Roachport,CN,0
ACC000408,2026-09-14 18:45:24,Thomasside,MW,0
ACC000735,2026-09-14 18:45:24,Lake Ryan,SZ,1
ACC001557,2026-09-14 18:45:24,East Oscarbury,PL,0
ACC000636,2026-09-14 18:45:24,Aaronborough,BR,0
ACC002827,2026-09-14 18:45:24,New Jessica,LV,0
ACC003965,2026-09-14 18:45:24,Christopherborough,CY,0
ACC001076,2026-09-14 18:45:25,Lake Robinside,RW,0
ACC001155,2026-09-14 18:45:25,New Eric,CR,0
ACC002184,2026-09-14 18:45:26,Carsonton,TT,0
ACC003841,2026-09-14 18:45:27,Wardstad,DJ,0
ACC002901,2026-09-14 18:45:28,Thompsonport,DM,0
ACC001097,2026-09-14 18:45:29,Santanaton,HU,0
ACC003624,2026-09-14 18:45:29,Mayland,MX,0
ACC002016,2026-09-14 18:45:30,Randallfort,JO,1
ACC001293,2026-09-14 18:45:31,South Derrickmouth,MV,1
ACC003109,2026-09-14 18:45:31,Grossland,MT,0
ACC004697,2026-09-14 18:45:31,Port Andrew,OM,0
ACC004121,2026-09-14 18:45:31,New Brianside,CA,0
ACC001255,2026-09-14 18:45:32,Julieland,NP,0
ACC002275,2026-09-14 18:45:32,Coffeyborough,GE,0
ACC002213,2026-09-14 18:45:33,Lake Codyfort,HR,0
ACC003908,2026-09-14 18:45:34,Christinafort,UG,0
ACC002202,2026-09-14 18:45:34,Smithtown,PT,0
ACC002389,2026-09-14 18:45:34,Williamsstad,MD,0
ACC003288,2026-09-14 18:45:34,Lake Jamesborough,HT,0
ACC001003,2026-09-14 18:45:35,Jayton,AM,0
ACC001397,2026-09-14 18:45:35,Victoriahaven,WS,0
ACC003801,2026-09-14 18:45:36,Smithberg,ZM,0
ACC000012,2026-09-14 18:45:36,Millershire,NO,0
ACC000737,2026-09-14 18:45:36,New Reginatown,NZ,0
ACC000729,2026-09-14 18:45:37,North Meganbury,SB,0
ACC001997,2026-09-14 18:45:37,Howardhaven,MD,0
ACC004101,2026-09-14 18:45:38,Darrenchester,KZ,0
ACC002227,2026-09-14 18:45:38,Gabrielashire,GN,0
ACC001499,2026-09-14 18:45:38,Taylorberg,HT,0
ACC003012,2026-09-14 18:45:38,Silvamouth,VE,0
ACC000486,2026-09-14 18:45:39,Steventown,SG,0
ACC004720,2026-09-14 18:45:39,North Roger,TO,0
ACC003328,2026-09-14 18:45:39,East Jamesmouth,IQ,0
ACC004266,2026-09-14 18:45:40,Port Kenneth,SZ,0
ACC001160,2026-09-14 18:45:40,Taylorborough,AZ,0
ACC004677,2026-09-14 18:45:40,Lopezbury,GQ,0
ACC000782,2026-09-14 18:45:40,North Kathleenport,NG,0
ACC002074,2026-09-14 18:45:40,New Denise,HT,0
ACC001230,2026-09-14 18:45:40,East Thomasfurt,BI,0
ACC004400,2026-09-14 18:45:40,Tinaville,QA,0
ACC002099,2026-09-14 18:45:41,New Christophershire,IL,0
ACC000770,2026-09-14 18:45:41,Elliston,PW,0
ACC000539,2026-09-14 18:45:41,Ronaldburgh,FI,0
ACC003487,2026-09-14 18:45:42,Wendybury,FI,0
ACC003253,2026-09-14 18:45:43,East Barbaraside,TH,0
ACC000716,2026-09-14 18:45:43,Smithview,BG,0
ACC002689,2026-09-14 18:45:43,Coltonview,MT,0
ACC001070,2026-09-14 18:45:43,Vincentfort,UA,1
ACC004913,2026-09-14 18:45:44,Markville,LI,0
ACC001841,2026-09-14 18:45:44,North Ericberg,ET,0
ACC003153,2026-09-14 18:45:44,Santiagostad,ST,0
ACC000016,2026-09-14 18:45:44,Port James,EG,1
ACC004338,2026-09-14 18:45:44,East Hannahshire,CL,0
ACC004879,2026-09-14 18:45:45,North Rhonda,MK,0
ACC003769,2026-09-14 18:45:45,Lake Elizabethborough,LC,0
ACC001296,2026-09-14 18:45:45,North Matthew,GB,0
ACC001678,2026-09-14 18:45:46,Sherryfort,LB,0
ACC002107,2026-09-14 18:45:47,North Jordanchester,IE,0
ACC002555,2026-09-14 18:45:47,Jenniferbury,OM,0
ACC000492,2026-09-14 18:45:47,Samanthachester,TD,0
ACC003249,2026-09-14 18:45:47,Port Angela,AD,0
ACC001220,2026-09-14 18:45:48,West Stevenshire,LK,0
ACC003106,2026-09-14 18:45:48,South Aaron,NZ,1
ACC004184,2026-09-14 18:45:48,Osbornehaven,CM,0
ACC001859,2026-09-14 18:45:48,Lake Lauraland,BN,0
ACC004580,2026-09-14 18:45:48,Michelleburgh,LT,0
ACC004956,2026-09-14 18:45:49,Lake Laura,UY,0
ACC004393,2026-09-14 18:45:49,Josephbury,ZW,0
ACC000714,2026-09-14 18:45:50,Karenview,LY,0
ACC002830,2026-09-14 18:45:50,Kylemouth,HU,0
ACC003609,2026-09-14 18:45:50,Karenshire,AM,1
ACC001398,2026-09-14 18:45:50,Lake Destinyfurt,SD,1
ACC002041,2026-09-14 18:45:51,Sarahchester,GA,0
ACC000870,2026-09-14 18:45:51,Hernandezport,KN,0
ACC002668,2026-09-14 18:45:51,Jonesbury,ET,0
ACC004132,2026-09-14 18:45:52,Billymouth,RO,0
ACC004659,2026-09-14 18:45:53,South Janeton,MX,0
ACC003627,2026-09-14 18:45:53,South Kristina,BT,0
ACC001466,2026-09-14 18:45:53,Matthewsland,ZA,0
ACC004164,2026-09-14 18:45:53,West Kevin,LY,0
ACC000973,2026-09-14 18:45:53,Allisonstad,SR,1
ACC001258,2026-09-14 18:45:53,Hansenfort,HN,0
ACC003378,2026-09-14 18:45:54,Vanessaton,PL,0
ACC004124,2026-09-14 18:45:54,Port Meganhaven,IL,0
ACC001514,2026-09-14 18:45:54,Antonioburgh,MX,0
ACC001432,2026-09-14 18:45:54,Rangelborough,UY,0
ACC003755,2026-09-14 18:45:54,Shelleyborough,MU,0
ACC002042,2026-09-14 18:45:55,Lake Sandra,LK,0
ACC000190,2026-09-14 18:45:55,South Joshuabury,PW,1
ACC001536,2026-09-14 18:45:55,North Heather,TV,0
ACC004622,2026-09-14 18:45:56,North Coryside,QA,0
ACC003119,2026-09-14 18:45:56,West Erin,GH,0
ACC001302,2026-09-14 18:45:56,Watersview,MX,1
ACC001458,2026-09-14 18:45:56,West Anna,UG,0
ACC001289,2026-09-14 18:45:57,Banksport,CA,0
ACC001150,2026-09-14 18:45:58,Victoriaburgh,VA,0
ACC004910,2026-09-14 18:45:58,South Rachelhaven,GA,0
ACC000799,2026-09-14 18:45:58,Hunterbury,CA,0
ACC000862,2026-09-14 18:45:59,Floresland,IR,0
ACC003126,2026-09-14 18:45:59,Sydneyfort,GW,0
ACC001892,2026-09-14 18:45:59,Laurastad,ML,1
ACC002214,2026-09-14 18:46:00,Port Kariborough,GH,0
ACC004780,2026-09-14 18:46:00,Kramerbury,GH,0
ACC001066,2026-09-14 18:46:01,Lake Christyshire,VC,0
ACC002424,2026-09-14 19:39:59,South Stevenland,BG,0
ACC003552,2026-09-14 19:39:59,West John,TT,0
ACC000615,2026-09-14 19:40:02,New Jennifer,QA,0
ACC003035,2026-09-14 19:40:02,Rodriguezchester,UG,0
ACC000736,2026-09-14 19:40:02,Lake Thomas,SZ,0
ACC001351,2026-09-14 19:40:02,New Eric,AR,0
ACC003383,2026-09-14 19:40:03,Cantrellborough,YE,0
ACC000059,2026-09-14 19:40:03,Lake Pattyside,HN,0
ACC003331,2026-09-14 19:40:03,South Jeremy,VA,0
ACC004343,2026-09-14 19:40:04,Ginahaven,MX,0
ACC003085,2026-09-14 19:40:04,New Amandaside,VE,0
ACC001438,2026-09-14 19:40:04,Brandonchester,BY,1
ACC003870,2026-09-14 19:40:04,Port Kenneth,CR,0
ACC002148,2026-09-14 19:40:05,North Manuel,NP,1
ACC002214,2026-09-14 19:40:05,Baileyland,PS,0
ACC001928,2026-09-14 19:40:06,Charlesburgh,MM,1
ACC004683,2026-09-14 19:40:07,East Patricia,ML,0
ACC003309,2026-09-14 19:40:08,Cassandraborough,MD,0
ACC003070,2026-09-14 19:40:08,Tuckerton,LI,0
ACC004108,2026-09-14 19:40:08,West Bruceburgh,LI,0
ACC002697,2026-09-14 19:40:08,South Thomas,MV,1
ACC003052,2026-09-14 19:40:09,East Markland,IN,0
ACC002651,2026-09-14 19:40:09,Angelaborough,BB,0
ACC003873,2026-09-14 19:40:09,Port Breanna,BY,0
ACC003494,2026-09-14 19:40:10,Nathanton,GA,0
ACC002206,2026-09-14 19:40:10,Andersonshire,RW,0
ACC004859,2026-09-14 19:40:11,Michaelburgh,SA,0
ACC004414,2026-09-14 19:40:11,Chavezhaven,LC,0
ACC002360,2026-09-14 19:40:11,New Mackenziemouth,VU,0
ACC002639,2026-09-14 19:40:11,Johnsonhaven,SG,1
ACC000437,2026-09-14 19:40:11,Wendyville,NA,0
ACC003651,2026-09-14 19:40:11,Lake Joshuabury,CD,0
ACC003579,2026-09-14 19:40:12,North Annhaven,AO,1
ACC003369,2026-09-14 19:40:12,East Jonathan,HN,0
ACC002860,2026-09-14 19:40:12,East Tammy,GE,0
ACC003950,2026-09-14 19:40:12,Weaverburgh,CL,0
ACC002318,2026-09-14 19:40:13,East Chelseamouth,KP,0
ACC002380,2026-09-14 19:40:13,Port Anthonyfort,BI,0
ACC000224,2026-09-14 19:40:13,Bishopberg,CM,0
ACC004741,2026-09-14 19:40:14,Jefferyborough,TL,0
ACC000721,2026-09-14 19:40:14,West Joshua,KZ,1
ACC003381,2026-09-14 19:40:15,New Jack,CG,0
ACC002464,2026-09-14 19:40:15,West Elizabethchester,GY,0
ACC003803,2026-09-14 19:40:16,Lake Dannybury,SL,1
ACC003192,2026-09-14 19:40:16,South Suzanne,BD,0
ACC004569,2026-09-14 19:40:16,Brownstad,PE,0
ACC003268,2026-09-14 19:40:16,Brandonberg,CA,0
ACC003959,2026-09-14 19:40:17,Meyerport,PW,0
ACC001270,2026-09-14 19:40:17,Port Jessica,TR,0
ACC004072,2026-09-14 19:40:17,New Seanville,VN,0
ACC001811,2026-09-14 19:40:17,New Daniel,ET,0
ACC001641,2026-09-14 19:40:18,Lake Timothyport,CY,1
ACC004246,2026-09-14 19:40:18,East Robert,ZA,0
ACC000437,2026-09-14 19:40:18,Gregorybury,ZA,0
ACC003927,2026-09-14 19:40:18,New Tammy,NG,0
ACC001475,2026-09-14 19:40:19,Bakerstad,VE,0
ACC004342,2026-09-14 19:40:19,Melissaville,CO,0
ACC004243,2026-09-14 19:40:20,West Zacharyville,UG,0
ACC001270,2026-09-14 19:40:22,Heathershire,AM,0
ACC004922,2026-09-14 19:40:22,East Samantha,KP,0
ACC002842,2026-09-14 19:40:22,Davidchester,SI,0
ACC000794,2026-09-14 19:40:22,Doyleberg,IT,0
ACC002979,2026-09-14 19:40:23,West Williamside,KR,0
ACC003588,2026-09-14 19:40:23,Teresastad,RO,0
ACC000942,2026-09-14 19:40:24,North Nathan,LV,0
ACC000897,2026-09-14 19:40:24,Brownborough,HU,0
ACC001599,2026-09-14 19:40:24,Charleschester,UA,0
ACC003993,2026-09-14 19:40:24,North Tyler,BG,0
ACC000280,2026-09-14 19:40:25,West Billy,BR,0
ACC004549,2026-09-14 19:40:25,South Brandon,EG,0
ACC003931,2026-09-14 19:40:26,New Marcusburgh,AZ,0
ACC000764,2026-09-14 19:40:26,Lake Richard,MA,0
ACC000992,2026-09-14 19:40:26,Port Nicholas,RU,1
ACC002311,2026-09-14 19:40:26,Lake Pamelaburgh,CH,0
ACC001930,2026-09-14 19:40:26,Reyeston,MN,0
ACC002256,2026-09-14 19:40:26,Carolfurt,BJ,0
ACC000171,2026-09-14 19:40:27,Nicolebury,IT,1
ACC000690,2026-09-14 19:40:27,Robertsside,SB,0
ACC004554,2026-09-14 19:40:28,Johnmouth,NL,0
ACC001838,2026-09-14 19:40:28,Port Michael,MT,0
ACC003536,2026-09-14 19:40:29,Ballardfort,MD,0
ACC003495,2026-09-14 19:40:29,Patriciaville,TW,0
ACC001342,2026-09-14 19:40:29,Christopherland,IT,1
ACC000834,2026-09-14 19:40:29,Lake Matthew,PY,0
ACC004152,2026-09-14 19:40:30,Jacksonstad,KW,0
ACC004968,2026-09-14 19:40:30,New Vanessa,BF,0
ACC001934,2026-09-14 19:40:30,Hannahside,NZ,0
ACC001829,2026-09-14 19:40:30,Port Connieton,SG,0
ACC004926,2026-09-14 19:40:30,Perezland,SY,0
ACC003047,2026-09-14 19:40:31,Parksberg,AL,0
ACC003459,2026-09-14 19:40:31,Ericburgh,US,0
ACC003773,2026-09-14 19:40:31,Shorttown,DK,0
ACC003776,2026-09-14 19:40:32,Karenmouth,HU,0
ACC003570,2026-09-14 19:40:32,Port Andrea,MG,0
ACC001596,2026-09-14 19:40:32,Moodybury,SN,0
ACC003692,2026-09-14 19:40:32,Shaneshire,KG,0
ACC001891,2026-09-14 19:40:33,Collierberg,PG,0
ACC004010,2026-09-14 19:40:33,Heatherborough,TZ,0
ACC001812,2026-09-14 19:40:33,West Samantha,BY,0
ACC000508,2026-09-14 19:40:34,Cunninghamshire,BB,0
ACC002753,2026-09-14 19:40:34,Russellberg,AZ,1
ACC003871,2026-09-14 19:40:34,Sherryberg,CD,0
ACC000780,2026-09-14 19:40:35,Robertland,DM,0
ACC001951,2026-09-14 19:40:35,East Bridgetside,PW,0
ACC000065,2026-09-14 19:40:36,Lake Gail,MH,0
ACC001200,2026-09-14 19:40:36,Stephaniefort,EG,0
ACC004781,2026-09-14 19:40:36,Garciafurt,HT,0
ACC000092,2026-09-14 19:40:36,Williehaven,MU,0
ACC003062,2026-09-14 19:40:37,Parkerport,NG,0
ACC000456,2026-09-14 19:40:37,Esteschester,IL,0
ACC001734,2026-09-14 19:40:37,Harrisstad,LU,0
ACC000913,2026-09-14 19:40:38,Victorialand,SY,0
ACC003232,2026-09-14 19:40:38,Westberg,HU,0
ACC004217,2026-09-14 19:40:39,Mcintoshchester,BS,0
ACC003867,2026-09-14 19:40:40,West Jasmine,BW,0
ACC000548,2026-09-14 19:40:40,Olsonhaven,LC,0
ACC003702,2026-09-14 19:40:40,West Lindsayfurt,EC,0
ACC002286,2026-09-14 19:40:40,Moorestad,DE,0
ACC003219,2026-09-14 19:40:40,Thompsonmouth,CA,0
ACC000488,2026-09-14 19:40:41,Port Deborahland,DJ,0
ACC003712,2026-09-14 19:40:41,East Lisaland,MV,0
ACC002404,2026-09-14 19:40:42,Port Nicoleburgh,BI,0
ACC002570,2026-09-14 19:40:42,West Patrickburgh,ER,0
ACC000378,2026-09-14 19:40:42,South Justin,CM,0
ACC001618,2026-09-14 19:40:42,Smithstad,MD,0
ACC000561,2026-09-14 19:40:42,East Anthonytown,CH,0
ACC002703,2026-09-14 19:40:42,Jasonmouth,SO,0
ACC002037,2026-09-14 19:40:44,West Erika,MG,0
ACC004388,2026-09-14 19:40:44,Yatestown,TT,0
ACC004881,2026-09-14 19:40:44,North Molly,SK,0
ACC001356,2026-09-14 19:40:44,Lake Gregoryville,MZ,0
ACC000518,2026-09-14 19:40:45,Stevenmouth,ZW,0
ACC001882,2026-09-14 19:40:45,New Nathan,AR,1
ACC004062,2026-09-14 19:40:45,East Samantha,CH,0
ACC001531,2026-09-14 19:40:45,Tracystad,MU,0
ACC000816,2026-09-14 19:40:45,Michaelborough,NP,0
ACC002749,2026-09-14 19:40:45,Lake Mary,PG,0
ACC000179,2026-09-14 19:40:45,Garrettport,DK,0
ACC002576,2026-09-14 19:40:45,Port Diane,NO,0
ACC001723,2026-09-14 19:40:46,Port Edwin,KR,0
ACC000798,2026-09-14 19:40:46,Karabury,BF,0
ACC004560,2026-09-14 19:40:46,Salazarland,IR,0
ACC000836,2026-09-14 19:40:46,Port Deannashire,EG,0
ACC003302,2026-09-14 19:40:46,East Saraside,LI,0
ACC001693,2026-09-14 19:40:46,North Jesusmouth,SA,0
ACC001033,2026-09-14 19:40:47,Robinsonbury,UY,0
ACC003282,2026-09-14 19:40:48,Luischester,BS,1
ACC003721,2026-09-14 19:40:48,Port Seanhaven,SM,0
ACC000416,2026-09-14 19:40:49,Mcguireport,EG,0
ACC000166,2026-09-14 19:40:49,Sullivanville,FR,1
ACC002442,2026-09-14 19:40:49,Christinafurt,LK,0
ACC002451,2026-09-14 19:40:50,East Evanside,AD,0
ACC002775,2026-09-14 19:40:50,Katherineview,AO,0
ACC001830,2026-09-14 19:40:50,Andersonbury,GE,0
ACC003766,2026-09-14 19:40:51,Vazquezbury,GT,0
ACC001807,2026-09-14 19:40:51,Blackburnshire,AT,0
ACC003438,2026-09-14 19:40:51,New Shawn,RU,1
ACC003918,2026-09-14 19:40:51,Erictown,SK,0
ACC004248,2026-09-14 19:40:52,South Steven,LA,0
ACC001379,2026-09-14 19:40:52,West Victorshire,BR,1
ACC001689,2026-09-14 19:40:53,New Eddieton,SO,0
ACC004424,2026-09-14 19:40:53,New Mary,CF,0
ACC003638,2026-09-14 19:40:54,Port Seanfurt,MZ,0
ACC001145,2026-09-14 19:40:54,New Matthew,AM,0
ACC000360,2026-09-14 19:40:54,Anneshire,CH,0
ACC002301,2026-09-14 19:40:54,Stevenview,CN,0
ACC004032,2026-09-14 19:40:54,North Erica,RU,0
ACC000080,2026-09-14 19:40:55,Lake Michael,RU,0
ACC004997,2026-09-14 19:40:55,Port Gabrielle,AE,0
ACC002433,2026-09-14 19:40:55,Donaldland,RO,0
ACC003298,2026-09-14 19:40:55,Josephburgh,KH,0
ACC000269,2026-09-14 19:40:57,East Paulahaven,ZA,0
ACC001456,2026-09-14 19:40:57,Jennytown,LC,0
ACC003348,2026-09-14 19:40:58,East James,EG,0
ACC003121,2026-09-14 19:40:58,Cherylhaven,NO,0
ACC000495,2026-09-14 19:40:59,Torresberg,SL,0
ACC004185,2026-09-14 19:40:59,Erinhaven,MC,0
ACC003700,2026-09-14 19:41:00,Castromouth,ZW,0
ACC002927,2026-09-14 19:41:00,Benjaminport,LA,1
ACC000895,2026-09-14 19:41:00,Angelafort,AL,0
ACC000735,2026-09-14 19:41:00,Kaylastad,MW,0
ACC001422,2026-09-14 19:41:00,Lisaville,SD,1
ACC002488,2026-09-14 19:41:01,Jessicaside,DO,0
ACC001770,2026-09-14 19:41:01,Zunigamouth,UY,0
ACC002318,2026-09-14 19:41:01,East Jonathan,DM,0
ACC000381,2026-09-14 19:41:02,Dayberg,FI,0
ACC000513,2026-09-14 19:41:02,Lake Samuelfort,DM,0
ACC001723,2026-09-14 19:41:02,New Danielport,LY,0
ACC004769,2026-09-14 19:41:02,New Jenniferberg,PT,0
ACC000618,2026-09-14 19:41:03,Adambury,CM,0
ACC002379,2026-09-14 19:41:03,Stephenport,TT,0
ACC002914,2026-09-14 19:41:03,West Dan,LU,0
ACC002371,2026-09-14 19:41:03,Codytown,RU,0
ACC001537,2026-09-14 19:41:03,West Jeffrey,NP,1
ACC002422,2026-09-14 19:41:04,South David,KH,1
ACC003425,2026-09-14 19:41:04,Lake Laurachester,ML,0
ACC004865,2026-09-14 19:41:05,Jacobfort,CF,0
ACC002518,2026-09-14 19:41:05,New Paulshire,DK,0
ACC002061,2026-09-14 19:41:05,Courtneytown,MM,0
ACC000774,2026-09-14 19:41:05,Elizabethside,CZ,0
ACC003107,2026-09-14 19:41:06,Lake Kristin,IS,0
ACC003197,2026-09-14 19:41:07,Lake Holly,GN,0
ACC004705,2026-09-14 19:41:07,West Christopherburgh,LI,0
ACC004979,2026-09-14 19:41:08,Martinezport,SK,0
ACC001735,2026-09-14 19:41:08,Bellton,SR,0
ACC000517,2026-09-14 19:41:08,North Gabriel,UG,0
ACC004465,2026-09-14 19:41:08,North Jacquelinemouth,TV,0
ACC003522,2026-09-14 19:41:08,Adamsmouth,BD,1
ACC003757,2026-09-14 19:41:09,South Justin,GB,0
ACC001101,2026-09-14 19:41:09,Harringtonside,KZ,0
ACC004895,2026-09-14 19:41:09,Taylorville,ER,0
ACC003701,2026-09-14 19:41:09,Port Michaelmouth,CF,0
ACC003443,2026-09-14 19:41:09,East Oliviabury,HR,0
ACC002674,2026-09-14 19:41:09,Patriciaburgh,AE,0
ACC002226,2026-09-14 19:41:11,Clintonville,GW,0
ACC004890,2026-09-14 19:41:11,New Patricia,GT,0
ACC000621,2026-09-14 19:41:12,South Allison,ZW,0
ACC004230,2026-09-14 19:41:12,South Joannborough,SG,0
ACC004620,2026-09-14 19:41:12,Lake Scott,BW,0
ACC000135,2026-09-14 19:41:12,Lake Allen,MZ,0
ACC000216,2026-09-14 19:41:13,Richardsbury,MR,0
ACC004751,2026-09-14 19:41:13,New Scott,SI,0
ACC003007,2026-09-14 19:41:13,North Melissa,NP,0
ACC002725,2026-09-14 19:41:13,West Steveport,IS,0
ACC004760,2026-09-14 19:41:14,Emilyhaven,MY,0
ACC004070,2026-09-14 19:41:15,North Haleyfort,SN,0
ACC002855,2026-09-14 19:41:15,Port Marthatown,TN,0
ACC001126,2026-09-14 19:41:15,Port Martin,PT,0
ACC004425,2026-09-14 19:41:15,West Jennifer,LA,1
ACC001378,2026-09-14 19:41:15,Port Kevin,BY,1
ACC003466,2026-09-14 19:41:15,Port Elizabeth,CG,0
ACC004306,2026-09-14 19:41:16,Justinview,CG,0
ACC002087,2026-09-14 19:41:16,East Brandonmouth,ES,0
ACC001457,2026-09-14 19:41:16,Elizabethburgh,BB,0
ACC001815,2026-09-14 19:41:16,New Robert,SY,0
ACC004440,2026-09-14 19:41:17,Lake Lydia,MX,0
ACC003172,2026-09-14 19:41:17,East Melissa,GA,0
ACC001098,2026-09-14 19:41:17,Saraside,BZ,0
ACC002531,2026-09-14 19:41:17,Jordanmouth,SG,0
ACC001653,2026-09-14 19:41:17,Tamaraton,LC,0
ACC000138,2026-09-14 19:41:17,Lake Christopherburgh,VC,0
ACC003693,2026-09-14 19:41:17,Rebekahhaven,UY,0
ACC001212,2026-09-14 19:41:18,Port Melissaborough,BR,0
ACC002386,2026-09-14 19:41:19,Andrewberg,IT,0
ACC003094,2026-09-14 19:41:19,Aaronberg,ZW,1
ACC000577,2026-09-14 19:41:19,Juliemouth,IN,0
ACC003581,2026-09-14 19:41:19,Lorifurt,TN,1
ACC002114,2026-09-14 19:41:19,Elliottburgh,KM,0
ACC003430,2026-09-14 19:41:20,South Sallyside,IN,0
ACC003387,2026-09-14 19:41:20,Lake Dennisfurt,BJ,0
ACC000581,2026-09-14 19:41:20,North Jasonland,SC,0
ACC000261,2026-09-14 19:41:20,Jamiestad,KW,0
ACC000435,2026-09-14 19:41:20,West Jessicaburgh,SA,0
ACC004943,2026-09-14 19:41:21,Millsbury,TJ,0
ACC000101,2026-09-14 19:41:21,Thomasside,WS,0
ACC004915,2026-09-14 19:41:21,Lake Nathan,PS,0
ACC004606,2026-09-14 19:41:21,South Kristybury,MM,0
ACC003456,2026-09-14 19:41:21,Wongburgh,OM,0
ACC002994,2026-09-14 19:41:21,Walterland,IR,0
ACC001582,2026-09-14 19:41:22,Lake Brandon,JO,0
ACC004980,2026-09-14 19:41:22,Wesleyside,FI,0
ACC000031,2026-09-14 19:41:23,Raystad,KW,0
ACC000946,2026-09-14 19:41:25,Scottfort,SA,1
ACC003532,2026-09-14 19:41:25,Markport,CO,0
ACC000075,2026-09-14 19:41:26,Lindsaymouth,KI,0
ACC000054,2026-09-14 19:41:27,East Robertmouth,CR,1
ACC001139,2026-09-14 19:41:27,Port Manuel,ID,0
ACC003231,2026-09-14 19:41:27,Port Derekville,MN,0
ACC000250,2026-09-14 19:41:27,Lake Robertbury,SI,1
ACC001466,2026-09-14 19:41:28,North Ethanport,MC,0
ACC002588,2026-09-14 19:41:29,South Carolyn,MK,0
ACC002887,2026-09-14 19:41:29,Josephstad,NE,0
ACC003636,2026-09-14 19:41:29,Lake Whitneymouth,SY,0
ACC002147,2026-09-14 19:41:29,Port Joyfurt,TV,0
ACC000241,2026-09-14 19:41:30,Rossville,YE,0
ACC000518,2026-09-14 19:41:30,South David,IT,0
ACC000146,2026-09-14 19:41:30,West Samanthaside,PS,0
ACC004638,2026-09-14 19:41:30,Kimberlybury,AT,0
ACC000642,2026-09-14 19:41:30,Goodmanport,AT,0
ACC004989,2026-09-14 19:41:30,East Amanda,VU,0
ACC003435,2026-09-14 19:41:31,Savannahside,MX,0
ACC002736,2026-09-14 19:41:31,East Edwardland,TG,0
ACC001305,2026-09-14 19:41:32,South Andrewstad,BF,0
ACC004073,2026-09-14 19:41:32,West Christopherhaven,BW,0
ACC001494,2026-09-14 19:41:32,Foxbury,ST,1
ACC004993,2026-09-14 19:41:33,Taylortown,FM,0
ACC003203,2026-09-14 19:41:34,Foxburgh,FJ,0
ACC002392,2026-09-14 19:41:34,Brianbury,CU,0
ACC001201,2026-09-14 19:41:34,Lake Michelle,MZ,0
ACC000636,2026-09-14 19:41:34,Kathleenfort,UZ,0
ACC003073,2026-09-14 19:41:35,Hooperhaven,SR,0
ACC000130,2026-09-14 19:41:35,East Dan,SM,0
ACC000123,2026-09-14 19:41:35,Lake Elizabeth,ME,0
ACC002525,2026-09-14 19:41:36,New Michael,KE,0
ACC004196,2026-09-14 19:41:36,New Kathy,KI,0
ACC002898,2026-09-14 19:41:36,South Samantha,UA,0
ACC004604,2026-09-14 19:41:36,Marissamouth,CO,0
ACC004335,2026-09-14 19:41:37,West Vincentton,ER,0
ACC003291,2026-09-14 19:41:37,Harrisfurt,ES,0
ACC003111,2026-09-14 19:41:38,East Jeffrey,RU,0
ACC002276,2026-09-14 19:41:39,Fosterview,BF,0
ACC003460,2026-09-14 19:41:39,Deborahland,SK,0
ACC003879,2026-09-14 19:41:39,Shawhaven,MM,0
ACC000869,2026-09-14 19:41:40,Smithmouth,ER,0
ACC003137,2026-09-14 19:41:40,Terryberg,UY,0
ACC000495,2026-09-14 19:41:40,New Janefort,OM,0
ACC003511,2026-09-14 19:41:40,Davisstad,MW,0
ACC003873,2026-09-14 19:41:40,South Christopherberg,AD,0
ACC002460,2026-09-14 19:41:40,West Jessehaven,SN,0
ACC002820,2026-09-14 19:41:40,New Josephchester,AM,0
ACC004598,2026-09-14 19:41:40,North Alanborough,BF,0
ACC004927,2026-09-14 19:41:40,Harringtonchester,CN,0
ACC001355,2026-09-14 19:41:40,Butlerbury,MD,0
ACC004326,2026-09-14 19:41:41,Jordanton,ZM,1
ACC002733,2026-09-14 19:41:42,South Suzanneton,BE,1
ACC003865,2026-09-14 19:41:42,Owensland,ZW,0
ACC000713,2026-09-14 19:41:42,Lake Amanda,PW,0
ACC001951,2026-09-14 19:41:42,South Heather,ER,0
ACC001091,2026-09-14 19:41:42,West Codyville,KR,1
ACC001027,2026-09-14 19:41:43,Alvarezberg,MK,0
ACC001573,2026-09-14 19:41:43,Valerieberg,BF,0
ACC001293,2026-09-14 19:41:43,Duffyfurt,DM,0
ACC002198,2026-09-14 19:41:44,Lake Charlesberg,DJ,0
ACC002238,2026-09-14 19:41:45,Kochfurt,SY,1
ACC002337,2026-09-14 19:41:45,Jacobsbury,SE,1
ACC004318,2026-09-14 19:41:45,Loriberg,EC,0
ACC001031,2026-09-14 19:41:46,Shahville,PK,1
ACC000075,2026-09-14 19:41:46,Lake Drewport,CO,0
ACC004645,2026-09-14 19:41:46,Sherrytown,PS,0
ACC001180,2026-09-14 19:41:46,New John,PK,0
ACC001339,2026-09-14 19:41:46,New Joshuamouth,CH,0
ACC001659,2026-09-14 19:41:46,East Jessicaport,EC,0
ACC000860,2026-09-14 19:41:46,Lindseystad,KW,0
ACC003635,2026-09-14 19:41:47,West Allenfurt,EE,0
ACC003618,2026-09-14 19:41:47,Walshville,BA,0
ACC004873,2026-09-14 19:41:48,East Clarence,HN,0
ACC002002,2026-09-14 19:41:48,Gonzalezstad,NI,0
ACC004372,2026-09-14 19:41:48,Lake Patrick,UY,0
ACC001925,2026-09-14 19:41:49,Jessicahaven,TN,0
ACC002720,2026-09-14 19:41:49,Zacharybury,DE,0
ACC003883,2026-09-14 19:41:49,South Kayla,DE,0
ACC000231,2026-09-14 19:41:49,Lake Troy,NL,0
ACC001463,2026-09-14 19:41:49,Lake Amandaberg,MD,0
ACC003789,2026-09-14 19:41:49,Robertsbury,PA,1
ACC000992,2026-09-14 19:41:49,North Joshuabury,RU,1
ACC000223,2026-09-14 19:41:49,North David,CG,0
ACC004868,2026-09-14 19:41:50,East Debraville,TN,0
ACC002538,2026-09-14 19:41:50,Reedville,TH,0
ACC002619,2026-09-14 19:41:50,Lake Jenna,GR,0
ACC002999,2026-09-14 19:41:51,North Christina,CA,0
ACC004057,2026-09-14 19:41:51,Port Kimberly,GD,1
ACC002167,2026-09-14 19:41:51,Gwendolynside,GM,0
ACC003118,2026-09-14 19:41:51,Richardville,PT,0
ACC004925,2026-09-14 19:41:51,Cruzmouth,GM,0
ACC002581,2026-09-14 19:41:52,West Raymond,AF,0
ACC002419,2026-09-14 19:41:52,Masonfort,DE,0
ACC003962,2026-09-14 19:41:53,North Erikashire,MC,0
ACC003651,2026-09-14 19:41:53,Daniellefort,AM,0
ACC002781,2026-09-14 19:41:53,New David,MU,0
ACC003292,2026-09-14 19:41:53,Brycemouth,MX,0
ACC002322,2026-09-14 19:41:53,West Tiffanyshire,DO,0
ACC001503,2026-09-14 19:41:53,Margarettown,PT,0
ACC003819,2026-09-14 19:41:53,Levystad,WS,1
ACC002016,2026-09-14 19:41:54,Lake Autumn,TZ,0
ACC002067,2026-09-14 19:41:54,Riveramouth,EG,0
ACC004723,2026-09-14 19:41:55,Earlland,TZ,0
ACC000400,2026-09-14 19:41:55,Ryanstad,UZ,0
ACC000716,2026-09-14 19:41:55,West James,GW,0
ACC001389,2026-09-14 19:41:55,Trujilloport,VU,0
ACC001016,2026-09-14 19:41:55,New Timothy,PA,0
ACC001947,2026-09-14 19:41:56,Robertsshire,JO,0
ACC004975,2026-09-14 19:41:56,Rachelborough,PS,1
ACC004820,2026-09-14 19:41:56,Jessicabury,HR,0
ACC003928,2026-09-14 19:41:57,Bradshawview,PG,0
ACC003285,2026-09-14 19:41:57,Sosaview,SK,0
ACC002226,2026-09-14 19:41:57,Annetteton,PA,0
ACC001964,2026-09-14 19:41:57,New Aprilburgh,MR,0
ACC004147,2026-09-14 19:41:57,Carriefurt,NR,0
ACC000660,2026-09-14 19:41:57,Carsonside,AT,0
ACC001568,2026-09-14 19:41:59,East Willie,SO,0
ACC004384,2026-09-14 19:41:59,Gonzalezshire,ZW,0
ACC001489,2026-09-14 19:41:59,Lauraburgh,NI,0
ACC002199,2026-09-14 19:41:59,Parrishshire,HR,0
ACC000052,2026-09-14 19:42:00,North Stephanie,MM,0
ACC004203,2026-09-14 19:42:00,Hamiltonhaven,SY,0
ACC003850,2026-09-14 19:42:00,West Abigail,LC,0
ACC003390,2026-09-14 19:42:01,Port Zachary,CN,0
ACC000866,2026-09-14 19:42:01,Williamston,PH,0
ACC003654,2026-09-14 19:42:01,Duranfort,AG,0
ACC002587,2026-09-14 19:42:01,North Brendaville,GA,0
ACC002794,2026-09-14 19:42:02,Cabreraside,DK,0
ACC002955,2026-09-14 19:42:03,New Phillip,BI,0
ACC003462,2026-09-14 19:42:04,Cardenasport,US,1
ACC003927,2026-09-14 19:42:04,Lake Jeremy,MZ,0
ACC003016,2026-09-14 19:42:05,Smithfurt,UZ,0
ACC003940,2026-09-14 19:42:05,South Toddshire,PH,0
ACC004843,2026-09-14 19:42:05,South Reneeport,JP,0
ACC004252,2026-09-14 19:42:05,North Linda,AR,0
ACC002115,2026-09-14 19:42:05,Kevinmouth,KN,0
ACC001768,2026-09-14 19:42:06,Lake Alexis,BA,0
ACC002859,2026-09-14 19:42:07,Lake George,TT,0
ACC003436,2026-09-14 19:42:08,Davidfurt,FR,0
ACC001678,2026-09-14 19:42:08,East Alyssa,BG,0
ACC003109,2026-09-14 19:42:08,Port Jared,CL,0
ACC003953,2026-09-14 19:42:08,Josephside,HU,0
ACC000099,2026-09-14 19:42:09,Janicefort,GM,0
ACC002639,2026-09-14 19:42:09,Jacobport,FJ,0
ACC000793,2026-09-14 19:42:09,Kyleside,BH,0
ACC003121,2026-09-14 19:42:09,Lake Jameschester,BH,0
ACC003280,2026-09-14 19:42:09,New Alejandrostad,TR,0
ACC001979,2026-09-14 19:42:10,Bethmouth,DZ,1
ACC000474,2026-09-14 19:42:10,Herreramouth,AF,1
ACC001058,2026-09-14 19:42:10,Lake Alexis,NP,0
ACC004677,2026-09-14 19:42:10,North Mariafurt,GQ,1
ACC003834,2026-09-14 19:42:10,Johnsonton,IN,0
ACC002494,2026-09-14 19:42:11,Davisville,IQ,0
ACC002379,2026-09-14 19:42:11,South Mary,ID,0
ACC004513,2026-09-14 19:42:11,Leeberg,BS,0
ACC003940,2026-09-14 19:42:11,Foxmouth,PW,0
ACC004479,2026-09-14 19:42:11,Greenchester,CI,0
ACC004398,2026-09-14 19:42:11,West Blakefurt,LC,1
ACC003203,2026-09-14 19:42:12,Mckenzieberg,CI,0
ACC000446,2026-09-14 19:42:12,Jonathanborough,TG,0
ACC004776,2026-09-14 19:42:12,Cindyfurt,BR,0
ACC001079,2026-09-14 19:42:12,Jameston,ST,0
ACC002018,2026-09-14 19:42:12,Cabreramouth,UZ,1
ACC001761,2026-09-14 19:42:13,Wrightport,IR,0
ACC001183,2026-09-14 19:42:13,New Brian,AG,0
ACC001137,2026-09-14 19:42:13,Ryanburgh,NR,0
ACC000354,2026-09-14 19:42:13,North Miguel,AG,0
ACC000464,2026-09-14 19:42:14,Taylorburgh,DZ,0
ACC001115,2026-09-14 19:42:15,Jacobview,GA,0
ACC000301,2026-09-14 19:42:15,East Melanie,CY,0
ACC000631,2026-09-14 19:42:15,Lake Melissaborough,SA,0
ACC000581,2026-09-14 19:42:15,Wrightfort,AU,0
ACC002801,2026-09-14 19:42:16,Williston,MV,0
ACC000601,2026-09-14 19:42:16,Port Tracie,PT,0
ACC002227,2026-09-14 19:42:16,Lake Heather,GT,0
ACC001813,2026-09-14 19:42:16,South April,TZ,0
ACC003586,2026-09-14 19:42:16,Bethanyberg,JP,0
ACC002640,2026-09-14 19:42:16,East Kimberly,BB,0
ACC001238,2026-09-14 19:42:16,South Jesse,GM,0
ACC000422,2026-09-14 19:42:17,Lake Jose,FR,0
ACC000729,2026-09-14 19:42:17,North Markville,CF,0
ACC001000,2026-09-14 19:42:17,West Jane,VU,0
ACC003048,2026-09-14 19:42:18,Sototown,YE,0
ACC001269,2026-09-14 19:42:18,South George,CO,0
ACC004899,2026-09-14 19:42:18,Port Virginiamouth,UG,1
ACC000708,2026-09-14 19:42:18,Lake Tammy,BJ,0
ACC001703,2026-09-14 19:42:19,Williamsport,CL,0
ACC001763,2026-09-14 19:42:19,Campbellport,WS,0
ACC001072,2026-09-14 19:42:19,Torresport,KE,0
ACC003767,2026-09-14 19:42:20,Higginsland,NR,0
ACC002589,2026-09-14 19:42:20,Juanberg,TT,0
ACC002649,2026-09-14 19:42:20,Lake Heatherberg,RW,0
ACC002033,2026-09-14 19:42:20,New Crystal,GD,0
ACC000046,2026-09-14 19:42:21,Pottsport,GM,0
ACC004209,2026-09-14 19:42:22,East Jose,CR,0
ACC000720,2026-09-14 19:42:22,Connerton,NE,0
ACC003972,2026-09-14 19:42:23,West Timothy,CD,1
ACC002753,2026-09-14 19:42:23,East Vanessa,SI,0
ACC004911,2026-09-14 19:42:24,Jacobfurt,KG,1
ACC002143,2026-09-14 19:42:25,Port Paul,CU,0
ACC002566,2026-09-14 19:42:27,North Williammouth,IL,0
ACC000618,2026-09-14 19:42:27,New Jonathan,RS,0
ACC001216,2026-09-14 19:42:28,Salazarbury,CV,1
ACC003148,2026-09-14 19:42:28,Louisland,TV,0
ACC000353,2026-09-14 19:42:28,Willisbury,ZA,0
ACC000076,2026-09-14 19:42:28,Collinstown,UY,1
ACC002826,2026-09-14 19:42:29,Bartonmouth,KH,0
ACC001588,2026-09-14 19:42:29,West Beverlyshire,PK,1
ACC001654,2026-09-14 19:42:29,Jordanstad,BZ,0
ACC000142,2026-09-14 19:42:30,South James,SB,0
ACC001184,2026-09-14 19:42:30,East Jesus,PA,0
ACC004782,2026-09-14 19:42:30,Heidichester,UG,0
ACC001716,2026-09-14 19:42:30,Port Douglas,ML,0
ACC001548,2026-09-14 19:42:31,Port Bradley,ER,0
ACC000390,2026-09-14 19:42:31,Rogerstown,TG,0
ACC001087,2026-09-14 19:42:31,Ewingtown,CG,0
ACC002149,2026-09-14 19:42:32,North Wandahaven,VU,0
ACC000311,2026-09-14 19:42:32,Port Patrick,MU,1
ACC001428,2026-09-14 19:42:33,West Josephchester,BW,1
ACC003544,2026-09-14 19:42:33,Torresfort,TT,0
ACC001060,2026-09-14 19:42:34,Lake Erin,GD,0
ACC001131,2026-09-14 19:42:34,New Courtneyfurt,DO,0
ACC004185,2026-09-14 19:42:34,Soniaton,MU,0
ACC003028,2026-09-14 19:42:34,Victoriaville,AZ,1
ACC003977,2026-09-14 19:42:34,Wilsonside,CL,1
ACC000726,2026-09-14 19:42:35,Wardton,AO,0
ACC001003,2026-09-14 19:42:36,Jermainefurt,VC,0
ACC003430,2026-09-14 19:42:36,Fergusonside,BJ,0
ACC004957,2026-09-14 19:42:36,New Sheilafort,FM,0
ACC001008,2026-09-14 19:42:37,East Michaelmouth,SV,1
ACC004808,2026-09-14 19:42:37,Larryville,IN,0
ACC000005,2026-09-14 19:42:37,Jonathanhaven,KN,0
ACC003390,2026-09-14 19:42:37,New Leslie,MZ,0
ACC003536,2026-09-14 19:42:37,Lake Amyport,SR,0
ACC002373,2026-09-14 19:42:38,New Jessica,MN,0
ACC003441,2026-09-14 19:42:38,Masseyfurt,LT,1
ACC001651,2026-09-14 19:42:38,Port Michael,OM,0
ACC001867,2026-09-14 19:42:38,Lindashire,UY,1
ACC003452,2026-09-14 19:42:39,Jacktown,BN,0
ACC000921,2026-09-14 19:42:39,Staffordborough,BT,0
ACC002807,2026-09-14 19:42:39,South Michelleport,SD,1
ACC001018,2026-09-14 19:42:39,Lake Christopherbury,GN,1
ACC002744,2026-09-14 19:42:41,Hoodton,DZ,0
ACC003715,2026-09-14 19:42:41,Leeberg,MR,0
ACC000242,2026-09-14 19:42:41,Davidmouth,CD,0
ACC003477,2026-09-14 19:42:41,Jamesmouth,CF,0
ACC004812,2026-09-14 19:42:41,Lake Julieville,TR,0
ACC004562,2026-09-14 19:42:42,New Kaylee,PE,0
ACC003657,2026-09-14 19:42:42,South Daniel,DK,0
ACC000126,2026-09-14 19:42:42,Frankport,NG,0
ACC001437,2026-09-14 19:42:42,East Katherine,AD,0
ACC000395,2026-09-14 19:42:42,Danielsfort,RW,0
ACC002553,2026-09-14 19:42:43,East Maria,MD,0
ACC000905,2026-09-14 19:42:44,West Gregory,IL,0
ACC001040,2026-09-14 19:42:44,Jamesview,JP,0
ACC001161,2026-09-14 19:42:44,East Andreville,CN,0
ACC001916,2026-09-14 19:42:44,Lake Alyssa,EE,0
ACC004648,2026-09-14 19:42:45,North Paul,RW,0
ACC004157,2026-09-14 19:42:45,Perezbury,BO,1
ACC001304,2026-09-14 19:42:45,North Cherylhaven,ST,0
ACC002079,2026-09-14 19:42:46,Port Kimberlyport,ST,0
ACC002507,2026-09-14 19:42:47,Normanberg,TT,0
ACC003505,2026-09-14 19:42:47,New Pamela,BT,0
ACC002560,2026-09-14 19:42:47,Cassandrachester,JP,0
ACC001943,2026-09-14 19:42:47,Welchshire,VA,0
ACC004419,2026-09-14 19:42:48,Jacobsonland,GH,0
ACC001008,2026-09-14 19:42:48,Williamsport,VA,0
ACC003056,2026-09-14 19:42:48,Yolandafurt,CA,0
ACC004170,2026-09-14 19:42:48,Jessicaland,LS,0
ACC001777,2026-09-14 19:42:49,Tuckerport,MA,1
ACC004897,2026-09-14 19:42:49,West Jeremiah,AZ,1
ACC004164,2026-09-14 19:42:49,Lauramouth,RU,0
ACC004965,2026-09-14 19:42:49,South Scott,UA,0
ACC000649,2026-09-14 19:42:49,Taylorview,MR,0
ACC000133,2026-09-14 19:42:49,Port Joshuaborough,MZ,0
ACC000985,2026-09-14 19:42:50,Penaland,GM,0
ACC001328,2026-09-14 19:42:50,Lake Sharonfurt,PL,0
ACC003302,2026-09-14 19:42:51,Lake Justin,NA,0
ACC003533,2026-09-14 19:42:51,Port Patrick,HR,0
ACC004438,2026-09-14 19:42:52,West Charles,ET,0
ACC003658,2026-09-14 19:42:52,Alvaradoport,JO,0
ACC001293,2026-09-14 19:42:53,Ianhaven,MX,0
ACC003938,2026-09-14 19:42:53,New Patriciaport,MC,0
ACC000134,2026-09-14 19:42:53,Gutierrezhaven,BI,0
ACC003336,2026-09-14 19:42:53,New Melissaburgh,BD,0
ACC004260,2026-09-14 19:42:54,Cohentown,RU,0
ACC004841,2026-09-14 19:42:54,Johnsonmouth,BB,0
ACC004862,2026-09-14 19:42:54,New Valerie,QA,0
ACC000007,2026-09-14 19:42:54,Port Michael,GQ,0
ACC000454,2026-09-14 19:42:54,South James,DO,1
ACC000112,2026-09-14 19:42:54,West Christopherville,TJ,0
ACC002795,2026-09-14 19:42:55,East Jessica,MH,0
ACC002525,2026-09-14 19:42:55,Hurleyport,SA,0
ACC004902,2026-09-14 19:42:55,North Josephton,UY,0
ACC004398,2026-09-14 19:42:55,North Sandrastad,UA,0
ACC001862,2026-09-14 19:42:55,Heiditown,ST,0
ACC001536,2026-09-14 19:42:55,West David,TH,0
ACC000477,2026-09-14 19:42:55,Andrewbury,BB,0
ACC004481,2026-09-14 19:42:55,Robertsville,LC,1
ACC003064,2026-09-14 19:42:56,Michelleburgh,DZ,1
ACC000046,2026-09-14 19:42:56,Mckinneyberg,BF,0
ACC001773,2026-09-14 19:42:56,East Thomasbury,BR,0
ACC000763,2026-09-14 19:42:57,Freemanbury,VU,0
ACC004294,2026-09-14 19:42:57,Lake Johnmouth,GM,0
ACC003250,2026-09-14 19:42:57,West Chelsea,LA,0
ACC002971,2026-09-14 19:42:58,East Jonathanport,TO,0
ACC001175,2026-09-14 19:42:58,East Deniseport,FI,0
ACC001184,2026-09-14 19:42:58,East Sandraside,HT,0
ACC001799,2026-09-14 19:42:58,Patrickmouth,NL,0
ACC001710,2026-09-14 19:42:59,South Glenn,IR,0
ACC001781,2026-09-14 19:42:59,North James,MK,0
ACC004850,2026-09-14 19:42:59,Port Jamestown,OM,0
ACC000867,2026-09-14 19:43:01,Ruizberg,GT,0
ACC004178,2026-09-14 19:43:01,Monroeborough,BJ,1
ACC003908,2026-09-14 19:43:01,North Margarettown,GA,0
ACC003853,2026-09-14 19:43:01,Paulborough,BG,0
ACC001774,2026-09-14 19:43:01,West Jeffreyborough,BH,0
ACC001719,2026-09-14 19:43:01,Eugenehaven,MC,0
ACC003368,2026-09-14 19:43:02,Robertschester,SD,1
ACC000092,2026-09-14 19:43:02,Smithside,RS,1
ACC001279,2026-09-14 19:43:02,New Rebecca,SV,0
ACC002929,2026-09-14 19:43:02,Smithport,LY,0
ACC003825,2026-09-14 19:43:02,West Louis,HU,0
ACC000197,2026-09-14 19:43:04,New Joseph,SV,0
ACC001468,2026-09-14 19:43:04,Leeburgh,RS,0
ACC003186,2026-09-14 19:43:04,West Mark,SI,0
ACC000403,2026-09-14 19:43:04,Johnsonbury,GW,0
ACC002324,2026-09-14 19:43:04,South Ruthshire,MX,0
ACC001870,2026-09-14 19:43:04,Amymouth,PK,1
ACC004922,2026-09-14 19:43:05,Wadeland,CF,0
ACC004546,2026-09-14 19:43:05,New Glendafurt,MV,0
ACC000949,2026-09-14 19:43:05,Monroeberg,NR,0
ACC002601,2026-09-14 19:43:06,Perezchester,FJ,0
ACC003474,2026-09-14 19:43:06,Smithtown,BY,0
ACC001777,2026-09-14 19:43:06,Nealstad,TO,0
ACC004929,2026-09-14 19:43:06,Jefferyhaven,TT,0
ACC003356,2026-09-14 19:43:06,North Deborah,DK,0
ACC001461,2026-09-14 19:43:06,Seanhaven,TD,0
ACC002620,2026-09-14 19:43:06,North Samanthafort,KZ,0
ACC001890,2026-09-14 19:43:07,East Richardberg,GE,1
ACC004302,2026-09-14 19:43:07,Port Tiffanyside,AD,0
ACC003494,2026-09-14 19:43:07,Lake Sherryton,LI,1
ACC001263,2026-09-14 19:43:07,East Thomas,AL,1
ACC002869,2026-09-14 19:43:07,Port Stacy,NE,0
ACC000563,2026-09-14 19:43:07,North Edwardburgh,MH,0
ACC000885,2026-09-14 19:43:07,Jaredport,TD,0
ACC002711,2026-09-14 19:43:07,North Brandon,KZ,0
ACC000812,2026-09-14 19:43:08,Michelemouth,KZ,0
ACC001644,2026-09-14 19:43:09,Port Kathleen,SR,1
ACC000873,2026-09-14 19:43:09,Paynebury,GT,0
ACC002298,2026-09-14 19:43:10,Ashleyview,GH,0
ACC002384,2026-09-14 19:43:10,New Josephfurt,SC,0
ACC000963,2026-09-14 19:43:10,Kramerberg,PS,1
ACC003378,2026-09-14 19:43:10,West Micheleton,GA,0
ACC004398,2026-09-14 19:43:10,West Colinstad,VU,0
ACC004469,2026-09-14 19:43:10,South Amy,AM,1
ACC001950,2026-09-14 19:43:10,West Michaelchester,IE,0
ACC000393,2026-09-14 19:43:10,Lake Cynthia,AT,1
ACC002205,2026-09-14 19:43:10,Kathyshire,TD,0
ACC004542,2026-09-14 19:43:11,New Richardview,LV,0
ACC003268,2026-09-14 19:43:11,New Sarah,GE,0
ACC000578,2026-09-14 19:43:11,West David,NR,0
ACC003172,2026-09-14 19:43:12,South Alexander,IR,0
ACC003376,2026-09-14 19:43:12,Carolfort,ZA,0
ACC003583,2026-09-14 19:43:12,New Kirstenchester,CD,0
ACC001181,2026-09-14 19:43:13,New Jasmineshire,PK,0
ACC002033,2026-09-14 19:43:13,Carlshire,KE,0
ACC001997,2026-09-14 19:43:13,West Brendanshire,CV,0
ACC004656,2026-09-14 19:43:14,Barbarastad,MZ,0
ACC003388,2026-09-14 19:43:14,Rivasview,TL,0
ACC002930,2026-09-14 19:43:15,Kathleenmouth,YE,0
ACC000845,2026-09-14 19:43:16,New Scott,EG,0
ACC002087,2026-09-14 19:43:16,West Jessica,ZA,0
ACC000798,2026-09-14 19:43:16,Lake Julieburgh,TD,0
ACC002099,2026-09-14 19:43:16,Wallhaven,PK,0
ACC002208,2026-09-14 19:43:17,Dianetown,RW,0
ACC002556,2026-09-14 19:43:17,Wandastad,LT,0
ACC000741,2026-09-14 19:43:18,Stephanieborough,GH,1
ACC004463,2026-09-14 19:43:18,Guerrastad,CO,0
ACC000587,2026-09-14 19:43:18,Lake Valerieburgh,CU,0
ACC000883,2026-09-14 19:43:18,Gregorymouth,TM,0
ACC002999,2026-09-14 19:43:18,North Wesleyville,BY,0
ACC003893,2026-09-14 19:43:18,West Carlosberg,FR,0
ACC003127,2026-09-14 19:43:18,New Kenneth,CL,0
ACC002868,2026-09-14 19:43:18,Taylorland,BW,0
ACC003610,2026-09-14 19:43:19,Melissamouth,TL,0
ACC004797,2026-09-14 19:43:19,Robertland,PE,0
ACC000535,2026-09-14 19:43:19,Gregorymouth,MV,0
ACC000566,2026-09-14 19:43:19,South Jeffery,LB,0
ACC003419,2026-09-14 19:43:20,North Sandy,AR,0
ACC004911,2026-09-14 19:43:20,Lake Lindsay,NP,1
ACC003251,2026-09-14 19:43:20,Bridgesstad,NI,0
ACC003361,2026-09-14 19:43:21,New Maria,SL,0
ACC004835,2026-09-14 19:43:21,Lake Saraland,NI,0
ACC000430,2026-09-14 19:43:22,Lake Susantown,DK,0
ACC001085,2026-09-14 19:43:22,Langshire,PW,0
ACC004755,2026-09-14 19:43:22,East Ronnie,MU,0
ACC001147,2026-09-14 19:43:22,Lake Christopher,AF,0
ACC003235,2026-09-14 19:43:22,Hunterview,HT,1
ACC001492,2026-09-14 19:43:22,Port Vickie,MU,0
ACC000958,2026-09-14 19:43:22,Ianborough,BR,0
ACC001198,2026-09-14 19:43:22,Lake Brittanystad,AZ,0
ACC000422,2026-09-14 19:43:22,Gomezside,WS,1
ACC004611,2026-09-14 19:43:23,South Desireemouth,PS,0
ACC001318,2026-09-14 19:43:23,Maddoxmouth,ES,0
ACC003844,2026-09-14 19:43:23,Lake Timothyborough,TM,0
ACC002875,2026-09-14 19:43:23,Margaretstad,NL,0
ACC001796,2026-09-14 19:43:23,Lawsonside,GN,0
ACC003301,2026-09-14 19:43:24,North Stephanietown,IL,0
ACC004241,2026-09-14 19:43:24,Dannybury,SA,0
ACC002926,2026-09-14 19:43:25,Gonzalezton,BG,1
ACC000490,2026-09-14 19:43:25,Lake Julieburgh,BO,0
ACC000964,2026-09-14 19:43:26,East Derek,IR,0
ACC004387,2026-09-14 19:43:26,Katelynberg,DK,0
ACC004335,2026-09-14 19:43:26,South Julianport,BZ,0
ACC004330,2026-09-14 19:43:26,Port Johnport,PK,0
ACC003504,2026-09-14 19:43:27,Johnsonton,US,0
ACC002126,2026-09-14 19:43:27,Hermanfort,GA,0
ACC001486,2026-09-14 19:43:27,Tinashire,MU,0
ACC002495,2026-09-14 19:43:28,Jackburgh,GT,0
ACC003842,2026-09-14 19:43:28,Hillberg,DZ,0
ACC004179,2026-09-14 19:43:28,Mirandaland,AL,0
ACC003600,2026-09-14 19:43:28,Lyonsburgh,BN,0
ACC003524,2026-09-14 19:43:28,Dustinchester,TO,0
ACC002383,2026-09-14 19:43:29,West Clarence,MY,0
ACC001160,2026-09-14 19:43:29,Arellanoton,DK,0
ACC004630,2026-09-14 19:43:30,South Jennifer,CD,1
ACC001672,2026-09-14 19:43:32,New Sarahburgh,LB,0
ACC001843,2026-09-14 19:43:32,Lake Dawnton,LT,0
ACC000982,2026-09-14 19:43:32,East Scott,KG,0
ACC000877,2026-09-14 19:43:33,Lake Leslieland,CH,0
ACC001526,2026-09-14 19:43:33,North Angelastad,TT,0
ACC002439,2026-09-14 19:43:33,Henrybury,TL,0
ACC003703,2026-09-14 19:43:34,North Hollyton,AZ,0
ACC002083,2026-09-14 19:43:34,North Randyberg,DO,0
ACC003959,2026-09-14 19:43:34,Westchester,UA,0
ACC000843,2026-09-14 19:43:35,Paulberg,GH,0
ACC000398,2026-09-14 19:43:35,Joshuafort,KZ,0
ACC000632,2026-09-14 19:43:35,Scottville,EC,0
ACC003111,2026-09-14 19:43:36,Port Melindaland,JO,0
ACC003956,2026-09-14 19:43:36,Bobbyhaven,MD,0
ACC004453,2026-09-14 19:43:37,Thomasmouth,NO,0
ACC002681,2026-09-14 19:43:37,Millerview,TM,1
ACC002498,2026-09-14 19:43:38,Boydhaven,CZ,0
ACC003038,2026-09-14 19:43:38,North Robertview,UA,0
ACC003561,2026-09-14 19:43:38,Vincentmouth,MC,0
ACC004032,2026-09-14 19:43:38,West Lucaschester,CA,0
ACC000119,2026-09-14 19:43:39,Velezhaven,SN,0
ACC003162,2026-09-14 19:43:40,Rojasberg,TT,0
ACC002534,2026-09-14 19:43:40,West Robert,AM,0
ACC004539,2026-09-14 19:43:40,Hendersonland,RW,0
ACC000396,2026-09-14 19:43:41,Pacemouth,MM,0
ACC002647,2026-09-14 19:43:41,South Abigailfurt,ID,0
ACC004069,2026-09-14 19:43:42,Jasonshire,TD,1
ACC002391,2026-09-14 19:43:42,Lake Connie,IN,0
ACC000857,2026-09-14 19:43:42,South Kathryn,VU,0
ACC002271,2026-09-14 19:43:42,Lake Gregoryport,SN,0
ACC004763,2026-09-14 19:43:42,West Danielstad,GY,0
ACC004824,2026-09-14 19:43:43,Chapmanborough,EG,0
ACC002279,2026-09-14 19:43:43,New Lisafurt,IR,0
ACC004135,2026-09-14 19:43:44,Jenkinsmouth,VE,0
ACC001507,2026-09-14 19:43:44,Dixonview,VU,0
ACC000177,2026-09-14 19:43:44,Hendricksfort,BF,0
ACC002338,2026-09-14 19:43:44,Jasminetown,VN,0
ACC001608,2026-09-14 19:43:45,South Carlos,MA,0
ACC004028,2026-09-14 19:43:45,Port Jeffreymouth,EE,0
ACC000553,2026-09-14 19:43:45,Lake Megantown,MN,0
ACC003602,2026-09-14 19:43:46,Thomasborough,US,0
ACC003697,2026-09-14 19:43:46,East Timothy,BJ,0
ACC001981,2026-09-14 19:43:46,South Joditon,TD,0
ACC004678,2026-09-14 19:43:47,Leeburgh,BS,0
ACC004613,2026-09-14 19:43:47,Jamesborough,MD,0
ACC002005,2026-09-14 19:43:47,New Lawrence,HU,0
ACC002925,2026-09-14 19:43:47,Lake Michelle,NZ,0
ACC002364,2026-09-14 19:43:47,Blackshire,SN,0
ACC004812,2026-09-14 19:43:48,West Robert,US,0
ACC002398,2026-09-14 19:43:48,Williamsstad,KP,0
ACC002130,2026-09-14 19:43:48,Hayesville,TV,0
ACC002813,2026-09-14 19:43:48,Richardmouth,HT,0
ACC003925,2026-09-14 19:43:49,Hayesbury,MR,0
ACC003430,2026-09-14 19:43:50,South Brianburgh,VC,0
ACC001003,2026-09-14 19:43:50,Cindyland,GB,0
ACC002815,2026-09-14 19:43:50,East Micheal,VC,0
ACC002706,2026-09-14 19:43:51,Lake Gregoryberg,RO,0
ACC000201,2026-09-14 19:43:51,Moranmouth,CZ,0
ACC000679,2026-09-14 19:43:51,Hermanshire,CR,0
ACC002745,2026-09-14 19:43:52,North John,BS,0
ACC002542,2026-09-14 19:43:52,West Keith,SC,0
ACC002348,2026-09-14 19:43:52,Gonzalezborough,CU,0
ACC002393,2026-09-14 19:43:52,Vargasmouth,BY,0
ACC003431,2026-09-14 19:43:52,Lake Robert,AR,1
ACC002863,2026-09-14 19:43:52,Kevinhaven,GN,0
ACC003043,2026-09-14 19:43:53,Dianaborough,BG,0
ACC003181,2026-09-14 19:43:53,New Jeffrey,LK,0
ACC000428,2026-09-14 19:43:54,Meganchester,LV,0
ACC000699,2026-09-14 19:43:54,Angelaside,GA,0
ACC000761,2026-09-14 19:43:54,Troybury,IN,0
ACC001504,2026-09-14 19:43:54,Port Jasonport,ZA,0
ACC000490,2026-09-14 19:43:55,North David,MV,0
ACC004828,2026-09-14 19:43:55,Port Lorichester,JO,0
ACC001702,2026-09-14 19:43:55,Whiteton,TV,0
ACC000746,2026-09-14 19:43:56,New Laura,ID,0
ACC004483,2026-09-14 19:43:57,North Kayla,UY,0
ACC000717,2026-09-14 19:43:57,Barbarachester,QA,0
ACC001928,2026-09-14 19:43:58,West Ashley,IQ,0
ACC004875,2026-09-14 19:43:59,Sarahton,GY,0
ACC000076,2026-09-14 19:43:59,West Jennifer,BY,0
ACC004280,2026-09-14 19:43:59,Greentown,BI,0
ACC000349,2026-09-14 19:43:59,South Brittanyshire,TL,0
ACC000880,2026-09-14 19:44:00,Stevenberg,DZ,0
ACC004035,2026-09-14 19:44:00,New Melissa,BG,1
ACC003640,2026-09-14 19:44:00,West Alexa,AL,1
ACC004934,2026-09-14 19:44:00,Lake Kevinfurt,SY,1
ACC002532,2026-09-14 19:44:00,Ericmouth,PT,1
ACC003881,2026-09-14 19:44:00,Kleinhaven,IS,1
ACC004990,2026-09-14 19:44:00,Lewisburgh,AR,0
ACC004204,2026-09-14 19:44:01,North Kristen,WS,0
ACC004123,2026-09-14 19:44:02,Calhounmouth,GQ,0
ACC003806,2026-09-14 19:44:02,Brianfurt,GD,0
ACC001384,2026-09-14 19:44:02,New Mary,CV,0
ACC003023,2026-09-14 19:44:03,South Richardfort,DK,0
ACC000670,2026-09-14 19:44:03,South Jenniferfurt,AF,1
ACC004291,2026-09-14 19:44:03,North Michaelmouth,GH,1
ACC004290,2026-09-14 19:44:03,East Kimberly,CA,0
ACC004680,2026-09-14 19:44:04,South Patrickport,BH,0
ACC000422,2026-09-14 19:44:04,Port Kylefurt,LS,0
ACC002686,2026-09-14 19:44:04,Riggschester,AO,0
ACC000822,2026-09-14 19:44:04,Port Yolandatown,PH,0
ACC000624,2026-09-14 19:44:05,Leahland,SY,0
ACC000059,2026-09-14 19:44:05,Davidbury,CG,0
ACC002526,2026-09-14 19:44:05,Wallsfort,JP,0
ACC003526,2026-09-14 19:44:06,East Aaron,JO,0
ACC001680,2026-09-14 19:44:06,North Rebecca,NZ,0
ACC000533,2026-09-14 19:44:06,Adkinston,CG,0
ACC000451,2026-09-14 19:44:06,Rodriguezbury,LY,0
ACC000306,2026-09-14 19:44:07,Port Joseph,DE,1
ACC001873,2026-09-14 19:44:07,East Kevinshire,HN,1
ACC002022,2026-09-14 19:44:08,Gonzaleztown,QA,0
ACC002265,2026-09-14 19:44:08,Juliantown,RO,0
ACC001810,2026-09-14 19:44:08,West Joseph,CZ,0
ACC004312,2026-09-14 19:44:09,Nicholsland,SM,0
ACC000484,2026-09-14 19:44:09,Port Bethanyshire,FR,0
ACC001594,2026-09-14 19:44:10,North Kristen,CZ,0
ACC003393,2026-09-14 19:44:10,East Kristina,KZ,0
ACC003525,2026-09-14 19:44:10,Erinchester,SZ,0
ACC001938,2026-09-14 19:44:10,South Emily,IL,0
ACC002862,2026-09-14 19:44:10,Morenoshire,TH,0
ACC000859,2026-09-14 19:44:10,Johnsonchester,IL,0
ACC004258,2026-09-14 19:44:10,South Sierra,AE,0
ACC001009,2026-09-14 19:44:11,West Barbara,GM,0
ACC000107,2026-09-14 19:44:11,Gallegosbury,TZ,0
ACC000052,2026-09-14 19:44:11,Antoniomouth,WS,0
ACC003425,2026-09-14 19:44:11,Kimberlyview,TM,0
ACC003350,2026-09-14 19:44:11,Ericport,DO,0
ACC001027,2026-09-14 19:44:12,West Melissaport,ST,0
ACC004428,2026-09-14 19:44:13,Pambury,AL,0
ACC002165,2026-09-14 19:44:13,Lake Edward,MZ,0
ACC003116,2026-09-14 19:44:14,Josephton,IT,0
ACC003963,2026-09-14 19:44:14,South Alexander,QA,0
ACC004998,2026-09-14 19:44:14,Paulton,BS,0
ACC001993,2026-09-14 19:44:14,Joelhaven,PS,0
ACC004739,2026-09-14 19:44:15,Lake Jessica,TD,1
ACC000378,2026-09-14 19:44:15,Lake Michael,ML,0
ACC002381,2026-09-14 19:44:15,Jordanton,DJ,0
ACC004538,2026-09-14 19:44:15,North Betty,CO,0
ACC001955,2026-09-14 19:44:16,South Megan,LK,0
ACC001947,2026-09-14 19:44:16,Hubbardview,JP,0
ACC002591,2026-09-14 19:44:17,Lake Charles,GH,0
ACC003767,2026-09-14 19:44:17,West Chase,ZW,0
ACC001454,2026-09-14 19:44:17,Jeremybury,SC,0
ACC002969,2026-09-14 19:44:17,South Michael,RS,0
ACC003345,2026-09-14 19:44:18,South Sue,LA,0
ACC000037,2026-09-14 19:44:19,Destinyside,LU,0
ACC004186,2026-09-14 19:44:19,East Kendra,CF,0
ACC000126,2026-09-14 19:44:19,East Annetteland,LS,0
ACC003752,2026-09-14 19:44:19,Lake Mary,SY,1
ACC000887,2026-09-14 19:44:19,Christopherborough,KW,0
ACC001602,2026-09-14 19:44:19,Richardborough,AD,0
ACC001958,2026-09-14 19:44:20,Nixonview,TZ,0
ACC002813,2026-09-14 19:44:21,Morenoburgh,BZ,0
ACC003509,2026-09-14 19:44:21,West Andreaborough,AT,0
ACC001036,2026-09-14 19:44:21,West Dylan,NZ,0
ACC004912,2026-09-14 19:44:21,Port Joshualand,FR,0
ACC000907,2026-09-14 19:44:22,Williamstown,BJ,0
ACC003240,2026-09-14 19:44:22,South Donna,CL,0
ACC000392,2026-09-14 19:44:23,Marytown,PE,0
ACC000800,2026-09-14 19:44:23,Starkchester,MV,0
ACC003140,2026-09-14 19:44:23,Port Joseph,FJ,0
ACC002693,2026-09-14 19:44:23,Brianborough,BJ,0
ACC000219,2026-09-14 19:44:23,South Chaseborough,ZM,0
ACC000716,2026-09-14 19:44:23,Kelseyburgh,EC,1
ACC002015,2026-09-14 19:44:23,New Amy,LK,0
ACC002039,2026-09-14 19:44:24,Browntown,PE,0
ACC001538,2026-09-14 19:44:25,Lake Billchester,HU,0
ACC000182,2026-09-14 19:44:25,Taylorshire,PA,1
ACC000751,2026-09-14 19:44:25,North Mark,IT,0
ACC003060,2026-09-14 19:44:25,North Jamesberg,AU,0
ACC001844,2026-09-14 19:44:26,Justinburgh,VU,0
ACC001495,2026-09-14 19:44:26,Port Matthew,BE,0
ACC001726,2026-09-14 19:44:26,Port Sarahport,TJ,0
ACC000256,2026-09-14 19:44:26,Griffinbury,TD,0
ACC000176,2026-09-14 19:44:26,New Heather,KG,0
ACC000261,2026-09-14 19:44:27,West Pamelaberg,PA,0
ACC000662,2026-09-14 19:44:27,Katherinefurt,AT,0
ACC003435,2026-09-14 19:44:27,Lake Elizabethbury,IL,0
ACC004423,2026-09-14 19:44:27,Micheleton,MC,0
ACC001657,2026-09-14 19:44:27,Bakerborough,CI,0
ACC001439,2026-09-14 19:44:29,Port Julie,GM,0
ACC000709,2026-09-14 19:44:29,New Stevenbury,PY,0
ACC002349,2026-09-14 19:44:29,Cookstad,ZM,0
ACC002435,2026-09-14 19:44:29,North Edwardhaven,BS,0
ACC003170,2026-09-14 19:44:29,Gregoryview,NG,0
ACC000729,2026-09-14 19:44:29,Paulshire,MA,0
ACC000121,2026-09-14 19:44:30,Sullivanbury,ME,0
ACC003410,2026-09-14 19:44:30,New Scott,RU,0
ACC003120,2026-09-14 19:44:30,Port Josephfurt,TG,0
ACC000114,2026-09-14 19:44:31,Stephaniemouth,SK,0
ACC004421,2026-09-14 19:44:31,Markport,BF,0
ACC004882,2026-09-14 19:44:31,Lake Ambermouth,LR,0
ACC003965,2026-09-14 19:44:32,New Morgan,AG,1
ACC000584,2026-09-14 19:44:32,North Jamesstad,GE,1
ACC002611,2026-09-14 19:44:32,Port Brian,GA,0
ACC002129,2026-09-14 19:44:33,Carlosport,SM,0
ACC001825,2026-09-14 19:44:33,Lake Ashley,ML,0
ACC002464,2026-09-14 19:44:34,Cervantesview,SA,0
ACC001738,2026-09-14 19:44:34,Andrewmouth,KI,0
ACC002984,2026-09-14 19:44:34,Moraberg,LS,0
ACC002121,2026-09-14 19:44:34,Andreafort,SD,0
ACC001950,2026-09-14 19:44:34,West Marie,ID,0
ACC002827,2026-09-14 19:44:35,Monicastad,SN,0
ACC004361,2026-09-14 19:44:35,Michaelchester,ML,0
ACC000371,2026-09-14 19:44:35,Lake Crystal,AU,0
ACC004391,2026-09-14 19:44:35,Andrewport,CM,1
ACC001434,2026-09-14 19:44:35,Josephfort,LY,0
ACC001844,2026-09-14 19:44:35,West Shaneberg,TW,0
ACC001354,2026-09-14 19:44:35,Schultzmouth,JP,0
ACC000340,2026-09-14 19:44:35,Brianport,PE,0
ACC004381,2026-09-14 19:44:36,South Gordonport,SV,0
ACC000548,2026-09-14 19:44:36,West Brandymouth,ML,0
ACC000845,2026-09-14 19:44:36,Ramirezberg,BA,0
ACC000737,2026-09-14 19:44:37,Hernandeztown,ES,0
ACC003059,2026-09-14 19:44:37,West Debrafort,NE,0
ACC000549,2026-09-14 19:44:37,East Thomas,NP,0
ACC000431,2026-09-14 19:44:37,Owensborough,MX,0
ACC002063,2026-09-14 19:44:38,East Crystal,BZ,0
ACC002103,2026-09-14 19:44:38,Russelltown,MD,0
ACC003554,2026-09-14 19:44:38,Lake Phillip,PS,0
ACC004286,2026-09-14 19:44:38,Charlesview,TG,0
ACC002789,2026-09-14 19:44:38,West Gabriela,TV,0
ACC000854,2026-09-14 19:44:39,Sullivanbury,GQ,0
ACC004433,2026-09-14 19:44:39,Weaverstad,SV,0
ACC004860,2026-09-14 19:44:40,North Lucas,DZ,0
ACC001633,2026-09-14 19:44:40,East Christian,CA,0
ACC001120,2026-09-14 19:44:40,Dawsonchester,PY,1
ACC001548,2026-09-14 19:44:40,Port Grace,SO,1
ACC000101,2026-09-14 19:44:41,East Jonathan,LB,0
ACC002843,2026-09-14 19:44:41,Brownside,IT,0
ACC002168,2026-09-14 19:44:41,Randyberg,KW,0
ACC001014,2026-09-14 19:44:42,Lake Brianaton,SR,0
ACC003826,2026-09-14 19:44:42,Loveshire,UG,0
ACC002240,2026-09-14 19:44:42,Schmidtfurt,LK,0
ACC003895,2026-09-14 19:44:42,South Zacharyland,DE,0
ACC004949,2026-09-14 19:44:42,Thomasborough,FM,0
ACC001404,2026-09-14 19:44:42,South Jessica,TO,0
ACC004432,2026-09-14 19:44:43,Lake Anthony,LI,0
ACC000170,2026-09-14 19:44:43,Elizabethton,LS,0
ACC003254,2026-09-14 19:44:43,Arellanoview,TT,0
ACC002716,2026-09-14 19:44:43,Duketown,ES,0
ACC003842,2026-09-14 19:44:43,North Emmaport,IS,0
ACC003163,2026-09-14 19:44:43,Suzannetown,IL,0
ACC003939,2026-09-14 19:44:44,Alexandriaberg,ER,0
ACC000548,2026-09-14 19:44:44,North Heatherville,TO,0
ACC002598,2026-09-14 19:44:44,Port Nathanielfort,IL,0
ACC003765,2026-09-14 19:44:45,Port Walterport,NO,1
ACC002154,2026-09-14 19:44:45,Gallegosmouth,PY,0
ACC001389,2026-09-14 19:44:45,Sloanview,BS,0
ACC004493,2026-09-14 19:44:46,Cooperland,LA,0
ACC000145,2026-09-14 19:44:46,West Zacharyton,RO,0
ACC002200,2026-09-14 19:44:46,Joeburgh,IT,0
ACC003900,2026-09-14 19:44:47,Whitneybury,TG,0
ACC000791,2026-09-14 19:44:47,Samuelland,MR,0
ACC003898,2026-09-14 19:44:47,Lake Sean,SB,0
ACC000062,2026-09-14 19:44:47,Baileymouth,CZ,0
ACC003881,2026-09-14 19:44:49,Nicholsside,AM,1
ACC001456,2026-09-14 19:44:49,Port Janice,IL,0
ACC000051,2026-09-14 19:44:49,Johnstonborough,DM,0
ACC004019,2026-09-14 19:44:49,Zhangmouth,CR,0
ACC000355,2026-09-14 19:44:50,New Erica,VU,0
ACC001066,2026-09-14 19:44:51,South Amandashire,WS,1
ACC000649,2026-09-14 19:44:51,North Lukemouth,NA,0
ACC003859,2026-09-14 19:44:51,South Christybury,SZ,0
ACC002082,2026-09-14 19:44:51,New Edwardfort,CY,0
ACC002012,2026-09-14 19:44:52,Fergusonfurt,AF,1
ACC001858,2026-09-14 19:44:53,Millermouth,YE,0
ACC004890,2026-09-14 19:44:53,East Daniel,AL,0
ACC002746,2026-09-14 19:44:53,Figueroaton,BT,1
ACC000014,2026-09-14 19:44:53,South Justin,MX,0
ACC003096,2026-09-14 19:44:54,Georgeland,TW,0
ACC001990,2026-09-14 19:44:55,Brittanymouth,DO,0
ACC004506,2026-09-14 19:44:56,Anachester,MY,0
ACC000180,2026-09-14 19:44:57,Taylorberg,MX,0
ACC004571,2026-09-14 19:44:57,Lake Alyssaville,WS,0
ACC001290,2026-09-14 19:44:57,Jenningsfurt,IN,0
ACC000413,2026-09-14 19:44:58,West Geoffreyberg,LK,0
ACC002930,2026-09-14 19:44:58,East Kellyside,CZ,0
ACC000012,2026-09-14 19:44:58,Sotochester,IN,0
ACC000291,2026-09-14 19:44:58,Brownchester,DZ,0
ACC004631,2026-09-14 19:44:59,Kennethport,BJ,0
ACC003945,2026-09-14 19:44:59,Theresafort,KR,0
ACC002831,2026-09-14 19:44:59,Adamsland,HN,0
ACC002671,2026-09-14 19:44:59,Lake Kim,FI,0
ACC001697,2026-09-14 19:44:59,Cunninghamview,BT,0
ACC002454,2026-09-14 19:45:00,Port Richardbury,GA,0
ACC003868,2026-09-14 19:45:01,East Annatown,BI,0
ACC001002,2026-09-14 19:45:01,Frankview,BY,0
ACC001184,2026-09-14 19:45:02,Haileyfurt,UA,0
ACC001807,2026-09-14 19:45:03,Thomasfort,BG,0
ACC004898,2026-09-14 19:45:03,Flynnfurt,NA,0
ACC000629,2026-09-14 19:45:04,Russelltown,BJ,0
ACC000158,2026-09-14 19:45:04,North Daniel,IS,1
ACC004679,2026-09-14 19:45:04,Jeffreybury,ST,0
ACC000648,2026-09-14 19:45:04,Andersonland,OM,0
ACC004312,2026-09-14 19:45:04,South Brian,RU,1
ACC002535,2026-09-14 19:45:05,Alvarezfurt,MR,0
ACC002825,2026-09-14 19:45:06,New Michaelstad,IR,1
ACC000404,2026-09-14 19:45:06,East Nicole,FI,0
ACC003633,2026-09-14 19:45:07,Port Coreymouth,MC,0
ACC001327,2026-09-14 19:45:07,Griffinfort,CV,0
ACC002385,2026-09-14 19:45:07,West Karenville,HR,0
ACC004374,2026-09-14 19:45:07,Cartershire,GY,0
ACC001005,2026-09-14 19:45:08,Andersonton,LU,1
ACC004094,2026-09-14 19:45:08,West Kayla,EG,0
ACC003974,2026-09-14 19:45:09,North Laura,MX,0
ACC000455,2026-09-14 19:45:09,Wyattfort,PH,0
ACC000334,2026-09-14 19:45:09,North Charles,BI,0
ACC004243,2026-09-14 19:45:10,South Robertside,BT,0
ACC003616,2026-09-14 19:45:10,West Susanfurt,NI,0
ACC004835,2026-09-14 19:45:10,West Eugene,JM,0
ACC002868,2026-09-14 19:45:10,Avilafort,NG,0
ACC003784,2026-09-14 19:45:10,Austinborough,SA,0
ACC004176,2026-09-14 19:45:11,Harrisontown,BR,0
ACC001170,2026-09-14 19:45:11,Allenborough,NO,0
ACC001751,2026-09-14 19:45:11,Port Evelyn,SB,0
ACC004703,2026-09-14 19:45:11,Port Carlview,CG,1
ACC002050,2026-09-14 19:45:11,East Sarah,BI,0
ACC004054,2026-09-14 19:45:11,West Thomashaven,NP,0
ACC001397,2026-09-14 19:45:12,Aliciaville,MY,1
ACC001001,2026-09-14 19:45:12,Lake Chris,PW,0
ACC002598,2026-09-14 19:45:12,Wyattfort,JP,0
ACC002511,2026-09-14 19:45:12,Rebeccabury,WS,0
ACC001212,2026-09-14 19:45:13,Adamsmouth,LB,0
ACC004496,2026-09-14 19:45:13,Smithview,PS,0
ACC000901,2026-09-14 19:45:13,Barbaraton,AZ,0
ACC004876,2026-09-14 19:45:13,Javierbury,MR,0
ACC001493,2026-09-14 19:45:13,South Raymondchester,DK,0
ACC000860,2026-09-14 19:45:13,Lisamouth,SR,0
ACC000298,2026-09-14 19:45:13,Hortonside,OM,0
ACC003667,2026-09-14 19:45:14,West Laura,KG,0
ACC003683,2026-09-14 19:45:14,Valdezberg,SZ,0
ACC004731,2026-09-14 19:45:14,Scottfort,MV,0
ACC002551,2026-09-14 19:45:14,North Rachelmouth,KH,1
ACC002910,2026-09-14 19:45:15,East Jenniferview,PK,0
ACC001245,2026-09-14 19:45:15,Johnsonhaven,KH,0
ACC004350,2026-09-14 19:45:15,Jasonstad,CN,0
ACC004959,2026-09-14 19:45:15,Greenhaven,UA,0
ACC004955,2026-09-14 19:45:16,Lake Harryfurt,VU,0
ACC004125,2026-09-14 19:45:17,Martinbury,CN,0
ACC003734,2026-09-14 19:45:17,West Patrick,CG,0
ACC002702,2026-09-14 19:45:17,Mannborough,GM,0
ACC004672,2026-09-14 19:45:18,Robinsontown,KG,0
ACC004591,2026-09-14 19:45:19,North Andreafurt,KH,0
ACC001989,2026-09-14 19:45:20,Scottview,ES,0
ACC003800,2026-09-14 19:45:21,Castroburgh,BF,0
ACC003967,2026-09-14 19:45:21,Weaverburgh,BH,0
ACC002717,2026-09-14 19:45:21,Rachelfort,CL,0
ACC003704,2026-09-14 19:45:21,Dawntown,LC,0
ACC004077,2026-09-14 19:45:21,Port Kelly,MC,0
ACC003319,2026-09-14 19:45:22,Jennifershire,SD,0
ACC001948,2026-09-14 19:45:22,Calhounport,DJ,0
ACC002325,2026-09-14 19:45:22,South Patricia,ES,1
ACC001970,2026-09-14 19:45:22,New Curtis,VC,0
ACC002410,2026-09-14 19:45:23,East Michaeltown,TR,0
ACC003953,2026-09-14 19:45:23,Alanborough,FJ,0
ACC003135,2026-09-14 19:45:23,New Laura,GM,0
ACC001834,2026-09-14 19:45:24,South Russellberg,IS,0
ACC003269,2026-09-14 19:45:24,Port Martinfurt,SK,0
ACC003004,2026-09-14 19:45:24,East Elizabethville,ET,0
ACC002517,2026-09-14 19:45:25,Joyceshire,LI,0
ACC001279,2026-09-14 19:45:25,South Alexismouth,GB,0
ACC002916,2026-09-14 19:45:25,New Meghanfurt,KI,0
ACC002424,2026-09-14 19:45:25,Lake Jeffreymouth,GE,0
ACC003010,2026-09-14 19:45:25,Greerstad,NA,0
ACC001783,2026-09-14 19:45:25,Emilychester,SM,0
ACC001975,2026-09-14 19:45:26,Lake Allen,CV,0
ACC002583,2026-09-14 19:45:26,New Joelton,DK,1
ACC000870,2026-09-14 19:45:26,Richardmouth,RW,0
ACC002696,2026-09-14 19:45:27,Lake Jason,LK,0
ACC001505,2026-09-14 19:45:27,West Latoyaland,UZ,1
ACC004670,2026-09-14 19:45:27,Joshuabury,BJ,0
ACC004795,2026-09-14 19:45:27,Melissafort,VN,0
ACC002650,2026-09-14 19:45:28,West Aprilbury,CA,0
ACC003565,2026-09-14 19:45:28,South Jessica,IT,0
ACC001832,2026-09-14 19:45:28,Guerrerofort,TH,0
ACC003138,2026-09-14 19:45:28,West Tiffanyfort,BH,1
ACC003258,2026-09-14 19:45:28,Port Jennifer,CY,0
ACC004071,2026-09-14 19:45:29,Port William,KE,1
ACC004841,2026-09-14 19:45:29,Grantport,CA,0
ACC002272,2026-09-14 19:45:29,Nathanton,MU,0
ACC004977,2026-09-14 19:45:30,West Laurenside,TW,0
ACC002839,2026-09-14 19:45:31,New Jennifer,BS,1
ACC002703,2026-09-14 19:45:32,New Keithhaven,UZ,0
ACC002217,2026-09-14 19:45:32,Clarkborough,NR,0
ACC002699,2026-09-14 19:45:32,West Gregoryberg,RU,0
ACC001768,2026-09-14 19:45:32,Lake Williamton,TL,0
ACC003350,2026-09-14 19:45:32,Lake Chelseaburgh,BJ,0
ACC001836,2026-09-14 19:45:32,Johnhaven,FJ,0
ACC002109,2026-09-14 19:45:33,North Larry,LT,0
ACC000120,2026-09-14 19:45:34,New Michael,BO,0
ACC001804,2026-09-14 19:45:34,South Michaeltown,BI,0
ACC000513,2026-09-14 19:45:34,South Dorothyberg,VU,0
ACC001023,2026-09-14 19:45:34,Karenport,CH,0
ACC000965,2026-09-14 19:45:35,Phillipsberg,TV,0
ACC000447,2026-09-14 19:45:35,Lake John,CA,0
ACC004189,2026-09-14 19:45:35,Nathanchester,TG,0
ACC002173,2026-09-14 19:45:35,South Kevin,BE,0
ACC004368,2026-09-14 19:45:35,North Jeffery,ID,0
ACC004463,2026-09-14 19:45:35,Owenburgh,CV,0
ACC003523,2026-09-14 19:45:36,Perezfort,KM,0
ACC001311,2026-09-14 19:45:37,Pattersonmouth,MC,0
ACC000603,2026-09-14 19:45:37,Lake Melissachester,CI,0
ACC003579,2026-09-14 19:45:37,Jamesside,OM,0
ACC004527,2026-09-14 19:45:37,North Stevenside,GD,0
ACC000172,2026-09-14 19:45:37,Andersonberg,TG,0
ACC001662,2026-09-14 19:45:37,Parkerport,BG,0
ACC003597,2026-09-14 19:45:38,East Michaeltown,SG,0
ACC000203,2026-09-14 19:45:38,Mullinsfort,SV,0
ACC003247,2026-09-14 19:45:39,North Gregshire,AD,0
ACC000248,2026-09-14 19:45:40,Schwartzbury,TL,0
ACC004543,2026-09-14 19:45:40,West Katherine,BS,0
ACC001368,2026-09-14 19:45:40,Kendrafort,LU,0
ACC004781,2026-09-14 19:45:41,Port Alexanderfort,AG,0
ACC004003,2026-09-14 19:45:41,Spencerburgh,MC,1
ACC002509,2026-09-14 19:45:41,Lake Kristinachester,ZA,0
ACC004065,2026-09-14 19:45:42,Kevinview,KR,0
ACC004177,2026-09-14 19:45:43,Amyburgh,PS,0
ACC003902,2026-09-14 19:45:43,Josephport,MW,0
ACC002620,2026-09-14 19:45:43,Alexismouth,SR,0
ACC001623,2026-09-14 19:45:44,Murrayfort,PL,0
ACC003888,2026-09-14 19:45:44,Chadland,FI,0
ACC004247,2026-09-14 19:45:44,East Kristenborough,LY,0
ACC003802,2026-09-14 19:45:44,Davisshire,TO,0
ACC002839,2026-09-14 19:45:45,Davisville,TL,0
ACC003438,2026-09-14 19:45:45,Haleside,IL,0
ACC002136,2026-09-14 19:45:45,Savannahside,SB,1
ACC004489,2026-09-14 19:45:45,East Scotttown,TO,0
ACC002702,2026-09-14 19:45:45,Alanchester,AR,0
ACC000115,2026-09-14 19:45:45,Gonzalezton,MC,1
ACC000428,2026-09-14 19:45:46,New Kenneth,AM,0
ACC000969,2026-09-14 19:45:46,North Troy,LT,0
ACC004140,2026-09-14 19:45:48,West Jasminmouth,NI,0
ACC003447,2026-09-14 19:45:48,Jillmouth,GA,0
ACC001978,2026-09-14 19:45:49,Hicksside,NP,0
ACC003897,2026-09-14 19:45:49,Erichaven,ML,0
ACC004405,2026-09-14 19:45:50,Fordbury,GH,0
ACC000001,2026-09-14 19:45:50,North Rebecca,KM,0
ACC001724,2026-09-14 19:45:50,Port Bianca,SB,0
ACC002044,2026-09-14 19:45:50,Stephensburgh,BZ,0
ACC004962,2026-09-14 19:45:50,New Mollyview,CO,0
ACC001657,2026-09-14 19:45:50,East Hannah,BH,1
ACC001141,2026-09-14 19:45:51,Jenniferburgh,US,1
ACC003542,2026-09-14 19:45:51,West Justin,NO,0
ACC000306,2026-09-14 19:45:51,East Derek,GN,1
ACC004516,2026-09-14 19:45:51,Crystalmouth,CR,0
ACC002068,2026-09-14 19:45:51,East Patricia,GD,0
ACC002463,2026-09-14 19:45:52,Andrewport,LB,0
ACC003505,2026-09-14 19:45:52,East Sara,PY,1
ACC000286,2026-09-14 19:45:52,New Janet,SG,0
ACC002133,2026-09-14 19:45:52,Ruizchester,MA,0
ACC003588,2026-09-14 19:45:53,East James,BY,0
ACC000771,2026-09-14 19:45:53,East Benjamin,FR,0
ACC003884,2026-09-14 19:45:53,West Dale,VN,0
ACC001529,2026-09-14 19:45:53,Walkerborough,TG,0
ACC003989,2026-09-14 19:45:53,Kevinport,KR,0
ACC000388,2026-09-14 19:45:53,Jacobfort,LU,0
ACC004002,2026-09-14 19:45:53,West Robertmouth,JM,0
ACC002750,2026-09-14 19:45:53,South Jessicafort,CA,0
ACC003244,2026-09-14 19:45:54,Samuelside,CH,0
ACC000592,2026-09-14 19:45:54,South Donna,DK,0
ACC004120,2026-09-14 19:45:54,Lindashire,CI,0
ACC003675,2026-09-14 19:45:55,Sandersshire,CZ,0
ACC003777,2026-09-14 19:45:55,Thomasview,MW,0
ACC003483,2026-09-14 19:45:55,South Kathy,MD,0
ACC002518,2026-09-14 19:45:56,Gonzalesland,TV,0
ACC000304,2026-09-14 19:45:56,Karenfurt,KI,0
ACC003840,2026-09-14 19:45:57,New Christopherburgh,BZ,0
ACC003226,2026-09-14 19:45:57,Reedmouth,TM,0
ACC002384,2026-09-14 19:45:57,Ibarramouth,VU,0
ACC001824,2026-09-14 19:45:57,South Keith,AD,0
ACC000717,2026-09-14 19:45:57,West Stephanietown,SM,0
ACC001003,2026-09-14 19:45:57,Lake Williamtown,LC,0
ACC002504,2026-09-14 19:45:58,Port Stephenborough,TT,0
ACC004405,2026-09-14 19:45:58,New Michael,SC,0
ACC002233,2026-09-14 19:45:58,Port Melissa,YE,0
ACC000453,2026-09-14 19:45:58,Port Martha,HT,0
ACC003267,2026-09-14 19:45:59,Valeriechester,ZM,0
ACC001526,2026-09-14 19:46:00,Wallview,BG,0
ACC004659,2026-09-14 19:46:00,Theresaton,DZ,0
ACC000829,2026-09-14 19:46:01,Meyerfort,KE,0
ACC004715,2026-09-14 20:39:58,Amandabury,CR,0
ACC002201,2026-09-14 20:39:59,West Jay,SG,0
ACC001522,2026-09-14 20:39:59,Lake Jennifer,SY,0
ACC000208,2026-09-14 20:39:59,Anthonyborough,TR,0
ACC004118,2026-09-14 20:39:59,Diazfurt,IL,0
ACC004412,2026-09-14 20:39:59,East Randall,CL,0
ACC002808,2026-09-14 20:40:00,Feliciaview,FJ,0
ACC003391,2026-09-14 20:40:00,East Alisonbury,LT,0
ACC004842,2026-09-14 20:40:00,North Jefferyland,MR,0
ACC003352,2026-09-14 20:40:01,Reillyfurt,BR,0
ACC004009,2026-09-14 20:40:01,Sherryton,BW,0
ACC003435,2026-09-14 20:40:01,Sandyburgh,BJ,0
ACC004535,2026-09-14 20:40:01,South Brian,CY,0
ACC003060,2026-09-14 20:40:02,Jenniferburgh,AR,0
ACC002342,2026-09-14 20:40:02,Atkinsonbury,YE,0
ACC001469,2026-09-14 20:40:03,Armstrongborough,AT,0
ACC004995,2026-09-14 20:40:03,West Jill,ER,0
ACC001848,2026-09-14 20:40:03,Lake Donald,ID,0
ACC002967,2026-09-14 20:40:04,Singhtown,TV,1
ACC000748,2026-09-14 20:40:04,Janemouth,MK,0
ACC002774,2026-09-14 20:40:04,West Stevenville,MX,0
ACC000468,2026-09-14 20:40:04,Candaceburgh,IQ,0
ACC003140,2026-09-14 20:40:04,East Tomton,KR,0
ACC000235,2026-09-14 20:40:05,Durhammouth,YE,0
ACC000392,2026-09-14 20:40:05,North Lisa,AO,0
ACC001101,2026-09-14 20:40:06,Johnsonstad,JM,1
ACC002319,2026-09-14 20:40:07,Danielstad,LA,0
ACC004063,2026-09-14 20:40:08,Sandovalhaven,ZW,0
ACC003668,2026-09-14 20:40:08,Lewisberg,VN,1
ACC000073,2026-09-14 20:40:09,New Eddieview,BN,0
ACC004344,2026-09-14 20:40:09,West Daniel,TM,0
ACC004694,2026-09-14 20:40:09,Ginafort,IE,0
ACC000645,2026-09-14 20:40:09,Yangland,KP,0
ACC002672,2026-09-14 20:40:10,Thomasfurt,MV,0
ACC002601,2026-09-14 20:40:11,Orozcohaven,SN,0
ACC004000,2026-09-14 20:40:11,Webbfort,DZ,0
ACC004424,2026-09-14 20:40:12,Lake Martintown,WS,0
ACC001630,2026-09-14 20:40:12,New Linda,DM,0
ACC002996,2026-09-14 20:40:12,Rebeccaburgh,NR,0
ACC000829,2026-09-14 20:40:12,Emmaberg,BA,1
ACC001280,2026-09-14 20:40:12,South Erin,TO,0
ACC004953,2026-09-14 20:40:12,Lake Andre,BE,0
ACC002749,2026-09-14 20:40:13,North John,AR,0
ACC002755,2026-09-14 20:40:14,Erintown,RO,0
ACC003096,2026-09-14 20:40:14,Randolphborough,VU,0
ACC003401,2026-09-14 20:40:14,West Thomasview,FJ,0
ACC004254,2026-09-14 20:40:15,North Jasminestad,SV,0
ACC001370,2026-09-14 20:40:15,West Samantha,DK,0
ACC002822,2026-09-14 20:40:16,Lake Stephanieville,MW,0
ACC004388,2026-09-14 20:40:16,South William,TZ,0
ACC002534,2026-09-14 20:40:16,New Anthony,LC,0
ACC001389,2026-09-14 20:40:17,Lake Marc,UY,0
ACC003212,2026-09-14 20:40:17,Foleystad,TT,0
ACC000936,2026-09-14 20:40:19,South Dominiquemouth,BE,0
ACC001689,2026-09-14 20:40:19,Williamsburgh,PL,0
ACC003198,2026-09-14 20:40:20,Lake Kimberlyton,BA,0
ACC001679,2026-09-14 20:40:21,Christinehaven,BB,0
ACC000063,2026-09-14 20:40:21,South Markmouth,BZ,0
ACC000735,2026-09-14 20:40:22,Freemanmouth,PW,0
ACC004906,2026-09-14 20:40:22,East Melissahaven,DK,0
ACC001079,2026-09-14 20:40:22,Loganport,VE,0
ACC003916,2026-09-14 20:40:23,West Lindaside,ZA,0
ACC002281,2026-09-14 20:40:23,Elizabethshire,MM,0
ACC000913,2026-09-14 20:40:24,West Courtneyfurt,SN,0
ACC000217,2026-09-14 20:40:24,West Joyceshire,SE,0
ACC001975,2026-09-14 20:40:25,Lake Donaldchester,TZ,0
ACC000000,2026-09-14 20:40:26,Michaelstad,SA,0
ACC001653,2026-09-14 20:40:26,Michaelberg,SC,0
ACC002723,2026-09-14 20:40:26,South Tylerport,MA,0
ACC004172,2026-09-14 20:40:27,East Fernandoside,VA,0
ACC001245,2026-09-14 20:40:27,South Donna,NR,0
ACC001433,2026-09-14 20:40:28,Melissafurt,FM,0
ACC000001,2026-09-14 20:40:28,Michaelville,VN,0
ACC000941,2026-09-14 20:40:28,Matthewstad,ID,0
ACC002599,2026-09-14 20:40:28,Dunnberg,CA,0
ACC000454,2026-09-14 20:40:29,Millertown,CL,0
ACC004386,2026-09-14 20:40:29,Michaelview,ID,1
ACC002773,2026-09-14 20:40:29,South Xaviertown,PA,0
ACC002121,2026-09-14 20:40:29,Amandaview,MK,0
ACC001077,2026-09-14 20:40:29,Alexanderbury,RU,0
ACC001973,2026-09-14 20:40:30,East Davidmouth,WS,1
ACC003768,2026-09-14 20:40:30,Lake Marie,JM,0
ACC002225,2026-09-14 20:40:31,East Priscillaland,SG,0
ACC004665,2026-09-14 20:40:31,New Daniel,NP,0
ACC003017,2026-09-14 20:40:31,Jameston,SB,0
ACC004024,2026-09-14 20:40:32,Wattsville,FJ,0
ACC000392,2026-09-14 20:40:33,Savageland,TM,0
ACC002862,2026-09-14 20:40:33,Pagemouth,CM,0
ACC004618,2026-09-14 20:40:33,East Chelsea,GN,0
ACC003499,2026-09-14 20:40:33,East Kellyhaven,KR,0
ACC000316,2026-09-14 20:40:33,West Samantha,MH,0
ACC002638,2026-09-14 20:40:34,Erinland,UA,0
ACC002824,2026-09-14 20:40:34,Lisaburgh,ET,1
ACC001337,2026-09-14 20:40:34,Whitehaven,PG,0
ACC002574,2026-09-14 20:40:34,Nicholasstad,SV,0
ACC001960,2026-09-14 20:40:34,Lake Nicole,CR,0
ACC001035,2026-09-14 20:40:34,West Connorton,SD,0
ACC004831,2026-09-14 20:40:35,North Nicholas,ID,0
ACC002305,2026-09-14 20:40:35,New Robertamouth,IE,0
ACC002525,2026-09-14 20:40:35,Owensville,MV,1
ACC003500,2026-09-14 20:40:36,Mariaville,IT,0
ACC002150,2026-09-14 20:40:36,Port Jessica,MZ,0
ACC001154,2026-09-14 20:40:36,Port Stevenside,PH,0
ACC000701,2026-09-14 20:40:37,Lake Alexandrafurt,PH,0
ACC003967,2026-09-14 20:40:37,North Krystalhaven,TM,0
ACC000400,2026-09-14 20:40:37,New Larrychester,BR,0
ACC001462,2026-09-14 20:40:37,Stephanieton,SY,1
ACC002647,2026-09-14 20:40:38,Finleyville,HT,0
ACC000784,2026-09-14 20:40:38,Brandtport,VC,0
ACC002636,2026-09-14 20:40:39,West Kellyville,VC,1
ACC003566,2026-09-14 20:40:39,Ortizchester,SA,0
ACC000235,2026-09-14 20:40:40,Norrisview,PE,0
ACC002094,2026-09-14 20:40:40,Simshaven,IT,0
ACC001240,2026-09-14 20:40:41,Port Kimberly,AU,0
ACC003578,2026-09-14 20:40:41,East Debbie,CO,0
ACC000885,2026-09-14 20:40:41,North Monicafort,GQ,0
ACC001287,2026-09-14 20:40:41,Lake Briantown,US,0
ACC000791,2026-09-14 20:40:41,South Anne,LB,0
ACC004460,2026-09-14 20:40:41,East Richard,PS,0
ACC000516,2026-09-14 20:40:42,West Timothy,LI,0
ACC003248,2026-09-14 20:40:42,North Ashleemouth,LS,0
ACC000273,2026-09-14 20:40:42,Lake Jennifermouth,ZA,0
ACC000974,2026-09-14 20:40:42,Valenzuelashire,ET,0
ACC002610,2026-09-14 20:40:42,East Michaelbury,AT,1
ACC004721,2026-09-14 20:40:43,New Feliciaburgh,UY,0
ACC001758,2026-09-14 20:40:43,East Meganland,AD,0
ACC001536,2026-09-14 20:40:43,Port Josephville,MN,0
ACC003931,2026-09-14 20:40:43,Port Anthony,MV,0
ACC001316,2026-09-14 20:40:44,Port Ryan,SO,0
ACC002660,2026-09-14 20:40:45,Martinview,PG,0
ACC003270,2026-09-14 20:40:46,Luiston,BZ,0
ACC003806,2026-09-14 20:40:47,Port Christopherhaven,BA,1
ACC003759,2026-09-14 20:40:47,Austinfurt,EE,0
ACC004113,2026-09-14 20:40:47,Simpsonburgh,BN,1
ACC001398,2026-09-14 20:40:48,Adamsmouth,CZ,0
ACC000478,2026-09-14 20:40:48,Rhondaton,MT,0
ACC002083,2026-09-14 20:40:48,Brownbury,RS,0
ACC001881,2026-09-14 20:40:48,Morenofurt,IR,0
ACC002415,2026-09-14 20:40:49,Port Matthewtown,IL,0
ACC003743,2026-09-14 20:40:49,Colemanbury,CA,0
ACC003406,2026-09-14 20:40:49,Philliphaven,VE,0
ACC002580,2026-09-14 20:40:50,Jorgebury,GR,0
ACC003955,2026-09-14 20:40:50,New Brianland,MX,0
ACC001198,2026-09-14 20:40:50,Morrisonchester,CO,0
ACC004059,2026-09-14 20:40:50,Lake Melissa,SO,1
ACC000936,2026-09-14 20:40:50,Hollandfurt,KP,0
ACC002249,2026-09-14 20:40:51,Roberthaven,JO,0
ACC000999,2026-09-14 20:40:51,West Jessicafort,SV,0
ACC003571,2026-09-14 20:40:51,Port Luis,CA,0
ACC003635,2026-09-14 20:40:51,South Jesseville,IT,0
ACC002999,2026-09-14 20:40:51,New Debbieville,SA,0
ACC002066,2026-09-14 20:40:51,Woodsstad,AD,0
ACC003964,2026-09-14 20:40:51,West Matthewbury,LT,0
ACC002344,2026-09-14 20:40:52,Joshuachester,IL,0
ACC001133,2026-09-14 20:40:52,West Janetmouth,BS,0
ACC003715,2026-09-14 20:40:52,East Nathan,GD,0
ACC003152,2026-09-14 20:40:53,Port Carolineburgh,LI,0
ACC001410,2026-09-14 20:40:53,Theresatown,GE,0
ACC000978,2026-09-14 20:40:53,Marcfurt,RW,0
ACC002496,2026-09-14 20:40:53,Kiddchester,HT,1
ACC001021,2026-09-14 20:40:54,South Jennymouth,CR,1
ACC001182,2026-09-14 20:40:54,New Heather,MG,0
ACC001366,2026-09-14 20:40:54,Jessicaton,CO,0
ACC000646,2026-09-14 20:40:54,Thomasbury,ZW,0
ACC002563,2026-09-14 20:40:55,Port Raymond,CD,0
ACC004448,2026-09-14 20:40:55,Amandaborough,AR,1
ACC002772,2026-09-14 20:40:56,Lake Joelstad,MV,0
ACC002989,2026-09-14 20:40:57,North Corey,DE,0
ACC001093,2026-09-14 20:40:57,Juanhaven,MH,0
ACC000706,2026-09-14 20:40:58,Lake Sarah,AM,0
ACC003758,2026-09-14 20:40:59,Mollyview,CH,0
ACC004698,2026-09-14 20:41:00,Whiteshire,KM,0
ACC000026,2026-09-14 20:41:00,Edwardport,BN,0
ACC004886,2026-09-14 20:41:01,Willieview,MD,0
ACC000003,2026-09-14 20:41:01,Christinaberg,ES,0
ACC000577,2026-09-14 20:41:01,New Richard,FR,0
ACC004890,2026-09-14 20:41:01,East Steven,MM,0
ACC004671,2026-09-14 20:41:03,Staffordfurt,PG,0
ACC004383,2026-09-14 20:41:03,Carriefort,MX,0
ACC002502,2026-09-14 20:41:04,Heatherville,LB,0
ACC000148,2026-09-14 20:41:04,Rivaschester,CA,0
ACC001397,2026-09-14 20:41:04,Martinport,MR,0
ACC002605,2026-09-14 20:41:04,Grimesside,DM,0
ACC004278,2026-09-14 20:41:04,North Anthony,NG,0
ACC004267,2026-09-14 20:41:04,East Edwardtown,TW,0
ACC004363,2026-09-14 20:41:05,Millerfurt,MW,0
ACC002340,2026-09-14 20:41:05,West Christian,KR,0
ACC003990,2026-09-14 20:41:05,Howardberg,MC,0
ACC003640,2026-09-14 20:41:06,Kevinton,TV,0
ACC002861,2026-09-14 20:41:07,North Rodneymouth,ZW,0
ACC003501,2026-09-14 20:41:08,West Cody,ET,0
ACC003102,2026-09-14 20:41:08,South Rebecca,IS,1
ACC000902,2026-09-14 20:41:09,North Danielville,IR,0
ACC001860,2026-09-14 20:41:09,East Jennifer,LR,0
ACC000782,2026-09-14 20:41:09,Lake Joshua,FJ,0
ACC001434,2026-09-14 20:41:10,Meganberg,TW,0
ACC001802,2026-09-14 20:41:10,East Cheryl,PY,0
ACC004513,2026-09-14 20:41:11,Nicholasport,GT,1
ACC001166,2026-09-14 20:41:11,East Alexfurt,TD,0
ACC004052,2026-09-14 20:41:11,New Katelyn,TD,1
ACC002614,2026-09-14 20:41:11,South Kristinaland,EC,0
ACC003767,2026-09-14 20:41:12,Lake Dawnfurt,ME,1
ACC003675,2026-09-14 20:41:12,East David,MZ,0
ACC002320,2026-09-14 20:41:12,Jamesshire,FM,0
ACC003709,2026-09-14 20:41:12,Davidtown,GA,1
ACC004392,2026-09-14 20:41:12,Gutierrezberg,SN,0
ACC002878,2026-09-14 20:41:12,Holmesport,AL,0
ACC003086,2026-09-14 20:41:13,Anthonymouth,UZ,0
ACC000267,2026-09-14 20:41:13,Lake Tara,UY,0
ACC004409,2026-09-14 20:41:13,Laurenfort,TR,0
ACC000845,2026-09-14 20:41:13,Williamview,US,1
ACC001157,2026-09-14 20:41:13,South Christina,FR,0
ACC003018,2026-09-14 20:41:14,Sandraton,CI,0
ACC004130,2026-09-14 20:41:14,South Sabrinachester,LA,0
ACC004757,2026-09-14 20:41:14,Rodriguezbury,MX,0
ACC002333,2026-09-14 20:41:14,West Garyborough,TG,0
ACC004632,2026-09-14 20:41:15,New Christopherchester,TV,1
ACC003852,2026-09-14 20:41:15,Jasonberg,KI,0
ACC004470,2026-09-14 20:41:15,East Kevin,GW,0
ACC003228,2026-09-14 20:41:15,Raymondville,NO,0
ACC000621,2026-09-14 20:41:16,North Teresa,GT,0
ACC004402,2026-09-14 20:41:16,Porterton,NI,0
ACC000885,2026-09-14 20:41:16,Lake Anthony,KH,0
ACC001926,2026-09-14 20:41:17,Catherineview,NE,0
ACC001359,2026-09-14 20:41:18,Lake Joshua,TW,0
ACC002856,2026-09-14 20:41:19,South Christine,MX,0
ACC000167,2026-09-14 20:41:19,West Jennifer,AM,0
ACC003020,2026-09-14 20:41:20,New Markshire,EG,0
ACC002270,2026-09-14 20:41:21,New Jessica,MX,0
ACC004535,2026-09-14 20:41:22,Adamshaven,MV,1
ACC000054,2026-09-14 20:41:22,Lake Juan,MA,0
ACC000423,2026-09-14 20:41:23,Cannonstad,BN,0
ACC000914,2026-09-14 20:41:23,Robertstown,TL,0
ACC004690,2026-09-14 20:41:23,South Jamesburgh,PS,0
ACC000319,2026-09-14 20:41:23,East Devon,AF,0
ACC000898,2026-09-14 20:41:24,Middletonton,LS,0
ACC003234,2026-09-14 20:41:24,Michaelshire,FI,1
ACC003773,2026-09-14 20:41:24,North Jerry,PL,0
ACC003846,2026-09-14 20:41:24,Bondfort,GM,0
ACC004713,2026-09-14 20:41:25,South Mariahbury,EC,0
ACC002449,2026-09-14 20:41:25,Bairdland,UZ,0
ACC001006,2026-09-14 20:41:26,Lake Stacyfort,JO,0
ACC000682,2026-09-14 20:41:26,South Kathleenfurt,UA,0
ACC000547,2026-09-14 20:41:26,Dawnchester,NA,0
ACC000664,2026-09-14 20:41:26,Juanfort,CV,0
ACC004781,2026-09-14 20:41:26,South Ginamouth,GE,0
ACC003000,2026-09-14 20:41:27,Port Christopher,NE,0
ACC004065,2026-09-14 20:41:27,Michaelborough,ML,0
ACC000251,2026-09-14 20:41:28,West Mirandaville,NR,0
ACC003095,2026-09-14 20:41:28,Paulborough,SB,0
ACC004100,2026-09-14 20:41:28,Robbinsborough,NL,0
ACC000751,2026-09-14 20:41:28,Lake Robert,ZA,0
ACC001362,2026-09-14 20:41:29,New Allisonchester,KR,0
ACC002236,2026-09-14 20:41:29,Matthewview,MC,1
ACC000992,2026-09-14 20:41:29,Hoganport,ZM,0
ACC002360,2026-09-14 20:41:29,North Jeffreybury,BI,0
ACC000347,2026-09-14 20:41:29,New Dominic,DJ,0
ACC001558,2026-09-14 20:41:29,Lake Patrick,VU,0
ACC001130,2026-09-14 20:41:30,Lake Patricia,CU,0
ACC002741,2026-09-14 20:41:30,Kimberlybury,GM,0
ACC003391,2026-09-14 20:41:30,South Marieside,TZ,0
ACC000774,2026-09-14 20:41:30,Mitchellshire,RU,0
ACC002266,2026-09-14 20:41:30,East Susan,FI,0
ACC003798,2026-09-14 20:41:30,West Scott,GA,0
ACC004871,2026-09-14 20:41:30,Charlestown,CF,1
ACC003854,2026-09-14 20:41:30,West Robert,CY,0
ACC000818,2026-09-14 20:41:30,East Donaldton,GD,0
ACC001352,2026-09-14 20:41:31,Carlosborough,MX,0
ACC002862,2026-09-14 20:41:31,Jeremiahborough,KI,0
ACC001800,2026-09-14 20:41:31,Johnsonville,CA,0
ACC001272,2026-09-14 20:41:32,Zacharyberg,BT,0
ACC001116,2026-09-14 20:41:32,Matthewfurt,IL,0
ACC004696,2026-09-14 20:41:32,Davisland,BY,0
ACC002752,2026-09-14 20:41:32,West Adriana,ZA,0
ACC003723,2026-09-14 20:41:32,Shannonmouth,MD,1
ACC004805,2026-09-14 20:41:32,Port Michelle,MT,0
ACC001838,2026-09-14 20:41:32,Port Elizabethside,LA,0
ACC000316,2026-09-14 20:41:33,Lake Chadfort,HT,0
ACC000366,2026-09-14 20:41:33,Garyhaven,KR,0
ACC003603,2026-09-14 20:41:33,East Sherry,CO,0
ACC003749,2026-09-14 20:41:33,Lake Joann,VE,0
ACC003935,2026-09-14 20:41:33,North Carol,IR,0
ACC004413,2026-09-14 20:41:34,East Michael,MD,0
ACC000415,2026-09-14 20:41:34,Romeroshire,FR,0
ACC003287,2026-09-14 20:41:34,North Tammy,BG,1
ACC002259,2026-09-14 20:41:34,Walterstad,LS,0
ACC004249,2026-09-14 20:41:34,West Stephenberg,DJ,0
ACC002707,2026-09-14 20:41:34,South Samantha,AU,0
ACC001551,2026-09-14 20:41:35,Doyletown,GQ,0
ACC004993,2026-09-14 20:41:36,Port Christina,TG,0
ACC001991,2026-09-14 20:41:36,South John,CZ,0
ACC003092,2026-09-14 20:41:36,Youngland,KG,0
ACC003777,2026-09-14 20:41:37,Morganshire,BJ,0
ACC001842,2026-09-14 20:41:37,Lake Maryville,BY,0
ACC001192,2026-09-14 20:41:38,South James,GA,0
ACC000025,2026-09-14 20:41:39,New Darylmouth,CG,0
ACC002283,2026-09-14 20:41:39,Joseside,TT,0
ACC004574,2026-09-14 20:41:39,Jacobchester,OM,0
ACC001220,2026-09-14 20:41:40,Davidmouth,LU,0
ACC003806,2026-09-14 20:41:40,Harrisside,PE,0
ACC002508,2026-09-14 20:41:40,West Kimberly,TH,0
ACC000276,2026-09-14 20:41:40,East Isaiah,GQ,0
ACC001800,2026-09-14 20:41:40,Port Jared,MD,0
ACC002519,2026-09-14 20:41:41,West Randy,TR,0
ACC002488,2026-09-14 20:41:41,Timothyside,IL,1
ACC001216,2026-09-14 20:41:41,Mccallland,KG,0
ACC004452,2026-09-14 20:41:41,East Jillside,KZ,0
ACC000930,2026-09-14 20:41:41,New Heidichester,ME,0
ACC002557,2026-09-14 20:41:42,New Brandon,CF,0
ACC000435,2026-09-14 20:41:42,Johnsonburgh,RS,0
ACC003513,2026-09-14 20:41:42,Coffeyton,CG,0
ACC001952,2026-09-14 20:41:42,Andrewmouth,CH,0
ACC002413,2026-09-14 20:41:42,West Rachel,TD,0
ACC003915,2026-09-14 20:41:42,Port Hannahstad,RW,0
ACC001536,2026-09-14 20:41:43,South Ericaport,MC,0
ACC001356,2026-09-14 20:41:44,Jaybury,DZ,0
ACC003469,2026-09-14 20:41:44,North Scottmouth,ST,1
ACC003109,2026-09-14 20:41:44,North Justin,NA,0
ACC004928,2026-09-14 20:41:45,East Debrafurt,GE,1
ACC003163,2026-09-14 20:41:45,East Jeffrey,CM,0
ACC004157,2026-09-14 20:41:45,Abbottport,SV,0
ACC004224,2026-09-14 20:41:45,East Jamesfurt,KW,0
ACC002214,2026-09-14 20:41:46,East Ashleyfurt,SZ,0
ACC004733,2026-09-14 20:41:46,Cherylshire,AF,0
ACC003482,2026-09-14 20:41:46,Torresborough,VU,0
ACC004694,2026-09-14 20:41:46,Morganside,YE,0
ACC004761,2026-09-14 20:41:46,Owensbury,NG,0
ACC003652,2026-09-14 20:41:46,Greenview,TN,0
ACC001884,2026-09-14 20:41:46,Tommyshire,BZ,0
ACC004331,2026-09-14 20:41:46,Jonesmouth,MC,0
ACC002313,2026-09-14 20:41:47,Amandatown,PE,0
ACC003112,2026-09-14 20:41:48,Michaelborough,BD,1
ACC003906,2026-09-14 20:41:48,Lake Kimberly,OM,0
ACC000558,2026-09-14 20:41:48,Marisachester,GD,0
ACC003284,2026-09-14 20:41:48,Jacksonview,ER,0
ACC001687,2026-09-14 20:41:49,Cherylport,GY,0
ACC003148,2026-09-14 20:41:49,Liumouth,TO,0
ACC004964,2026-09-14 20:41:50,Michaeltown,MH,0
ACC003785,2026-09-14 20:41:51,Tranfurt,AE,0
ACC001555,2026-09-14 20:41:51,New Patricia,EE,0
ACC001862,2026-09-14 20:41:51,North Williammouth,KM,0
ACC002808,2026-09-14 20:41:51,Knappside,RU,0
ACC004761,2026-09-14 20:41:51,Wardside,HR,0
ACC000834,2026-09-14 20:41:52,East Jonathan,SE,0
ACC003688,2026-09-14 20:41:52,Bradyhaven,BZ,0
ACC002685,2026-09-14 20:41:52,Martinbury,LB,0
ACC003858,2026-09-14 20:41:52,Gonzalezmouth,PH,0
ACC001478,2026-09-14 20:41:54,Chanshire,DZ,0
ACC002393,2026-09-14 20:41:54,Charlesfurt,BG,0
ACC004180,2026-09-14 20:41:54,Robinsonborough,MA,0
ACC002181,2026-09-14 20:41:54,Vickimouth,BD,0
ACC003123,2026-09-14 20:41:54,North Paulborough,TH,0
ACC001606,2026-09-14 20:41:55,Sherylfort,ES,1
ACC002377,2026-09-14 20:41:55,Montoyafurt,BE,0
ACC002871,2026-09-14 20:41:55,Reneefort,AR,0
ACC000692,2026-09-14 20:41:55,Juliehaven,MC,0
ACC004265,2026-09-14 20:41:56,New Antonioport,VN,1
ACC001606,2026-09-14 20:41:56,Port Christinastad,BN,0
ACC004736,2026-09-14 20:41:56,East Matthewborough,EG,0
ACC000024,2026-09-14 20:41:56,Randallland,TZ,0
ACC001654,2026-09-14 20:41:56,North Theresa,SE,1
ACC002189,2026-09-14 20:41:56,Courtneyborough,IS,0
ACC000491,2026-09-14 20:41:56,Hurleymouth,SZ,0
ACC002480,2026-09-14 20:41:56,Kennethville,QA,0
ACC000829,2026-09-14 20:41:57,North Stephenport,LT,1
ACC004777,2026-09-14 20:41:57,North Sandymouth,TN,0
ACC001583,2026-09-14 20:41:57,Donnaland,SI,0
ACC001702,2026-09-14 20:41:57,North Kyle,AR,0
ACC002830,2026-09-14 20:41:57,Calebhaven,NG,0
ACC004733,2026-09-14 20:41:57,Erictown,SE,0
ACC000294,2026-09-14 20:41:57,Smithburgh,ZA,0
ACC003959,2026-09-14 20:41:58,Ortizhaven,LY,0
ACC003792,2026-09-14 20:41:58,Molinaville,NA,0
ACC002448,2026-09-14 20:41:58,Valeriefort,JO,0
ACC004985,2026-09-14 20:41:58,East Christopherland,MH,0
ACC004065,2026-09-14 20:41:58,Morrisonside,SE,0
ACC000284,2026-09-14 20:41:59,Shermantown,KP,0
ACC000158,2026-09-14 20:42:00,Morrisonborough,NO,0
ACC000695,2026-09-14 20:42:00,West Patrickside,LB,0
ACC003256,2026-09-14 20:42:00,Lake Monique,EE,0
ACC001014,2026-09-14 20:42:01,Port Jack,RW,0
ACC004252,2026-09-14 20:42:01,Sullivanberg,PY,0
ACC002235,2026-09-14 20:42:01,East Stevenburgh,MX,0
ACC002443,2026-09-14 20:42:02,North Jasonberg,TN,0
ACC001191,2026-09-14 20:42:02,Jonathanbury,TT,0
ACC004684,2026-09-14 20:42:02,Gavinberg,SR,0
ACC003502,2026-09-14 20:42:04,West Joseph,IT,0
ACC002004,2026-09-14 20:42:04,West Robert,GB,0
ACC004608,2026-09-14 20:42:04,Port Dontown,TL,0
ACC004920,2026-09-14 20:42:05,Tateburgh,BE,0
ACC001700,2026-09-14 20:42:05,Armstrongview,KE,0
ACC002950,2026-09-14 20:42:05,North Jacobfurt,AE,0
ACC002903,2026-09-14 20:42:05,Lake Tammyhaven,RU,0
ACC000399,2026-09-14 20:42:05,Duanebury,PK,0
ACC000122,2026-09-14 20:42:06,Lake Williamville,CG,0
ACC002922,2026-09-14 20:42:06,New Frank,MN,0
ACC002452,2026-09-14 20:42:06,Port Grant,PL,0
ACC001075,2026-09-14 20:42:06,North Samantha,MV,0
ACC003679,2026-09-14 20:42:06,East Kevin,NG,0
ACC002256,2026-09-14 20:42:07,Joeltown,VA,0
ACC004617,2026-09-14 20:42:07,Port Karen,BG,0
ACC002928,2026-09-14 20:42:07,Lake Brenda,IS,0
ACC003664,2026-09-14 20:42:08,Jenniferbury,MM,1
ACC001375,2026-09-14 20:42:08,New James,VC,0
ACC004188,2026-09-14 20:42:08,Morrowland,MH,0
ACC002888,2026-09-14 20:42:08,Bowmanview,ID,0
ACC004300,2026-09-14 20:42:08,Davischester,SY,1
ACC004026,2026-09-14 20:42:09,Stevenbury,GN,0
ACC000204,2026-09-14 20:42:10,Marieville,SN,0
ACC002189,2026-09-14 20:42:10,Ashleyshire,LK,0
ACC004665,2026-09-14 20:42:10,South Samanthabury,BO,0
ACC003874,2026-09-14 20:42:10,Millerburgh,AL,0
ACC001476,2026-09-14 20:42:10,New Donna,GN,0
ACC003907,2026-09-14 20:42:10,New Cory,NR,0
ACC004141,2026-09-14 20:42:11,Weissshire,AM,0
ACC003970,2026-09-14 20:42:11,Moorehaven,HT,0
ACC000933,2026-09-14 20:42:11,South Keith,CZ,0
ACC002955,2026-09-14 20:42:11,Jacksonton,TH,0
ACC000916,2026-09-14 20:42:11,Anthonymouth,PG,0
ACC001000,2026-09-14 20:42:12,South Patrickbury,NI,0
ACC001217,2026-09-14 20:42:12,New James,KE,0
ACC004073,2026-09-14 20:42:12,Port Zacharyhaven,TZ,1
ACC004490,2026-09-14 20:42:12,West Sherrychester,RU,0
ACC001981,2026-09-14 20:42:13,Ashleyshire,AO,0
ACC001564,2026-09-14 20:42:13,Jensenview,CO,0
ACC000288,2026-09-14 20:42:14,Anthonybury,IQ,0
ACC003514,2026-09-14 20:42:14,East Thomas,MY,0
ACC002912,2026-09-14 20:42:15,Davidton,KR,0
ACC000214,2026-09-14 20:42:15,Villegasview,IL,0
ACC001206,2026-09-14 20:42:16,Wadehaven,VE,0
ACC001407,2026-09-14 20:42:16,New Danielleport,GW,0
ACC001353,2026-09-14 20:42:16,North Rachaelfurt,GN,0
ACC003458,2026-09-14 20:42:16,Jessicaview,ZM,0
ACC000839,2026-09-14 20:42:17,Johnnymouth,BW,0
ACC003028,2026-09-14 20:42:17,Port Jeffreytown,PW,0
ACC002391,2026-09-14 20:42:17,North Brianna,UG,0
ACC003926,2026-09-14 20:42:17,South Elizabeth,CD,0
ACC004120,2026-09-14 20:42:18,New Jessehaven,ME,0
ACC002071,2026-09-14 20:42:19,Collinsmouth,MH,0
ACC002321,2026-09-14 20:42:19,East Bryan,MC,0
ACC001570,2026-09-14 20:42:20,Kingborough,MX,0
ACC002407,2026-09-14 20:42:21,South Jacquelineville,ML,0
ACC001448,2026-09-14 20:42:21,Morrisonchester,TN,0
ACC003170,2026-09-14 20:42:21,South Coryfurt,IN,0
ACC000595,2026-09-14 20:42:21,North Gloriamouth,IL,0
ACC002020,2026-09-14 20:42:22,Marymouth,PW,0
ACC001840,2026-09-14 20:42:22,New Tammie,MX,0
ACC003335,2026-09-14 20:42:22,Burnettfort,PE,0
ACC004124,2026-09-14 20:42:22,Port Jacob,YE,0
ACC000981,2026-09-14 20:42:23,North Ryanfurt,MN,0
ACC002437,2026-09-14 20:42:23,Colleenshire,RW,0
ACC002045,2026-09-14 20:42:24,Gabrielport,ZA,1
ACC003914,2026-09-14 20:42:24,South Melissa,MZ,0
ACC002104,2026-09-14 20:42:24,West Jorge,CZ,0
ACC001883,2026-09-14 20:42:24,North Jerryshire,SY,0
ACC003623,2026-09-14 20:42:24,East Jason,HN,0
ACC000529,2026-09-14 20:42:25,Larryfurt,SI,0
ACC002755,2026-09-14 20:42:25,Johnberg,LU,0
ACC003953,2026-09-14 20:42:25,Brianmouth,DK,0
ACC003219,2026-09-14 20:42:26,Nunezburgh,BO,0
ACC002276,2026-09-14 20:42:27,West Andrewview,VN,0
ACC000739,2026-09-14 20:42:27,Taylorstad,AU,0
ACC000493,2026-09-14 20:42:27,East Catherinefort,SC,0
ACC002211,2026-09-14 20:42:28,Port Dylan,GW,0
ACC001046,2026-09-14 20:42:28,North Megan,NP,0
ACC000003,2026-09-14 20:42:28,Samuelton,LA,1
ACC002909,2026-09-14 20:42:29,Kathrynland,FJ,0
ACC004274,2026-09-14 20:42:29,New Julie,IR,0
ACC001007,2026-09-14 20:42:29,Ochoaton,IS,0
ACC002599,2026-09-14 20:42:29,North Cristinaville,FR,0
ACC004661,2026-09-14 20:42:30,Brianville,PW,0
ACC000700,2026-09-14 20:42:30,West Paulfort,LC,0
ACC003753,2026-09-14 20:42:30,Anitamouth,BO,1
ACC000610,2026-09-14 20:42:30,Port Stephenville,LA,0
ACC000535,2026-09-14 20:42:30,Raymondton,CU,0
ACC003986,2026-09-14 20:42:30,Port Michaelview,CG,0
ACC002739,2026-09-14 20:42:31,Mirandaborough,BH,0
ACC000283,2026-09-14 20:42:31,South Paulside,MX,0
ACC002951,2026-09-14 20:42:31,Denisemouth,IS,0
ACC002153,2026-09-14 20:42:32,Danielhaven,MU,0
ACC001174,2026-09-14 20:42:32,Gabrielmouth,GD,0
ACC004210,2026-09-14 20:42:32,Patrickland,CY,0
ACC001367,2026-09-14 20:42:33,South Tracy,PS,0
ACC001528,2026-09-14 20:42:33,Jasonside,GM,0
ACC002063,2026-09-14 20:42:33,Brianberg,OM,0
ACC000933,2026-09-14 20:42:33,Lozanomouth,DJ,0
ACC000116,2026-09-14 20:42:33,Barbaraview,BJ,0
ACC000652,2026-09-14 20:42:34,East Brett,CN,0
ACC001479,2026-09-14 20:42:34,Michaelchester,FJ,1
ACC000865,2026-09-14 20:42:34,Piercehaven,GQ,0
ACC002076,2026-09-14 20:42:35,East Kimberlyhaven,GA,0
ACC000354,2026-09-14 20:42:35,Kristineshire,MR,0
ACC002984,2026-09-14 20:42:35,Leehaven,KR,0
ACC000863,2026-09-14 20:42:35,Christopherport,LR,0
ACC003459,2026-09-14 20:42:36,South Yolanda,ES,0
ACC001605,2026-09-14 20:42:36,North Rebecca,MV,0
ACC003185,2026-09-14 20:42:36,North William,UZ,0
ACC003029,2026-09-14 20:42:36,South Christopher,LR,0
ACC004250,2026-09-14 20:42:37,Lake Deborahmouth,ZW,0
ACC002828,2026-09-14 20:42:37,Ramseyborough,KE,0
ACC001397,2026-09-14 20:42:37,Evanston,HU,0
ACC001018,2026-09-14 20:42:37,Karenfurt,VN,0
ACC002844,2026-09-14 20:42:37,Matthewton,BS,0
ACC004525,2026-09-14 20:42:38,Carsonfurt,NP,0
ACC002076,2026-09-14 20:42:38,Glassville,VC,0
ACC000714,2026-09-14 20:42:39,Marissaville,IT,0
ACC001880,2026-09-14 20:42:39,Benjaminland,SD,0
ACC003644,2026-09-14 20:42:39,West Catherineville,MV,0
ACC003735,2026-09-14 20:42:39,West Darlene,GE,0
ACC002989,2026-09-14 20:42:40,Gregoryfort,AD,0
ACC002550,2026-09-14 20:42:40,South Sarah,PE,0
ACC004155,2026-09-14 20:42:40,Richardsonmouth,BS,0
ACC000292,2026-09-14 20:42:40,West Richard,CR,0
ACC003010,2026-09-14 20:42:41,Wadeborough,ST,0
ACC002607,2026-09-14 20:42:41,West Matthew,QA,0
ACC003823,2026-09-14 20:42:41,West Michaelton,IT,0
ACC000669,2026-09-14 20:42:41,Shaunstad,GA,0
ACC001108,2026-09-14 20:42:41,Alyssaside,NA,0
ACC002550,2026-09-14 20:42:42,South Kristina,AM,1
ACC004765,2026-09-14 20:42:42,Lake Michaeltown,PY,0
ACC003465,2026-09-14 20:42:42,North Cynthia,EC,0
ACC003682,2026-09-14 20:42:42,West Jimmy,MC,0
ACC002958,2026-09-14 20:42:42,Sarahchester,SY,0
ACC001308,2026-09-14 20:42:43,East Courtneyville,GA,0
ACC000206,2026-09-14 20:42:43,Kennethton,SD,0
ACC001437,2026-09-14 20:42:43,Collinsville,BH,0
ACC002515,2026-09-14 20:42:43,North Julieport,KP,0
ACC003263,2026-09-14 20:42:44,Christinefort,GE,0
ACC003484,2026-09-14 20:42:45,East Marybury,GT,0
ACC001716,2026-09-14 20:42:46,Davidhaven,FI,0
ACC000734,2026-09-14 20:42:47,Shafferport,MZ,0
ACC002335,2026-09-14 20:42:47,Scottbury,YE,0
ACC004716,2026-09-14 20:42:48,West Brendan,YE,0
ACC004832,2026-09-14 20:42:48,South Paulfort,CA,0
ACC001000,2026-09-14 20:42:48,South Heather,NZ,0
ACC003992,2026-09-14 20:42:49,Kimberlyview,GE,0
ACC003343,2026-09-14 20:42:49,Port Kellyhaven,MN,0
ACC002984,2026-09-14 20:42:49,Port Alejandro,PG,0
ACC000667,2026-09-14 20:42:50,North Jonathanmouth,GW,0
ACC003184,2026-09-14 20:42:50,Ericahaven,BA,0
ACC001797,2026-09-14 20:42:50,Port Kimbury,ZA,1
ACC003199,2026-09-14 20:42:51,Reidfurt,NA,1
ACC003650,2026-09-14 20:42:51,Jordanton,CA,0
ACC000793,2026-09-14 20:42:51,Lake Danaberg,PG,0
ACC000349,2026-09-14 20:42:51,Simpsonville,GW,0
ACC003197,2026-09-14 20:42:51,West Joseph,ES,0
ACC003989,2026-09-14 20:42:52,Angelatown,SL,0
ACC001204,2026-09-14 20:42:53,East Samuelview,KH,0
ACC003708,2026-09-14 20:42:53,Berryburgh,TN,0
ACC001541,2026-09-14 20:42:53,Jacksonberg,IT,1
ACC004696,2026-09-14 20:42:54,Brownchester,RW,0
ACC003245,2026-09-14 20:42:54,Rossmouth,GN,0
ACC000446,2026-09-14 20:42:54,South Amyland,PL,0
ACC004684,2026-09-14 20:42:54,New Antonio,NG,0
ACC004181,2026-09-14 20:42:55,South Paulside,CM,0
ACC002228,2026-09-14 20:42:55,Robertton,BS,1
ACC003172,2026-09-14 20:42:55,Clementsstad,GQ,0
ACC003139,2026-09-14 20:42:56,Haroldfort,CO,0
ACC000805,2026-09-14 20:42:56,Jacquelineberg,GM,0
ACC002986,2026-09-14 20:42:56,East Jason,NZ,0
ACC004642,2026-09-14 20:42:57,Millerside,GB,0
ACC000171,2026-09-14 20:42:57,Pageside,AZ,0
ACC000466,2026-09-14 20:42:57,North Cathymouth,CI,0
ACC000149,2026-09-14 20:42:57,West John,MD,0
ACC000758,2026-09-14 20:42:58,Katiehaven,TO,0
ACC002778,2026-09-14 20:42:58,Milestown,CM,0
ACC004121,2026-09-14 20:42:58,Cooperton,BJ,0
ACC003110,2026-09-14 20:42:58,Brookestad,CD,0
ACC000627,2026-09-14 20:42:58,New Savannah,LR,0
ACC003951,2026-09-14 20:42:58,Port Brenda,SC,0
ACC003161,2026-09-14 20:42:59,South Jonathanburgh,DJ,0
ACC000166,2026-09-14 20:43:00,Christopherstad,PH,0
ACC000822,2026-09-14 20:43:00,Perezville,BD,0
ACC000360,2026-09-14 20:43:00,Port Nicholasmouth,KN,0
ACC003972,2026-09-14 20:43:01,Lake Jadeshire,IS,0
ACC002285,2026-09-14 20:43:01,Port Jamesfort,GD,0
ACC002365,2026-09-14 20:43:01,Michaelmouth,KR,0
ACC003643,2026-09-14 20:43:01,East Mariostad,TG,0
ACC004778,2026-09-14 20:43:02,Jacksonmouth,SZ,0
ACC004793,2026-09-14 20:43:02,Dannyshire,ZA,0
ACC003089,2026-09-14 20:43:02,Jenniferchester,LV,0
ACC000922,2026-09-14 20:43:02,Ellisfort,SR,1
ACC000595,2026-09-14 20:43:02,Jesseshire,LI,0
ACC003604,2026-09-14 20:43:03,East James,TG,0
ACC004837,2026-09-14 20:43:03,Andrewstad,DJ,0
ACC002661,2026-09-14 20:43:03,Murrayville,DK,0
ACC000208,2026-09-14 20:43:03,Brianview,KM,0
ACC001373,2026-09-14 20:43:04,Port Ryan,DZ,0
ACC001940,2026-09-14 20:43:04,Pricemouth,SV,0
ACC004454,2026-09-14 20:43:04,New Rachel,GD,0
ACC001183,2026-09-14 20:43:04,Sullivanmouth,ST,0
ACC001496,2026-09-14 20:43:04,West Ronald,NP,0
ACC000010,2026-09-14 20:43:05,Melissaton,IT,0
ACC004176,2026-09-14 20:43:06,Grahamton,KZ,1
ACC002726,2026-09-14 20:43:06,East Michaelburgh,DZ,1
ACC001613,2026-09-14 20:43:06,Melissaton,VE,0
ACC004994,2026-09-14 20:43:06,Millershire,GN,1
ACC001610,2026-09-14 20:43:07,Leeshire,BF,0
ACC002059,2026-09-14 20:43:07,New Daniel,TR,0
ACC002061,2026-09-14 20:43:07,Dakotaton,BG,1
ACC002669,2026-09-14 20:43:08,Lake Jennifer,CU,1
ACC004881,2026-09-14 20:43:08,Port Jonathanchester,BB,1
ACC003158,2026-09-14 20:43:08,New Charleschester,GH,0
ACC002861,2026-09-14 20:43:08,Kirbyfort,SV,0
ACC003196,2026-09-14 20:43:09,Port Colleenland,MG,1
ACC002330,2026-09-14 20:43:09,Lake Valeriemouth,GD,0
ACC004123,2026-09-14 20:43:10,Amandamouth,VE,0
ACC003932,2026-09-14 20:43:10,Mortonfurt,US,0
ACC002797,2026-09-14 20:43:10,Donaldton,WS,0
ACC001674,2026-09-14 20:43:10,Lake Graceview,NO,0
ACC000092,2026-09-14 20:43:11,Brianview,GW,0
ACC003549,2026-09-14 20:43:11,South David,AM,0
ACC003426,2026-09-14 20:43:11,Goodmantown,LT,0
ACC000681,2026-09-14 20:43:11,Thomasstad,MV,0
ACC001852,2026-09-14 20:43:12,East Heatherfurt,CG,0
ACC003810,2026-09-14 20:43:13,Donaldfort,DZ,0
ACC002191,2026-09-14 20:43:13,Patrickchester,PW,0
ACC002208,2026-09-14 20:43:13,Patrickhaven,SE,0
ACC000017,2026-09-14 20:43:13,South Raymondmouth,AO,0
ACC001995,2026-09-14 20:43:13,Hallport,IS,0
ACC000037,2026-09-14 20:43:14,South Ericastad,RO,0
ACC001009,2026-09-14 20:43:14,Kathleentown,SO,0
ACC002832,2026-09-14 20:43:15,West Michael,ZA,0
ACC003542,2026-09-14 20:43:15,Smithview,DM,0
ACC003653,2026-09-14 20:43:15,Derekmouth,HU,0
ACC000439,2026-09-14 20:43:16,Russellburgh,LI,1
ACC000177,2026-09-14 20:43:16,Erikaton,SN,0
ACC003532,2026-09-14 20:43:16,Rileychester,CI,0
ACC001934,2026-09-14 20:43:16,Melissatown,VN,0
ACC003089,2026-09-14 20:43:16,North Karinaburgh,SG,0
ACC004700,2026-09-14 20:43:16,East Erinland,IL,0
ACC004252,2026-09-14 20:43:17,Ramirezberg,TO,1
ACC004883,2026-09-14 20:43:17,Harrisville,IN,0
ACC000776,2026-09-14 20:43:17,Hodgesshire,MG,0
ACC003956,2026-09-14 20:43:17,Bryantfurt,UA,1
ACC003088,2026-09-14 20:43:17,Lake Phillip,CZ,0
ACC004575,2026-09-14 20:43:18,Leahland,JO,0
ACC003631,2026-09-14 20:43:18,Brianaburgh,CA,0
ACC000601,2026-09-14 20:43:18,Flemingside,YE,0
ACC003757,2026-09-14 20:43:18,Port Michelleview,PY,1
ACC004116,2026-09-14 20:43:19,Wardland,LC,0
ACC004611,2026-09-14 20:43:19,Colemanborough,AD,0
ACC000678,2026-09-14 20:43:19,Wallacehaven,MT,0
ACC001294,2026-09-14 20:43:19,Trujillofurt,KP,0
ACC002712,2026-09-14 20:43:20,Riveratown,DZ,0
ACC001357,2026-09-14 20:43:20,Georgemouth,AT,0
ACC001259,2026-09-14 20:43:20,Michaelbury,AU,0
ACC004312,2026-09-14 20:43:21,Ruizfort,IE,0
ACC003505,2026-09-14 20:43:21,Maryberg,IT,0
ACC003069,2026-09-14 20:43:21,Garystad,PY,0
ACC001795,2026-09-14 20:43:21,Owenstad,BI,1
ACC002330,2026-09-14 20:43:21,South Carolynbury,BG,0
ACC002985,2026-09-14 20:43:22,Melissaborough,TR,0
ACC003911,2026-09-14 20:43:23,Lucasshire,SC,0
ACC002531,2026-09-14 20:43:23,South Kelseyside,DK,0
ACC004887,2026-09-14 20:43:24,North Richard,BA,0
ACC001804,2026-09-14 20:43:24,Thomaschester,BW,0
ACC002647,2026-09-14 20:43:24,New Christopher,SB,0
ACC004919,2026-09-14 20:43:24,East Arielfort,UY,0
ACC001769,2026-09-14 20:43:24,Edwardsbury,SL,0
ACC000856,2026-09-14 20:43:24,North Brendachester,DK,1
ACC000796,2026-09-14 20:43:25,Bradleyburgh,KN,0
ACC001145,2026-09-14 20:43:25,South Christina,TR,0
ACC003731,2026-09-14 20:43:25,Bowersland,UG,0
ACC001198,2026-09-14 20:43:25,Thomasmouth,BN,0
ACC004208,2026-09-14 20:43:25,New Dominique,CN,0
ACC001876,2026-09-14 20:43:26,West Kellyland,QA,0
ACC003608,2026-09-14 20:43:27,West Donna,JO,0
ACC001785,2026-09-14 20:43:27,Port Luisborough,KN,0
ACC004025,2026-09-14 20:43:27,Lake Renee,GD,0
ACC000585,2026-09-14 20:43:28,New Jennifer,IT,0
ACC002680,2026-09-14 20:43:28,New Susanberg,ST,1
ACC002765,2026-09-14 20:43:28,Baileyfort,JO,0
ACC000640,2026-09-14 20:43:29,Robertport,BZ,0
ACC003873,2026-09-14 20:43:29,West Jason,RU,0
ACC000102,2026-09-14 20:43:31,South Katrinafort,BN,0
ACC002627,2026-09-14 20:43:31,East James,LC,0
ACC002810,2026-09-14 20:43:32,Hendersonfurt,KM,0
ACC002981,2026-09-14 20:43:32,South James,MK,1
ACC003368,2026-09-14 20:43:33,Solomonfurt,AM,0
ACC000788,2026-09-14 20:43:33,New Justinland,NL,0
ACC002445,2026-09-14 20:43:34,Davidborough,HT,0
ACC000655,2026-09-14 20:43:34,New Ruth,GY,0
ACC001363,2026-09-14 20:43:34,Jonchester,BR,0
ACC002625,2026-09-14 20:43:35,East Ericborough,MW,0
ACC000802,2026-09-14 20:43:35,East Adriennemouth,FJ,0
ACC004383,2026-09-14 20:43:35,West Tommyfurt,LV,0
ACC002606,2026-09-14 20:43:36,Michaelchester,BA,0
ACC001068,2026-09-14 20:43:36,Alvaradomouth,US,0
ACC000653,2026-09-14 20:43:36,Huangside,FI,0
ACC002888,2026-09-14 20:43:37,Lake Lisaton,KM,0
ACC001025,2026-09-14 20:43:37,Lake Jamesbury,KR,0
ACC002274,2026-09-14 20:43:37,Leeside,GY,1
ACC001622,2026-09-14 20:43:38,Sanchezburgh,MY,0
ACC001304,2026-09-14 20:43:38,South Megan,ML,0
ACC002417,2026-09-14 20:43:38,Lake Terrence,TH,0
ACC003726,2026-09-14 20:43:38,Barreraborough,NO,0
ACC002146,2026-09-14 20:43:39,Lake Adam,KM,0
ACC003807,2026-09-14 20:43:39,Curtishaven,AR,0
ACC003316,2026-09-14 20:43:39,Adamsland,AL,0
ACC000097,2026-09-14 20:43:39,New Juliaside,SN,0
ACC004734,2026-09-14 20:43:39,South Jennifer,GY,0
ACC000492,2026-09-14 20:43:39,South Jerryland,CO,0
ACC004182,2026-09-14 20:43:39,Ebonyside,CZ,0
ACC002117,2026-09-14 20:43:40,South Dawn,BS,0
ACC002727,2026-09-14 20:43:40,New Coreyside,CA,0
ACC000915,2026-09-14 20:43:40,New Cynthia,VN,0
ACC001206,2026-09-14 20:43:41,Brownshire,GE,0
ACC001115,2026-09-14 20:43:41,West Brittanyfurt,KH,0
ACC003921,2026-09-14 20:43:41,Evanschester,CN,0
ACC002104,2026-09-14 20:43:41,New Trevorville,RW,0
ACC002081,2026-09-14 20:43:41,Stantonmouth,CL,0
ACC002685,2026-09-14 20:43:42,Kristenstad,DM,1
ACC002720,2026-09-14 20:43:42,North Mariafort,CH,0
ACC004201,2026-09-14 20:43:42,Port Blakemouth,IT,0
ACC003162,2026-09-14 20:43:42,Dawnfort,SD,0
ACC003992,2026-09-14 20:43:43,Wrightchester,LK,0
ACC002596,2026-09-14 20:43:43,New Laura,NG,0
ACC004125,2026-09-14 20:43:43,Lake Amymouth,SA,1
ACC000174,2026-09-14 20:43:43,Juanhaven,NG,0
ACC004322,2026-09-14 20:43:44,Douglasmouth,IN,0
ACC003402,2026-09-14 20:43:44,North Lisa,DJ,0
ACC001428,2026-09-14 20:43:45,Wellsside,SG,0
ACC001018,2026-09-14 20:43:45,Port Tommy,NZ,1
ACC001273,2026-09-14 20:43:45,West Zacharyville,UY,0
ACC001150,2026-09-14 20:43:45,Laurastad,SO,0
ACC000857,2026-09-14 20:43:45,Morrowton,PL,1
ACC003788,2026-09-14 20:43:46,West Christopher,CL,1
ACC001521,2026-09-14 20:43:46,Jasonland,SB,1
ACC001308,2026-09-14 20:43:46,Rodriguezchester,SE,0
ACC002378,2026-09-14 20:43:46,Jessicaside,MY,0
ACC002511,2026-09-14 20:43:47,Lake Teresa,YE,0
ACC000553,2026-09-14 20:43:47,Pettymouth,MG,0
ACC002923,2026-09-14 20:43:47,Hallstad,DZ,0
ACC004503,2026-09-14 20:43:47,Derrickberg,MN,0
ACC000555,2026-09-14 20:43:47,Keithstad,SC,0
ACC004829,2026-09-14 20:43:47,Huffmanville,UA,0
ACC002341,2026-09-14 20:43:48,Avilafort,US,0
ACC003618,2026-09-14 20:43:49,Ricetown,KH,0
ACC004093,2026-09-14 20:43:49,Robertfurt,CR,0
ACC000537,2026-09-14 20:43:49,Charlesmouth,CH,0
ACC003625,2026-09-14 20:43:49,East Tammyhaven,PL,0
ACC000722,2026-09-14 20:43:49,East Jasmine,JO,0
ACC003957,2026-09-14 20:43:50,Stephenhaven,TR,0
ACC000704,2026-09-14 20:43:50,Travisview,AL,0
ACC001083,2026-09-14 20:43:50,East Alejandrostad,LR,0
ACC002266,2026-09-14 20:43:51,Woodfurt,ML,0
ACC003335,2026-09-14 20:43:51,South Kevinmouth,MC,0
ACC001060,2026-09-14 20:43:52,Port Mary,TV,0
ACC003859,2026-09-14 20:43:52,Kentton,GE,0
ACC004350,2026-09-14 20:43:52,South Tombury,TD,0
ACC004504,2026-09-14 20:43:52,Stewartborough,KH,0
ACC003431,2026-09-14 20:43:52,Stewartstad,MV,0
ACC001894,2026-09-14 20:43:52,Gonzalezmouth,TJ,0
ACC000848,2026-09-14 20:43:52,Meyerborough,UZ,0
ACC003831,2026-09-14 20:43:53,West Amy,GY,1
ACC000557,2026-09-14 20:43:53,Lake Steven,PH,1
ACC000630,2026-09-14 20:43:54,Walshstad,CR,0
ACC004939,2026-09-14 20:43:54,New Kimberly,SB,0
ACC004991,2026-09-14 20:43:54,East Joshuaburgh,SB,0
ACC000953,2026-09-14 20:43:55,Sandraland,US,0
ACC002788,2026-09-14 20:43:55,West Travisview,LY,1
ACC000989,2026-09-14 20:43:55,East Charles,DK,0
ACC001260,2026-09-14 20:43:56,East Danachester,IL,0
ACC000605,2026-09-14 20:43:56,North Scott,CY,1
ACC003241,2026-09-14 20:43:56,Joanville,HN,1
ACC001511,2026-09-14 20:43:56,Terryville,CL,0
ACC002916,2026-09-14 20:43:57,Lake Craig,AR,1
ACC004773,2026-09-14 20:43:58,East Peter,ZW,0
ACC001719,2026-09-14 20:43:58,Heatherfurt,NR,0
ACC003609,2026-09-14 20:43:59,Timothychester,UZ,0
ACC002895,2026-09-14 20:44:00,Jarvisbury,CZ,0
ACC002098,2026-09-14 20:44:00,Port Carlyburgh,SC,0
ACC002743,2026-09-14 20:44:00,North Andrew,NI,0
ACC001366,2026-09-14 20:44:01,Allisonmouth,LI,0
ACC003320,2026-09-14 20:44:01,Lake Rebeccaton,EG,0
ACC001477,2026-09-14 20:44:02,Kimberlyshire,SD,0
ACC002514,2026-09-14 20:44:02,North Joshua,CM,0
ACC004535,2026-09-14 20:44:02,Nathanmouth,SC,1
ACC004021,2026-09-14 20:44:02,West Davidfurt,AU,0
ACC003718,2026-09-14 20:44:02,Beckview,ES,0
ACC004324,2026-09-14 20:44:02,North Nicholasville,LU,0
ACC000751,2026-09-14 20:44:02,Port Christopherland,HN,0
ACC000837,2026-09-14 20:44:03,Bryantstad,PE,0
ACC004415,2026-09-14 20:44:04,Nicholasside,JM,0
ACC001575,2026-09-14 20:44:04,Johnsonmouth,MK,0
ACC004467,2026-09-14 20:44:04,Carlsonchester,KN,0
ACC003360,2026-09-14 20:44:04,Jamesview,UA,0
ACC003102,2026-09-14 20:44:05,Mckenziemouth,BJ,0
ACC000488,2026-09-14 20:44:06,Port Jasonton,IL,0
ACC001549,2026-09-14 20:44:06,Hicksside,VA,0
ACC000278,2026-09-14 20:44:07,Jeffreyborough,KP,0
ACC001322,2026-09-14 20:44:07,Bridgetberg,SL,0
ACC003852,2026-09-14 20:44:07,Veronicaview,ES,1
ACC004520,2026-09-14 20:44:07,South Sarah,CO,0
ACC002620,2026-09-14 20:44:08,New Andreamouth,ID,0
ACC001481,2026-09-14 20:44:08,Floresbury,NO,0
ACC002133,2026-09-14 20:44:08,Oliviashire,HN,0
ACC004836,2026-09-14 20:44:08,Cookland,CA,0
ACC003982,2026-09-14 20:44:09,East Alexis,UG,0
ACC002375,2026-09-14 20:44:09,Gordonchester,PG,0
ACC001916,2026-09-14 20:44:09,New Judy,UA,0
ACC000869,2026-09-14 20:44:09,Christinaberg,KG,0
ACC002577,2026-09-14 20:44:10,Bowersport,RU,0
ACC001711,2026-09-14 20:44:10,Lake Sarah,EG,0
ACC004381,2026-09-14 20:44:10,Erintown,MZ,0
ACC003889,2026-09-14 20:44:10,North Meganview,BF,0
ACC002254,2026-09-14 20:44:10,Gibbschester,MK,0
ACC001344,2026-09-14 20:44:11,West Tyler,IQ,0
ACC004332,2026-09-14 20:44:11,Port Bobbymouth,FI,0
ACC000553,2026-09-14 20:44:11,Madelineburgh,SL,1
ACC001436,2026-09-14 20:44:12,New Brianna,NZ,0
ACC002353,2026-09-14 20:44:12,South Adamview,NI,0
ACC002714,2026-09-14 20:44:12,East Charles,ZW,0
ACC000637,2026-09-14 20:44:13,West Rhonda,GM,0
ACC000416,2026-09-14 20:44:14,Colemanside,NA,1
ACC000183,2026-09-14 20:44:15,North Keith,ER,0
ACC001939,2026-09-14 20:44:15,Lake Norman,BH,0
ACC002427,2026-09-14 20:44:15,Gonzalezport,SC,0
ACC003232,2026-09-14 20:44:15,Lake Steven,AT,0
ACC001092,2026-09-14 20:44:15,West Michael,TG,0
ACC000218,2026-09-14 20:44:16,New Grantchester,MA,0
ACC004208,2026-09-14 20:44:16,South Reginaldshire,IL,1
ACC002198,2026-09-14 20:44:17,Debbieport,NP,0
ACC002928,2026-09-14 20:44:17,North John,TH,0
ACC004620,2026-09-14 20:44:17,Underwoodmouth,MM,1
ACC001258,2026-09-14 20:44:17,Port Curtisland,TH,0
ACC003736,2026-09-14 20:44:17,Ericksonmouth,TV,0
ACC001132,2026-09-14 20:44:18,Robertside,BN,0
ACC004461,2026-09-14 20:44:18,Philipfort,LS,1
ACC002393,2026-09-14 20:44:18,New Robinborough,DK,1
ACC001556,2026-09-14 20:44:19,Port Sylviaview,TD,0
ACC004741,2026-09-14 20:44:19,West Kristin,PH,0
ACC004286,2026-09-14 20:44:19,Port Shelbyberg,SE,0
ACC001924,2026-09-14 20:44:19,New Wendy,MA,0
ACC000973,2026-09-14 20:44:20,Port Rebeccamouth,LA,0
ACC001872,2026-09-14 20:44:20,Sarahmouth,DE,0
ACC002021,2026-09-14 20:44:20,West Ryantown,MU,0
ACC003292,2026-09-14 20:44:20,South Eric,NE,0
ACC003770,2026-09-14 20:44:21,Bankshaven,ME,0
ACC004060,2026-09-14 20:44:21,West Alyssa,LS,1
ACC004380,2026-09-14 20:44:21,Wilsonside,NI,0
ACC004262,2026-09-14 20:44:21,Earlchester,CV,1
ACC000724,2026-09-14 20:44:22,Tamaraview,GD,0
ACC002031,2026-09-14 20:44:23,Michaelburgh,AU,0
ACC001095,2026-09-14 20:44:23,Lake Ashleymouth,CG,0
ACC000019,2026-09-14 20:44:24,West Randallport,BJ,0
ACC002986,2026-09-14 20:44:24,New Anthonyville,ML,0
ACC000492,2026-09-14 20:44:25,Lake Valerie,LU,0
ACC004812,2026-09-14 20:44:25,Lake Tamara,SR,0
ACC003824,2026-09-14 20:44:25,East Joshuaville,MX,0
ACC000390,2026-09-14 20:44:25,South Shari,DJ,0
ACC000275,2026-09-14 20:44:25,Jessicaside,SY,0
ACC004461,2026-09-14 20:44:25,Ellisfort,NR,1
ACC000587,2026-09-14 20:44:25,South Susan,BN,0
ACC003138,2026-09-14 20:44:26,Natashafort,ZM,0
ACC000351,2026-09-14 20:44:27,West Jessica,ZW,0
ACC001677,2026-09-14 20:44:27,South Andrew,BD,0
ACC002063,2026-09-14 20:44:28,Kelleyshire,KH,0
ACC001885,2026-09-14 20:44:28,South Kristyland,GW,0
ACC004831,2026-09-14 20:44:28,Boydville,AE,0
ACC003252,2026-09-14 20:44:29,Andersonborough,IN,0
ACC003880,2026-09-14 20:44:29,South Theresa,TV,1
ACC002615,2026-09-14 20:44:29,Lake Brucehaven,LY,0
ACC003765,2026-09-14 20:44:29,Jamesfort,CN,0
ACC002962,2026-09-14 20:44:30,West Paul,TR,0
ACC002253,2026-09-14 20:44:30,Taylorstad,CR,0
ACC000652,2026-09-14 20:44:30,Lake Michael,TJ,0
ACC004007,2026-09-14 20:44:30,Davismouth,ET,0
ACC001913,2026-09-14 20:44:30,Jessemouth,LS,0
ACC003185,2026-09-14 20:44:31,West Markberg,KG,0
ACC004336,2026-09-14 20:44:31,Smithville,CA,0
ACC002549,2026-09-14 20:44:31,Nathanmouth,DZ,0
ACC002045,2026-09-14 20:44:31,Christopherton,FI,0
ACC002473,2026-09-14 20:44:32,Port Darrylton,SG,0
ACC002564,2026-09-14 20:44:32,Josephport,YE,0
ACC002117,2026-09-14 20:44:33,New Kimberlymouth,CU,0
ACC001663,2026-09-14 20:44:33,Edwardborough,AR,0
ACC002465,2026-09-14 20:44:33,North Stephanie,LB,0
ACC004324,2026-09-14 20:44:33,Sarahaven,FJ,0
ACC004167,2026-09-14 20:44:34,Simpsonfurt,FI,0
ACC003403,2026-09-14 20:44:34,Taylorburgh,PA,0
ACC002401,2026-09-14 20:44:35,Port Adamton,MG,0
ACC004873,2026-09-14 20:44:35,Port Stephanie,LA,0
ACC004742,2026-09-14 20:44:35,Port David,BR,0
ACC002528,2026-09-14 20:44:35,Tiffanyfort,BJ,0
ACC004904,2026-09-14 20:44:36,Lake Danielmouth,PL,0
ACC000013,2026-09-14 20:44:36,Lake Jacobstad,HU,0
ACC004826,2026-09-14 20:44:36,East Ronnie,ET,0
ACC002797,2026-09-14 20:44:37,Chenmouth,CA,1
ACC002606,2026-09-14 20:44:37,Marytown,CH,0
ACC001447,2026-09-14 20:44:37,Harrisonside,KP,0
ACC004731,2026-09-14 20:44:37,Port Patricia,KR,0
ACC002948,2026-09-14 20:44:37,Davidbury,CF,0
ACC004053,2026-09-14 20:44:38,Port Lindsey,KZ,0
ACC003308,2026-09-14 20:44:38,North Alanhaven,GR,0
ACC001298,2026-09-14 20:44:38,Lake Toni,GB,0
ACC003473,2026-09-14 20:44:38,Tarastad,SV,0
ACC000949,2026-09-14 20:44:38,New Brianmouth,CN,0
ACC004544,2026-09-14 20:44:39,Boothton,TH,0
ACC000143,2026-09-14 20:44:39,Tammystad,FM,0
ACC000452,2026-09-14 20:44:39,Port Stephanie,SO,0
ACC003608,2026-09-14 20:44:40,New Joshua,EC,0
ACC000450,2026-09-14 20:44:40,Carterburgh,LV,0
ACC001558,2026-09-14 20:44:41,Lake Cassandra,AO,0
ACC002075,2026-09-14 20:44:41,New Tracyfurt,ZM,0
ACC002677,2026-09-14 20:44:42,Mitchellshire,BO,0
ACC000075,2026-09-14 20:44:42,Garychester,EG,0
ACC004954,2026-09-14 20:44:42,South Mark,MG,0
ACC002087,2026-09-14 20:44:43,Paulview,SL,0
ACC001167,2026-09-14 20:44:44,Murphytown,CR,0
ACC002269,2026-09-14 20:44:44,Samuelview,IS,0
ACC002310,2026-09-14 20:44:44,Lake Roy,SE,0
ACC004624,2026-09-14 20:44:45,Emilychester,KG,0
ACC000003,2026-09-14 20:44:45,Karenbury,VC,0
ACC004648,2026-09-14 20:44:45,West Mariachester,IS,0
ACC003628,2026-09-14 20:44:45,East Maryberg,HT,0
ACC002613,2026-09-14 20:44:45,Yvetteborough,TW,0
ACC003551,2026-09-14 20:44:45,Lake Pamela,CL,0
ACC000409,2026-09-14 20:44:46,Lake Joy,NP,0
ACC004363,2026-09-14 20:44:46,Royberg,SA,0
ACC000837,2026-09-14 20:44:46,Johnmouth,GT,0
ACC001834,2026-09-14 20:44:47,Markview,SV,0
ACC004562,2026-09-14 20:44:47,Wernerhaven,BF,1
ACC004430,2026-09-14 20:44:47,Port Fredborough,AO,1
ACC002926,2026-09-14 20:44:47,Port Matthewland,TN,0
ACC003336,2026-09-14 20:44:47,West Anthony,TT,0
ACC003112,2026-09-14 20:44:48,Corytown,MZ,0
ACC000853,2026-09-14 20:44:48,Port Kelsey,HU,0
ACC004403,2026-09-14 20:44:49,Port Susanmouth,HN,0
ACC000135,2026-09-14 20:44:49,Kevinton,CV,0
ACC004298,2026-09-14 20:44:49,Paulburgh,GW,0
ACC002808,2026-09-14 20:44:49,East Stanleyland,BW,0
ACC001142,2026-09-14 20:44:50,New Christopher,SV,1
ACC004347,2026-09-14 20:44:50,Port Edwardshire,DM,0
ACC001889,2026-09-14 20:44:51,Millermouth,BR,0
ACC004553,2026-09-14 20:44:51,Davisport,MX,0
ACC000042,2026-09-14 20:44:53,South Alexander,SL,0
ACC002535,2026-09-14 20:44:53,Mayburgh,BR,0
ACC000591,2026-09-14 20:44:53,Jacquelineville,MX,0
ACC003604,2026-09-14 20:44:53,North Annbury,KI,0
ACC003283,2026-09-14 20:44:53,North Michaelborough,ET,1
ACC003136,2026-09-14 20:44:54,Charlesborough,ET,0
ACC000112,2026-09-14 20:44:54,East Johnborough,SZ,0
ACC004429,2026-09-14 20:44:54,Fordville,PH,0
ACC000519,2026-09-14 20:44:54,Danielsberg,ER,0
ACC000683,2026-09-14 20:44:55,Kirbyport,LY,0
ACC001362,2026-09-14 20:44:55,Paulstad,CY,0
ACC004408,2026-09-14 20:44:56,Alvarezmouth,NZ,0
ACC001607,2026-09-14 20:44:56,South Dustinmouth,MT,0
ACC000751,2026-09-14 20:44:56,Lake Victoriaton,CD,0
ACC002489,2026-09-14 20:44:56,West Lisafort,KW,0
ACC002206,2026-09-14 20:44:57,New Cynthiaton,GT,0
ACC002248,2026-09-14 20:44:57,Markborough,SR,0
ACC004525,2026-09-14 20:44:58,Kirkton,AZ,0
ACC003625,2026-09-14 20:44:58,North Christinaborough,AD,0
ACC000557,2026-09-14 20:44:58,Sharonmouth,TH,0
ACC001166,2026-09-14 20:44:59,Robinsontown,DZ,0
ACC004676,2026-09-14 20:44:59,Lake Kevin,LV,0
ACC002242,2026-09-14 20:45:01,Port Veronica,RW,0
ACC004876,2026-09-14 20:45:01,Port Brittanyland,SK,0
ACC002274,2026-09-14 20:45:01,North Robert,UZ,0
ACC001772,2026-09-14 20:45:01,Evanview,PS,0
ACC002749,2026-09-14 20:45:02,Burtonburgh,SB,0
ACC000297,2026-09-14 20:45:02,Lake Gina,MX,0
ACC001794,2026-09-14 20:45:02,West Tonyaberg,VN,0
ACC000042,2026-09-14 20:45:03,Port Richard,SN,0
ACC002099,2026-09-14 20:45:03,Smithshire,MD,1
ACC004058,2026-09-14 20:45:03,West Ashley,FI,0
ACC003369,2026-09-14 20:45:03,Torresside,PA,1
ACC003523,2026-09-14 20:45:03,North Laurieburgh,GR,0
ACC002209,2026-09-14 20:45:03,Michelleton,IE,0
ACC004483,2026-09-14 20:45:04,Taylorville,ES,0
ACC002009,2026-09-14 20:45:04,Port Christineton,NE,0
ACC003802,2026-09-14 20:45:04,Christinabury,IT,1
ACC002306,2026-09-14 20:45:05,Lake Donnamouth,WS,0
ACC003206,2026-09-14 20:45:05,Jonesburgh,AT,0
ACC000171,2026-09-14 20:45:05,Lake Sandra,TV,0
ACC003512,2026-09-14 20:45:06,Lake Jaredtown,HT,0
ACC004848,2026-09-14 20:45:07,Mckenziehaven,JO,0
ACC002492,2026-09-14 20:45:07,Lake Stephanieberg,VA,0
ACC004167,2026-09-14 20:45:07,Sethport,NI,0
ACC001004,2026-09-14 20:45:07,Johnsmouth,VN,0
ACC004868,2026-09-14 20:45:07,Proctorview,SD,0
ACC002337,2026-09-14 20:45:07,North Janet,AM,0
ACC000185,2026-09-14 20:45:07,Christopherhaven,MZ,0
ACC000402,2026-09-14 20:45:07,Rachelton,GA,0
ACC003160,2026-09-14 20:45:08,Hornberg,YE,0
ACC000264,2026-09-14 20:45:08,North Daniel,DE,0
ACC002103,2026-09-14 20:45:08,Lake Tammymouth,FR,0
ACC003495,2026-09-14 20:45:09,Millerberg,TT,0
ACC004859,2026-09-14 20:45:09,Matthewville,US,0
ACC000216,2026-09-14 20:45:09,North Nicholas,UZ,0
ACC001356,2026-09-14 20:45:09,Tatechester,ML,0
ACC002958,2026-09-14 20:45:09,Keithfurt,AD,0
ACC004702,2026-09-14 20:45:09,West Ashley,KN,0
ACC004553,2026-09-14 20:45:10,South Gregoryside,AG,0
ACC004743,2026-09-14 20:45:10,South Michael,CY,0
ACC003542,2026-09-14 20:45:10,Lake Laurieborough,TO,0
ACC000649,2026-09-14 20:45:11,West Michelle,SY,1
ACC001470,2026-09-14 20:45:11,Kennethhaven,FJ,0
ACC000372,2026-09-14 20:45:11,Lake Tonychester,LV,1
ACC004587,2026-09-14 20:45:11,Reneehaven,DK,0
ACC001165,2026-09-14 20:45:11,New Calvin,VC,0
ACC003816,2026-09-14 20:45:11,Santiagobury,CD,0
ACC001495,2026-09-14 20:45:12,New Sarahborough,TM,0
ACC001874,2026-09-14 20:45:12,Jordanbury,GA,0
ACC001581,2026-09-14 20:45:12,West Troyborough,VN,0
ACC002885,2026-09-14 20:45:12,Tranport,NA,0
ACC004956,2026-09-14 20:45:13,Stevenchester,GW,0
ACC000273,2026-09-14 20:45:13,New Stevenmouth,PE,0
ACC000424,2026-09-14 20:45:13,Port Joanburgh,HN,0
ACC003748,2026-09-14 20:45:13,North Kevinhaven,CY,1
ACC001814,2026-09-14 20:45:13,Christopherfort,NI,0
ACC004970,2026-09-14 20:45:13,Kellyland,MU,0
ACC001690,2026-09-14 20:45:13,West Josephside,NA,0
ACC002282,2026-09-14 20:45:14,North Maryville,JM,0
ACC001242,2026-09-14 20:45:14,Kathleenview,MT,0
ACC001854,2026-09-14 20:45:14,Figueroaland,KZ,0
ACC000187,2026-09-14 20:45:14,Baldwinton,GB,0
ACC001752,2026-09-14 20:45:14,Johnsonchester,VA,0
ACC000007,2026-09-14 20:45:15,Lake Charleschester,PA,1
ACC002500,2026-09-14 20:45:15,Emmahaven,HN,1
ACC000246,2026-09-14 20:45:15,Lake Bryan,CM,0
ACC002489,2026-09-14 20:45:16,Mccoyside,ZW,0
ACC001671,2026-09-14 20:45:16,Bondberg,SK,0
ACC003478,2026-09-14 20:45:17,West Jessicachester,ZA,0
ACC000782,2026-09-14 20:45:17,Port Michelle,KG,0
ACC001726,2026-09-14 20:45:17,Lake Laura,KN,0
ACC003380,2026-09-14 20:45:18,West Margaretstad,KP,0
ACC004207,2026-09-14 20:45:19,Martinborough,SO,0
ACC001533,2026-09-14 20:45:19,New Deannamouth,GR,1
ACC002759,2026-09-14 20:45:20,Johnsonchester,BZ,0
ACC004654,2026-09-14 20:45:20,Kaylaland,AO,0
ACC000928,2026-09-14 20:45:21,Carlaland,AU,0
ACC004973,2026-09-14 20:45:21,Lake Michelle,CN,0
ACC001541,2026-09-14 20:45:21,Stoneburgh,UY,0
ACC001742,2026-09-14 20:45:21,Bennettton,ST,0
ACC002316,2026-09-14 20:45:21,Gomezview,OM,0
ACC000709,2026-09-14 20:45:22,Moranview,GD,0
ACC001515,2026-09-14 20:45:22,Weaverland,HT,0
ACC002830,2026-09-14 20:45:22,Davidport,AG,0
ACC000305,2026-09-14 20:45:22,Jamesmouth,BB,0
ACC004419,2026-09-14 20:45:23,East Tiffanyborough,BB,1
ACC000405,2026-09-14 20:45:23,East Williamborough,KI,1
ACC003668,2026-09-14 20:45:23,Susanbury,TH,0
ACC003184,2026-09-14 20:45:23,Port Eric,GE,0
ACC002717,2026-09-14 20:45:23,Perezmouth,JP,0
ACC004600,2026-09-14 20:45:24,East Linda,MT,0
ACC004594,2026-09-14 20:45:24,Butlerside,GW,1
ACC001896,2026-09-14 20:45:24,New Chad,CG,1
ACC000944,2026-09-14 20:45:24,North Matthewtown,EC,0
ACC004560,2026-09-14 20:45:24,East Jason,BB,0
ACC001793,2026-09-14 20:45:24,South Tyler,NE,0
ACC004239,2026-09-14 20:45:24,Acevedochester,SD,0
ACC000220,2026-09-14 20:45:25,South Karenborough,VA,0
ACC002454,2026-09-14 20:45:25,Parkstown,KH,0
ACC004843,2026-09-14 20:45:25,Susanbury,MX,0
ACC004199,2026-09-14 20:45:25,South Megan,HR,0
ACC001310,2026-09-14 20:45:25,West Alexandraville,MK,0
ACC000698,2026-09-14 20:45:26,New Keith,UZ,0
ACC004082,2026-09-14 20:45:26,South Josephberg,PK,0
ACC000416,2026-09-14 20:45:26,Michaelport,LU,0
ACC000392,2026-09-14 20:45:26,West Katiestad,GH,0
ACC001038,2026-09-14 20:45:26,Kevinside,HU,1
ACC000176,2026-09-14 20:45:26,Lisaview,AF,0
ACC004802,2026-09-14 20:45:27,Emilytown,FM,0
ACC003694,2026-09-14 20:45:27,Stefaniehaven,PE,0
ACC004306,2026-09-14 20:45:28,Lake Brianville,SC,0
ACC000219,2026-09-14 20:45:28,Lake Brittany,BY,0
ACC001369,2026-09-14 20:45:29,New Alexanderberg,MK,0
ACC001109,2026-09-14 20:45:29,Port Amandaview,NZ,0
ACC003217,2026-09-14 20:45:29,West Ryan,VN,0
ACC004927,2026-09-14 20:45:29,Matthewsshire,VA,0
ACC004613,2026-09-14 20:45:29,Batesland,NA,0
ACC000605,2026-09-14 20:45:29,Grahamtown,RO,0
ACC004933,2026-09-14 20:45:30,Morganberg,NZ,0
ACC004821,2026-09-14 20:45:30,Conniemouth,IN,0
ACC004718,2026-09-14 20:45:30,New Patriciaport,SZ,0
ACC001030,2026-09-14 20:45:30,Mitchellborough,SG,0
ACC004403,2026-09-14 20:45:31,Port Kyleside,GT,0
ACC003661,2026-09-14 20:45:31,South Angela,TV,1
ACC003453,2026-09-14 20:45:31,Port Grant,CN,0
ACC002642,2026-09-14 20:45:31,Joannastad,AE,0
ACC004465,2026-09-14 20:45:32,North Michael,MW,0
ACC003941,2026-09-14 20:45:33,North Jerryville,MR,0
ACC000492,2026-09-14 20:45:33,Davidtown,MN,1
ACC000084,2026-09-14 20:45:33,East Lonnie,TW,1
ACC003855,2026-09-14 20:45:33,East Leslie,RW,0
ACC002288,2026-09-14 20:45:33,Shannonville,IS,0
ACC002516,2026-09-14 20:45:34,East Colleenbury,NI,0
ACC004199,2026-09-14 20:45:34,Jenniferland,GN,0
ACC003586,2026-09-14 20:45:34,Lake Karen,DK,0
ACC001584,2026-09-14 20:45:34,Tracychester,GN,1
ACC000908,2026-09-14 20:45:34,Lake Danielton,AZ,0
ACC000697,2026-09-14 20:45:34,South Jennifer,PG,0
ACC002193,2026-09-14 20:45:34,West Danielleborough,KR,0
ACC004820,2026-09-14 20:45:34,Jenniferland,VU,0
ACC004825,2026-09-14 20:45:34,Taylorburgh,LY,1
ACC004376,2026-09-14 20:45:34,Austinfort,TO,0
ACC004706,2026-09-14 20:45:35,Elizabethborough,MW,1
ACC004224,2026-09-14 20:45:35,Aguilarshire,LU,0
ACC001923,2026-09-14 20:45:35,Port Emilymouth,LI,0
ACC001406,2026-09-14 20:45:37,Greermouth,FM,0
ACC001266,2026-09-14 20:45:38,South Emily,GN,0
ACC000048,2026-09-14 20:45:38,Frostland,SK,0
ACC001292,2026-09-14 20:45:38,Brianhaven,RS,0
ACC003197,2026-09-14 20:45:38,Edwardshaven,BF,0
ACC004419,2026-09-14 20:45:38,Ritaborough,ME,0
ACC000694,2026-09-14 20:45:39,Jimmystad,YE,0
ACC000700,2026-09-14 20:45:40,Spearsville,CY,0
ACC004386,2026-09-14 20:45:40,Hernandeztown,AZ,0
ACC001537,2026-09-14 20:45:41,Justinberg,DM,0
ACC004356,2026-09-14 20:45:41,Lake Elizabethstad,MH,1
ACC001185,2026-09-14 20:45:41,Codytown,MD,0
ACC003974,2026-09-14 20:45:42,East Patricia,LT,0
ACC004265,2026-09-14 20:45:42,New Cameronmouth,BJ,0
ACC004493,2026-09-14 20:45:42,Donnaland,ZW,0
ACC000951,2026-09-14 20:45:42,Lake Chelseyton,SE,0
ACC001718,2026-09-14 20:45:42,Lake Vanessafort,IT,0
ACC004626,2026-09-14 20:45:43,West Nancyville,BR,0
ACC002601,2026-09-14 20:45:43,Grayton,AG,0
ACC004348,2026-09-14 20:45:43,Garrettport,OM,1
ACC003083,2026-09-14 20:45:43,Hannahburgh,AD,0
ACC004591,2026-09-14 20:45:43,Lake Veronicashire,BN,0
ACC001393,2026-09-14 20:45:44,Lake Ericaville,AD,0
ACC004834,2026-09-14 20:45:44,Lake Donnabury,PY,0
ACC004519,2026-09-14 20:45:44,South Kimberly,BA,0
ACC000874,2026-09-14 20:45:44,Port Angelatown,UY,0
ACC003250,2026-09-14 20:45:45,South Josephland,NA,1
ACC002811,2026-09-14 20:45:45,Hicksland,US,0
ACC003125,2026-09-14 20:45:45,Lake Anna,MT,0
ACC003690,2026-09-14 20:45:45,Burtonville,MV,0
ACC004069,2026-09-14 20:45:46,Brandonfurt,SR,0
ACC001134,2026-09-14 20:45:46,South Deniseshire,JM,1
ACC003419,2026-09-14 20:45:46,Douglasberg,AT,0
ACC002893,2026-09-14 20:45:46,Port Davidview,DE,0
ACC001009,2026-09-14 20:45:46,Mackton,GY,0
ACC002360,2026-09-14 20:45:47,Port Jamesport,PE,0
ACC001263,2026-09-14 20:45:47,South Zacharyfort,FI,0
ACC000892,2026-09-14 20:45:47,South Nicole,QA,0
ACC003842,2026-09-14 20:45:47,Joshuaton,GT,0
ACC001396,2026-09-14 20:45:47,Sanchezton,AO,0
ACC000022,2026-09-14 20:45:47,North Amandahaven,SR,0
ACC002814,2026-09-14 20:45:47,West Jamie,BE,0
ACC000486,2026-09-14 20:45:48,Adrianchester,VC,0
ACC003889,2026-09-14 20:45:48,Catherineport,VU,0
ACC000711,2026-09-14 20:45:48,Brendanport,GH,1
ACC000462,2026-09-14 20:45:49,Francesstad,TL,0
ACC004402,2026-09-14 20:45:49,Gonzalezchester,CH,0
ACC000988,2026-09-14 20:45:49,Petersborough,CA,0
ACC003112,2026-09-14 20:45:49,Patricialand,LK,0
ACC001119,2026-09-14 20:45:49,North Brentfort,CN,1
ACC004514,2026-09-14 20:45:50,Port Maria,HN,0
ACC001426,2026-09-14 20:45:50,Lindaberg,TW,0
ACC000440,2026-09-14 20:45:50,Port Franklinton,CH,0
ACC001195,2026-09-14 20:45:50,Francisberg,GA,0
ACC003510,2026-09-14 20:45:50,New Vincentchester,GD,0
ACC001160,2026-09-14 20:45:51,Bradleyhaven,LI,0
ACC002827,2026-09-14 20:45:51,Johnmouth,FJ,0
ACC003997,2026-09-14 20:45:52,East Erikaburgh,CA,0
ACC000940,2026-09-14 20:45:52,West Kelly,PA,0
ACC000826,2026-09-14 20:45:52,Sandersberg,KM,1
ACC002306,2026-09-14 20:45:53,Port Jordanstad,KI,0
ACC003043,2026-09-14 20:45:53,Stephensonmouth,DE,0
ACC002018,2026-09-14 20:45:54,Tiffanyville,CU,1
ACC004780,2026-09-14 20:45:54,West Jeff,KH,0
ACC000608,2026-09-14 20:45:55,West Stephanie,MM,0
ACC000853,2026-09-14 20:45:55,Andrewburgh,TJ,0
ACC001298,2026-09-14 20:45:55,Port Melissa,BS,0
ACC000643,2026-09-14 20:45:55,Brandonton,GN,0
ACC003448,2026-09-14 20:45:55,West Joel,MT,0
ACC004126,2026-09-14 20:45:56,Ryanton,BE,0
ACC001404,2026-09-14 20:45:56,New Kimberlyview,CF,0
ACC002809,2026-09-14 20:45:56,Andrewhaven,GQ,0
ACC003055,2026-09-14 20:45:57,Markfurt,PL,0
ACC000256,2026-09-14 20:45:57,South Kevin,KE,0
ACC002184,2026-09-14 20:45:57,South Joshua,VE,0
ACC002446,2026-09-14 20:45:58,New Willie,BO,0
ACC004455,2026-09-14 20:45:58,Mcgeefort,EC,0
ACC000278,2026-09-14 20:45:59,New Danielstad,HR,0
ACC001088,2026-09-14 20:45:59,Lake Madisonstad,IS,0
ACC002313,2026-09-14 20:45:59,East Veronicashire,MD,0
ACC001547,2026-09-14 20:46:00,South Johnport,NA,0
ACC001666,2026-09-14 21:39:59,Port Yvonnefurt,PH,0
ACC002242,2026-09-14 21:39:59,Bryantchester,TL,0
ACC001958,2026-09-14 21:40:00,West Bryan,BS,0
ACC004098,2026-09-14 21:40:01,Youngmouth,IS,0
ACC001088,2026-09-14 21:40:01,West Christopherbury,EE,0
ACC002831,2026-09-14 21:40:01,East Jessefort,NP,0
ACC002320,2026-09-14 21:40:01,Carriefurt,LC,0
ACC001598,2026-09-14 21:40:01,West Dylan,ZA,0
ACC004539,2026-09-14 21:40:02,Port Gina,CH,0
ACC000766,2026-09-14 21:40:02,Stevenchester,MV,0
ACC001016,2026-09-14 21:40:03,West Denisetown,TL,0
ACC004688,2026-09-14 21:40:03,East Kathleenmouth,IN,1
ACC002191,2026-09-14 21:40:03,Lake Aaronchester,LC,0
ACC004823,2026-09-14 21:40:04,North Lauraburgh,DO,0
ACC000074,2026-09-14 21:40:04,East Kristyshire,JM,1
ACC000488,2026-09-14 21:40:05,Port Randallmouth,GD,0
ACC001324,2026-09-14 21:40:05,West Angelaberg,YE,0
ACC002686,2026-09-14 21:40:06,Robertschester,IQ,0
ACC004491,2026-09-14 21:40:06,Brandyton,ZW,0
ACC004018,2026-09-14 21:40:07,North Nicholas,MW,0
ACC001935,2026-09-14 21:40:07,South Carmen,ES,0
ACC004099,2026-09-14 21:40:07,Port Stephen,DJ,0
ACC003404,2026-09-14 21:40:07,West Robertchester,FM,0
ACC003473,2026-09-14 21:40:07,Bryanburgh,MY,0
ACC004764,2026-09-14 21:40:08,West Spencerborough,ER,0
ACC000647,2026-09-14 21:40:08,North William,ES,0
ACC004031,2026-09-14 21:40:08,New Jennifermouth,AG,0
ACC000411,2026-09-14 21:40:08,Connieshire,FI,0
ACC001565,2026-09-14 21:40:09,Lake Dwayneview,NG,0
ACC001175,2026-09-14 21:40:09,Turnertown,NL,0
ACC001922,2026-09-14 21:40:09,Michaelshire,LC,0
ACC004473,2026-09-14 21:40:09,Burnsbury,JM,0
ACC004873,2026-09-14 21:40:09,Mirandafurt,ET,1
ACC004194,2026-09-14 21:40:10,East Amandaberg,MK,0
ACC002244,2026-09-14 21:40:10,Micheleview,CG,0
ACC003264,2026-09-14 21:40:11,North Sherry,VA,0
ACC004311,2026-09-14 21:40:13,South Christopher,BJ,0
ACC003941,2026-09-14 21:40:14,South John,SM,0
ACC003163,2026-09-14 21:40:14,Diazfort,AF,0
ACC001931,2026-09-14 21:40:14,Joshuaton,EG,0
ACC004063,2026-09-14 21:40:15,Lake John,IQ,0
ACC000062,2026-09-14 21:40:15,Kaneborough,TN,0
ACC002762,2026-09-14 21:40:15,Vargasstad,BN,0
ACC000949,2026-09-14 21:40:16,Michelleshire,ES,0
ACC000256,2026-09-14 21:40:16,Bryanberg,AL,0
ACC000512,2026-09-14 21:40:16,Port Benjamin,SY,0
ACC001830,2026-09-14 21:40:16,Charlesborough,LB,0
ACC001900,2026-09-14 21:40:16,Myersmouth,UG,0
ACC002233,2026-09-14 21:40:17,Kingborough,NL,1
ACC003100,2026-09-14 21:40:17,Nicolechester,AM,0
ACC000076,2026-09-14 21:40:18,Shaneport,ME,0
ACC000004,2026-09-14 21:40:18,Lake Monica,CN,0
ACC004308,2026-09-14 21:40:18,New Carl,FR,0
ACC000284,2026-09-14 21:40:19,New Hollyland,SR,0
ACC000297,2026-09-14 21:40:19,New Erin,MR,0
ACC001486,2026-09-14 21:40:19,South Courtneyhaven,CL,0
ACC001762,2026-09-14 21:40:19,Chaseside,MN,0
ACC003625,2026-09-14 21:40:20,Lake Michael,GW,0
ACC000078,2026-09-14 21:40:20,Leetown,ZM,0
ACC002762,2026-09-14 21:40:20,Smithview,NL,0
ACC001403,2026-09-14 21:40:20,Rodriguezfort,PW,0
ACC001935,2026-09-14 21:40:20,West Paulshire,GN,0
ACC000006,2026-09-14 21:40:20,West Andrew,BY,0
ACC003456,2026-09-14 21:40:21,Jaclynfort,MU,0
ACC003608,2026-09-14 21:40:21,Michaelfort,IS,0
ACC002606,2026-09-14 21:40:21,Caseyport,NP,0
ACC002018,2026-09-14 21:40:21,Lake Steven,AR,0
ACC003070,2026-09-14 21:40:21,Dixonbury,AL,0
ACC002838,2026-09-14 21:40:21,Whitehaven,MY,0
ACC003612,2026-09-14 21:40:22,Michaelshire,SO,0
ACC002931,2026-09-14 21:40:22,Sarahfort,KR,0
ACC003421,2026-09-14 21:40:22,East Ericmouth,NE,0
ACC002679,2026-09-14 21:40:22,Wallside,NE,0
ACC001160,2026-09-14 21:40:22,New Jennifer,LI,0
ACC003940,2026-09-14 21:40:22,North Leslie,TM,0
ACC004098,2026-09-14 21:40:23,Armstrongfort,KW,0
ACC000419,2026-09-14 21:40:23,North Samuelstad,FI,0
ACC000761,2026-09-14 21:40:23,Karenville,UZ,0
ACC000331,2026-09-14 21:40:24,Thorntonton,ZW,0
ACC002556,2026-09-14 21:40:24,Port Donnamouth,SM,0
ACC002484,2026-09-14 21:40:24,Reillyland,PW,0
ACC004974,2026-09-14 21:40:25,East Amy,TR,0
ACC004099,2026-09-14 21:40:25,Leslieland,PS,1
ACC004640,2026-09-14 21:40:26,North Jeffrey,TG,0
ACC002015,2026-09-14 21:40:26,Lake Michellemouth,EG,1
ACC001355,2026-09-14 21:40:26,South Carl,KR,0
ACC001537,2026-09-14 21:40:27,Kevinville,CG,0
ACC000761,2026-09-14 21:40:27,Lake Jose,PG,0
ACC004532,2026-09-14 21:40:27,Sarahhaven,LI,0
ACC002741,2026-09-14 21:40:27,Joelstad,FI,0
ACC001548,2026-09-14 21:40:27,West Micheal,EG,0
ACC003254,2026-09-14 21:40:28,Jensenbury,PE,1
ACC001024,2026-09-14 21:40:28,Darrenburgh,AG,0
ACC000988,2026-09-14 21:40:28,Clarkborough,QA,0
ACC004772,2026-09-14 21:40:29,Kennethfurt,CN,0
ACC000402,2026-09-14 21:40:29,West Raymondborough,IE,0
ACC000334,2026-09-14 21:40:29,Mariahfurt,HT,0
ACC002214,2026-09-14 21:40:29,Kevinport,TN,0
ACC003524,2026-09-14 21:40:29,North Dominique,BS,0
ACC003039,2026-09-14 21:40:29,Scotthaven,SA,0
ACC000290,2026-09-14 21:40:30,Jeffreymouth,UY,0
ACC000962,2026-09-14 21:40:30,Frankmouth,EC,0
ACC003438,2026-09-14 21:40:30,Riveramouth,LB,0
ACC003498,2026-09-14 21:40:31,Allenchester,AR,1
ACC004495,2026-09-14 21:40:32,West Jeanne,GE,0
ACC000220,2026-09-14 21:40:33,Chanshire,PY,0
ACC001993,2026-09-14 21:40:33,Cristianside,MV,0
ACC001430,2026-09-14 21:40:33,Port Aimee,IQ,1
ACC002914,2026-09-14 21:40:33,Michelleland,KP,0
ACC003719,2026-09-14 21:40:34,Dawsonview,GE,0
ACC000492,2026-09-14 21:40:34,Shaffershire,TZ,0
ACC004372,2026-09-14 21:40:34,Archerstad,GH,0
ACC001054,2026-09-14 21:40:35,South Coleville,GR,1
ACC000835,2026-09-14 21:40:35,West Williamberg,SG,0
ACC001671,2026-09-14 21:40:35,Sharonburgh,VU,0
ACC004792,2026-09-14 21:40:35,South Lisahaven,MA,0
ACC003509,2026-09-14 21:40:36,Bairdbury,DJ,0
ACC002883,2026-09-14 21:40:36,Morganfurt,US,0
ACC001164,2026-09-14 21:40:37,Richardfort,FJ,1
ACC000595,2026-09-14 21:40:37,Danielton,PH,1
ACC004549,2026-09-14 21:40:37,Port Ryan,MW,0
ACC001736,2026-09-14 21:40:37,Ortizmouth,KI,1
ACC003141,2026-09-14 21:40:37,Wandaburgh,CV,0
ACC000189,2026-09-14 21:40:37,West Jennifermouth,HR,0
ACC000024,2026-09-14 21:40:38,South Richard,DO,0
ACC004167,2026-09-14 21:40:38,North Sarahshire,PL,0
ACC001127,2026-09-14 21:40:38,Heatherville,BI,1
ACC001838,2026-09-14 21:40:38,Port John,EE,1
ACC003374,2026-09-14 21:40:38,East Keith,IN,0
ACC004982,2026-09-14 21:40:39,Port Reneeland,GQ,0
ACC004137,2026-09-14 21:40:39,East Devinview,CA,0
ACC003483,2026-09-14 21:40:39,Anthonyton,NG,0
ACC000912,2026-09-14 21:40:39,Brendastad,NL,0
ACC002979,2026-09-14 21:40:40,North Amandaville,GN,0
ACC002825,2026-09-14 21:40:40,Port Donna,GW,0
ACC003533,2026-09-14 21:40:40,North Coryview,LT,0
ACC004275,2026-09-14 21:40:40,Contreraston,BR,0
ACC001018,2026-09-14 21:40:40,Barryview,CR,0
ACC002901,2026-09-14 21:40:40,South Ginaland,GM,0
ACC000132,2026-09-14 21:40:41,Davidfurt,BG,0
ACC001953,2026-09-14 21:40:41,Elizabethville,DM,0
ACC003059,2026-09-14 21:40:42,Carlsonmouth,MR,0
ACC004780,2026-09-14 21:40:42,Angelaburgh,DE,0
ACC002718,2026-09-14 21:40:42,Mcclainside,MH,0
ACC003495,2026-09-14 21:40:42,East Linda,BN,0
ACC004812,2026-09-14 21:40:43,Port Barbaraside,IE,0
ACC000587,2026-09-14 21:40:43,Joseside,AU,0
ACC002585,2026-09-14 21:40:44,North Garyville,BG,0
ACC001536,2026-09-14 21:40:45,New Jeremybury,SE,0
ACC002436,2026-09-14 21:40:45,Sarahborough,VC,0
ACC001021,2026-09-14 21:40:45,East Thomasside,SI,0
ACC000376,2026-09-14 21:40:45,East Gina,FR,0
ACC003236,2026-09-14 21:40:45,Tomton,KP,0
ACC002168,2026-09-14 21:40:46,South Franciscoside,DM,1
ACC002814,2026-09-14 21:40:47,Lake Julianberg,ME,1
ACC000583,2026-09-14 21:40:47,South Cassieport,SA,0
ACC000546,2026-09-14 21:40:48,West Patrick,GR,0
ACC000538,2026-09-14 21:40:48,Lake Donnaburgh,VE,0
ACC003421,2026-09-14 21:40:48,South Karen,CV,0
ACC001440,2026-09-14 21:40:48,Paulmouth,FM,0
ACC002432,2026-09-14 21:40:49,Tracymouth,ST,0
ACC001262,2026-09-14 21:40:50,Morganbury,FR,0
ACC000804,2026-09-14 21:40:50,Joneston,IE,1
ACC000920,2026-09-14 21:40:50,New Claudia,PT,0
ACC000816,2026-09-14 21:40:50,Chelseaton,MW,0
ACC004091,2026-09-14 21:40:50,Keithton,KP,0
ACC001077,2026-09-14 21:40:50,North Andrew,CA,0
ACC000404,2026-09-14 21:40:51,Dillonfurt,RW,0
ACC000445,2026-09-14 21:40:51,South Brandi,SC,0
ACC000286,2026-09-14 21:40:52,South Ricardotown,MK,0
ACC001623,2026-09-14 21:40:52,South Karla,NR,0
ACC002922,2026-09-14 21:40:52,Lake Jessica,SD,0
ACC003031,2026-09-14 21:40:52,East Samuelborough,SC,0
ACC000400,2026-09-14 21:40:52,Larsonside,BT,0
ACC001862,2026-09-14 21:40:53,Tracyhaven,BN,0
ACC002521,2026-09-14 21:40:54,East Timothy,CU,0
ACC001929,2026-09-14 21:40:55,Carlychester,AO,0
ACC003958,2026-09-14 21:40:55,South Kirk,SV,0
ACC002418,2026-09-14 21:40:55,West Ronaldfort,SL,0
ACC000807,2026-09-14 21:40:56,East Victorchester,KP,0
ACC002321,2026-09-14 21:40:56,Foxmouth,GN,0
ACC003833,2026-09-14 21:40:56,Port Emily,KP,1
ACC001288,2026-09-14 21:40:57,Lake Kevinmouth,MU,0
ACC003173,2026-09-14 21:40:58,Fletcherfurt,BH,0
ACC003929,2026-09-14 21:40:58,Robinsonstad,CD,0
ACC000015,2026-09-14 21:40:58,Harmonchester,IT,0
ACC004723,2026-09-14 21:40:58,South Amyburgh,GE,0
ACC004212,2026-09-14 21:40:58,Paulamouth,CZ,0
ACC003498,2026-09-14 21:40:58,Molinachester,ME,0
ACC004309,2026-09-14 21:40:58,Molinaborough,BB,0
ACC001200,2026-09-14 21:40:58,North Garyfurt,PY,0
ACC000107,2026-09-14 21:40:58,Williamborough,PL,0
ACC001019,2026-09-14 21:40:59,Paulabury,SB,0
ACC004138,2026-09-14 21:40:59,Sherylland,NL,1
ACC002142,2026-09-14 21:41:00,North Melissa,MM,0
ACC000334,2026-09-14 21:41:00,Lake Donaldfort,CH,0
ACC000400,2026-09-14 21:41:00,North Peterburgh,GM,0
ACC003082,2026-09-14 21:41:01,North Jilltown,TG,1
ACC002263,2026-09-14 21:41:01,Sawyerstad,ET,0
ACC000034,2026-09-14 21:41:01,Collinbury,LU,0
ACC001789,2026-09-14 21:41:01,Port Joan,MV,1
ACC000091,2026-09-14 21:41:01,Hamiltonland,GB,0
ACC003082,2026-09-14 21:41:01,Nealland,KP,0
ACC002728,2026-09-14 21:41:01,South Joseside,TL,1
ACC004500,2026-09-14 21:41:02,South William,VN,0
ACC004879,2026-09-14 21:41:03,Port Shelby,MY,0
ACC000702,2026-09-14 21:41:04,Trevorton,DJ,0
ACC004441,2026-09-14 21:41:04,Susanville,CA,0
ACC001515,2026-09-14 21:41:04,Stephenshire,SN,0
ACC002591,2026-09-14 21:41:05,New Cynthia,LS,0
ACC000115,2026-09-14 21:41:05,Davidburgh,CA,0
ACC004737,2026-09-14 21:41:06,Christopherchester,EC,0
ACC002218,2026-09-14 21:41:06,West Michaelfurt,PT,1
ACC003917,2026-09-14 21:41:06,Port Christophermouth,BR,0
ACC000263,2026-09-14 21:41:07,Tracyville,CG,0
ACC002611,2026-09-14 21:41:07,Lake Robert,CA,0
ACC004125,2026-09-14 21:41:07,Port Dennis,LB,0
ACC003179,2026-09-14 21:41:07,East Jillian,CL,0
ACC000747,2026-09-14 21:41:07,Fosterberg,SR,0
ACC002088,2026-09-14 21:41:08,Olsonview,EG,0
ACC004202,2026-09-14 21:41:08,New Martha,VU,1
ACC004194,2026-09-14 21:41:09,New Matthew,TR,0
ACC004441,2026-09-14 21:41:10,South Jeremy,LT,0
ACC002924,2026-09-14 21:41:10,West Gordon,AU,0
ACC000414,2026-09-14 21:41:10,South Veronicafurt,SI,0
ACC001225,2026-09-14 21:41:11,Goodmanfort,GY,0
ACC004518,2026-09-14 21:41:11,Thompsonhaven,BS,0
ACC003167,2026-09-14 21:41:11,Nicholasmouth,KI,0
ACC000798,2026-09-14 21:41:11,Donnaburgh,HN,0
ACC004873,2026-09-14 21:41:11,Duranshire,GR,0
ACC001979,2026-09-14 21:41:12,Chaneystad,AO,0
ACC001972,2026-09-14 21:41:12,West Steven,SB,0
ACC000129,2026-09-14 21:41:12,Johnmouth,NG,0
ACC000785,2026-09-14 21:41:12,Port Jeffreystad,GN,0
ACC004804,2026-09-14 21:41:12,Hintontown,RS,0
ACC004557,2026-09-14 21:41:12,Joannaberg,VU,0
ACC001704,2026-09-14 21:41:12,Robertshire,NI,0
ACC004002,2026-09-14 21:41:13,Lake Tonya,LA,0
ACC003076,2026-09-14 21:41:13,Nielsenbury,VA,0
ACC004664,2026-09-14 21:41:13,Port Haley,GM,0
ACC001300,2026-09-14 21:41:13,Klineport,CN,0
ACC003422,2026-09-14 21:41:13,Schultzview,CR,0
ACC000135,2026-09-14 21:41:14,New Roberthaven,MV,0
ACC004469,2026-09-14 21:41:14,Tyroneside,FJ,1
ACC002190,2026-09-14 21:41:14,Markville,BJ,0
ACC004648,2026-09-14 21:41:15,Williamsfurt,TN,0
ACC002288,2026-09-14 21:41:15,Mannville,SB,1
ACC002774,2026-09-14 21:41:16,Kimberlyport,NL,0
ACC002286,2026-09-14 21:41:16,Daviesland,AL,0
ACC003751,2026-09-14 21:41:16,Woodstown,ME,0
ACC004187,2026-09-14 21:41:17,Prattton,KI,0
ACC000566,2026-09-14 21:41:17,North Sarah,ER,0
ACC004080,2026-09-14 21:41:17,Jackshire,MU,0
ACC001035,2026-09-14 21:41:17,Brianville,IR,0
ACC003509,2026-09-14 21:41:18,Delgadomouth,CM,0
ACC000538,2026-09-14 21:41:18,Bradleyland,LI,0
ACC001895,2026-09-14 21:41:18,Jessicachester,AT,0
ACC000104,2026-09-14 21:41:19,Jacksonview,JO,0
ACC001482,2026-09-14 21:41:19,Wadehaven,ZW,0
ACC001179,2026-09-14 21:41:19,Anthonyborough,MV,0
ACC004474,2026-09-14 21:41:19,New Laura,AG,0
ACC003941,2026-09-14 21:41:20,Colemanfurt,CH,0
ACC002879,2026-09-14 21:41:20,Lorimouth,BF,0
ACC000817,2026-09-14 21:41:21,New Benjamin,BD,0
ACC003032,2026-09-14 21:41:21,Phamchester,TR,0
ACC004723,2026-09-14 21:41:21,Port Christopherport,LK,0
ACC000271,2026-09-14 21:41:21,Scottshire,TM,0
ACC002166,2026-09-14 21:41:21,Mcfarlandfurt,CN,0
ACC000277,2026-09-14 21:41:22,West Andrea,NE,0
ACC000684,2026-09-14 21:41:22,North Michael,TL,0
ACC004158,2026-09-14 21:41:22,North Erikaport,NZ,0
ACC000177,2026-09-14 21:41:23,Keithhaven,SD,0
ACC000132,2026-09-14 21:41:23,New Debraport,JO,0
ACC001264,2026-09-14 21:41:23,West William,UG,0
ACC003989,2026-09-14 21:41:23,Burkeshire,BW,0
ACC003880,2026-09-14 21:41:23,Williamsonton,ZA,0
ACC000109,2026-09-14 21:41:24,Leemouth,GQ,0
ACC003444,2026-09-14 21:41:24,Tammyton,SB,0
ACC000028,2026-09-14 21:41:24,Melvinmouth,TT,0
ACC002900,2026-09-14 21:41:24,Davidstad,CA,0
ACC002266,2026-09-14 21:41:25,East Mary,KG,0
ACC003272,2026-09-14 21:41:25,Lake Eric,AG,0
ACC004834,2026-09-14 21:41:25,South Jamietown,MU,0
ACC000833,2026-09-14 21:41:26,Anthonyton,SC,1
ACC004759,2026-09-14 21:41:26,North Harryshire,PW,0
ACC001654,2026-09-14 21:41:26,Robertmouth,CZ,0
ACC004519,2026-09-14 21:41:26,South Ronaldstad,FR,0
ACC002668,2026-09-14 21:41:26,New Shari,NG,0
ACC000821,2026-09-14 21:41:26,South Brianville,TR,0
ACC003459,2026-09-14 21:41:26,Bryanberg,GM,0
ACC001425,2026-09-14 21:41:27,South Courtneystad,NP,1
ACC002898,2026-09-14 21:41:27,Grantland,MR,0
ACC003448,2026-09-14 21:41:27,South Gabriel,EG,0
ACC001619,2026-09-14 21:41:27,West Donald,GW,0
ACC000316,2026-09-14 21:41:27,Fostermouth,BB,0
ACC002465,2026-09-14 21:41:28,West William,LI,0
ACC004911,2026-09-14 21:41:28,Barberside,PH,0
ACC004736,2026-09-14 21:41:29,New Albertland,TD,0
ACC002507,2026-09-14 21:41:29,Stevenborough,VC,0
ACC002153,2026-09-14 21:41:29,Grahambury,AU,0
ACC003093,2026-09-14 21:41:29,Port Joshua,CH,0
ACC000354,2026-09-14 21:41:30,Nicoleview,IL,0
ACC000287,2026-09-14 21:41:30,South Amandafurt,LY,0
ACC002561,2026-09-14 21:41:32,Flemingmouth,HT,0
ACC001699,2026-09-14 21:41:32,Leahview,VU,0
ACC001470,2026-09-14 21:41:32,Port Sarah,MK,0
ACC001534,2026-09-14 21:41:33,Alexanderhaven,UA,1
ACC000243,2026-09-14 21:41:33,Laurafort,CD,0
ACC003169,2026-09-14 21:41:33,West Samuelport,GD,0
ACC003679,2026-09-14 21:41:34,North Garychester,TZ,0
ACC003423,2026-09-14 21:41:34,Port Dawn,ME,0
ACC004303,2026-09-14 21:41:34,East Scottville,FM,0
ACC003359,2026-09-14 21:41:34,West Christinehaven,SV,0
ACC001187,2026-09-14 21:41:34,Lake Amanda,AD,0
ACC003938,2026-09-14 21:41:35,South Cristiantown,NZ,0
ACC000516,2026-09-14 21:41:35,Clarkefurt,SZ,0
ACC001476,2026-09-14 21:41:35,Knightfurt,PY,0
ACC000224,2026-09-14 21:41:36,Hillburgh,CF,0
ACC002912,2026-09-14 21:41:36,Jasminechester,ST,0
ACC003303,2026-09-14 21:41:38,New Joshua,AE,0
ACC001593,2026-09-14 21:41:39,East Carlosside,OM,0
ACC004416,2026-09-14 21:41:39,Carpenterborough,CI,0
ACC001755,2026-09-14 21:41:39,Lake Aaron,LS,0
ACC002166,2026-09-14 21:41:39,New Shannon,MM,0
ACC003061,2026-09-14 21:41:39,Andersonbury,DO,0
ACC003140,2026-09-14 21:41:39,Robertfurt,BN,0
ACC002137,2026-09-14 21:41:39,New Samantha,AF,0
ACC003737,2026-09-14 21:41:39,Cooperland,ET,0
ACC003309,2026-09-14 21:41:40,New Christian,MY,0
ACC000873,2026-09-14 21:41:40,Thorntonview,KG,0
ACC003808,2026-09-14 21:41:40,Williamshire,TN,0
ACC004002,2026-09-14 21:41:40,North Elizabethshire,CI,0
ACC003649,2026-09-14 21:41:41,Martinview,DK,0
ACC002231,2026-09-14 21:41:41,North Tracy,VE,0
ACC004870,2026-09-14 21:41:41,Cynthiaberg,NO,0
ACC004632,2026-09-14 21:41:42,Andreabury,MW,0
ACC003314,2026-09-14 21:41:43,East Alexberg,MU,0
ACC004509,2026-09-14 21:41:43,New Gregory,ZA,0
ACC002710,2026-09-14 21:41:43,Frankside,ZW,0
ACC003223,2026-09-14 21:41:43,North Laura,GH,0
ACC002152,2026-09-14 21:41:44,South Jennifer,SG,0
ACC000253,2026-09-14 21:41:44,Kristiborough,BT,0
ACC002383,2026-09-14 21:41:44,East Christinaville,DZ,1
ACC003672,2026-09-14 21:41:45,Brianshire,CL,0
ACC000728,2026-09-14 21:41:45,Garytown,LB,1
ACC003624,2026-09-14 21:41:45,Raymondborough,UA,0
ACC002520,2026-09-14 21:41:46,East Suzannemouth,CM,0
ACC000673,2026-09-14 21:41:46,Laurashire,KE,0
ACC001362,2026-09-14 21:41:46,Ryanton,EE,1
ACC003223,2026-09-14 21:41:46,Lake Nicholasbury,UY,0
ACC003236,2026-09-14 21:41:47,West Jessicaland,GH,0
ACC003450,2026-09-14 21:41:47,Lake Kevin,AF,0
ACC004631,2026-09-14 21:41:47,Luisport,SK,0
ACC000506,2026-09-14 21:41:47,Alexanderland,JP,0
ACC004855,2026-09-14 21:41:47,West Alexanderburgh,UG,0
ACC003605,2026-09-14 21:41:47,South Anthony,BJ,1
ACC004137,2026-09-14 21:41:48,Matthewstad,MV,1
ACC002573,2026-09-14 21:41:48,South Saraberg,PG,0
ACC002001,2026-09-14 21:41:48,Lake Candicefurt,CL,0
ACC004224,2026-09-14 21:41:48,Matahaven,SC,0
ACC004361,2026-09-14 21:41:48,Lisaton,TZ,0
ACC000723,2026-09-14 21:41:48,New Kathrynport,BD,1
ACC002394,2026-09-14 21:41:48,West John,KE,0
ACC001330,2026-09-14 21:41:48,Guzmanview,BW,0
ACC003224,2026-09-14 21:41:49,Mcmahonton,UA,0
ACC004202,2026-09-14 21:41:49,Lake Scottstad,LR,0
ACC001492,2026-09-14 21:41:49,Jonesside,GW,0
ACC001537,2026-09-14 21:41:50,Lake William,TT,0
ACC003247,2026-09-14 21:41:50,Haroldton,CU,0
ACC004832,2026-09-14 21:41:51,New Megan,YE,0
ACC000696,2026-09-14 21:41:52,Lake Paul,MU,0
ACC003293,2026-09-14 21:41:52,East Kaitlinbury,GY,0
ACC001550,2026-09-14 21:41:52,Millerport,MY,0
ACC002362,2026-09-14 21:41:53,Lisabury,ZW,0
ACC002393,2026-09-14 21:41:53,Weaverville,MZ,0
ACC001441,2026-09-14 21:41:53,Thomasberg,NL,0
ACC004311,2026-09-14 21:41:53,New Anneville,MK,0
ACC003376,2026-09-14 21:41:53,Molinaview,PS,0
ACC001741,2026-09-14 21:41:54,Lake Kaitlyn,LS,0
ACC000755,2026-09-14 21:41:55,Garciaborough,JP,0
ACC000559,2026-09-14 21:41:55,Erinbury,MV,1
ACC001475,2026-09-14 21:41:56,North Amanda,DO,0
ACC003193,2026-09-14 21:41:56,North John,BO,0
ACC000177,2026-09-14 21:41:56,Lake Dale,AL,0
ACC004819,2026-09-14 21:41:58,New Evan,DM,0
ACC001516,2026-09-14 21:41:58,East Jenniferchester,NR,0
ACC002379,2026-09-14 21:41:59,Taylorfort,CM,0
ACC004839,2026-09-14 21:41:59,Port Teresa,FJ,0
ACC003207,2026-09-14 21:41:59,Amandaland,VN,0
ACC000883,2026-09-14 21:41:59,North Christinastad,CZ,0
ACC000085,2026-09-14 21:41:59,North Williamhaven,MH,1
ACC001440,2026-09-14 21:42:00,New Larryside,SG,0
ACC002631,2026-09-14 21:42:00,Cantuchester,UG,0
ACC004517,2026-09-14 21:42:00,Anthonystad,MD,0
ACC001196,2026-09-14 21:42:01,Dominguezfurt,IT,0
ACC004054,2026-09-14 21:42:01,East Joshua,BB,1
ACC000869,2026-09-14 21:42:01,East Andrew,PH,0
ACC002178,2026-09-14 21:42:02,North Edwardborough,RS,0
ACC003848,2026-09-14 21:42:02,New Jonathan,ZA,0
ACC002080,2026-09-14 21:42:03,South Charles,BY,1
ACC003724,2026-09-14 21:42:03,Fritzland,PG,0
ACC000001,2026-09-14 21:42:05,Port Ashleymouth,MN,1
ACC003852,2026-09-14 21:42:05,Danielview,GA,0
ACC001063,2026-09-14 21:42:06,North Maryside,RS,0
ACC002824,2026-09-14 21:42:06,East John,SV,0
ACC000656,2026-09-14 21:42:06,Kevinhaven,GN,1
ACC002576,2026-09-14 21:42:06,New Rickyborough,BH,0
ACC000536,2026-09-14 21:42:06,Port Larry,AD,0
ACC003374,2026-09-14 21:42:06,Marissamouth,VU,0
ACC002638,2026-09-14 21:42:07,Lake Jonathanmouth,CI,0
ACC003236,2026-09-14 21:42:07,Josephchester,SY,0
ACC002034,2026-09-14 21:42:07,Bassbury,DJ,0
ACC004887,2026-09-14 21:42:07,North Bethany,MD,0
ACC004743,2026-09-14 21:42:07,Brownville,QA,0
ACC001177,2026-09-14 21:42:07,North Sarah,PK,1
ACC002588,2026-09-14 21:42:08,East Karenview,CN,0
ACC003676,2026-09-14 21:42:08,Morganland,NO,0
ACC004548,2026-09-14 21:42:08,Maldonadoburgh,RW,0
ACC000344,2026-09-14 21:42:08,Carsonstad,MD,0
ACC002541,2026-09-14 21:42:09,Ryanberg,GB,1
ACC002934,2026-09-14 21:42:09,Johnsonfurt,HT,1
ACC004803,2026-09-14 21:42:09,Erinhaven,BF,0
ACC004792,2026-09-14 21:42:09,South Kennethville,SE,0
ACC002403,2026-09-14 21:42:10,Kimfurt,GN,0
ACC004147,2026-09-14 21:42:11,Matthewport,TZ,0
ACC000791,2026-09-14 21:42:11,Reedshire,DE,0
ACC003066,2026-09-14 21:42:11,Villaport,AE,0
ACC000476,2026-09-14 21:42:11,Cindyburgh,IE,0
ACC002674,2026-09-14 21:42:12,West Christopherview,CR,0
ACC002422,2026-09-14 21:42:12,Kathymouth,TR,0
ACC002381,2026-09-14 21:42:12,New Melanieton,AZ,1
ACC001090,2026-09-14 21:42:13,West Danielle,TM,0
ACC004926,2026-09-14 21:42:14,Simmonsborough,GD,1
ACC002988,2026-09-14 21:42:14,New Matthewhaven,LU,0
ACC002373,2026-09-14 21:42:14,West Alexandramouth,MY,0
ACC000842,2026-09-14 21:42:14,West Josephville,MH,0
ACC000161,2026-09-14 21:42:15,Sampsonmouth,MT,0
ACC002616,2026-09-14 21:42:16,Hannahton,HN,0
ACC000437,2026-09-14 21:42:16,Elliottborough,MN,0
ACC003745,2026-09-14 21:42:17,Josephville,GT,0
ACC004941,2026-09-14 21:42:17,Kathrynshire,SR,0
ACC002733,2026-09-14 21:42:17,East Mary,YE,1
ACC002139,2026-09-14 21:42:17,Port Caleb,AR,1
ACC003129,2026-09-14 21:42:17,Beckstad,TT,0
ACC001209,2026-09-14 21:42:18,New Walter,DJ,0
ACC001629,2026-09-14 21:42:19,Brownbury,TW,0
ACC004006,2026-09-14 21:42:19,Tinafurt,AG,0
ACC004707,2026-09-14 21:42:20,Lake Paula,BR,0
ACC004256,2026-09-14 21:42:20,Port Caitlinland,RO,0
ACC002971,2026-09-14 21:42:20,New Kara,CI,0
ACC001766,2026-09-14 21:42:20,New Allison,UY,0
ACC000807,2026-09-14 21:42:20,East Stacey,TG,0
ACC003339,2026-09-14 21:42:22,Gouldland,SO,0
ACC002972,2026-09-14 21:42:22,Heatherland,MY,0
ACC001132,2026-09-14 21:42:23,Lake Robertstad,GR,0
ACC003040,2026-09-14 21:42:23,West David,GA,0
ACC002467,2026-09-14 21:42:24,Port Steven,MM,0
ACC000331,2026-09-14 21:42:24,Noblemouth,HR,0
ACC000529,2026-09-14 21:42:24,Dianamouth,NR,0
ACC000883,2026-09-14 21:42:25,West Nancyhaven,ER,0
ACC000016,2026-09-14 21:42:26,West Alexander,MK,0
ACC000555,2026-09-14 21:42:27,Port Grace,CN,0
ACC002947,2026-09-14 21:42:27,West Janice,IS,0
ACC004167,2026-09-14 21:42:27,West Heatherborough,HR,0
ACC002201,2026-09-14 21:42:28,West Cathy,HN,1
ACC000255,2026-09-14 21:42:28,Derekside,MC,0
ACC003757,2026-09-14 21:42:29,Richardberg,NO,0
ACC001224,2026-09-14 21:42:30,Velezville,BR,0
ACC000441,2026-09-14 21:42:30,West Aaronfurt,MC,0
ACC000890,2026-09-14 21:42:30,West Lisa,DE,1
ACC002792,2026-09-14 21:42:31,Owensport,CZ,0
ACC004240,2026-09-14 21:42:31,Carolinemouth,JO,0
ACC003943,2026-09-14 21:42:32,New Jasminefurt,KM,0
ACC001254,2026-09-14 21:42:32,New Rebeccahaven,TD,0
ACC004155,2026-09-14 21:42:32,Port Barrymouth,TN,0
ACC004122,2026-09-14 21:42:32,Thompsonside,KH,0
ACC003100,2026-09-14 21:42:33,Sharonberg,ME,0
ACC000740,2026-09-14 21:42:33,East Josephside,LV,0
ACC003795,2026-09-14 21:42:33,New Hayley,JO,0
ACC000194,2026-09-14 21:42:34,New Lindafurt,LI,0
ACC000344,2026-09-14 21:42:34,South Haroldstad,SI,0
ACC000735,2026-09-14 21:42:35,Taylorbury,GA,0
ACC004345,2026-09-14 21:42:35,South Zacharytown,EG,0
ACC003469,2026-09-14 21:42:35,Blackburnport,TH,0
ACC002864,2026-09-14 21:42:35,Donaldchester,GQ,0
ACC004374,2026-09-14 21:42:35,Port Rhonda,LC,0
ACC003439,2026-09-14 21:42:35,South Shawnview,CV,1
ACC002068,2026-09-14 21:42:36,West Amandamouth,OM,0
ACC001344,2026-09-14 21:42:36,South Courtneytown,LK,0
ACC004432,2026-09-14 21:42:36,New Brittany,BW,0
ACC004425,2026-09-14 21:42:36,North Stevenberg,MR,0
ACC003654,2026-09-14 21:42:36,North Manuelbury,MK,0
ACC003164,2026-09-14 21:42:37,Jeanbury,PY,0
ACC002832,2026-09-14 21:42:37,East Jamesburgh,SR,1
ACC003921,2026-09-14 21:42:37,Ericashire,DE,1
ACC002005,2026-09-14 21:42:37,Greeneburgh,CI,0
ACC004385,2026-09-14 21:42:37,East Todd,LS,1
ACC004907,2026-09-14 21:42:38,North Eileen,BJ,0
ACC001176,2026-09-14 21:42:38,New Jenniferport,ES,0
ACC004060,2026-09-14 21:42:39,Lake David,KG,0
ACC003400,2026-09-14 21:42:39,Austinborough,GH,1
ACC002007,2026-09-14 21:42:39,Port Tammy,BT,0
ACC003112,2026-09-14 21:42:39,Nealport,CI,0
ACC004316,2026-09-14 21:42:39,East Kristyville,BB,0
ACC000026,2026-09-14 21:42:40,New Rickyberg,PK,0
ACC004331,2026-09-14 21:42:40,North Jonathan,SY,0
ACC001882,2026-09-14 21:42:41,South Michaelburgh,RO,0
ACC002395,2026-09-14 21:42:41,Taylorshire,SV,0
ACC004617,2026-09-14 21:42:41,Petersonborough,GW,0
ACC001998,2026-09-14 21:42:41,Davidland,SL,0
ACC001959,2026-09-14 21:42:41,Lake Nicholaschester,AL,0
ACC000970,2026-09-14 21:42:41,East Andrewtown,IN,0
ACC002803,2026-09-14 21:42:41,East Leslie,GB,0
ACC002228,2026-09-14 21:42:42,Nicholasstad,ME,0
ACC002002,2026-09-14 21:42:42,Robertmouth,LC,1
ACC002339,2026-09-14 21:42:42,Bryanside,GB,0
ACC001272,2026-09-14 21:42:42,Port Stacy,KR,0
ACC002912,2026-09-14 21:42:42,Lake Cody,GW,1
ACC004166,2026-09-14 21:42:42,East Javierhaven,CD,0
ACC000250,2026-09-14 21:42:42,North Laura,SY,0
ACC000386,2026-09-14 21:42:43,Meganside,SE,0
ACC001202,2026-09-14 21:42:44,South Amystad,MR,0
ACC001874,2026-09-14 21:42:44,Traceyfort,KI,0
ACC001866,2026-09-14 21:42:44,Lake Lisa,NE,0
ACC004410,2026-09-14 21:42:45,Port Brendaview,AT,0
ACC001986,2026-09-14 21:42:45,West Dennis,EC,0
ACC004807,2026-09-14 21:42:46,Brownburgh,DO,1
ACC002048,2026-09-14 21:42:46,Sherrymouth,RO,0
ACC000684,2026-09-14 21:42:46,Campbellshire,AT,0
ACC000859,2026-09-14 21:42:46,North Jason,BZ,0
ACC003468,2026-09-14 21:42:47,Cooperbury,TJ,0
ACC001740,2026-09-14 21:42:47,Mcdonaldville,TZ,1
ACC001755,2026-09-14 21:42:47,New Michaelhaven,GW,0
ACC000866,2026-09-14 21:42:48,Port Destinyland,HU,0
ACC003865,2026-09-14 21:42:48,Walkerstad,DO,0
ACC001157,2026-09-14 21:42:48,Port Josephfort,RO,0
ACC004566,2026-09-14 21:42:48,Sharonside,ES,0
ACC003723,2026-09-14 21:42:48,East Christopherton,GR,0
ACC002405,2026-09-14 21:42:48,North Erinville,ZW,0
ACC000016,2026-09-14 21:42:49,Johnsonhaven,UA,0
ACC002901,2026-09-14 21:42:49,East Terryburgh,NP,0
ACC004781,2026-09-14 21:42:49,Jonesview,LI,0
ACC004200,2026-09-14 21:42:50,Lake Ianstad,LI,0
ACC004254,2026-09-14 21:42:50,Levinemouth,CL,0
ACC003424,2026-09-14 21:42:50,New Sandraton,CZ,0
ACC000356,2026-09-14 21:42:50,Peterville,NZ,0
ACC000012,2026-09-14 21:42:50,Perezborough,AE,0
ACC004275,2026-09-14 21:42:50,West Andre,DM,0
ACC004924,2026-09-14 21:42:51,Joseland,KE,0
ACC004279,2026-09-14 21:42:51,West Joshua,ZM,0
ACC001171,2026-09-14 21:42:51,Brooksborough,BR,0
ACC004892,2026-09-14 21:42:51,Villaview,CF,0
ACC000016,2026-09-14 21:42:51,New Mary,PA,0
ACC003889,2026-09-14 21:42:51,East Jessica,CH,0
ACC001640,2026-09-14 21:42:52,Halestad,TG,0
ACC004627,2026-09-14 21:42:52,Johnburgh,OM,0
ACC002588,2026-09-14 21:42:52,Rebekahbury,LS,0
ACC000044,2026-09-14 21:42:52,Howardbury,BS,0
ACC000549,2026-09-14 21:42:52,East Rebecca,UA,0
ACC002875,2026-09-14 21:42:53,North Sarahhaven,LV,0
ACC003873,2026-09-14 21:42:53,Andersonview,FM,0
ACC003499,2026-09-14 21:42:53,West Antonioborough,AD,0
ACC001350,2026-09-14 21:42:54,Diazmouth,EG,1
ACC004114,2026-09-14 21:42:54,Rosalesfort,TL,0
ACC002211,2026-09-14 21:42:56,South Virginiaburgh,AD,0
ACC000001,2026-09-14 21:42:56,Williamborough,SV,0
ACC001941,2026-09-14 21:42:56,Port Jill,MY,0
ACC004734,2026-09-14 21:42:56,Charlesmouth,TO,0
ACC004015,2026-09-14 21:42:56,Christophertown,GQ,0
ACC000842,2026-09-14 21:42:57,Kimland,PL,0
ACC001935,2026-09-14 21:42:57,West Joseph,ZW,1
ACC001175,2026-09-14 21:42:58,Lake Darrell,KH,0
ACC002795,2026-09-14 21:42:58,West Mariaview,CG,0
ACC004398,2026-09-14 21:42:58,West Michael,JO,1
ACC004552,2026-09-14 21:42:58,Charlesmouth,TW,0
ACC002602,2026-09-14 21:42:58,Villashire,RW,0
ACC004521,2026-09-14 21:42:59,South Lindahaven,LU,1
ACC002869,2026-09-14 21:42:59,West Daniel,KG,0
ACC003574,2026-09-14 21:42:59,South Christine,CM,0
ACC001204,2026-09-14 21:42:59,Lake Amber,MG,0
ACC003048,2026-09-14 21:42:59,Paulabury,GB,0
ACC002142,2026-09-14 21:43:00,Moraland,KI,0
ACC002776,2026-09-14 21:43:00,South Kellyfurt,GD,0
ACC003443,2026-09-14 21:43:00,West Laura,HU,0
ACC001793,2026-09-14 21:43:00,Bennettport,RU,0
ACC002328,2026-09-14 21:43:00,Ayalafort,WS,0
ACC001863,2026-09-14 21:43:00,Tracyfurt,SM,1
ACC000675,2026-09-14 21:43:01,East Robert,TT,1
ACC002868,2026-09-14 21:43:01,Port Sarah,NG,0
ACC000622,2026-09-14 21:43:01,North Briantown,IT,0
ACC002671,2026-09-14 21:43:01,New Brian,TH,0
ACC001921,2026-09-14 21:43:01,West Hunterside,TN,0
ACC002460,2026-09-14 21:43:02,Port Justin,NG,0
ACC004424,2026-09-14 21:43:02,New Oscarshire,IR,1
ACC003471,2026-09-14 21:43:02,Jonesfurt,PS,0
ACC003399,2026-09-14 21:43:02,North Joshuaton,RS,0
ACC000893,2026-09-14 21:43:02,South Lisa,KE,0
ACC001282,2026-09-14 21:43:02,Lake Danaville,FM,0
ACC000588,2026-09-14 21:43:02,Anitaside,PE,0
ACC002825,2026-09-14 21:43:02,Lake Leslieville,TM,0
ACC000798,2026-09-14 21:43:03,Halebury,JM,0
ACC004377,2026-09-14 21:43:04,West Jessica,CD,0
ACC002216,2026-09-14 21:43:04,West Kellyville,LR,0
ACC003439,2026-09-14 21:43:05,Donnaborough,CD,0
ACC000935,2026-09-14 21:43:05,South Andreaburgh,FJ,0
ACC003056,2026-09-14 21:43:05,Robinsonborough,PA,0
ACC002866,2026-09-14 21:43:06,Lake Regina,SC,1
ACC003750,2026-09-14 21:43:07,Salazarton,BI,0
ACC004451,2026-09-14 21:43:07,Jenkinsland,CL,0
ACC004753,2026-09-14 21:43:08,Michaelborough,UZ,0
ACC001547,2026-09-14 21:43:08,Butlerville,IQ,0
ACC003159,2026-09-14 21:43:08,North Lisa,BO,0
ACC004558,2026-09-14 21:43:08,Michaelview,LY,0
ACC003320,2026-09-14 21:43:08,Frostside,SI,0
ACC000633,2026-09-14 21:43:09,Melissaton,CI,0
ACC003237,2026-09-14 21:43:09,Marcusland,ST,0
ACC003556,2026-09-14 21:43:09,Johnmouth,PS,1
ACC002725,2026-09-14 21:43:10,Lloydside,CA,0
ACC000833,2026-09-14 21:43:10,West Brianna,HN,0
ACC003740,2026-09-14 21:43:10,South Erika,UY,0
ACC004796,2026-09-14 21:43:10,New Elizabethshire,KG,0
ACC002568,2026-09-14 21:43:11,East Brandonbury,TM,0
ACC002812,2026-09-14 21:43:11,East Aaron,GW,1
ACC001852,2026-09-14 21:43:11,Lake Stephanietown,GN,0
ACC003335,2026-09-14 21:43:12,Charlesville,CM,0
ACC002675,2026-09-14 21:43:12,Pittmanbury,HN,0
ACC001506,2026-09-14 21:43:12,Shannonland,LT,0
ACC004727,2026-09-14 21:43:12,West Sonya,CN,0
ACC002410,2026-09-14 21:43:12,East Emily,RW,0
ACC004214,2026-09-14 21:43:13,Angelatown,VA,0
ACC001156,2026-09-14 21:43:13,Boyerfurt,EG,0
ACC000716,2026-09-14 21:43:13,North Anne,SI,0
ACC003622,2026-09-14 21:43:13,New Jasmine,GY,0
ACC001337,2026-09-14 21:43:14,North Jorge,PH,0
ACC000237,2026-09-14 21:43:14,Lake Andreamouth,JP,0
ACC000716,2026-09-14 21:43:14,Sotoshire,GE,0
ACC000340,2026-09-14 21:43:14,Mccarthyshire,MV,0
ACC000298,2026-09-14 21:43:16,Port Kellyshire,DJ,0
ACC003683,2026-09-14 21:43:16,Simmonsmouth,FI,0
ACC004708,2026-09-14 21:43:17,North Lisa,BR,0
ACC003675,2026-09-14 21:43:17,New Kathleen,AF,0
ACC002005,2026-09-14 21:43:17,South Johnstad,SR,0
ACC002438,2026-09-14 21:43:17,Port Donstad,MY,0
ACC003860,2026-09-14 21:43:17,Port Matthewfort,SO,0
ACC002423,2026-09-14 21:43:18,Campbellport,ES,0
ACC001586,2026-09-14 21:43:19,North Michelebury,TR,0
ACC004384,2026-09-14 21:43:19,West Brandi,CZ,0
ACC003170,2026-09-14 21:43:19,Port Brenda,SY,0
ACC002647,2026-09-14 21:43:19,New Sarah,PA,0
ACC002333,2026-09-14 21:43:20,New Erica,AE,0
ACC000142,2026-09-14 21:43:20,West Lisa,BT,0
ACC003027,2026-09-14 21:43:20,South Sarah,MV,0
ACC001806,2026-09-14 21:43:21,Acostaville,US,0
ACC001450,2026-09-14 21:43:22,Lake Anthony,VN,0
ACC002191,2026-09-14 21:43:22,New Cindyberg,GQ,1
ACC003856,2026-09-14 21:43:22,Davidstad,JO,0
ACC004955,2026-09-14 21:43:22,New Sandramouth,MD,0
ACC003965,2026-09-14 21:43:23,New Rebeccafort,NG,1
ACC000158,2026-09-14 21:43:23,Shellyberg,AR,0
ACC001869,2026-09-14 21:43:24,Victoriachester,ZW,1
ACC000502,2026-09-14 21:43:24,Port Hollyfurt,AZ,0
ACC000427,2026-09-14 21:43:24,Fordmouth,BZ,0
ACC001608,2026-09-14 21:43:25,East Richardfurt,KI,0
ACC003032,2026-09-14 21:43:25,Palmerville,GT,0
ACC003393,2026-09-14 21:43:25,Brettborough,PA,0
ACC000526,2026-09-14 21:43:25,New James,HN,0
ACC001754,2026-09-14 21:43:25,Howardville,SK,0
ACC001884,2026-09-14 21:43:25,North Amber,MW,1
ACC000361,2026-09-14 21:43:25,Amybury,LY,0
ACC000080,2026-09-14 21:43:25,New Frankbury,MG,0
ACC002773,2026-09-14 21:43:26,South Benjaminfort,CA,0
ACC003634,2026-09-14 21:43:26,Port Chadburgh,TR,0
ACC000325,2026-09-14 21:43:27,South Richard,TR,1
ACC000201,2026-09-14 21:43:28,South Alexstad,TL,0
ACC001158,2026-09-14 21:43:28,Charlesmouth,SZ,0
ACC004481,2026-09-14 21:43:28,Antoniotown,GQ,0
ACC001728,2026-09-14 21:43:29,West Roberthaven,AD,0
ACC001318,2026-09-14 21:43:29,Ramirezmouth,GH,0
ACC001677,2026-09-14 21:43:29,Bryanside,IE,0
ACC000192,2026-09-14 21:43:29,West Dawn,QA,1
ACC002774,2026-09-14 21:43:31,East Juanside,DK,0
ACC004681,2026-09-14 21:43:31,Hughesshire,CY,0
ACC002624,2026-09-14 21:43:31,North Justinstad,SI,0
ACC004358,2026-09-14 21:43:31,North Sue,MD,0
ACC004333,2026-09-14 21:43:32,Port Cody,SR,0
ACC002352,2026-09-14 21:43:32,North Stephenside,BZ,0
ACC003807,2026-09-14 21:43:32,Amyberg,UY,0
ACC000513,2026-09-14 21:43:32,Lake Carlview,CZ,0
ACC002677,2026-09-14 21:43:32,Port Alicia,DJ,0
ACC002868,2026-09-14 21:43:33,Levinefurt,BO,0
ACC004456,2026-09-14 21:43:33,East Rachael,GN,0
ACC004484,2026-09-14 21:43:33,South Wendyside,TO,1
ACC000412,2026-09-14 21:43:33,Kristentown,SG,0
ACC003901,2026-09-14 21:43:33,Hallshire,LA,0
ACC001274,2026-09-14 21:43:33,New Garyborough,ET,0
ACC004675,2026-09-14 21:43:34,Mckenziebury,CR,0
ACC004352,2026-09-14 21:43:34,Lake Tinamouth,MK,0
ACC001010,2026-09-14 21:43:34,Mosesville,GM,0
ACC000389,2026-09-14 21:43:34,South Colinstad,PY,1
ACC002825,2026-09-14 21:43:35,Hendrixville,BS,0
ACC004008,2026-09-14 21:43:36,Kimberlyburgh,BZ,0
ACC003971,2026-09-14 21:43:36,Whitneychester,RU,0
ACC001357,2026-09-14 21:43:36,Toniborough,CO,0
ACC000136,2026-09-14 21:43:36,Joelside,CV,0
ACC002991,2026-09-14 21:43:36,Taylorberg,KI,0
ACC004760,2026-09-14 21:43:36,Stevenside,TW,0
ACC003921,2026-09-14 21:43:37,Lake Joshua,KW,0
ACC003672,2026-09-14 21:43:37,Edwardtown,PW,0
ACC003561,2026-09-14 21:43:38,South Janicehaven,TJ,0
ACC000058,2026-09-14 21:43:38,Deannamouth,FM,1
ACC003918,2026-09-14 21:43:38,Shaffermouth,LA,0
ACC002530,2026-09-14 21:43:39,Hardinghaven,KP,0
ACC001651,2026-09-14 21:43:39,Johnsland,KM,0
ACC002542,2026-09-14 21:43:39,North Corey,CH,0
ACC003140,2026-09-14 21:43:39,Morganfort,ZW,0
ACC004899,2026-09-14 21:43:39,Lake Zachary,AG,0
ACC003603,2026-09-14 21:43:39,Santiagotown,CD,0
ACC002561,2026-09-14 21:43:40,Hartmanfurt,CL,1
ACC003017,2026-09-14 21:43:40,South Carolynland,IS,0
ACC004218,2026-09-14 21:43:40,Colinland,PA,0
ACC001560,2026-09-14 21:43:40,Albertton,LI,0
ACC002221,2026-09-14 21:43:40,Watkinsport,BT,0
ACC001785,2026-09-14 21:43:40,Christopherstad,TJ,0
ACC004332,2026-09-14 21:43:40,Kellyfort,BF,0
ACC004320,2026-09-14 21:43:41,Kevinberg,CI,0
ACC003972,2026-09-14 21:43:41,Gomezfurt,KG,0
ACC003474,2026-09-14 21:43:41,Bryantstad,MV,0
ACC000022,2026-09-14 21:43:41,Aarontown,VN,0
ACC002558,2026-09-14 21:43:41,Brayton,VC,0
ACC002392,2026-09-14 21:43:42,Michellehaven,SA,0
ACC004073,2026-09-14 21:43:42,North Thomasburgh,TJ,0
ACC000031,2026-09-14 21:43:42,Port Georgeville,ET,0
ACC001881,2026-09-14 21:43:42,West Philipburgh,AM,0
ACC001625,2026-09-14 21:43:42,Victoriaborough,EE,0
ACC004212,2026-09-14 21:43:42,Port Erichaven,SC,1
ACC000914,2026-09-14 21:43:42,Port Timtown,QA,0
ACC002722,2026-09-14 21:43:43,Lake Brian,HR,0
ACC004431,2026-09-14 21:43:43,Danielbury,GD,0
ACC002397,2026-09-14 21:43:43,New Emilyview,LR,0
ACC001779,2026-09-14 21:43:44,Johnsonchester,GB,0
ACC001552,2026-09-14 21:43:45,South Marc,UZ,0
ACC004337,2026-09-14 21:43:45,Stephanieberg,CO,0
ACC001965,2026-09-14 21:43:45,East Stephanie,TR,0
ACC002782,2026-09-14 21:43:45,North Heathertown,ZM,0
ACC004884,2026-09-14 21:43:46,Cortezfurt,ZW,1
ACC002577,2026-09-14 21:43:46,New Amy,NE,0
ACC004574,2026-09-14 21:43:46,Bryanshire,TL,0
ACC001257,2026-09-14 21:43:46,Hallshire,RS,0
ACC000598,2026-09-14 21:43:47,Suttonborough,PG,0
ACC001130,2026-09-14 21:43:47,Davischester,BN,0
ACC001574,2026-09-14 21:43:47,Craigbury,IT,0
ACC004303,2026-09-14 21:43:47,Suarezbury,TN,0
ACC002850,2026-09-14 21:43:48,East Robert,PK,1
ACC000255,2026-09-14 21:43:49,Newmanchester,RS,0
ACC000595,2026-09-14 21:43:49,Lake Jamesmouth,TR,0
ACC003932,2026-09-14 21:43:49,East Paula,SK,0
ACC004108,2026-09-14 21:43:49,Sanderstown,NZ,0
ACC004284,2026-09-14 21:43:50,South Dawnborough,KG,0
ACC001751,2026-09-14 21:43:50,North Karenfurt,PE,0
ACC001674,2026-09-14 21:43:50,Lake Robert,TG,0
ACC000927,2026-09-14 21:43:50,Lake Scott,CA,0
ACC004907,2026-09-14 21:43:50,New Tammytown,PH,0
ACC002455,2026-09-14 21:43:50,West Scottmouth,PT,0
ACC002395,2026-09-14 21:43:51,West Martha,ID,0
ACC003301,2026-09-14 21:43:51,Port Toddtown,FI,0
ACC002163,2026-09-14 21:43:51,Fowlerburgh,ZM,1
ACC000461,2026-09-14 21:43:51,Danafort,MU,1
ACC001680,2026-09-14 21:43:52,Tinachester,PK,0
ACC003767,2026-09-14 21:43:52,South Jamesbury,EC,0
ACC003641,2026-09-14 21:43:52,Markborough,DK,0
ACC000362,2026-09-14 21:43:54,Hillmouth,HT,0
ACC004654,2026-09-14 21:43:54,Port Jamesburgh,SO,0
ACC000444,2026-09-14 21:43:54,West Allisonchester,DE,0
ACC000026,2026-09-14 21:43:54,North Grace,BN,0
ACC003535,2026-09-14 21:43:54,Singletonton,AU,0
ACC001774,2026-09-14 21:43:55,Allenport,PL,0
ACC000970,2026-09-14 21:43:55,Lambertfurt,SY,0
ACC002564,2026-09-14 21:43:56,Scotttown,UG,0
ACC000476,2026-09-14 21:43:57,Mathiston,GN,0
ACC000176,2026-09-14 21:43:57,Walkershire,ME,0
ACC000471,2026-09-14 21:43:57,West Jerryburgh,TT,0
ACC004444,2026-09-14 21:43:57,Perezmouth,IS,0
ACC002346,2026-09-14 21:43:58,Michaelville,CY,1
ACC004521,2026-09-14 21:43:58,West Amy,RO,0
ACC002461,2026-09-14 21:43:58,Port Juanmouth,NG,0
ACC002248,2026-09-14 21:43:58,Kimberlyfurt,ML,0
ACC002580,2026-09-14 21:43:59,Chadborough,GQ,0
ACC002553,2026-09-14 21:43:59,West Sarah,US,0
ACC001921,2026-09-14 21:43:59,Phillipsbury,DE,0
ACC002529,2026-09-14 21:44:00,Danielside,IS,0
ACC001758,2026-09-14 21:44:00,Solishaven,PS,0
ACC002392,2026-09-14 21:44:00,West Ashley,AM,0
ACC004227,2026-09-14 21:44:01,Jaredmouth,BT,0
ACC004983,2026-09-14 21:44:01,Eatonhaven,AD,0
ACC003739,2026-09-14 21:44:02,Port Jacquelinehaven,CU,0
ACC002343,2026-09-14 21:44:02,Rickyport,CL,0
ACC003788,2026-09-14 21:44:02,East Christopher,DJ,0
ACC003350,2026-09-14 21:44:03,New Tiffanyberg,SE,0
ACC001936,2026-09-14 21:44:03,West Janiceburgh,TD,0
ACC004117,2026-09-14 21:44:03,Deborahfurt,GD,0
ACC004950,2026-09-14 21:44:03,South Jeremiah,CU,0
ACC004406,2026-09-14 21:44:03,Baileystad,AF,0
ACC003424,2026-09-14 21:44:03,Jenniferview,IN,0
ACC002519,2026-09-14 21:44:04,East Toddchester,IL,0
ACC003217,2026-09-14 21:44:05,Port David,LR,0
ACC000410,2026-09-14 21:44:05,Victorialand,IS,0
ACC003024,2026-09-14 21:44:05,Port Nicoletown,BZ,0
ACC001357,2026-09-14 21:44:05,Lake Saraland,HR,0
ACC001929,2026-09-14 21:44:06,South Peterville,GB,0
ACC001627,2026-09-14 21:44:06,Thomasshire,MN,0
ACC004521,2026-09-14 21:44:07,Stevensonland,TO,0
ACC002878,2026-09-14 21:44:07,Ryanmouth,VU,0
ACC002245,2026-09-14 21:44:07,New Kelly,MK,0
ACC001622,2026-09-14 21:44:07,West Michael,BE,0
ACC004627,2026-09-14 21:44:07,South Brittany,QA,0
ACC001884,2026-09-14 21:44:07,South Erikaville,NO,0
ACC002671,2026-09-14 21:44:08,New Maryborough,SL,0
ACC003671,2026-09-14 21:44:08,Steveshire,PA,0
ACC003900,2026-09-14 21:44:08,South Wayneborough,BT,0
ACC003368,2026-09-14 21:44:08,New Ashley,TJ,0
ACC000457,2026-09-14 21:44:08,North Brian,OM,0
ACC001587,2026-09-14 21:44:08,Alexismouth,TW,0
ACC001006,2026-09-14 21:44:08,Middletonburgh,TD,0
ACC004191,2026-09-14 21:44:08,Lake Stephanie,IR,0
ACC001570,2026-09-14 21:44:09,South Danastad,KN,0
ACC000304,2026-09-14 21:44:09,Kirkstad,CL,0
ACC002709,2026-09-14 21:44:09,Vasquezside,MU,0
ACC002722,2026-09-14 21:44:10,Lake Marieside,SC,0
ACC002197,2026-09-14 21:44:10,Gilmoreshire,MH,0
ACC004866,2026-09-14 21:44:10,Brownland,LK,0
ACC001790,2026-09-14 21:44:10,Lake Austin,VU,1
ACC004603,2026-09-14 21:44:11,New Paigeburgh,CA,0
ACC003286,2026-09-14 21:44:11,Port Robertobury,TW,0
ACC003392,2026-09-14 21:44:11,Reneefort,RS,0
ACC001318,2026-09-14 21:44:11,Port Samanthatown,UY,0
ACC004804,2026-09-14 21:44:11,Russellport,SV,1
ACC000601,2026-09-14 21:44:11,Lake Donna,FI,0
ACC004552,2026-09-14 21:44:12,Randyside,VE,0
ACC004312,2026-09-14 21:44:12,North Davidton,CF,0
ACC000659,2026-09-14 21:44:13,East Dawnborough,NG,0
ACC004078,2026-09-14 21:44:13,Rubenport,TO,0
ACC003250,2026-09-14 21:44:14,Nicolechester,BT,0
ACC004479,2026-09-14 21:44:14,Gonzalezstad,UA,0
ACC000081,2026-09-14 21:44:14,Millsfurt,MM,0
ACC003202,2026-09-14 21:44:14,Kimberlyview,GD,0
ACC000230,2026-09-14 21:44:14,Greenhaven,AE,0
ACC004416,2026-09-14 21:44:14,Johnhaven,BD,0
ACC004935,2026-09-14 21:44:15,East Riley,TZ,0
ACC001193,2026-09-14 21:44:15,Port Rebekahberg,QA,1
ACC003400,2026-09-14 21:44:15,South Suzannefurt,SM,0
ACC003415,2026-09-14 21:44:15,West Robertachester,US,0
ACC004714,2026-09-14 21:44:16,Quinnfurt,YE,0
ACC003356,2026-09-14 21:44:16,West Zachary,FJ,0
ACC000159,2026-09-14 21:44:16,Lisaberg,QA,0
ACC003272,2026-09-14 21:44:18,South Scott,AM,1
ACC001951,2026-09-14 21:44:18,Lake Edward,GR,0
ACC002275,2026-09-14 21:44:19,South Dianashire,VE,0
ACC000050,2026-09-14 21:44:19,Brianfurt,TZ,0
ACC000195,2026-09-14 21:44:20,South Ashleyfort,MN,0
ACC001697,2026-09-14 21:44:20,South Gregoryhaven,SI,0
ACC003545,2026-09-14 21:44:20,New William,MU,0
ACC004115,2026-09-14 21:44:21,Port Melindabury,DJ,0
ACC002852,2026-09-14 21:44:21,Mauricetown,KE,0
ACC001107,2026-09-14 21:44:22,Clarkfurt,FJ,0
ACC002036,2026-09-14 21:44:22,Edwinside,PW,0
ACC002152,2026-09-14 21:44:22,West Elizabethburgh,CV,0
ACC002235,2026-09-14 21:44:22,New Robert,LA,0
ACC000958,2026-09-14 21:44:24,West Felicia,MK,0
ACC003293,2026-09-14 21:44:24,Port Stevenberg,CA,0
ACC000919,2026-09-14 21:44:24,Seanshire,MA,0
ACC001155,2026-09-14 21:44:25,East Sean,MZ,0
ACC002676,2026-09-14 21:44:25,South Billchester,CO,0
ACC001423,2026-09-14 21:44:25,East Patrickmouth,ET,0
ACC003989,2026-09-14 21:44:26,South Karen,SK,0
ACC004792,2026-09-14 21:44:27,North Danielle,ML,0
ACC001661,2026-09-14 21:44:27,East Robert,NA,1
ACC004851,2026-09-14 21:44:27,Tylerland,KH,1
ACC003300,2026-09-14 21:44:28,Port Scott,MV,0
ACC002106,2026-09-14 21:44:28,East Sheilaberg,KZ,0
ACC004116,2026-09-14 21:44:28,West Meganview,MZ,0
ACC000669,2026-09-14 21:44:28,Parksmouth,IN,0
ACC001514,2026-09-14 21:44:28,West Lisaburgh,AM,0
ACC003511,2026-09-14 21:44:28,Garciaberg,KE,1
ACC002670,2026-09-14 21:44:28,Victorialand,LT,0
ACC000191,2026-09-14 21:44:28,Hallbury,SD,0
ACC003595,2026-09-14 21:44:29,South Jay,AF,0
ACC001499,2026-09-14 21:44:29,Chenmouth,RS,0
ACC000733,2026-09-14 21:44:29,South Sandraside,SM,0
ACC002982,2026-09-14 21:44:30,New Sandramouth,GQ,0
ACC004662,2026-09-14 21:44:30,West Antonio,AM,0
ACC004151,2026-09-14 21:44:32,North Jeffreytown,LC,0
ACC001226,2026-09-14 21:44:33,Port Adrianfurt,MH,0
ACC004699,2026-09-14 21:44:33,Brewerfurt,NO,0
ACC001863,2026-09-14 21:44:33,Robertsonfurt,ME,0
ACC002215,2026-09-14 21:44:34,Port Randy,JM,0
ACC003730,2026-09-14 21:44:35,New Michael,BA,1
ACC000807,2026-09-14 21:44:35,Edwardton,CI,0
ACC004037,2026-09-14 21:44:36,Lake Paul,EG,0
ACC004597,2026-09-14 21:44:36,North Richardhaven,SZ,0
ACC001498,2026-09-14 21:44:37,Reidmouth,KH,0
ACC004751,2026-09-14 21:44:37,North Heather,MH,0
ACC001015,2026-09-14 21:44:37,West Dawnbury,FI,0
ACC000837,2026-09-14 21:44:37,Port Garrett,SL,0
ACC002060,2026-09-14 21:44:37,Jamesmouth,SB,0
ACC003222,2026-09-14 21:44:37,Michaelborough,PK,0
ACC002174,2026-09-14 21:44:38,New Catherineview,CG,1
ACC000551,2026-09-14 21:44:38,North Mike,CU,1
ACC003756,2026-09-14 21:44:38,Glennport,FM,0
ACC003448,2026-09-14 21:44:39,Lawsonburgh,LT,1
ACC002231,2026-09-14 21:44:39,South Jasonland,SL,0
ACC000259,2026-09-14 21:44:39,Darlenefurt,BR,0
ACC000982,2026-09-14 21:44:40,New Timothyfurt,SZ,0
ACC002239,2026-09-14 21:44:40,Meganton,SB,0
ACC004778,2026-09-14 21:44:40,New Hollyfort,HT,0
ACC003097,2026-09-14 21:44:40,Hooverview,IN,0
ACC004001,2026-09-14 21:44:41,South Matthewberg,BD,0
ACC001329,2026-09-14 21:44:41,North Jack,PY,0
ACC004161,2026-09-14 21:44:42,North Lindsey,PY,0
ACC003079,2026-09-14 21:44:42,South Denise,BR,0
ACC002381,2026-09-14 21:44:42,Leestad,CI,0
ACC003877,2026-09-14 21:44:42,Kerriview,AO,0
ACC002635,2026-09-14 21:44:43,Sarabury,SG,0
ACC003862,2026-09-14 21:44:44,Anthonymouth,NG,1
ACC000771,2026-09-14 21:44:44,Mendozastad,PT,1
ACC003385,2026-09-14 21:44:44,North Todd,YE,0
ACC002241,2026-09-14 21:44:44,West Danielmouth,ZW,0
ACC004462,2026-09-14 21:44:45,Hartmanton,CA,0
ACC001181,2026-09-14 21:44:45,West John,LT,0
ACC004908,2026-09-14 21:44:46,Taylorburgh,KI,0
ACC000702,2026-09-14 21:44:46,Port Craig,HU,0
ACC002807,2026-09-14 21:44:47,West Steven,BE,1
ACC000115,2026-09-14 21:44:47,Brianmouth,CN,0
ACC004426,2026-09-14 21:44:47,East Derek,HU,0
ACC003690,2026-09-14 21:44:48,South Danielville,VE,0
ACC003275,2026-09-14 21:44:48,North Craigburgh,TZ,1
ACC002231,2026-09-14 21:44:48,Lake Donnafort,AT,0
ACC004199,2026-09-14 21:44:48,Michaelshire,MH,0
ACC002259,2026-09-14 21:44:48,Lake Grace,TO,0
ACC000998,2026-09-14 21:44:48,Robertport,CV,0
ACC002606,2026-09-14 21:44:49,Port Barbara,CF,0
ACC001443,2026-09-14 21:44:49,Lake Evelynmouth,AR,0
ACC002920,2026-09-14 21:44:49,West Jamestown,CL,0
ACC001446,2026-09-14 21:44:49,Timothyside,GH,0
ACC004580,2026-09-14 21:44:50,East Nicholas,UA,0
ACC003371,2026-09-14 21:44:51,Greerburgh,SR,0
ACC002600,2026-09-14 21:44:51,East Edwin,NO,0
ACC002566,2026-09-14 21:44:51,Lake Randyshire,SV,0
ACC003259,2026-09-14 21:44:52,Prattshire,LT,0
ACC002204,2026-09-14 21:44:52,West Tanner,JM,0
ACC003755,2026-09-14 21:44:52,West Anne,PY,0
ACC004249,2026-09-14 21:44:52,Lake Michael,MT,0
ACC000411,2026-09-14 21:44:52,West Ryanstad,CV,0
ACC002523,2026-09-14 21:44:52,Charlesberg,PH,0
ACC001059,2026-09-14 21:44:53,Lake Jacobville,MY,0
ACC004186,2026-09-14 21:44:53,Lake Thomas,NE,0
ACC004208,2026-09-14 21:44:53,Deannafort,NE,0
ACC003203,2026-09-14 21:44:54,West Rachel,AT,0
ACC000993,2026-09-14 21:44:55,Robinsonview,OM,1
ACC001840,2026-09-14 21:44:55,East Erin,AO,0
ACC000861,2026-09-14 21:44:56,Nicholasshire,US,0
ACC000344,2026-09-14 21:44:56,Brianbury,TJ,0
ACC002235,2026-09-14 21:44:56,Angelaton,MW,0
ACC001244,2026-09-14 21:44:56,Adrianaside,PH,0
ACC001576,2026-09-14 21:44:56,North Jessica,GN,0
ACC000626,2026-09-14 21:44:58,North Adamshire,KZ,0
ACC002294,2026-09-14 21:44:58,Mccartyview,GA,0
ACC001181,2026-09-14 21:44:58,East Rhonda,ZW,0
ACC000176,2026-09-14 21:44:58,South Samanthafurt,IN,0
ACC002422,2026-09-14 21:44:59,New Patricia,TW,0
ACC003439,2026-09-14 21:44:59,Lake Kathleen,MZ,0
ACC003599,2026-09-14 21:45:00,Brownfurt,NO,0
ACC000341,2026-09-14 21:45:00,Amandahaven,DE,0
ACC002405,2026-09-14 21:45:00,East Deanna,BF,0
ACC002948,2026-09-14 21:45:00,Annberg,ST,0
ACC001648,2026-09-14 21:45:02,Maxburgh,NZ,1
ACC002923,2026-09-14 21:45:02,West Aaron,AU,1
ACC004038,2026-09-14 21:45:02,New Darrenberg,MW,0
ACC002600,2026-09-14 21:45:02,South Brandon,HN,0
ACC003853,2026-09-14 21:45:03,Ramosshire,VU,0
ACC003278,2026-09-14 21:45:03,Stevenberg,KM,1
ACC003623,2026-09-14 21:45:04,North Amber,GW,0
ACC003556,2026-09-14 21:45:04,New Danielle,KE,0
ACC002445,2026-09-14 21:45:04,New Jodymouth,KW,0
ACC001000,2026-09-14 21:45:05,East Laurenfurt,MX,0
ACC000957,2026-09-14 21:45:05,Curtisshire,GE,0
ACC004892,2026-09-14 21:45:05,New Kristina,DK,0
ACC003008,2026-09-14 21:45:06,Lanceview,RO,0
ACC000168,2026-09-14 21:45:07,Port Laura,BZ,0
ACC002866,2026-09-14 21:45:07,Sharonmouth,UZ,0
ACC002349,2026-09-14 21:45:07,Williamton,MU,0
ACC000110,2026-09-14 21:45:07,Lake Holly,MX,0
ACC001907,2026-09-14 21:45:07,Amyview,MT,0
ACC000409,2026-09-14 21:45:08,Jamesland,KP,0
ACC002697,2026-09-14 21:45:08,Brewerborough,BJ,0
ACC000766,2026-09-14 21:45:08,Susanside,LY,1
ACC002123,2026-09-14 21:45:08,Averyfurt,RU,0
ACC002551,2026-09-14 21:45:09,Jonathanhaven,LT,0
ACC002137,2026-09-14 21:45:09,Loweside,CL,0
ACC000420,2026-09-14 21:45:09,Whitefort,NI,0
ACC002867,2026-09-14 21:45:10,New Lorihaven,PG,0
ACC001105,2026-09-14 21:45:11,Port Julie,KI,1
ACC004468,2026-09-14 21:45:12,Kellymouth,PH,0
ACC004562,2026-09-14 21:45:12,Onealside,ZM,1
ACC002379,2026-09-14 21:45:12,Fordmouth,AU,0
ACC004892,2026-09-14 21:45:13,East Morgan,MH,0
ACC004402,2026-09-14 21:45:13,New Danielle,NZ,0
ACC002429,2026-09-14 21:45:13,Chaveztown,GA,0
ACC002455,2026-09-14 21:45:13,Lake Danielside,SC,0
ACC003500,2026-09-14 21:45:14,Port John,DZ,0
ACC000390,2026-09-14 21:45:14,Edwardton,WS,0
ACC004060,2026-09-14 21:45:15,Port Samantha,NO,0
ACC002538,2026-09-14 21:45:15,Joycemouth,CY,0
ACC000244,2026-09-14 21:45:15,New Valerie,SZ,0
ACC002277,2026-09-14 21:45:15,Malonemouth,VE,0
ACC000682,2026-09-14 21:45:15,Allenborough,GN,0
ACC004549,2026-09-14 21:45:15,Lake Bradley,AR,1
ACC000888,2026-09-14 21:45:16,Lake Bryan,SR,0
ACC004982,2026-09-14 21:45:17,Guzmanland,AF,0
ACC004407,2026-09-14 21:45:17,Lake Benjaminside,KR,0
ACC002107,2026-09-14 21:45:17,Lake Alexburgh,CM,0
ACC002733,2026-09-14 21:45:17,South Cynthialand,IL,0
ACC003183,2026-09-14 21:45:17,Hoffmanchester,TV,1
ACC003269,2026-09-14 21:45:17,South Ryanbury,LB,1
ACC002493,2026-09-14 21:45:18,Lisatown,HN,0
ACC002715,2026-09-14 21:45:19,Rebeccabury,ER,0
ACC002647,2026-09-14 21:45:19,Port Scottbury,MM,0
ACC000651,2026-09-14 21:45:19,New Jerry,PA,0
ACC001972,2026-09-14 21:45:20,Curryside,GH,0
ACC003641,2026-09-14 21:45:20,Scottborough,GA,0
ACC003008,2026-09-14 21:45:20,Heathertown,LK,0
ACC000757,2026-09-14 21:45:21,Jenniferton,LY,0
ACC000243,2026-09-14 21:45:21,Joanntown,IS,0
ACC004735,2026-09-14 21:45:21,Port Tiffany,MZ,1
ACC004208,2026-09-14 21:45:21,Port Jayborough,NO,0
ACC002823,2026-09-14 21:45:21,North Janetberg,AR,0
ACC002934,2026-09-14 21:45:21,Randallberg,CG,1
ACC001513,2026-09-14 21:45:21,Port Vanessaberg,AZ,0
ACC002754,2026-09-14 21:45:21,East Edward,PH,0
ACC004555,2026-09-14 21:45:22,North John,EE,0
ACC004213,2026-09-14 21:45:22,New Brenda,MH,0
ACC001559,2026-09-14 21:45:22,East Jessicaview,SE,0
ACC003273,2026-09-14 21:45:22,East Jonathan,AM,0
ACC001661,2026-09-14 21:45:22,Lake Nicoletown,BW,0
ACC001368,2026-09-14 21:45:22,Catherineland,AU,0
ACC002787,2026-09-14 21:45:23,East Kristin,KW,0
ACC002119,2026-09-14 21:45:23,West Gregoryshire,LU,0
ACC004772,2026-09-14 21:45:23,New Julia,BD,0
ACC004556,2026-09-14 21:45:23,Danielfort,KW,0
ACC001736,2026-09-14 21:45:23,West Elizabethchester,DZ,0
ACC002979,2026-09-14 21:45:23,Fergusonstad,PT,0
ACC002775,2026-09-14 21:45:24,Port Charles,VN,1
ACC004209,2026-09-14 21:45:24,Mezamouth,AD,0
ACC001746,2026-09-14 21:45:24,Lake Cynthiaton,SE,1
ACC000181,2026-09-14 21:45:25,Taylorchester,MZ,0
ACC004002,2026-09-14 21:45:25,Dawnbury,NL,0
ACC001784,2026-09-14 21:45:25,Port Melvin,AZ,0
ACC000363,2026-09-14 21:45:25,Armstrongport,CU,0
ACC003468,2026-09-14 21:45:25,Port Robertaville,LC,0
ACC004777,2026-09-14 21:45:26,Port Edward,CI,0
ACC002470,2026-09-14 21:45:26,Stephenside,BJ,0
ACC001540,2026-09-14 21:45:26,Jamesville,GH,0
ACC002027,2026-09-14 21:45:27,Coreyberg,CV,0
ACC004281,2026-09-14 21:45:28,New Jenniferborough,KW,0
ACC001771,2026-09-14 21:45:28,Murphyberg,ST,0
ACC002233,2026-09-14 21:45:28,Silvaburgh,NG,0
ACC003225,2026-09-14 21:45:28,Lake Carlosmouth,GD,0
ACC003007,2026-09-14 21:45:28,South Amy,TG,0
ACC001203,2026-09-14 21:45:29,Noahbury,GW,1
ACC000016,2026-09-14 21:45:29,West Rebeccahaven,CM,1
ACC002814,2026-09-14 21:45:30,South Jeffery,AM,1
ACC001977,2026-09-14 21:45:30,West Marie,AT,0
ACC001945,2026-09-14 21:45:30,West Rebeccashire,BB,0
ACC003639,2026-09-14 21:45:30,Port Angelaberg,ER,0
ACC003710,2026-09-14 21:45:30,Villarrealton,SV,0
ACC001595,2026-09-14 21:45:31,East Richard,PS,0
ACC003478,2026-09-14 21:45:31,Frankside,TT,0
ACC003334,2026-09-14 21:45:31,West Jeffreyburgh,US,0
ACC002207,2026-09-14 21:45:32,West Derektown,BA,1
ACC000678,2026-09-14 21:45:32,Joyceberg,LV,0
ACC003106,2026-09-14 21:45:32,Port Susan,KW,0
ACC000136,2026-09-14 21:45:34,East Shannonburgh,HU,0
ACC004049,2026-09-14 21:45:35,West Markton,KZ,0
ACC004698,2026-09-14 21:45:35,Davidberg,NA,0
ACC003550,2026-09-14 21:45:35,New Christopherhaven,KM,0
ACC004559,2026-09-14 21:45:36,Lake Johnfurt,NI,0
ACC004361,2026-09-14 21:45:36,Joshuabury,SO,0
ACC002349,2026-09-14 21:45:37,Jessicaborough,SE,1
ACC001300,2026-09-14 21:45:37,East Tracyburgh,YE,0
ACC002381,2026-09-14 21:45:37,South Sandra,CH,0
ACC004306,2026-09-14 21:45:39,East Jeffreyhaven,DM,0
ACC004583,2026-09-14 21:45:39,Mariamouth,TW,0
ACC003692,2026-09-14 21:45:39,Dianeshire,IT,0
ACC000538,2026-09-14 21:45:39,Port Steven,CV,0
ACC003118,2026-09-14 21:45:39,Port Wendyfurt,SI,0
ACC004853,2026-09-14 21:45:39,Robynmouth,VN,1
ACC000797,2026-09-14 21:45:39,North Raymondview,SR,0
ACC003133,2026-09-14 21:45:40,Tonyashire,TW,0
ACC002030,2026-09-14 21:45:41,West Charlesshire,ES,0
ACC000986,2026-09-14 21:45:41,East Paige,KG,0
ACC002278,2026-09-14 21:45:41,Jamesstad,UZ,0
ACC000566,2026-09-14 21:45:41,Port Abigailton,MT,1
ACC002902,2026-09-14 21:45:42,Nathanview,UZ,0
ACC002902,2026-09-14 21:45:42,Williamsport,TM,0
ACC000030,2026-09-14 21:45:42,Lake Heather,GA,0
ACC002433,2026-09-14 21:45:42,West Dorothybury,FJ,0
ACC004169,2026-09-14 21:45:43,West Nicolebury,ET,0
ACC003861,2026-09-14 21:45:43,Port Angelatown,RO,0
ACC003517,2026-09-14 21:45:43,Dawnbury,PY,0
ACC004700,2026-09-14 21:45:44,Odonnellstad,BT,0
ACC001140,2026-09-14 21:45:44,Sanchezfurt,PA,0
ACC004681,2026-09-14 21:45:44,New Melissa,LI,0
ACC001152,2026-09-14 21:45:45,Hamiltonshire,NP,0
ACC002406,2026-09-14 21:45:45,Owensshire,UA,0
ACC001342,2026-09-14 21:45:45,Wiseton,VN,0
ACC000346,2026-09-14 21:45:45,Michaelstad,SA,0
ACC001082,2026-09-14 21:45:46,Dunnton,TJ,0
ACC001109,2026-09-14 21:45:47,West Alexander,NZ,0
ACC002538,2026-09-14 21:45:47,Lake Alexiston,KZ,0
ACC004080,2026-09-14 21:45:47,Carlsonbury,KH,0
ACC004360,2026-09-14 21:45:47,Sandrafurt,TO,0
ACC000093,2026-09-14 21:45:47,South Adriana,UZ,0
ACC004105,2026-09-14 21:45:48,Herrerachester,DZ,0
ACC001914,2026-09-14 21:45:48,Ronaldside,AF,0
ACC002531,2026-09-14 21:45:48,South Felicialand,PW,0
ACC002912,2026-09-14 21:45:48,Danielland,LY,0
ACC003704,2026-09-14 21:45:48,West Shannon,MH,0
ACC004958,2026-09-14 21:45:48,New Henryport,KM,0
ACC001441,2026-09-14 21:45:50,Billfurt,MM,0
ACC002912,2026-09-14 21:45:50,Teresaport,SB,0
ACC004080,2026-09-14 21:45:50,Hardyshire,HT,0
ACC004848,2026-09-14 21:45:51,Lake Dylanberg,SC,0
ACC003980,2026-09-14 21:45:51,Williamsonland,VC,0
ACC000213,2026-09-14 21:45:51,Marshallchester,TR,0
ACC004179,2026-09-14 21:45:52,Lake Stephen,MV,0
ACC000625,2026-09-14 21:45:52,Lake Emilyfurt,GB,0
ACC001500,2026-09-14 21:45:52,Davidfurt,PS,1
ACC001800,2026-09-14 21:45:53,Port Lindsey,FR,0
ACC000861,2026-09-14 21:45:53,West Jamieville,NA,0
ACC001349,2026-09-14 21:45:53,West Amber,JP,0
ACC004307,2026-09-14 21:45:53,Kendrashire,GT,0
ACC001074,2026-09-14 21:45:53,Port Michaelborough,YE,0
ACC002656,2026-09-14 21:45:54,East David,GY,0
ACC001344,2026-09-14 21:45:54,Gregoryport,GD,1
ACC004892,2026-09-14 21:45:54,Matthewtown,MX,0
ACC001929,2026-09-14 21:45:54,Port Gloriamouth,PT,1
ACC004806,2026-09-14 21:45:55,Whitetown,SD,0
ACC001379,2026-09-14 21:45:55,Wongport,BO,0
ACC003400,2026-09-14 21:45:55,Susanmouth,TN,1
ACC003541,2026-09-14 21:45:55,Lawrencemouth,GH,0
ACC001048,2026-09-14 21:45:55,Drakeside,AD,0
ACC001191,2026-09-14 21:45:56,East Coryland,BZ,0
ACC003795,2026-09-14 21:45:56,Huffmanmouth,DE,0
ACC002578,2026-09-14 21:45:57,Lindseyton,AL,0
ACC000272,2026-09-14 21:45:57,Johnborough,WS,0
ACC004112,2026-09-14 21:45:57,Meaganchester,BR,0
ACC000517,2026-09-14 21:45:58,Lake Jeffrey,TO,0
ACC003953,2026-09-14 21:45:59,North Gloria,RW,0
ACC002292,2026-09-14 21:45:59,South Austinhaven,IN,0
ACC003290,2026-09-14 21:45:59,Port Dawnbury,VN,0
ACC000364,2026-09-14 21:45:59,West Tinafort,GR,0
ACC004245,2026-09-14 21:45:59,Elizabethmouth,FI,0
ACC001365,2026-09-14 21:46:00,West Daniel,FI,0
ACC000504,2026-09-14 21:46:00,East Michaelville,LC,0
ACC003842,2026-09-14 21:46:01,Drakeberg,BW,0
ACC001546,2026-09-14 22:39:59,Port Danielchester,HU,0
ACC003187,2026-09-14 22:40:00,Saraton,SY,0
ACC002691,2026-09-14 22:40:00,Sherribury,MR,0
ACC003409,2026-09-14 22:40:00,North Geoffrey,PG,0
ACC003892,2026-09-14 22:40:00,Port Pamelamouth,QA,0
ACC004484,2026-09-14 22:40:01,Martinezborough,NI,0
ACC002723,2026-09-14 22:40:01,Greeneside,DO,0
ACC002325,2026-09-14 22:40:01,Lake Jenniferside,MM,0
ACC004347,2026-09-14 22:40:02,Hoffmanview,OM,1
ACC002320,2026-09-14 22:40:02,Lake Erik,MH,0
ACC004544,2026-09-14 22:40:03,Ashleyton,CY,0
ACC000175,2026-09-14 22:40:03,Andersonfort,NG,0
ACC002601,2026-09-14 22:40:04,Lake Eric,BR,0
ACC004063,2026-09-14 22:40:05,West Phillip,TD,0
ACC003365,2026-09-14 22:40:05,North Shannonhaven,SD,0
ACC003168,2026-09-14 22:40:05,Michellehaven,FI,0
ACC000910,2026-09-14 22:40:05,Sherylton,BF,0
ACC002369,2026-09-14 22:40:05,Lake Craig,DO,0
ACC000158,2026-09-14 22:40:05,West Gregory,LS,0
ACC001991,2026-09-14 22:40:05,West Zacharymouth,JP,0
ACC002433,2026-09-14 22:40:06,Michelleville,LA,0
ACC001205,2026-09-14 22:40:06,Parkerhaven,MT,0
ACC000722,2026-09-14 22:40:06,Lake Amy,CO,0
ACC000896,2026-09-14 22:40:06,Dawnland,CM,0
ACC004388,2026-09-14 22:40:06,Port Barbara,BJ,0
ACC001415,2026-09-14 22:40:06,Knightberg,PE,0
ACC002435,2026-09-14 22:40:07,Lake Michelle,IS,0
ACC003771,2026-09-14 22:40:07,East Jeffreymouth,PW,1
ACC001319,2026-09-14 22:40:08,North Kimberly,GT,0
ACC000302,2026-09-14 22:40:08,Lake Meghanville,OM,0
ACC001672,2026-09-14 22:40:08,Port Kelly,LC,0
ACC004201,2026-09-14 22:40:08,East Scottborough,TG,0
ACC003967,2026-09-14 22:40:09,Lake John,MD,0
ACC002932,2026-09-14 22:40:09,East Stevenchester,GB,0
ACC002441,2026-09-14 22:40:09,Rogersbury,SV,0
ACC000505,2026-09-14 22:40:09,Evelynbury,LT,0
ACC003123,2026-09-14 22:40:09,North Christine,LV,1
ACC000362,2026-09-14 22:40:10,South Dillonchester,AL,1
ACC002288,2026-09-14 22:40:11,Walshside,KN,0
ACC002059,2026-09-14 22:40:11,Lake Amandatown,LU,0
ACC001544,2026-09-14 22:40:11,Port Amanda,DM,0
ACC000309,2026-09-14 22:40:11,West Maryland,AE,0
ACC004104,2026-09-14 22:40:11,Michaelland,CI,0
ACC003244,2026-09-14 22:40:11,Port Joshuabury,HU,0
ACC002701,2026-09-14 22:40:12,Vaughnshire,IE,0
ACC001885,2026-09-14 22:40:12,West Clintonchester,TT,1
ACC004550,2026-09-14 22:40:12,West Ryanport,JM,0
ACC000819,2026-09-14 22:40:12,Smithtown,UG,0
ACC004590,2026-09-14 22:40:13,New Jennifer,AU,0
ACC000154,2026-09-14 22:40:13,New Emily,LB,0
ACC004388,2026-09-14 22:40:13,Lake Josephton,TD,0
ACC002085,2026-09-14 22:40:13,Nunezfort,CU,0
ACC002186,2026-09-14 22:40:13,North Hannahberg,CO,1
ACC003669,2026-09-14 22:40:14,West Dawn,QA,0
ACC004723,2026-09-14 22:40:14,Lake Loristad,FM,0
ACC004913,2026-09-14 22:40:14,Aaronfurt,TZ,0
ACC003310,2026-09-14 22:40:15,East Emily,MC,1
ACC001200,2026-09-14 22:40:16,Mooremouth,ST,0
ACC001304,2026-09-14 22:40:16,West Jacquelineside,PS,1
ACC000477,2026-09-14 22:40:17,Port Sarah,MK,0
ACC003422,2026-09-14 22:40:17,New Jefferychester,YE,0
ACC001115,2026-09-14 22:40:17,North Christopher,SZ,0
ACC001673,2026-09-14 22:40:17,New Ronnieton,BE,0
ACC001135,2026-09-14 22:40:18,New Scottville,ZA,0
ACC004869,2026-09-14 22:40:18,Port Molly,BS,0
ACC000457,2026-09-14 22:40:18,Lake Gary,PG,0
ACC001632,2026-09-14 22:40:18,West Andrewport,SA,0
ACC001921,2026-09-14 22:40:18,West Heather,BO,0
ACC003788,2026-09-14 22:40:18,Jamesland,MY,0
ACC001774,2026-09-14 22:40:18,Andrewstad,MY,1
ACC001217,2026-09-14 22:40:18,West Maryhaven,YE,0
ACC000278,2026-09-14 22:40:20,Stanleyview,HR,0
ACC002113,2026-09-14 22:40:20,East Matthewbury,MN,0
ACC000988,2026-09-14 22:40:21,Kyletown,SR,0
ACC004970,2026-09-14 22:40:21,Kimstad,MT,0
ACC000769,2026-09-14 22:40:21,New Brandon,KG,0
ACC000000,2026-09-14 22:40:21,New Bethshire,ET,0
ACC004136,2026-09-14 22:40:21,Lisaside,BO,0
ACC004929,2026-09-14 22:40:22,East Sarah,FI,0
ACC000129,2026-09-14 22:40:22,Zacharyhaven,CV,0
ACC004933,2026-09-14 22:40:22,West Shawn,NZ,0
ACC003459,2026-09-14 22:40:23,Lake Markfort,UY,1
ACC000820,2026-09-14 22:40:23,West Brendafurt,NI,0
ACC004831,2026-09-14 22:40:23,Scottside,GY,0
ACC003299,2026-09-14 22:40:23,Karinabury,JP,0
ACC001650,2026-09-14 22:40:23,Lindseyport,GB,0
ACC004785,2026-09-14 22:40:23,East Maryland,KW,0
ACC002344,2026-09-14 22:40:23,Cummingsshire,DZ,0
ACC001427,2026-09-14 22:40:23,North Elizabethberg,SV,0
ACC004767,2026-09-14 22:40:23,Baldwinside,MU,0
ACC004317,2026-09-14 22:40:24,Joystad,TG,0
ACC000842,2026-09-14 22:40:24,Maytown,HT,0
ACC003871,2026-09-14 22:40:25,Nicoletown,CU,0
ACC001296,2026-09-14 22:40:25,Debbiemouth,PA,1
ACC003827,2026-09-14 22:40:25,West Christopher,US,0
ACC000440,2026-09-14 22:40:25,South Carlosmouth,NG,0
ACC001387,2026-09-14 22:40:26,Wellsport,PT,0
ACC002900,2026-09-14 22:40:26,Lake Jose,LA,0
ACC002442,2026-09-14 22:40:26,Williammouth,PG,0
ACC003460,2026-09-14 22:40:26,Williamhaven,NG,0
ACC003879,2026-09-14 22:40:26,Austinborough,BD,0
ACC000434,2026-09-14 22:40:27,West Ruthfurt,BE,0
ACC002473,2026-09-14 22:40:27,South Jeremiah,MM,0
ACC003199,2026-09-14 22:40:27,East Gwendolynmouth,AO,0
ACC000172,2026-09-14 22:40:27,Davidhaven,NP,1
ACC002072,2026-09-14 22:40:27,Jeffreytown,SM,1
ACC003504,2026-09-14 22:40:27,East Seth,UY,0
ACC004931,2026-09-14 22:40:28,New Johnchester,SE,0
ACC000341,2026-09-14 22:40:28,South Lauren,NA,0
ACC000891,2026-09-14 22:40:28,Stephenport,CN,0
ACC004803,2026-09-14 22:40:28,Bryantown,PG,0
ACC003696,2026-09-14 22:40:28,South Susan,ST,0
ACC002994,2026-09-14 22:40:29,Johnsonfort,US,0
ACC004747,2026-09-14 22:40:29,Port Daniel,OM,0
ACC000341,2026-09-14 22:40:29,East Michael,GQ,0
ACC001616,2026-09-14 22:40:29,Josephfort,CG,0
ACC003087,2026-09-14 22:40:30,Andersonberg,PY,0
ACC002960,2026-09-14 22:40:30,Lake Cynthia,CN,0
ACC003237,2026-09-14 22:40:30,Lake Michele,MY,0
ACC000398,2026-09-14 22:40:30,South Michaeltown,JP,1
ACC000310,2026-09-14 22:40:30,South Laura,PH,0
ACC002049,2026-09-14 22:40:30,Grahammouth,MN,0
ACC002389,2026-09-14 22:40:30,Stevensview,IS,0
ACC000918,2026-09-14 22:40:30,Lake Mary,AR,0
ACC004912,2026-09-14 22:40:31,South Jasonside,MT,0
ACC004660,2026-09-14 22:40:31,Lisaville,MD,0
ACC000530,2026-09-14 22:40:32,Ruizfurt,TJ,0
ACC002185,2026-09-14 22:40:32,East Elizabethview,AD,0
ACC004431,2026-09-14 22:40:33,East Kristineberg,CR,0
ACC003969,2026-09-14 22:40:35,South Aliciaport,AU,0
ACC001069,2026-09-14 22:40:35,Munozbury,IT,0
ACC002203,2026-09-14 22:40:35,Romerotown,SD,0
ACC003376,2026-09-14 22:40:35,Clarkshire,BZ,0
ACC004214,2026-09-14 22:40:35,Lake Steven,VC,0
ACC004144,2026-09-14 22:40:36,Smallfort,KE,0
ACC002129,2026-09-14 22:40:36,North Jacobburgh,ID,1
ACC001229,2026-09-14 22:40:37,West Tracychester,LK,0
ACC003667,2026-09-14 22:40:37,Port Robinshire,KE,0
ACC003311,2026-09-14 22:40:37,Hoffmanville,MR,0
ACC003568,2026-09-14 22:40:37,Yodermouth,UZ,0
ACC003171,2026-09-14 22:40:37,Watersmouth,BH,0
ACC001912,2026-09-14 22:40:38,Seanborough,BA,0
ACC002775,2026-09-14 22:40:38,Andersontown,NE,0
ACC003490,2026-09-14 22:40:38,North Manuel,MX,0
ACC001787,2026-09-14 22:40:38,Taylorborough,MC,1
ACC002982,2026-09-14 22:40:39,North Shelly,CR,0
ACC002010,2026-09-14 22:40:39,New Charlesport,ST,0
ACC000942,2026-09-14 22:40:39,Lake Mathew,SN,0
ACC004394,2026-09-14 22:40:39,New Hannah,TM,0
ACC002167,2026-09-14 22:40:39,South Elizabethstad,TW,0
ACC002470,2026-09-14 22:40:39,Adamberg,KN,0
ACC001824,2026-09-14 22:40:40,Laurenstad,RO,0
ACC003396,2026-09-14 22:40:40,East Johnchester,ZM,1
ACC000134,2026-09-14 22:40:40,Sancheztown,MM,0
ACC001050,2026-09-14 22:40:41,Cliffordville,MY,0
ACC001832,2026-09-14 22:40:41,Jeffreyside,LU,0
ACC000235,2026-09-14 22:40:41,Shannonbury,EC,0
ACC002299,2026-09-14 22:40:41,New Danielmouth,ID,1
ACC002522,2026-09-14 22:40:41,Lake Danielbury,WS,0
ACC004436,2026-09-14 22:40:42,Lloydport,AM,0
ACC004012,2026-09-14 22:40:42,North Kelly,NI,0
ACC000482,2026-09-14 22:40:42,Riosside,RU,0
ACC004415,2026-09-14 22:40:42,Michaeltown,EE,0
ACC002202,2026-09-14 22:40:42,Lake Paul,CO,0
ACC003888,2026-09-14 22:40:42,Lake Michelehaven,CN,0
ACC000560,2026-09-14 22:40:43,North Kristinashire,PK,0
ACC004894,2026-09-14 22:40:43,South Denise,NR,0
ACC000138,2026-09-14 22:40:43,North Jacquelinebury,LR,0
ACC000322,2026-09-14 22:40:44,Brianberg,HU,0
ACC001197,2026-09-14 22:40:44,Charlesland,AF,0
ACC000551,2026-09-14 22:40:44,New Sarah,AM,0
ACC001447,2026-09-14 22:40:44,Barreramouth,TH,0
ACC003405,2026-09-14 22:40:44,North Michael,MA,0
ACC000817,2026-09-14 22:40:45,East William,MC,1
ACC001412,2026-09-14 22:40:45,North Shawnaville,SI,0
ACC002623,2026-09-14 22:40:46,New Wesley,ZW,0
ACC001931,2026-09-14 22:40:46,Shawside,KW,0
ACC000453,2026-09-14 22:40:46,West Christina,UA,0
ACC001167,2026-09-14 22:40:47,Lake Norma,BE,0
ACC001911,2026-09-14 22:40:47,North Donald,PL,0
ACC000190,2026-09-14 22:40:47,Adambury,GN,0
ACC001711,2026-09-14 22:40:47,South Danielleburgh,BW,0
ACC000379,2026-09-14 22:40:48,Mclaughlinmouth,NL,1
ACC001109,2026-09-14 22:40:48,Port Trevor,SI,0
ACC004229,2026-09-14 22:40:48,New Ginatown,TR,0
ACC004292,2026-09-14 22:40:48,Gonzalezside,KZ,0
ACC000069,2026-09-14 22:40:49,New Amanda,PT,0
ACC001231,2026-09-14 22:40:49,Madelineton,DM,0
ACC002159,2026-09-14 22:40:49,Port Shaun,AF,0
ACC003261,2026-09-14 22:40:50,Lake Alexandra,PK,1
ACC002525,2026-09-14 22:40:50,North Kristenland,LU,0
ACC002839,2026-09-14 22:40:50,Sarafurt,DE,0
ACC003012,2026-09-14 22:40:50,Port Vincentville,ML,1
ACC001883,2026-09-14 22:40:51,Shaneland,LK,0
ACC003263,2026-09-14 22:40:51,West Charles,TL,0
ACC003919,2026-09-14 22:40:51,Lake Chaseshire,GN,0
ACC001042,2026-09-14 22:40:51,North Lindseyton,AL,0
ACC000949,2026-09-14 22:40:51,Brandymouth,KH,0
ACC004054,2026-09-14 22:40:52,North Gina,BG,0
ACC003677,2026-09-14 22:40:52,Michaelmouth,BY,0
ACC002635,2026-09-14 22:40:52,Jaredhaven,CA,0
ACC004023,2026-09-14 22:40:52,Lake Tylerhaven,LV,1
ACC004955,2026-09-14 22:40:52,Port Kristin,TH,0
ACC004556,2026-09-14 22:40:52,Phillipschester,BW,0
ACC000787,2026-09-14 22:40:53,North Robert,AD,1
ACC003218,2026-09-14 22:40:53,Port Garrett,AO,0
ACC000466,2026-09-14 22:40:53,Pamelaside,OM,0
ACC002946,2026-09-14 22:40:53,Lake Amandafurt,GB,0
ACC003460,2026-09-14 22:40:54,South Kimberly,CN,0
ACC002711,2026-09-14 22:40:54,Dylanchester,UA,0
ACC001987,2026-09-14 22:40:54,Christianborough,BO,0
ACC002612,2026-09-14 22:40:54,Kramerstad,IN,0
ACC004277,2026-09-14 22:40:54,New Baileyport,PE,0
ACC001356,2026-09-14 22:40:55,New Hollychester,TH,0
ACC003601,2026-09-14 22:40:56,Owenston,HR,0
ACC004691,2026-09-14 22:40:56,Leachburgh,IQ,0
ACC002894,2026-09-14 22:40:57,Rodriguezbury,GN,0
ACC001665,2026-09-14 22:40:57,East Johnfort,SM,0
ACC003860,2026-09-14 22:40:58,New Heather,MA,0
ACC002929,2026-09-14 22:40:58,Romeroburgh,LB,0
ACC004537,2026-09-14 22:40:59,East Todd,NP,0
ACC000937,2026-09-14 22:40:59,Liburgh,NR,0
ACC001809,2026-09-14 22:40:59,Jordanview,SG,0
ACC003575,2026-09-14 22:40:59,Leeview,IT,0
ACC004028,2026-09-14 22:41:00,Kevinchester,MN,0
ACC000883,2026-09-14 22:41:00,West Anthonyview,MH,0
ACC002751,2026-09-14 22:41:00,Gibsonberg,OM,0
ACC000973,2026-09-14 22:41:00,Jacobsfurt,DE,0
ACC002700,2026-09-14 22:41:01,Deannaside,GN,0
ACC001507,2026-09-14 22:41:01,East Claudialand,BI,0
ACC004857,2026-09-14 22:41:01,East Charlesborough,PK,0
ACC003683,2026-09-14 22:41:01,Riceland,SA,0
ACC000718,2026-09-14 22:41:02,Lake Jacqueline,VE,0
ACC002331,2026-09-14 22:41:02,Kellyhaven,TR,0
ACC004211,2026-09-14 22:41:02,East Brandon,US,1
ACC001534,2026-09-14 22:41:02,North Kathleenshire,LV,0
ACC004471,2026-09-14 22:41:03,East Thomas,DK,1
ACC001740,2026-09-14 22:41:03,New Coreyburgh,GR,0
ACC003365,2026-09-14 22:41:03,Allisonville,MD,0
ACC002492,2026-09-14 22:41:04,Billychester,TZ,0
ACC004588,2026-09-14 22:41:04,Martinbury,FJ,0
ACC001274,2026-09-14 22:41:04,West Wendychester,BW,0
ACC001262,2026-09-14 22:41:04,Castilloport,MC,0
ACC004941,2026-09-14 22:41:05,Angelaside,TT,0
ACC001313,2026-09-14 22:41:05,Tiffanyshire,NR,0
ACC000282,2026-09-14 22:41:05,Marissafurt,KG,0
ACC002839,2026-09-14 22:41:05,East Brandonshire,TW,0
ACC000082,2026-09-14 22:41:05,Austinhaven,NR,0
ACC000019,2026-09-14 22:41:05,Miguelville,ER,0
ACC000773,2026-09-14 22:41:06,Whitefurt,NP,0
ACC000416,2026-09-14 22:41:06,South Christopher,GT,0
ACC002501,2026-09-14 22:41:06,Allentown,GA,1
ACC004625,2026-09-14 22:41:06,Donovanmouth,MT,0
ACC002344,2026-09-14 22:41:07,East Amy,BF,0
ACC001558,2026-09-14 22:41:08,Danielburgh,CZ,1
ACC004835,2026-09-14 22:41:08,New Stephen,AE,0
ACC000345,2026-09-14 22:41:08,Lake Brettborough,QA,0
ACC000957,2026-09-14 22:41:09,Priceshire,TV,0
ACC003322,2026-09-14 22:41:09,Victorland,MV,0
ACC004431,2026-09-14 22:41:09,Ericfurt,MY,0
ACC001901,2026-09-14 22:41:10,South Ryanland,CZ,0
ACC004501,2026-09-14 22:41:10,Haleyhaven,NA,0
ACC004528,2026-09-14 22:41:11,Lake Christopher,DJ,0
ACC000246,2026-09-14 22:41:11,Rossbury,TN,0
ACC003189,2026-09-14 22:41:11,Brittanyton,PS,0
ACC001840,2026-09-14 22:41:12,Timothyfort,CA,0
ACC000340,2026-09-14 22:41:12,North Amyton,AU,0
ACC001177,2026-09-14 22:41:12,North David,BA,0
ACC001043,2026-09-14 22:41:13,Traviston,TH,0
ACC002479,2026-09-14 22:41:13,Port Gabrielburgh,BY,0
ACC001706,2026-09-14 22:41:13,North Alexishaven,DK,0
ACC002462,2026-09-14 22:41:14,Rodriguezburgh,NG,0
ACC001641,2026-09-14 22:41:14,Port Joe,CV,1
ACC001828,2026-09-14 22:41:14,East Anatown,LC,0
ACC002893,2026-09-14 22:41:14,West Hollyfurt,AL,0
ACC000239,2026-09-14 22:41:14,Erikashire,UY,0
ACC003939,2026-09-14 22:41:15,East Elizabeth,SZ,0
ACC002569,2026-09-14 22:41:15,Cohenchester,PG,0
ACC004091,2026-09-14 22:41:15,Cortezland,TV,0
ACC001285,2026-09-14 22:41:16,West Ricardoshire,NI,0
ACC000373,2026-09-14 22:41:17,Farrellville,CG,0
ACC003536,2026-09-14 22:41:17,Stephenbury,GE,0
ACC001873,2026-09-14 22:41:17,North Thomas,AG,0
ACC004363,2026-09-14 22:41:17,West Nathanland,VA,0
ACC001061,2026-09-14 22:41:17,Grahammouth,TJ,0
ACC003201,2026-09-14 22:41:17,South Ashleystad,BR,0
ACC003968,2026-09-14 22:41:17,New Cassidy,UG,0
ACC002836,2026-09-14 22:41:18,Angelastad,SN,0
ACC002625,2026-09-14 22:41:18,East Michaelshire,TG,0
ACC000215,2026-09-14 22:41:18,Dennishaven,PG,0
ACC001986,2026-09-14 22:41:18,North Mark,LA,0
ACC001818,2026-09-14 22:41:19,Jameshaven,SZ,0
ACC004058,2026-09-14 22:41:19,Meghanton,HT,0
ACC003468,2026-09-14 22:41:19,Port Sheilafort,CF,0
ACC001481,2026-09-14 22:41:19,New Brent,SM,0
ACC003435,2026-09-14 22:41:19,Sosaview,PK,0
ACC004029,2026-09-14 22:41:20,Bestport,TW,0
ACC003390,2026-09-14 22:41:20,Port Elizabeth,NG,0
ACC002282,2026-09-14 22:41:21,South Joseph,ZM,0
ACC000533,2026-09-14 22:41:21,Bonillatown,MK,0
ACC000559,2026-09-14 22:41:21,Jayville,FM,0
ACC000019,2026-09-14 22:41:22,Lake Chelsealand,PS,0
ACC000776,2026-09-14 22:41:22,East Nicholasstad,MG,0
ACC001210,2026-09-14 22:41:23,Port Yolanda,TR,0
ACC001182,2026-09-14 22:41:23,Lake Julie,AM,0
ACC000097,2026-09-14 22:41:23,New Brookehaven,CO,0
ACC001878,2026-09-14 22:41:23,South Gary,IS,0
ACC003005,2026-09-14 22:41:23,Mcdanielville,KM,0
ACC003088,2026-09-14 22:41:23,South Ronaldtown,BR,0
ACC002482,2026-09-14 22:41:24,South Jamesburgh,MD,0
ACC001310,2026-09-14 22:41:24,East Michelleport,SE,0
ACC003519,2026-09-14 22:41:24,North Dwayneville,TN,0
ACC003425,2026-09-14 22:41:24,New Victoriamouth,LS,0
ACC000739,2026-09-14 22:41:24,Williamsborough,LB,0
ACC001224,2026-09-14 22:41:25,Lake Aliciaville,KG,0
ACC000916,2026-09-14 22:41:26,Rebeccaside,TM,0
ACC002698,2026-09-14 22:41:26,Greenhaven,NL,0
ACC004054,2026-09-14 22:41:26,West Linda,SL,0
ACC003363,2026-09-14 22:41:27,Gregoryland,GE,0
ACC003549,2026-09-14 22:41:27,Farleychester,MT,0
ACC002998,2026-09-14 22:41:27,West Bradley,MZ,0
ACC001078,2026-09-14 22:41:27,Garzaport,FJ,0
ACC004107,2026-09-14 22:41:28,North Cory,HR,0
ACC001739,2026-09-14 22:41:29,East Laurachester,BI,0
ACC002036,2026-09-14 22:41:29,Michaelshire,MM,0
ACC002959,2026-09-14 22:41:30,Lake Christophertown,RO,0
ACC004757,2026-09-14 22:41:30,Wardview,CO,0
ACC001488,2026-09-14 22:41:30,Gouldmouth,GW,0
ACC000735,2026-09-14 22:41:30,Danielshire,CM,0
ACC004999,2026-09-14 22:41:31,Loganmouth,IS,0
ACC003792,2026-09-14 22:41:31,Ayalamouth,BF,0
ACC004383,2026-09-14 22:41:32,West Steven,BR,1
ACC000087,2026-09-14 22:41:32,Ryanmouth,SB,0
ACC000839,2026-09-14 22:41:33,Jenniferland,KP,0
ACC004043,2026-09-14 22:41:34,Hartborough,SB,0
ACC004368,2026-09-14 22:41:34,Angelamouth,AL,0
ACC000358,2026-09-14 22:41:35,Lawrenceville,OM,0
ACC000624,2026-09-14 22:41:36,Johnland,EE,0
ACC002621,2026-09-14 22:41:36,Lake Alexis,GA,0
ACC001386,2026-09-14 22:41:37,Timothyhaven,JO,0
ACC004531,2026-09-14 22:41:37,Port Brandishire,LI,0
ACC002606,2026-09-14 22:41:37,North Ricky,IL,0
ACC000376,2026-09-14 22:41:38,Lake Amber,TZ,0
ACC004149,2026-09-14 22:41:38,Sarahchester,IE,0
ACC002509,2026-09-14 22:41:39,Karifort,YE,0
ACC002381,2026-09-14 22:41:40,Brentborough,HU,1
ACC003593,2026-09-14 22:41:40,North Michaelborough,IL,0
ACC001751,2026-09-14 22:41:40,New Markside,US,0
ACC002750,2026-09-14 22:41:40,East Michaelatown,PK,0
ACC003861,2026-09-14 22:41:41,Josephhaven,KH,0
ACC001157,2026-09-14 22:41:41,Ashleybury,AO,0
ACC001603,2026-09-14 22:41:41,Theresaville,PW,0
ACC001521,2026-09-14 22:41:41,Nicholashaven,MZ,0
ACC000221,2026-09-14 22:41:42,Charlesfurt,KM,0
ACC001149,2026-09-14 22:41:42,Katherinemouth,SE,0
ACC003870,2026-09-14 22:41:43,North Brittany,SG,0
ACC002958,2026-09-14 22:41:44,East Oscarbury,OM,0
ACC000107,2026-09-14 22:41:44,East Edward,LY,0
ACC000854,2026-09-14 22:41:44,Vegastad,BO,1
ACC001368,2026-09-14 22:41:45,Sullivanmouth,JP,0
ACC003153,2026-09-14 22:41:45,Port Amber,FM,0
ACC001619,2026-09-14 22:41:46,South Stephaniefurt,GT,0
ACC000824,2026-09-14 22:41:46,Greenfurt,SN,0
ACC001434,2026-09-14 22:41:46,West Taylor,PS,0
ACC001914,2026-09-14 22:41:46,Jerrybury,PK,0
ACC002717,2026-09-14 22:41:47,North Jeffrey,CD,0
ACC003177,2026-09-14 22:41:47,Hernandezton,VC,1
ACC000943,2026-09-14 22:41:47,Williamsport,IT,0
ACC001259,2026-09-14 22:41:48,New Markfurt,TH,1
ACC004977,2026-09-14 22:41:48,Figueroastad,LU,0
ACC003145,2026-09-14 22:41:49,Johnside,IS,0
ACC000236,2026-09-14 22:41:49,Port Jennifer,PE,0
ACC000891,2026-09-14 22:41:49,Barneschester,GM,0
ACC001428,2026-09-14 22:41:50,Shermanborough,PL,1
ACC001994,2026-09-14 22:41:50,Debramouth,BG,0
ACC000890,2026-09-14 22:41:50,Liburgh,DO,0
ACC000223,2026-09-14 22:41:50,North Michellemouth,MY,0
ACC000938,2026-09-14 22:41:50,Andrewborough,IQ,0
ACC003864,2026-09-14 22:41:51,Amberhaven,IR,0
ACC001146,2026-09-14 22:41:51,North Theresa,ZM,0
ACC002014,2026-09-14 22:41:51,Lake Kelseyport,KN,0
ACC002136,2026-09-14 22:41:51,Port Nicolemouth,IT,0
ACC003244,2026-09-14 22:41:52,Rogermouth,SG,0
ACC004859,2026-09-14 22:41:52,Osbornstad,HU,1
ACC003950,2026-09-14 22:41:52,Timothymouth,NO,0
ACC002256,2026-09-14 22:41:52,Stewartbury,MZ,0
ACC003055,2026-09-14 22:41:53,East Nathanside,TD,1
ACC000060,2026-09-14 22:41:54,Mooreborough,QA,0
ACC004566,2026-09-14 22:41:55,Rosehaven,ID,1
ACC002458,2026-09-14 22:41:55,Lake Stephentown,SV,0
ACC003264,2026-09-14 22:41:55,Stephanieside,BZ,1
ACC002632,2026-09-14 22:41:55,Burkeburgh,SC,0
ACC003081,2026-09-14 22:41:56,Stephanieberg,MD,0
ACC002612,2026-09-14 22:41:56,East Jesseton,FJ,0
ACC001588,2026-09-14 22:41:56,Gonzalezport,TR,0
ACC004265,2026-09-14 22:41:57,Barnettmouth,VA,0
ACC003328,2026-09-14 22:41:57,New Samantha,CF,0
ACC002313,2026-09-14 22:41:57,North Miranda,AD,0
ACC002625,2026-09-14 22:41:58,Sullivanborough,PK,0
ACC003660,2026-09-14 22:41:58,Ortizport,HN,0
ACC001932,2026-09-14 22:41:58,Davidside,MC,0
ACC001872,2026-09-14 22:41:58,Jimmyton,IQ,0
ACC001499,2026-09-14 22:41:59,Evansburgh,SI,0
ACC001383,2026-09-14 22:41:59,North Kevin,MR,1
ACC000469,2026-09-14 22:41:59,Jamesland,ZM,0
ACC003486,2026-09-14 22:41:59,Kerrview,BI,0
ACC002603,2026-09-14 22:41:59,Port Margaret,LS,1
ACC002667,2026-09-14 22:41:59,Ingramfurt,NG,0
ACC001278,2026-09-14 22:42:00,Khanville,ER,0
ACC003091,2026-09-14 22:42:00,Lake Patrickfort,MN,0
ACC000203,2026-09-14 22:42:00,New Beverly,PA,0
ACC000997,2026-09-14 22:42:00,Port Tonyatown,AF,0
ACC001119,2026-09-14 22:42:01,Lake Victorfurt,BJ,1
ACC001061,2026-09-14 22:42:01,Anthonyborough,NA,0
ACC000032,2026-09-14 22:42:01,North Wendytown,WS,0
ACC002232,2026-09-14 22:42:02,Port Shannontown,CR,0
ACC000567,2026-09-14 22:42:02,East Carlos,BG,0
ACC000267,2026-09-14 22:42:03,Stevenland,JO,0
ACC002002,2026-09-14 22:42:03,Port Keithton,IN,0
ACC003458,2026-09-14 22:42:04,Port Brian,CI,0
ACC003992,2026-09-14 22:42:04,Andersonton,PW,0
ACC000043,2026-09-14 22:42:04,Walkerton,PT,0
ACC001466,2026-09-14 22:42:04,Lake Joystad,IT,0
ACC004935,2026-09-14 22:42:05,Port Chase,SB,0
ACC002290,2026-09-14 22:42:05,Caldwelltown,IR,0
ACC000802,2026-09-14 22:42:05,New Jasonstad,GQ,0
ACC000470,2026-09-14 22:42:06,Nelsonside,IQ,0
ACC001844,2026-09-14 22:42:06,Kimberlyland,TW,0
ACC003462,2026-09-14 22:42:07,North Jeanette,MZ,0
ACC001748,2026-09-14 22:42:07,Lindaview,FR,0
ACC000084,2026-09-14 22:42:08,South Keithstad,CM,0
ACC003705,2026-09-14 22:42:08,West Spencer,KI,0
ACC002490,2026-09-14 22:42:08,Stevensstad,LT,0
ACC004572,2026-09-14 22:42:08,West Elizabethport,SM,0
ACC000280,2026-09-14 22:42:09,North Jimmy,SM,0
ACC000513,2026-09-14 22:42:09,Cruzmouth,BN,1
ACC003948,2026-09-14 22:42:09,South Amberville,AM,0
ACC001127,2026-09-14 22:42:09,Simmonsborough,DJ,0
ACC002089,2026-09-14 22:42:09,Port Jacquelineland,VU,0
ACC004278,2026-09-14 22:42:09,North Vanessa,FR,0
ACC001038,2026-09-14 22:42:10,Robertstad,EC,0
ACC003465,2026-09-14 22:42:11,Lake Aaron,WS,0
ACC004874,2026-09-14 22:42:11,Claudiamouth,KW,0
ACC004265,2026-09-14 22:42:12,Manningside,MD,0
ACC003808,2026-09-14 22:42:12,Douglasmouth,NP,0
ACC000536,2026-09-14 22:42:12,Port Audrey,JO,0
ACC000669,2026-09-14 22:42:12,Juarezfurt,BT,0
ACC002637,2026-09-14 22:42:13,New Jacobtown,UY,0
ACC004152,2026-09-14 22:42:13,Taylortown,RO,0
ACC001344,2026-09-14 22:42:14,Shanebury,BJ,0
ACC004131,2026-09-14 22:42:14,Jacksonland,YE,0
ACC004511,2026-09-14 22:42:14,Lauraport,ZW,0
ACC000512,2026-09-14 22:42:14,Vazquezberg,MZ,0
ACC001897,2026-09-14 22:42:15,West Arthurborough,MD,0
ACC000104,2026-09-14 22:42:15,Amandaland,BG,0
ACC001660,2026-09-14 22:42:15,New Alexisview,CR,0
ACC001033,2026-09-14 22:42:15,Leonstad,AL,0
ACC001723,2026-09-14 22:42:15,Port Ashleyhaven,IE,1
ACC003437,2026-09-14 22:42:15,Port Melissaton,GN,0
ACC004418,2026-09-14 22:42:16,South Amy,MW,0
ACC000412,2026-09-14 22:42:16,Port Nathanielside,TL,0
ACC002938,2026-09-14 22:42:16,Davidview,GM,0
ACC004889,2026-09-14 22:42:16,South Rebeccaside,MZ,0
ACC003784,2026-09-14 22:42:17,New Laurafort,BY,0
ACC004374,2026-09-14 22:42:18,West Rachelshire,MA,0
ACC001006,2026-09-14 22:42:18,Liview,EC,0
ACC004287,2026-09-14 22:42:18,North Robert,TV,0
ACC004520,2026-09-14 22:42:18,Hannahland,ES,0
ACC000619,2026-09-14 22:42:18,Wareton,AO,1
ACC002411,2026-09-14 22:42:18,Crystalchester,IT,0
ACC000897,2026-09-14 22:42:19,East Anna,TT,0
ACC002920,2026-09-14 22:42:19,West Kyle,TZ,0
ACC003732,2026-09-14 22:42:19,New Jessicaside,PY,0
ACC000392,2026-09-14 22:42:20,Marissaview,PW,0
ACC001662,2026-09-14 22:42:20,South Rebeccaside,EC,0
ACC000935,2026-09-14 22:42:20,North Feliciahaven,IE,0
ACC000698,2026-09-14 22:42:21,South Theresafurt,ZW,0
ACC002558,2026-09-14 22:42:22,Drewchester,UG,0
ACC000984,2026-09-14 22:42:22,Port Lisatown,US,0
ACC000208,2026-09-14 22:42:22,East Rita,HU,1
ACC000693,2026-09-14 22:42:23,Seanfurt,AF,0
ACC000076,2026-09-14 22:42:23,Port Monicamouth,PY,1
ACC002178,2026-09-14 22:42:23,Bakerborough,SK,0
ACC001255,2026-09-14 22:42:23,Joycemouth,BD,0
ACC004910,2026-09-14 22:42:24,West Johnshire,EC,0
ACC004264,2026-09-14 22:42:24,West Kevin,ER,0
ACC003874,2026-09-14 22:42:25,Carpenterland,KW,0
ACC004770,2026-09-14 22:42:25,Christinechester,TL,0
ACC003744,2026-09-14 22:42:25,Danielchester,PW,0
ACC002137,2026-09-14 22:42:25,New Virginia,LK,0
ACC002664,2026-09-14 22:42:25,Susanmouth,LA,0
ACC003665,2026-09-14 22:42:25,New Peter,LV,0
ACC001228,2026-09-14 22:42:26,Martinborough,BW,0
ACC003074,2026-09-14 22:42:26,North Darren,TT,0
ACC001084,2026-09-14 22:42:26,New Danieltown,CU,0
ACC003492,2026-09-14 22:42:26,East Marvinstad,TT,0
ACC003558,2026-09-14 22:42:26,Jenniferberg,SR,0
ACC003441,2026-09-14 22:42:26,Port Ronnie,BG,0
ACC001465,2026-09-14 22:42:26,East Jose,UG,0
ACC003163,2026-09-14 22:42:27,South Ana,JM,0
ACC000462,2026-09-14 22:42:28,Alexandriamouth,LI,0
ACC000042,2026-09-14 22:42:28,Jasmineville,MN,0
ACC004468,2026-09-14 22:42:29,Joanneside,ME,0
ACC003498,2026-09-14 22:42:29,West Michele,PL,0
ACC003898,2026-09-14 22:42:29,New Jaclyn,MD,0
ACC000357,2026-09-14 22:42:29,North Eric,PW,0
ACC002447,2026-09-14 22:42:29,Lake Evan,MW,0
ACC002294,2026-09-14 22:42:29,Chambersburgh,PA,0
ACC001168,2026-09-14 22:42:30,Port Carrie,EC,0
ACC003998,2026-09-14 22:42:30,Jenniferfort,DK,0
ACC001773,2026-09-14 22:42:30,Susanside,AR,0
ACC004619,2026-09-14 22:42:30,Kristyview,GN,0
ACC004292,2026-09-14 22:42:30,Leefurt,ST,0
ACC003466,2026-09-14 22:42:30,Laurashire,LB,0
ACC001406,2026-09-14 22:42:31,East Williamchester,CL,0
ACC001153,2026-09-14 22:42:31,Christinahaven,VN,0
ACC001163,2026-09-14 22:42:32,Robertview,GA,1
ACC002500,2026-09-14 22:42:32,Lake Charleston,FJ,0
ACC000449,2026-09-14 22:42:33,Crosbyview,MU,0
ACC004341,2026-09-14 22:42:33,Fordburgh,UG,1
ACC000009,2026-09-14 22:42:33,Mcdonaldport,NI,0
ACC004794,2026-09-14 22:42:33,South Josestad,MU,0
ACC000175,2026-09-14 22:42:34,South Michelle,GT,0
ACC002366,2026-09-14 22:42:35,East Stevenhaven,ET,1
ACC002153,2026-09-14 22:42:35,North Christian,NZ,0
ACC002183,2026-09-14 22:42:35,Andrewmouth,BI,0
ACC004898,2026-09-14 22:42:36,Port Dennis,MN,0
ACC002757,2026-09-14 22:42:36,Ronaldberg,PY,1
ACC001306,2026-09-14 22:42:37,Traceyberg,ME,0
ACC003465,2026-09-14 22:42:38,East Regina,CG,0
ACC002158,2026-09-14 22:42:39,Lake Kennethview,BB,0
ACC001551,2026-09-14 22:42:39,South Davidborough,DM,0
ACC001010,2026-09-14 22:42:39,South Rickey,HR,1
ACC003510,2026-09-14 22:42:39,New Randallberg,CR,1
ACC002833,2026-09-14 22:42:40,Port Christineport,PS,0
ACC003799,2026-09-14 22:42:40,Ethanbury,SK,0
ACC004323,2026-09-14 22:42:40,Jaimechester,ZW,0
ACC000427,2026-09-14 22:42:40,South Carla,BD,0
ACC001574,2026-09-14 22:42:41,Lake Melissa,DO,0
ACC004191,2026-09-14 22:42:41,Batestown,VA,0
ACC000714,2026-09-14 22:42:41,Mannmouth,CY,0
ACC001607,2026-09-14 22:42:41,Ricardoside,NA,0
ACC001444,2026-09-14 22:42:42,Byrdburgh,BJ,0
ACC002073,2026-09-14 22:42:42,Carmenfurt,EC,1
ACC000644,2026-09-14 22:42:42,South Cynthia,KE,0
ACC004500,2026-09-14 22:42:42,East Crystalchester,SC,0
ACC000474,2026-09-14 22:42:43,New Brandonland,AZ,0
ACC002331,2026-09-14 22:42:43,Ayalafurt,FM,0
ACC004995,2026-09-14 22:42:43,Chloeland,HU,0
ACC004777,2026-09-14 22:42:43,Gonzalezchester,HT,0
ACC001697,2026-09-14 22:42:43,Aguilarbury,MX,0
ACC001358,2026-09-14 22:42:44,Debrahaven,PE,0
ACC002663,2026-09-14 22:42:44,North Jayport,MH,0
ACC002057,2026-09-14 22:42:44,Lake Kevin,AG,0
ACC000990,2026-09-14 22:42:44,West Michaelport,FI,0
ACC003770,2026-09-14 22:42:45,Lake Don,CH,1
ACC000036,2026-09-14 22:42:45,Thomashaven,SB,0
ACC003882,2026-09-14 22:42:45,South Adam,ET,1
ACC000696,2026-09-14 22:42:45,Michaelview,AT,0
ACC002763,2026-09-14 22:42:46,North Susanland,AU,1
ACC001302,2026-09-14 22:42:46,Bonniestad,MD,0
ACC001310,2026-09-14 22:42:46,Gabrielaburgh,RS,0
ACC003966,2026-09-14 22:42:47,Dianaville,ZA,0
ACC002991,2026-09-14 22:42:47,Johnsontown,AO,0
ACC003314,2026-09-14 22:42:48,Thomasport,NA,1
ACC004394,2026-09-14 22:42:48,East Johnstad,TR,0
ACC001966,2026-09-14 22:42:48,Katherineview,DM,0
ACC004535,2026-09-14 22:42:49,West Catherine,LY,1
ACC004308,2026-09-14 22:42:49,Christopherfurt,PK,0
ACC000591,2026-09-14 22:42:49,Briannachester,GM,0
ACC002192,2026-09-14 22:42:49,Brownview,WS,0
ACC003007,2026-09-14 22:42:50,Solisside,GD,0
ACC001076,2026-09-14 22:42:50,Fowlerton,ZA,0
ACC003733,2026-09-14 22:42:50,New Ethan,ER,0
ACC004455,2026-09-14 22:42:50,South Cynthiaton,YE,0
ACC002207,2026-09-14 22:42:51,Port Zachary,BA,0
ACC002726,2026-09-14 22:42:51,Ryanbury,FM,0
ACC003745,2026-09-14 22:42:51,West Alexanderville,ES,0
ACC002010,2026-09-14 22:42:51,Lake Johnhaven,SR,0
ACC003067,2026-09-14 22:42:51,New Anthony,RO,0
ACC004084,2026-09-14 22:42:52,Castilloberg,FR,0
ACC004468,2026-09-14 22:42:52,West Danielburgh,NR,0
ACC003069,2026-09-14 22:42:52,Port Stephaniefort,AZ,0
ACC002552,2026-09-14 22:42:52,Port Joshuabury,MC,0
ACC002631,2026-09-14 22:42:52,New Edward,GN,1
ACC003923,2026-09-14 22:42:53,Ruizhaven,EE,0
ACC004877,2026-09-14 22:42:53,Lake Erin,VE,0
ACC003906,2026-09-14 22:42:55,Port Brenda,SM,0
ACC002695,2026-09-14 22:42:55,North Toddberg,BD,0
ACC004904,2026-09-14 22:42:55,New Davidfurt,BT,0
ACC004905,2026-09-14 22:42:55,Prattfurt,AU,0
ACC004725,2026-09-14 22:42:55,Keithland,NZ,0
ACC001382,2026-09-14 22:42:55,Jonesstad,BS,0
ACC001282,2026-09-14 22:42:56,Russellbury,TT,0
ACC000467,2026-09-14 22:42:56,Brownfort,TM,0
ACC002339,2026-09-14 22:42:56,Kelseymouth,HT,0
ACC001735,2026-09-14 22:42:56,Fletcherchester,CG,0
ACC000240,2026-09-14 22:42:56,Michelleberg,MV,0
ACC003828,2026-09-14 22:42:56,Victoriashire,ZM,0
ACC003300,2026-09-14 22:42:57,West Kennethborough,TH,0
ACC002487,2026-09-14 22:42:58,Lake Dannyport,SL,0
ACC000149,2026-09-14 22:42:59,Fowlerfort,CO,0
ACC000036,2026-09-14 22:42:59,Port Rebecca,TT,0
ACC001929,2026-09-14 22:42:59,North Ana,UA,0
ACC001398,2026-09-14 22:42:59,Michaelfurt,BT,0
ACC002218,2026-09-14 22:42:59,West Rodneyland,DM,0
ACC004157,2026-09-14 22:43:00,Lake Maryport,AU,0
ACC002448,2026-09-14 22:43:00,Kingmouth,TG,0
ACC000764,2026-09-14 22:43:00,Barnesstad,BE,0
ACC001532,2026-09-14 22:43:00,East Kellytown,BF,0
ACC004178,2026-09-14 22:43:00,Jonesland,UY,0
ACC002951,2026-09-14 22:43:00,Comptonstad,OM,0
ACC003228,2026-09-14 22:43:00,Hillside,CN,0
ACC001761,2026-09-14 22:43:01,South Amy,QA,0
ACC004581,2026-09-14 22:43:01,Port Jeffery,BH,0
ACC001927,2026-09-14 22:43:02,Erinstad,CF,0
ACC004318,2026-09-14 22:43:02,Welchport,SC,0
ACC002858,2026-09-14 22:43:03,Bergton,AG,0
ACC003989,2026-09-14 22:43:04,Michelleburgh,BB,0
ACC004270,2026-09-14 22:43:04,West Steven,BT,1
ACC003622,2026-09-14 22:43:04,East Jonathanton,LV,0
ACC004388,2026-09-14 22:43:05,East Jennifer,MW,0
ACC004875,2026-09-14 22:43:05,Julieland,MG,0
ACC001036,2026-09-14 22:43:05,Benjaminchester,AL,0
ACC003988,2026-09-14 22:43:05,New Sarah,GE,0
ACC001855,2026-09-14 22:43:06,Tamaraburgh,VU,0
ACC002511,2026-09-14 22:43:06,Pamelafort,SR,0
ACC004817,2026-09-14 22:43:06,Lake Jamesborough,MK,1
ACC000298,2026-09-14 22:43:06,New Kevin,PW,1
ACC002508,2026-09-14 22:43:06,East Cynthialand,UA,0
ACC000670,2026-09-14 22:43:06,Reillyfurt,CZ,0
ACC000343,2026-09-14 22:43:07,South Rodney,IR,0
ACC000180,2026-09-14 22:43:07,Downsmouth,BS,0
ACC000838,2026-09-14 22:43:07,Port Joshua,TN,0
ACC001914,2026-09-14 22:43:07,Danielleville,NZ,0
ACC004146,2026-09-14 22:43:08,South Paul,DK,0
ACC003845,2026-09-14 22:43:08,East Paul,TJ,0
ACC003027,2026-09-14 22:43:08,Gomezmouth,LU,0
ACC001025,2026-09-14 22:43:08,Orrview,ES,0
ACC002117,2026-09-14 22:43:09,New Kelsey,LS,0
ACC002791,2026-09-14 22:43:09,Patriciaton,SO,0
ACC000378,2026-09-14 22:43:10,East Michael,PL,0
ACC000682,2026-09-14 22:43:10,Port Triciastad,AT,0
ACC001929,2026-09-14 22:43:10,North Annmouth,ML,1
ACC001048,2026-09-14 22:43:10,Pageburgh,IQ,0
ACC001943,2026-09-14 22:43:11,Reneeport,LU,0
ACC002043,2026-09-14 22:43:11,New John,KN,0
ACC003889,2026-09-14 22:43:11,Sanchezberg,MU,0
ACC002196,2026-09-14 22:43:12,Williamside,CR,0
ACC002538,2026-09-14 22:43:12,South Keithberg,IR,0
ACC000113,2026-09-14 22:43:12,South Kimberly,ZM,0
ACC004470,2026-09-14 22:43:13,East David,LU,0
ACC001999,2026-09-14 22:43:13,Julieview,CD,0
ACC002630,2026-09-14 22:43:13,Lawrencefort,HT,0
ACC004185,2026-09-14 22:43:13,South Kristinamouth,TO,0
ACC001365,2026-09-14 22:43:13,Maryshire,PE,0
ACC000427,2026-09-14 22:43:13,East Allisonberg,IQ,0
ACC002460,2026-09-14 22:43:13,Lake Ashley,MD,0
ACC000238,2026-09-14 22:43:14,Copelandfort,MT,1
ACC000505,2026-09-14 22:43:14,South Elizabeth,BH,0
ACC004836,2026-09-14 22:43:14,South Davidport,TJ,0
ACC003981,2026-09-14 22:43:14,New Jesse,EC,0
ACC000818,2026-09-14 22:43:15,Port Devinstad,KR,0
ACC004744,2026-09-14 22:43:15,Port Kristinemouth,BG,0
ACC003222,2026-09-14 22:43:15,North Deanna,CR,0
ACC000792,2026-09-14 22:43:15,North Cheryl,PS,0
ACC002584,2026-09-14 22:43:16,Robinville,ZM,0
ACC003077,2026-09-14 22:43:16,Lake Matthewstad,KE,0
ACC001804,2026-09-14 22:43:16,Hernandezmouth,HU,0
ACC000609,2026-09-14 22:43:16,Port Donaldtown,KH,0
ACC000121,2026-09-14 22:43:17,Laurenhaven,AO,0
ACC002170,2026-09-14 22:43:18,West Miguel,TL,0
ACC001485,2026-09-14 22:43:18,New Stephanie,MH,0
ACC004475,2026-09-14 22:43:19,Randolphton,SI,0
ACC000239,2026-09-14 22:43:19,Kimberlymouth,LS,0
ACC003487,2026-09-14 22:43:19,Port Lydia,RW,0
ACC004658,2026-09-14 22:43:19,New Donna,SR,0
ACC003780,2026-09-14 22:43:20,Anthonyhaven,TW,0
ACC004010,2026-09-14 22:43:20,East Emily,KZ,0
ACC004493,2026-09-14 22:43:20,Spencerchester,BY,0
ACC004000,2026-09-14 22:43:20,Moralesview,SA,0
ACC004383,2026-09-14 22:43:20,East Paulhaven,PH,0
ACC004298,2026-09-14 22:43:21,North Crystalton,GT,1
ACC001728,2026-09-14 22:43:21,North Spencer,EG,0
ACC003170,2026-09-14 22:43:21,West Rachelport,IR,0
ACC003516,2026-09-14 22:43:21,South Anne,GR,0
ACC000423,2026-09-14 22:43:21,South John,PS,0
ACC002036,2026-09-14 22:43:21,New Laura,MN,0
ACC002623,2026-09-14 22:43:22,Websterburgh,KE,0
ACC003710,2026-09-14 22:43:22,Cruzbury,AT,0
ACC003953,2026-09-14 22:43:22,Wellsbury,GH,0
ACC003838,2026-09-14 22:43:22,Robinsonmouth,GQ,0
ACC002564,2026-09-14 22:43:22,Nicoleside,AF,0
ACC001266,2026-09-14 22:43:23,Port Regina,KR,0
ACC000616,2026-09-14 22:43:23,Scottstad,CU,0
ACC000173,2026-09-14 22:43:23,Port Karlton,IS,0
ACC002309,2026-09-14 22:43:24,Josetown,US,0
ACC003185,2026-09-14 22:43:24,East Sydney,PW,0
ACC004544,2026-09-14 22:43:24,East Roger,IQ,0
ACC000362,2026-09-14 22:43:25,Taylormouth,AE,0
ACC003651,2026-09-14 22:43:25,Andreaberg,SL,0
ACC004220,2026-09-14 22:43:25,Rhondafort,NR,0
ACC000448,2026-09-14 22:43:25,Bethstad,TO,0
ACC003812,2026-09-14 22:43:25,North Kimberly,SN,0
ACC004873,2026-09-14 22:43:25,New Patrick,MV,1
ACC000049,2026-09-14 22:43:26,Morganport,AZ,0
ACC003606,2026-09-14 22:43:26,South Cody,AL,0
ACC003476,2026-09-14 22:43:26,Port Nicole,KN,0
ACC004921,2026-09-14 22:43:27,Andersonhaven,ST,0
ACC004280,2026-09-14 22:43:27,Samanthaside,BS,0
ACC000315,2026-09-14 22:43:27,Wendyburgh,SG,0
ACC002856,2026-09-14 22:43:27,Port Ronald,TT,0
ACC004425,2026-09-14 22:43:27,Colleenfurt,GY,0
ACC003604,2026-09-14 22:43:27,New Courtneyburgh,CV,0
ACC001791,2026-09-14 22:43:28,New Lindsey,FR,0
ACC003397,2026-09-14 22:43:28,Jamestown,MX,1
ACC003274,2026-09-14 22:43:28,Port Tammy,MM,0
ACC004791,2026-09-14 22:43:29,North Tina,SK,0
ACC001334,2026-09-14 22:43:30,Richardside,TW,0
ACC003405,2026-09-14 22:43:30,Shawntown,QA,0
ACC003464,2026-09-14 22:43:30,Juliestad,FR,0
ACC001959,2026-09-14 22:43:30,Mayston,ML,0
ACC004616,2026-09-14 22:43:30,New Bryan,ES,0
ACC003860,2026-09-14 22:43:31,Kimberlyborough,TN,0
ACC003859,2026-09-14 22:43:31,North Ginashire,QA,0
ACC001964,2026-09-14 22:43:31,North Lisahaven,KW,0
ACC002691,2026-09-14 22:43:31,South Andreamouth,SL,0
ACC004784,2026-09-14 22:43:31,South Tiffanyburgh,CV,0
ACC001340,2026-09-14 22:43:31,Lake Shawnafort,HN,0
ACC000986,2026-09-14 22:43:31,Port Davidview,CY,0
ACC004949,2026-09-14 22:43:31,East Jonathanside,EE,1
ACC001479,2026-09-14 22:43:31,West Stacy,ES,0
ACC004272,2026-09-14 22:43:32,New Brandymouth,FM,0
ACC001821,2026-09-14 22:43:32,Cummingsburgh,CF,1
ACC000676,2026-09-14 22:43:32,Jasonport,MM,0
ACC004008,2026-09-14 22:43:32,Patriciahaven,GD,0
ACC003912,2026-09-14 22:43:32,Rodneyborough,TZ,1
ACC004194,2026-09-14 22:43:32,North Brent,LC,0
ACC003411,2026-09-14 22:43:33,North Kelsey,SM,0
ACC003820,2026-09-14 22:43:33,Wardmouth,RS,0
ACC002559,2026-09-14 22:43:34,Brooksshire,FJ,0
ACC004267,2026-09-14 22:43:34,Lake Danielleton,SO,0
ACC002961,2026-09-14 22:43:34,South Rachelbury,EE,0
ACC004607,2026-09-14 22:43:34,Port Davidborough,CH,0
ACC002132,2026-09-14 22:43:35,Jonesport,ER,0
ACC001531,2026-09-14 22:43:35,Lisamouth,SI,0
ACC000671,2026-09-14 22:43:35,Carlshire,ME,0
ACC002171,2026-09-14 22:43:36,Travischester,AD,1
ACC001048,2026-09-14 22:43:36,South Melissa,TH,0
ACC002786,2026-09-14 22:43:37,Andrewstad,LC,0
ACC001346,2026-09-14 22:43:38,Lake Michael,NO,0
ACC004001,2026-09-14 22:43:38,South James,UG,0
ACC001479,2026-09-14 22:43:38,Robinsonland,PA,0
ACC001825,2026-09-14 22:43:38,Lake Toddfurt,VC,0
ACC003554,2026-09-14 22:43:39,West Kristen,GN,0
ACC004389,2026-09-14 22:43:39,Crosbyhaven,BE,0
ACC004969,2026-09-14 22:43:39,North Michael,MD,0
ACC001154,2026-09-14 22:43:39,Smithshire,AL,0
ACC001230,2026-09-14 22:43:40,New Olivia,KN,0
ACC003795,2026-09-14 22:43:40,Port Claudiahaven,CD,0
ACC000578,2026-09-14 22:43:40,Leeville,MY,1
ACC003739,2026-09-14 22:43:40,Kyleborough,VN,0
ACC000086,2026-09-14 22:43:40,Gilbertville,CI,0
ACC000861,2026-09-14 22:43:41,South Debbiebury,KG,0
ACC004568,2026-09-14 22:43:41,New Melissa,MM,0
ACC002172,2026-09-14 22:43:41,Arnoldstad,IL,0
ACC003174,2026-09-14 22:43:41,Camposborough,MM,0
ACC000464,2026-09-14 22:43:41,Port Rachel,NR,0
ACC000184,2026-09-14 22:43:42,Scottview,NE,0
ACC001884,2026-09-14 22:43:43,New Jerryborough,CG,0
ACC002726,2026-09-14 22:43:43,Lake Christy,UA,1
ACC002587,2026-09-14 22:43:43,Ruizville,SY,0
ACC003460,2026-09-14 22:43:43,New Davidfurt,BI,0
ACC004800,2026-09-14 22:43:44,Beanfurt,VE,0
ACC001252,2026-09-14 22:43:44,Pattonport,LB,0
ACC001069,2026-09-14 22:43:45,North Jenniferport,UA,0
ACC003125,2026-09-14 22:43:45,Bauermouth,DZ,0
ACC001410,2026-09-14 22:43:45,West Angelaberg,LY,0
ACC003051,2026-09-14 22:43:45,Lake Juan,CD,0
ACC002303,2026-09-14 22:43:45,Raychester,BH,0
ACC004453,2026-09-14 22:43:45,North Belinda,AU,0
ACC003647,2026-09-14 22:43:45,West Michaelport,AF,0
ACC003961,2026-09-14 22:43:46,Jordanmouth,EE,1
ACC001803,2026-09-14 22:43:46,Timothytown,CR,1
ACC004222,2026-09-14 22:43:46,Port Donna,BF,0
ACC002524,2026-09-14 22:43:47,West Maurice,MC,0
ACC001963,2026-09-14 22:43:47,Raventon,SY,0
ACC004118,2026-09-14 22:43:47,Andrewstad,LV,0
ACC002009,2026-09-14 22:43:47,West Bethville,SO,0
ACC003460,2026-09-14 22:43:47,Jamesfort,LR,0
ACC003905,2026-09-14 22:43:48,North Ashley,CZ,0
ACC002765,2026-09-14 22:43:48,Perkinsbury,EG,0
ACC004532,2026-09-14 22:43:48,Hollyburgh,GE,1
ACC004164,2026-09-14 22:43:49,North Mackenzieland,TO,0
ACC001557,2026-09-14 22:43:49,Rhodesborough,AE,0
ACC000913,2026-09-14 22:43:49,Sandrahaven,GD,0
ACC001787,2026-09-14 22:43:50,Elizabethstad,GY,0
ACC001901,2026-09-14 22:43:51,New Amandaberg,BN,0
ACC003008,2026-09-14 22:43:51,Port Richardside,AU,0
ACC001864,2026-09-14 22:43:51,Lake Michelleburgh,PW,0
ACC001839,2026-09-14 22:43:52,Brandonview,PY,0
ACC000039,2026-09-14 22:43:52,Spencerbury,BR,0
ACC002302,2026-09-14 22:43:52,Lake Mary,KI,0
ACC004926,2026-09-14 22:43:52,Lake Judithside,SA,0
ACC003214,2026-09-14 22:43:54,Daisymouth,MM,0
ACC001264,2026-09-14 22:43:54,Mariahaven,KP,0
ACC001696,2026-09-14 22:43:54,Chanport,VE,0
ACC000462,2026-09-14 22:43:55,West Richardfurt,KH,0
ACC002702,2026-09-14 22:43:56,North Maureenland,VC,0
ACC004529,2026-09-14 22:43:56,Cohenville,MK,0
ACC002754,2026-09-14 22:43:56,Lake Davidton,PT,0
ACC004595,2026-09-14 22:43:57,Lake Christine,IQ,0
ACC002700,2026-09-14 22:43:57,North Danny,PY,0
ACC002876,2026-09-14 22:43:57,Markstad,KR,0
ACC004134,2026-09-14 22:43:57,Lake Ashleyshire,YE,0
ACC003265,2026-09-14 22:43:58,New Brian,MZ,0
ACC002518,2026-09-14 22:43:58,East Justin,GQ,0
ACC000000,2026-09-14 22:43:58,North Christian,MU,0
ACC000989,2026-09-14 22:43:59,Floresfurt,KP,0
ACC004109,2026-09-14 22:43:59,Michaelafort,SE,0
ACC001769,2026-09-14 22:43:59,Parkhaven,DO,1
ACC003471,2026-09-14 22:44:00,Thomasville,NI,0
ACC003004,2026-09-14 22:44:00,Shaneport,UA,0
ACC004191,2026-09-14 22:44:01,Callahanfort,MX,0
ACC004997,2026-09-14 22:44:01,Josephberg,BO,0
ACC004002,2026-09-14 22:44:02,Johnstonland,MZ,0
ACC002590,2026-09-14 22:44:02,East Megan,SL,0
ACC001076,2026-09-14 22:44:02,Zamorastad,MX,0
ACC000353,2026-09-14 22:44:02,Lake Christineborough,IQ,0
ACC002248,2026-09-14 22:44:02,Lake Nicole,SO,1
ACC004024,2026-09-14 22:44:03,Patriciatown,AZ,0
ACC001757,2026-09-14 22:44:04,Christianfort,GE,1
ACC002485,2026-09-14 22:44:05,South Justin,QA,0
ACC000873,2026-09-14 22:44:05,Larryview,LI,0
ACC000650,2026-09-14 22:44:05,Duffymouth,ER,0
ACC003024,2026-09-14 22:44:06,South Amanda,BG,0
ACC002140,2026-09-14 22:44:06,Carolinefort,MY,0
ACC002411,2026-09-14 22:44:06,East Billyland,AG,0
ACC000761,2026-09-14 22:44:07,Lake Brianshire,QA,0
ACC001898,2026-09-14 22:44:07,Smithbury,ZA,0
ACC004624,2026-09-14 22:44:08,North James,MD,0
ACC002056,2026-09-14 22:44:09,East James,CL,0
ACC002146,2026-09-14 22:44:09,Dixonmouth,TD,0
ACC000882,2026-09-14 22:44:09,North Jennifertown,KZ,0
ACC004455,2026-09-14 22:44:10,Heatherberg,PE,0
ACC003808,2026-09-14 22:44:10,Mollybury,LY,0
ACC004734,2026-09-14 22:44:10,East William,GE,0
ACC001396,2026-09-14 22:44:10,Port Caitlynmouth,LV,0
ACC000191,2026-09-14 22:44:10,West Dianaborough,IS,1
ACC003266,2026-09-14 22:44:10,Meghanchester,MC,0
ACC004114,2026-09-14 22:44:11,South Richardton,CD,0
ACC002114,2026-09-14 22:44:11,Andrewtown,CF,0
ACC002344,2026-09-14 22:44:12,Mcdowellberg,ZA,0
ACC003485,2026-09-14 22:44:13,West Christophertown,BY,0
ACC001652,2026-09-14 22:44:13,Sabrinaberg,CG,0
ACC001974,2026-09-14 22:44:14,South Marioberg,IQ,0
ACC000826,2026-09-14 22:44:14,West Josephshire,IQ,0
ACC004432,2026-09-14 22:44:14,Port Jeffreyshire,NE,1
ACC000286,2026-09-14 22:44:15,Port Heathermouth,AR,0
ACC004322,2026-09-14 22:44:15,Port Mariachester,CO,0
ACC002441,2026-09-14 22:44:16,Beckton,IQ,0
ACC000243,2026-09-14 22:44:16,Port Ericside,LK,0
ACC000081,2026-09-14 22:44:17,West Heatherborough,UZ,0
ACC001160,2026-09-14 22:44:17,New Tarafurt,NA,0
ACC001430,2026-09-14 22:44:17,Danielchester,LS,0
ACC001176,2026-09-14 22:44:17,East Emily,GT,0
ACC003953,2026-09-14 22:44:17,East Melanieport,JO,0
ACC000015,2026-09-14 22:44:18,Jamesborough,IN,0
ACC000701,2026-09-14 22:44:18,Lake Gregg,TV,0
ACC002500,2026-09-14 22:44:18,West Jenniferburgh,ID,0
ACC004744,2026-09-14 22:44:18,Kathleenberg,TM,0
ACC000089,2026-09-14 22:44:19,East Sandra,EG,1
ACC002649,2026-09-14 22:44:19,South Jennifer,GY,1
ACC000690,2026-09-14 22:44:20,North Ronnieville,MG,1
ACC004078,2026-09-14 22:44:21,Collinshaven,BY,0
ACC001284,2026-09-14 22:44:21,West Angela,SK,0
ACC004151,2026-09-14 22:44:21,Alexville,TH,1
ACC002328,2026-09-14 22:44:21,East Ashleymouth,TH,1
ACC002962,2026-09-14 22:44:21,New Jamesland,SO,0
ACC004488,2026-09-14 22:44:21,Maxwellmouth,SE,0
ACC000855,2026-09-14 22:44:21,Cookton,PE,0
ACC002504,2026-09-14 22:44:22,East Jasonburgh,DM,0
ACC001250,2026-09-14 22:44:22,East Lori,IN,0
ACC001652,2026-09-14 22:44:23,Port Andremouth,SY,0
ACC004173,2026-09-14 22:44:23,North Williammouth,CD,0
ACC000974,2026-09-14 22:44:23,Carterville,BJ,0
ACC002852,2026-09-14 22:44:23,Walterport,BY,0
ACC002495,2026-09-14 22:44:23,Serranoberg,JP,0
ACC003352,2026-09-14 22:44:23,Laurenfurt,CA,0
ACC002422,2026-09-14 22:44:24,Monicaburgh,TN,0
ACC001190,2026-09-14 22:44:24,Laurieport,TN,0
ACC002878,2026-09-14 22:44:24,Moyerhaven,UG,0
ACC000454,2026-09-14 22:44:24,New Natalieshire,TH,0
ACC003486,2026-09-14 22:44:25,Randallstad,RO,0
ACC004558,2026-09-14 22:44:25,Waltonshire,GR,0
ACC003285,2026-09-14 22:44:25,Port Ericfurt,MD,0
ACC004218,2026-09-14 22:44:26,West Erikaborough,IR,0
ACC004567,2026-09-14 22:44:26,Port Brittany,HU,0
ACC004189,2026-09-14 22:44:26,Matthewside,BH,0
ACC004681,2026-09-14 22:44:26,Johnport,SL,0
ACC003658,2026-09-14 22:44:27,Ashleyhaven,BJ,0
ACC002933,2026-09-14 22:44:28,Patrickstad,KN,0
ACC000852,2026-09-14 22:44:29,Williamschester,PE,0
ACC003716,2026-09-14 22:44:30,Lake Victoriaberg,AU,0
ACC000896,2026-09-14 22:44:30,Lake Evan,NL,0
ACC003626,2026-09-14 22:44:30,West Jerry,CM,0
ACC000317,2026-09-14 22:44:30,Wayneland,KM,0
ACC004941,2026-09-14 22:44:31,West Jasonside,BA,0
ACC002792,2026-09-14 22:44:31,East Brittanyburgh,AM,0
ACC004179,2026-09-14 22:44:32,Garciachester,DK,0
ACC000554,2026-09-14 22:44:32,West Ryanmouth,KP,0
ACC004415,2026-09-14 22:44:32,North Blake,LS,0
ACC002463,2026-09-14 22:44:32,South Shelleyburgh,KZ,0
ACC004332,2026-09-14 22:44:33,Port Robertside,BR,0
ACC002462,2026-09-14 22:44:33,Collinshaven,BO,0
ACC001948,2026-09-14 22:44:33,Wongville,KE,0
ACC002105,2026-09-14 22:44:33,West Richard,JM,0
ACC002377,2026-09-14 22:44:34,Robertfort,RS,0
ACC000102,2026-09-14 22:44:34,Hillchester,ER,0
ACC002231,2026-09-14 22:44:34,Smithview,GT,0
ACC003439,2026-09-14 22:44:34,Douglasfort,NZ,0
ACC004936,2026-09-14 22:44:35,Lake John,JO,0
ACC004933,2026-09-14 22:44:35,Katrinamouth,TJ,0
ACC003956,2026-09-14 22:44:35,North Christopher,DK,0
ACC000956,2026-09-14 22:44:35,West Matthew,FM,0
ACC001932,2026-09-14 22:44:35,Benjaminbury,JP,0
ACC004670,2026-09-14 22:44:35,North Davidmouth,AL,0
ACC001702,2026-09-14 22:44:36,South Carmenmouth,EG,0
ACC000840,2026-09-14 22:44:36,Moniqueberg,GY,0
ACC003366,2026-09-14 22:44:37,Lake Brandonmouth,NL,1
ACC000349,2026-09-14 22:44:37,New Brandonborough,RO,0
ACC002959,2026-09-14 22:44:38,Port Wesleyport,KW,0
ACC000819,2026-09-14 22:44:38,New Cody,BF,0
ACC000734,2026-09-14 22:44:38,Orrchester,MA,0
ACC002500,2026-09-14 22:44:38,Port Stevenberg,NI,0
ACC000836,2026-09-14 22:44:38,Port Carrie,GR,0
ACC001439,2026-09-14 22:44:39,Lake Melissaburgh,BW,0
ACC003352,2026-09-14 22:44:39,Lake Ernestburgh,RO,0
ACC004197,2026-09-14 22:44:39,West Kenneth,UA,0
ACC000496,2026-09-14 22:44:39,Smithside,CY,0
ACC003311,2026-09-14 22:44:40,Lake Sheilashire,TG,0
ACC003973,2026-09-14 22:44:40,Lake Traceyview,DK,0
ACC003818,2026-09-14 22:44:41,New Kaylee,PS,0
ACC000698,2026-09-14 22:44:41,New William,BD,0
ACC003221,2026-09-14 22:44:41,West Faithborough,AF,0
ACC003529,2026-09-14 22:44:41,Lake Donna,NP,0
ACC004827,2026-09-14 22:44:42,Jasminetown,UA,0
ACC003621,2026-09-14 22:44:42,Smithmouth,ER,0
ACC002488,2026-09-14 22:44:43,New Timothy,ML,0
ACC000369,2026-09-14 22:44:43,Susanport,SE,0
ACC003441,2026-09-14 22:44:43,Millertown,SK,1
ACC000691,2026-09-14 22:44:43,New Jordan,LT,0
ACC003186,2026-09-14 22:44:43,South Stevenhaven,LB,0
ACC000839,2026-09-14 22:44:44,Daniellemouth,LS,0
ACC004345,2026-09-14 22:44:44,Baileyport,NG,0
ACC003940,2026-09-14 22:44:44,Josephmouth,CV,0
ACC001863,2026-09-14 22:44:45,North Andrew,TN,0
ACC000026,2026-09-14 22:44:45,Bryanton,GN,0
ACC004450,2026-09-14 22:44:45,Kelleyport,TG,0
ACC000550,2026-09-14 22:44:46,Michaelburgh,KM,0
ACC000113,2026-09-14 22:44:46,Smithville,CU,0
ACC002196,2026-09-14 22:44:46,Douglasmouth,KE,1
ACC002605,2026-09-14 22:44:46,New William,CO,0
ACC003787,2026-09-14 22:44:47,Williammouth,GW,0
ACC000385,2026-09-14 22:44:47,Richardsonchester,BF,0
ACC001794,2026-09-14 22:44:47,East Danielhaven,UA,0
ACC004825,2026-09-14 22:44:47,Port Julieview,CV,0
ACC004681,2026-09-14 22:44:47,Lake Dawn,BB,0
ACC002376,2026-09-14 22:44:48,Lake Devonberg,SD,0
ACC003162,2026-09-14 22:44:48,Lake Jeffrey,PL,0
ACC003318,2026-09-14 22:44:49,West Triciahaven,NE,0
ACC004551,2026-09-14 22:44:49,New Garyfurt,SK,0
ACC001242,2026-09-14 22:44:49,Port Bettyberg,ES,0
ACC001199,2026-09-14 22:44:50,West Kevin,TV,0
ACC002932,2026-09-14 22:44:50,New Amandafurt,SG,0
ACC003904,2026-09-14 22:44:50,East Amber,AL,0
ACC003093,2026-09-14 22:44:51,West Denise,KG,0
ACC001877,2026-09-14 22:44:51,Reginaburgh,SG,0
ACC003934,2026-09-14 22:44:51,Lake Tammieview,SM,1
ACC001330,2026-09-14 22:44:51,East John,LS,0
ACC002688,2026-09-14 22:44:51,North Jaime,IL,0
ACC004426,2026-09-14 22:44:52,Krauseton,TO,0
ACC001357,2026-09-14 22:44:53,Natashaville,CN,0
ACC001251,2026-09-14 22:44:53,West Chad,MD,0
ACC004121,2026-09-14 22:44:53,Hestershire,ML,1
ACC001141,2026-09-14 22:44:53,New Michael,KP,0
ACC000117,2026-09-14 22:44:53,Jenniferbury,MV,0
ACC003651,2026-09-14 22:44:54,Lake Kelsey,ZM,0
ACC001721,2026-09-14 22:44:55,New Jade,PK,0
ACC003904,2026-09-14 22:44:55,Morganport,ST,0
ACC002311,2026-09-14 22:44:55,Lake Dennis,TL,0
ACC002146,2026-09-14 22:44:55,Wolfeshire,NP,0
ACC000503,2026-09-14 22:44:55,Evansburgh,NR,0
ACC003877,2026-09-14 22:44:55,Castillomouth,CF,0
ACC002021,2026-09-14 22:44:56,West Lesliefort,EG,0
ACC000976,2026-09-14 22:44:56,Conleyburgh,ID,1
ACC001870,2026-09-14 22:44:56,Gouldview,KG,0
ACC004083,2026-09-14 22:44:56,South Anitaland,MC,0
ACC002599,2026-09-14 22:44:56,New Anthonyville,TT,0
ACC004618,2026-09-14 22:44:56,New Williamville,LU,0
ACC004839,2026-09-14 22:44:56,North Georgefort,QA,1
ACC003990,2026-09-14 22:44:57,North Sharonville,ES,0
ACC001636,2026-09-14 22:44:57,North Sallyshire,RO,0
ACC002668,2026-09-14 22:44:58,New Pamelafort,IQ,0
ACC002694,2026-09-14 22:44:58,Lake Karen,SG,1
ACC000939,2026-09-14 22:44:58,Port Jonathanfurt,VN,0
ACC003820,2026-09-14 22:44:58,East Ronald,ZA,0
ACC002605,2026-09-14 22:44:59,Grayshire,SN,0
ACC002373,2026-09-14 22:44:59,West Jorge,IR,0
ACC004079,2026-09-14 22:45:00,North Paige,TH,0
ACC001483,2026-09-14 22:45:00,West Aprilside,US,0
ACC004786,2026-09-14 22:45:01,New Jonathan,ST,0
ACC004583,2026-09-14 22:45:01,Lake Natashaberg,LY,0
ACC000040,2026-09-14 22:45:01,Daniellestad,LA,1
ACC001851,2026-09-14 22:45:02,Aguirreton,PA,0
ACC004440,2026-09-14 22:45:02,Foxfort,MD,1
ACC001273,2026-09-14 22:45:02,South Christina,CI,0
ACC000655,2026-09-14 22:45:02,Patrickmouth,NZ,0
ACC001981,2026-09-14 22:45:02,Stephanieside,OM,0
ACC001692,2026-09-14 22:45:02,West Jacqueline,IL,0
ACC003791,2026-09-14 22:45:02,Alexanderstad,GM,0
ACC004430,2026-09-14 22:45:03,Mitchellburgh,GT,0
ACC001536,2026-09-14 22:45:03,South Peterfurt,BA,0
ACC004235,2026-09-14 22:45:04,Patriciabury,RO,0
ACC001308,2026-09-14 22:45:04,Rogersbury,NI,0
ACC001211,2026-09-14 22:45:04,Lake Madisonside,HT,0
ACC002044,2026-09-14 22:45:05,Mcdanielland,KN,0
ACC004428,2026-09-14 22:45:05,Hardingchester,SL,0
ACC004254,2026-09-14 22:45:05,West Rachaelbury,PT,0
ACC003877,2026-09-14 22:45:05,Davidport,NP,0
ACC001785,2026-09-14 22:45:05,South Nicholestad,BD,1
ACC002265,2026-09-14 22:45:05,Wangchester,AT,0
ACC001745,2026-09-14 22:45:06,Michelleton,GH,0
ACC002981,2026-09-14 22:45:06,West Jennifer,BN,0
ACC001949,2026-09-14 22:45:06,Hillfurt,EE,0
ACC003437,2026-09-14 22:45:06,South Denise,GQ,0
ACC003551,2026-09-14 22:45:06,Allenland,BT,0
ACC001854,2026-09-14 22:45:06,New Lancetown,HN,1
ACC003924,2026-09-14 22:45:07,West Timothy,VA,1
ACC003384,2026-09-14 22:45:08,New Dillon,TJ,1
ACC001361,2026-09-14 22:45:08,Alexanderhaven,PG,0
ACC002549,2026-09-14 22:45:09,South Hollyberg,MD,0
ACC000624,2026-09-14 22:45:09,Erichaven,BH,1
ACC004682,2026-09-14 22:45:09,Ramirezfort,TL,0
ACC000500,2026-09-14 22:45:10,Morriston,AR,0
ACC002865,2026-09-14 22:45:11,Port Emilyburgh,DJ,0
ACC002555,2026-09-14 22:45:11,South Lisahaven,UZ,0
ACC001218,2026-09-14 22:45:12,Chamberston,ZM,0
ACC001506,2026-09-14 22:45:13,North Aprilville,LC,0
ACC000995,2026-09-14 22:45:13,East Susanberg,LT,0
ACC000984,2026-09-14 22:45:13,Curtismouth,TR,0
ACC003385,2026-09-14 22:45:13,South Jeffreymouth,IR,0
ACC002888,2026-09-14 22:45:13,Lauraland,BJ,0
ACC001270,2026-09-14 22:45:13,Martinezside,CO,0
ACC000759,2026-09-14 22:45:14,Harveyton,ES,0
ACC001097,2026-09-14 22:45:14,Port Maryview,HU,0
ACC002501,2026-09-14 22:45:14,North Elizabeth,IN,0
ACC000144,2026-09-14 22:45:14,Justinton,GR,0
ACC004693,2026-09-14 22:45:14,Lake Joshuaburgh,ME,0
ACC002029,2026-09-14 22:45:14,Johnsonfort,CD,0
ACC001395,2026-09-14 22:45:15,Alexanderhaven,CM,0
ACC004358,2026-09-14 22:45:15,New Jerry,PA,0
ACC001017,2026-09-14 22:45:15,Hughesfurt,TO,0
ACC000255,2026-09-14 22:45:15,New Renee,MH,0
ACC000390,2026-09-14 22:45:15,Ramosfort,RU,0
ACC001250,2026-09-14 22:45:16,New Louis,IR,0
ACC004252,2026-09-14 22:45:17,Lucasstad,EG,0
ACC000123,2026-09-14 22:45:18,East Williamville,AO,0
ACC004956,2026-09-14 22:45:18,Zamoramouth,UG,0
ACC002771,2026-09-14 22:45:18,South Rachel,JO,0
ACC000743,2026-09-14 22:45:18,Harrisshire,CD,1
ACC000666,2026-09-14 22:45:18,Gutierrezfurt,TL,1
ACC002227,2026-09-14 22:45:19,Mcbridebury,CR,0
ACC000891,2026-09-14 22:45:19,Janetside,TO,0
ACC001116,2026-09-14 22:45:19,Julieberg,DZ,0
ACC001094,2026-09-14 22:45:19,New Shelby,KP,1
ACC001088,2026-09-14 22:45:20,Ellisview,KE,0
ACC002017,2026-09-14 22:45:20,Port David,JP,0
ACC004633,2026-09-14 22:45:20,East Alexander,CU,0
ACC001725,2026-09-14 22:45:20,North Lisa,JO,0
ACC002663,2026-09-14 22:45:20,Ashleyfort,PS,0
ACC000409,2026-09-14 22:45:20,East Anthony,KH,0
ACC004967,2026-09-14 22:45:21,Melissaborough,BT,0
ACC000177,2026-09-14 22:45:21,Austinville,IS,0
ACC000597,2026-09-14 22:45:21,South Donaldmouth,MZ,1
ACC004491,2026-09-14 22:45:22,Robertview,BB,0
ACC002715,2026-09-14 22:45:22,Fredericktown,IT,0
ACC004605,2026-09-14 22:45:22,West Lisa,IQ,0
ACC004017,2026-09-14 22:45:23,Coopershire,BB,0
ACC001746,2026-09-14 22:45:23,Andreachester,EE,0
ACC002411,2026-09-14 22:45:23,South Juanmouth,IS,0
ACC000637,2026-09-14 22:45:24,Johnsonbury,RU,0
ACC004474,2026-09-14 22:45:24,Huntland,TJ,0
ACC000944,2026-09-14 22:45:25,North Elizabeth,IL,0
ACC003092,2026-09-14 22:45:25,Lake Jenniferville,RO,0
ACC000147,2026-09-14 22:45:26,Erikamouth,SG,0
ACC000938,2026-09-14 22:45:26,Lewisstad,CG,0
ACC000533,2026-09-14 22:45:26,East Davidhaven,SI,0
ACC001172,2026-09-14 22:45:27,West Brent,VE,0
ACC002392,2026-09-14 22:45:27,Annettechester,PS,0
ACC004982,2026-09-14 22:45:28,South Jenniferside,PT,1
ACC004131,2026-09-14 22:45:28,Lisafort,ET,0
ACC000595,2026-09-14 22:45:28,Monroechester,SG,1
ACC000371,2026-09-14 22:45:29,Sandrashire,CZ,0
ACC000415,2026-09-14 22:45:29,North Garrett,GT,0
ACC002994,2026-09-14 22:45:30,North Victoriaborough,TH,0
ACC001612,2026-09-14 22:45:30,Sandersside,JM,0
ACC000255,2026-09-14 22:45:31,North Christie,RS,0
ACC000184,2026-09-14 22:45:31,Stuartville,SA,0
ACC004793,2026-09-14 22:45:31,Lake Davidborough,SN,0
ACC001991,2026-09-14 22:45:31,New Amyhaven,LK,0
ACC000166,2026-09-14 22:45:31,East Paul,NE,1
ACC003564,2026-09-14 22:45:31,North Katherine,PK,0
ACC004397,2026-09-14 22:45:32,New Marymouth,SY,0
ACC000538,2026-09-14 22:45:33,Port Michaelhaven,NP,0
ACC002720,2026-09-14 22:45:33,Barnesbury,ZW,0
ACC001250,2026-09-14 22:45:33,Rollinsmouth,LU,0
ACC002926,2026-09-14 22:45:34,Adamport,VE,0
ACC001300,2026-09-14 22:45:34,West Shawn,TT,0
ACC000042,2026-09-14 22:45:34,Port Melindachester,VA,0
ACC001735,2026-09-14 22:45:34,Coxton,PG,0
ACC000517,2026-09-14 22:45:34,South William,ST,0
ACC000093,2026-09-14 22:45:35,Lake Brian,ST,0
ACC004802,2026-09-14 22:45:35,Lake Samanthaport,CO,0
ACC004630,2026-09-14 22:45:36,Patriciafort,NG,0
ACC004568,2026-09-14 22:45:36,North Luis,AE,0
ACC001462,2026-09-14 22:45:36,Joanchester,PH,0
ACC003219,2026-09-14 22:45:36,Brittanyville,CV,1
ACC001522,2026-09-14 22:45:37,Brianton,CY,0
ACC000601,2026-09-14 22:45:38,North Shannonmouth,PH,0
ACC003391,2026-09-14 22:45:38,South Diane,MR,0
ACC003312,2026-09-14 22:45:38,East Brandonside,PW,0
ACC001663,2026-09-14 22:45:38,Port Sarahside,BS,0
ACC002991,2026-09-14 22:45:39,New Antonio,LT,0
ACC001649,2026-09-14 22:45:39,Port Ryanchester,JM,0
ACC001763,2026-09-14 22:45:39,Pittsfort,CR,0
ACC003660,2026-09-14 22:45:39,Gutierrezside,CL,1
ACC004079,2026-09-14 22:45:39,Robertstad,LI,0
ACC004731,2026-09-14 22:45:40,Alyssahaven,JM,0
ACC002351,2026-09-14 22:45:40,Suzanneborough,JP,0
ACC004974,2026-09-14 22:45:40,South Elizabeth,CV,0
ACC004068,2026-09-14 22:45:41,South Dustinfort,KI,0
ACC002939,2026-09-14 22:45:41,Kellyshire,LT,0
ACC002010,2026-09-14 22:45:41,Margaretborough,IE,1
ACC000953,2026-09-14 22:45:41,Georgefurt,GQ,0
ACC002757,2026-09-14 22:45:41,New Brandon,LY,0
ACC002125,2026-09-14 22:45:41,Charlesfort,SA,0
ACC003002,2026-09-14 22:45:42,Sandersshire,AU,0
ACC001481,2026-09-14 22:45:42,Vaughanmouth,ES,0
ACC000351,2026-09-14 22:45:43,Paulafurt,MK,1
ACC004932,2026-09-14 22:45:43,Brianfurt,YE,0
ACC003729,2026-09-14 22:45:43,Brewerstad,BS,0
ACC002143,2026-09-14 22:45:43,Jenkinsville,US,0
ACC001719,2026-09-14 22:45:43,South Shelby,AL,0
ACC000920,2026-09-14 22:45:44,Manningland,ST,0
ACC000954,2026-09-14 22:45:44,Hillhaven,PL,0
ACC001766,2026-09-14 22:45:44,North Joe,TL,0
ACC004650,2026-09-14 22:45:44,Andersonhaven,GR,0
ACC003278,2026-09-14 22:45:44,Shirleystad,KN,1
ACC000347,2026-09-14 22:45:44,South Jeremymouth,NL,0
ACC001957,2026-09-14 22:45:44,Port Williamberg,EG,0
ACC001778,2026-09-14 22:45:44,South Carla,KM,0
ACC002296,2026-09-14 22:45:45,New Jodystad,US,0
ACC003047,2026-09-14 22:45:45,Colleenbury,KZ,1
ACC000611,2026-09-14 22:45:46,Piercefort,BG,0
ACC001080,2026-09-14 22:45:46,Lake Eric,SZ,0
ACC004239,2026-09-14 22:45:46,New Robinmouth,GD,0
ACC001099,2026-09-14 22:45:48,New Tracy,ET,1
ACC004106,2026-09-14 22:45:48,Ryanburgh,BD,0
ACC003690,2026-09-14 22:45:48,Lopezside,OM,0
ACC003434,2026-09-14 22:45:48,East Tinabury,AT,0
ACC003446,2026-09-14 22:45:49,East Melindafort,FI,0
ACC000849,2026-09-14 22:45:49,Stoneview,TG,0
ACC000933,2026-09-14 22:45:49,Brittanymouth,CU,0
ACC002039,2026-09-14 22:45:50,Lake Rebeccafurt,LY,0
ACC001374,2026-09-14 22:45:50,Spencershire,FR,0
ACC003380,2026-09-14 22:45:50,Willieview,MY,0
ACC001267,2026-09-14 22:45:50,Torresbury,LA,0
ACC003141,2026-09-14 22:45:50,Reyesfurt,VA,0
ACC003153,2026-09-14 22:45:51,East Christopherfurt,RU,0
ACC003491,2026-09-14 22:45:51,North Sarah,NP,0
ACC001585,2026-09-14 22:45:51,New Peterton,BT,0
ACC001445,2026-09-14 22:45:51,South Ricardo,NP,0
ACC002137,2026-09-14 22:45:52,North Christopher,KZ,0
ACC000703,2026-09-14 22:45:52,East Kimberly,LS,0
ACC000740,2026-09-14 22:45:52,Lake Jeffreystad,TN,0
ACC004233,2026-09-14 22:45:52,North Kevin,KE,0
ACC003866,2026-09-14 22:45:52,Mooreview,BT,0
ACC002855,2026-09-14 22:45:53,Morganview,CD,0
ACC003580,2026-09-14 22:45:54,Lake Patriciastad,CN,0
ACC003817,2026-09-14 22:45:54,South Sherryberg,FJ,0
ACC000587,2026-09-14 22:45:54,Port Robertmouth,PH,0
ACC003581,2026-09-14 22:45:54,Brianborough,PS,0
ACC002155,2026-09-14 22:45:54,Johnsonmouth,DZ,0
ACC000027,2026-09-14 22:45:55,Michaelville,GE,0
ACC004937,2026-09-14 22:45:55,East Lisa,EE,0
ACC004961,2026-09-14 22:45:55,West Whitney,VN,0
ACC003860,2026-09-14 22:45:55,Randolphshire,BW,0
ACC002903,2026-09-14 22:45:55,Port Alejandro,AM,0
ACC003233,2026-09-14 22:45:56,New Keithstad,TR,1
ACC002779,2026-09-14 22:45:56,North Courtney,NA,1
ACC003802,2026-09-14 22:45:56,Port Tracieside,KW,0
ACC002948,2026-09-14 22:45:56,Barbaraburgh,NO,0
ACC001153,2026-09-14 22:45:56,South Heather,AZ,0
ACC004256,2026-09-14 22:45:57,North Antonio,UA,0
ACC000398,2026-09-14 22:45:57,South Crystalmouth,FR,0
ACC004510,2026-09-14 22:45:57,North Daniel,TZ,0
ACC002183,2026-09-14 22:45:57,Snyderville,IE,0
ACC000290,2026-09-14 22:45:58,Port Jeffrey,UZ,0
ACC002624,2026-09-14 22:45:58,Stephaniemouth,MD,0
ACC001424,2026-09-14 22:45:58,New Christina,SB,0
ACC000038,2026-09-14 22:45:58,Millerberg,PS,0
ACC001318,2026-09-14 22:45:59,New Dawnburgh,LA,0
ACC004492,2026-09-14 22:45:59,South Emilybury,MM,0
ACC000579,2026-09-14 22:46:00,Paulmouth,BN,0
ACC004835,2026-09-14 22:46:00,Danielmouth,CG,0
ACC002480,2026-09-14 22:46:01,South Michael,BH,0
ACC002298,2026-09-14 22:46:01,New Jill,KM,0
ACC002280,2026-09-14 23:40:07,New Juan,IE,0
ACC003599,2026-09-14 23:40:08,Ramirezville,ET,0
ACC003968,2026-09-14 23:40:12,North Danielburgh,PL,0
ACC000248,2026-09-14 23:40:14,Johnsfurt,BN,0
ACC001553,2026-09-14 23:40:24,Olsenchester,IL,0
ACC003150,2026-09-14 23:40:32,Port Nancychester,JP,0
ACC004771,2026-09-14 23:40:37,Lake April,SC,1
ACC002846,2026-09-14 23:40:49,South Craigbury,EE,0
ACC000393,2026-09-14 23:40:52,Lake Mary,ST,0
ACC001295,2026-09-14 23:41:01,Floresland,CF,0
ACC002464,2026-09-14 23:41:03,Websterfurt,CL,0
ACC003321,2026-09-14 23:41:09,Hicksshire,CN,0
ACC001073,2026-09-14 23:41:13,Kathyfurt,SR,0
ACC003585,2026-09-14 23:41:26,Port David,NE,0
ACC002220,2026-09-14 23:42:16,Ramirezfurt,BO,0
ACC001670,2026-09-14 23:42:17,Robinstad,BF,0
ACC003849,2026-09-14 23:42:19,Colemantown,UA,0
ACC000915,2026-09-14 23:42:35,Russellmouth,CI,0
ACC004628,2026-09-14 23:42:53,Lake Bailey,MY,0
ACC003150,2026-09-14 23:42:58,North Kara,EG,0
ACC001090,2026-09-14 23:43:08,Lake Robert,CO,0
ACC004684,2026-09-14 23:43:26,North Deanmouth,MD,0
ACC003557,2026-09-14 23:43:29,Wendyland,MT,0
ACC000248,2026-09-14 23:43:32,Lake Tammieton,HU,0
ACC004966,2026-09-14 23:43:34,Port Courtney,DM,0
ACC003821,2026-09-14 23:43:35,Port Bryanborough,CU,0
ACC000240,2026-09-14 23:43:36,Rachelstad,HU,0
ACC002215,2026-09-14 23:43:38,North David,NR,0
ACC002887,2026-09-14 23:43:38,Gloverfurt,ES,0
ACC001335,2026-09-14 23:43:39,Sanchezberg,DM,0
ACC002451,2026-09-14 23:44:11,Port Stacy,MA,0
ACC003340,2026-09-14 23:44:12,South David,TT,0
ACC003456,2026-09-14 23:44:13,Kennethstad,ST,0
ACC004209,2026-09-14 23:44:25,Montgomeryport,SA,0
ACC000931,2026-09-14 23:44:30,Erinton,PY,0
ACC003321,2026-09-14 23:44:30,West Mistyport,CA,0
ACC000065,2026-09-14 23:44:38,Barrettview,DE,0
ACC001406,2026-09-14 23:44:41,North Cherylland,YE,0
ACC000248,2026-09-14 23:44:57,Alexandrastad,ST,0
ACC002940,2026-09-14 23:44:58,Lake Amberland,NA,0
ACC001057,2026-09-14 23:45:03,New Jenniferhaven,LC,0
ACC004878,2026-09-14 23:45:03,Port Rebekahfurt,LS,0
ACC004183,2026-09-14 23:45:18,East Amandastad,AF,0
ACC004878,2026-09-14 23:45:20,Port Zacharyland,SD,1
ACC003456,2026-09-14 23:45:34,Aaronmouth,BD,0
ACC002123,2026-09-14 23:45:45,Tonyaview,ML,0
ACC003968,2026-09-14 23:45:49,East Ryan,NO,0
